TimeWindow,Flow_Count,Total_Packets,Total_Bytes,Total_Source_Bytes,Avg_Duration,Avg_Packets_Per_Flow,Avg_Bytes_Per_Flow,Flow_Count_Change,Total_Packets_Change,Total_Bytes_Change,Total_Source_Bytes_Change,Avg_Duration_Change,Attack_Flow_Count,Attack_Ratio
2011-08-10 09:46:30,1654,930731,732586769,694401221,1279.3881594050786,562.7152357920194,442918.2400241838,0.0,0.0,0.0,0.0,0.0,0,0.0
2011-08-10 09:47:00,5339,269530,51031084,26936378,1263.9124931936692,50.483236561153774,9558.172691515265,3685.0,-661201.0,-681555685.0,-667464843.0,-15.475666211409361,0,0.0
2011-08-10 09:47:30,4852,136332,32408625,8371727,1204.5571116799258,28.09810387469085,6679.4363149216815,-487.0,-133198.0,-18622459.0,-18564651.0,-59.355381513743396,0,0.0
2011-08-10 09:48:00,4260,169430,136626056,5393962,1110.5007452500001,39.77230046948357,32071.8441314554,-592.0,33098.0,104217431.0,-2977765.0,-94.05636642992567,0,0.0
2011-08-10 09:48:30,4397,65162,15161246,4350418,1110.312109384353,14.819649761200818,3448.0886968387535,137.0,-104268.0,-121464810.0,-1043544.0,-0.18863586564702928,0,0.0
2011-08-10 09:49:00,4777,57635,17909569,4157885,904.2931793376596,12.065103621519782,3749.124764496546,380.0,-7527.0,2748323.0,-192533.0,-206.01893004669353,0,0.0
2011-08-10 09:49:30,4544,68824,14325547,5415104,940.8564427343752,15.14612676056338,3152.629181338028,-233.0,11189.0,-3584022.0,1257219.0,36.56326339671557,0,0.0
2011-08-10 09:50:00,4562,53625,24433652,2986054,880.0955360773784,11.754712845243315,5355.907935116177,18.0,-15199.0,10108105.0,-2429050.0,-60.76090665699678,0,0.0
2011-08-10 09:50:30,4632,61733,24205991,4735192,914.786807865285,13.327504317789291,5225.818436960276,70.0,8108.0,-227661.0,1749138.0,34.69127178790666,0,0.0
2011-08-10 09:51:00,4286,60196,20070234,4287111,960.8129167109192,14.044797013532431,4682.742417172189,-346.0,-1537.0,-4135757.0,-448081.0,46.02610884563421,0,0.0
2011-08-10 09:51:30,4163,55313,30511709,3214215,876.6561158849387,13.28681239490752,7329.259908719673,-123.0,-4883.0,10441475.0,-1072896.0,-84.15680082598055,0,0.0
2011-08-10 09:52:00,4875,45105,14193639,3401477,843.3215885448205,9.252307692307692,2911.5156923076925,712.0,-10208.0,-16318070.0,187262.0,-33.33452734011814,0,0.0
2011-08-10 09:52:30,4649,179719,162030520,6266261,866.1427225818455,38.657560765756074,34852.76833727684,-226.0,134614.0,147836881.0,2864784.0,22.82113403702499,0,0.0
2011-08-10 09:53:00,4116,41575,18894435,3382912,870.5111932417395,10.100826044703595,4590.484693877551,-533.0,-138144.0,-143136085.0,-2883349.0,4.368470659894001,0,0.0
2011-08-10 09:53:30,4275,34473,10641404,2738408,869.5556691492397,8.063859649122808,2489.2173099415204,159.0,-7102.0,-8253031.0,-644504.0,-0.9555240924997861,0,0.0
2011-08-10 09:54:00,4232,37050,10748059,2647462,846.1688037934783,8.754725897920604,2539.711483931947,-43.0,2577.0,106655.0,-90946.0,-23.386865355761415,0,0.0
2011-08-10 09:54:30,4302,1044892,882202020,28594517,874.3558883900512,242.88516968851698,205067.880055788,70.0,1007842.0,871453961.0,25947055.0,28.187084596572845,0,0.0
2011-08-10 09:55:00,4248,51181,25021501,7707374,865.578849345339,12.048258003766477,5890.183851224106,-54.0,-993711.0,-857180519.0,-20887143.0,-8.777039044712183,0,0.0
2011-08-10 09:55:30,4059,55149,32300862,4722035,838.158884153486,13.586844050258684,7957.837398373984,-189.0,3968.0,7279361.0,-2985339.0,-27.419965191852953,0,0.0
2011-08-10 09:56:00,4217,39863,15266465,2652770,763.417173250415,9.4529286222433,3620.219350248992,158.0,-15286.0,-17034397.0,-2069265.0,-74.74171090307107,0,0.0
2011-08-10 09:56:30,4520,43566,18407525,3769430,773.9234761670355,9.638495575221238,4072.461283185841,303.0,3703.0,3141060.0,1116660.0,10.506302916620484,0,0.0
2011-08-10 09:57:00,3689,43527,24415803,2287326,842.5015153366767,11.799132556248306,6618.542423420981,-831.0,-39.0,6008278.0,-1482104.0,68.57803916964122,0,0.0
2011-08-10 09:57:30,3437,52087,49303666,1652204,822.461329203375,15.15478615071283,14344.9711958103,-252.0,8560.0,24887863.0,-635122.0,-20.04018613330163,0,0.0
2011-08-10 09:58:00,3990,38486,18497691,2112343,664.2784432859651,9.64561403508772,4636.012781954887,553.0,-13601.0,-30805975.0,460139.0,-158.18288591740998,0,0.0
2011-08-10 09:58:30,4172,36855,18289648,5314477,632.5812459048418,8.833892617449665,4383.9041227229145,182.0,-1631.0,-208043.0,3202134.0,-31.69719738112326,0,0.0
2011-08-10 09:59:00,4049,71961,43670616,6963693,719.7576565870586,17.772536428747838,10785.531242282044,-123.0,35106.0,25380968.0,1649216.0,87.17641068221678,0,0.0
2011-08-10 09:59:30,4111,30932,10364537,4765587,733.8551570111895,7.524203356847482,2521.1717343711994,62.0,-41029.0,-33306079.0,-2198106.0,14.097500424130885,0,0.0
2011-08-10 10:00:00,4112,32419,10992033,2310386,675.7364900569066,7.883998054474708,2673.1597762645915,1.0,1487.0,627496.0,-2455201.0,-58.118666954282844,0,0.0
2011-08-10 10:00:30,4039,26637,8186594,1798129,624.4951790923495,6.5949492448625895,2026.8863580094082,-73.0,-5782.0,-2805439.0,-512257.0,-51.2413109645571,0,0.0
2011-08-10 10:01:00,3693,94066,73871182,4006659,727.4227394486867,25.47143243975088,20003.027890603844,-346.0,67429.0,65684588.0,2208530.0,102.92756035633715,0,0.0
2011-08-10 10:01:30,3447,32066,16075594,1912450,757.7610096385263,9.30258195532347,4663.647809689585,-246.0,-62000.0,-57795588.0,-2094209.0,30.33827018983959,0,0.0
2011-08-10 10:02:00,3447,23311,7785466,1509773,690.6552242483319,6.762692196112561,2258.6208297069916,0.0,-8755.0,-8290128.0,-402677.0,-67.10578539019434,0,0.0
2011-08-10 10:02:30,4007,181310,141736239,6060057,644.337782441727,45.24831544796606,35372.158472672825,560.0,157999.0,133950773.0,4550284.0,-46.31744180660496,0,0.0
2011-08-10 10:03:00,3999,772254,720755374,20462816,689.0779240605151,193.11177794448614,180233.90197549388,-8.0,590944.0,579019135.0,14402759.0,44.74014161878813,0,0.0
2011-08-10 10:03:30,4275,35426,13610369,2492880,608.9829970112281,8.286783625730994,3183.7120467836257,276.0,-736828.0,-707145005.0,-17969936.0,-80.09492704928698,0,0.0
2011-08-10 10:04:00,4023,65136,40108258,26719046,653.2127471096197,16.19090231170768,9969.738503604276,-252.0,29710.0,26497889.0,24226166.0,44.229750098391605,0,0.0
2011-08-10 10:04:30,4184,75450,59277299,3606026,565.1877284378585,18.032982791587,14167.61448374761,161.0,10314.0,19169041.0,-23113020.0,-88.02501867176125,0,0.0
2011-08-10 10:05:00,3863,49551,29720988,2463587,719.1703468379499,12.827077400983692,7693.758219000777,-321.0,-25899.0,-29556311.0,-1142439.0,153.98261840009138,0,0.0
2011-08-10 10:05:30,3861,73496,35313222,14987454,731.3867427630148,19.035483035483036,9146.133644133644,-2.0,23945.0,5592234.0,12523867.0,12.216395925064944,0,0.0
2011-08-10 10:06:00,3916,40631,27212936,2016084,644.2876305275793,10.375638406537282,6949.166496424923,55.0,-32865.0,-8100286.0,-12971370.0,-87.09911223543554,0,0.0
2011-08-10 10:06:30,5387,52426,16775840,3682928,522.4287744922963,9.731947280490068,3114.134026359755,1471.0,11795.0,-10437096.0,1666844.0,-121.858856035283,0,0.0
2011-08-10 10:07:00,4015,37771,17336430,2097494,645.2459214948941,9.40747198007472,4317.915317559153,-1372.0,-14655.0,560590.0,-1585434.0,122.81714700259784,0,0.0
2011-08-10 10:07:30,4205,38171,20235925,1952321,561.1121887067777,9.077526753864447,4812.348394768133,190.0,400.0,2899495.0,-145173.0,-84.13373278811639,0,0.0
2011-08-10 10:08:00,3362,62350,53994352,2194762,672.6178204770969,18.545508625817966,16060.187983343249,-843.0,24179.0,33758427.0,242441.0,111.50563177031916,0,0.0
2011-08-10 10:08:30,3673,33210,13933117,2291818,603.7623023724475,9.041655322624557,3793.3887830111626,311.0,-29140.0,-40061235.0,97056.0,-68.85551810464938,0,0.0
2011-08-10 10:09:00,3589,43757,31524465,2162279,582.7337410682642,12.191975480635275,8783.634717191419,-84.0,10547.0,17591348.0,-129539.0,-21.028561304183313,0,0.0
2011-08-10 10:09:30,3253,36653,20452924,1881373,681.3834706206578,11.267445434983092,6287.403627420842,-336.0,-7104.0,-11071541.0,-280906.0,98.64972955239364,0,0.0
2011-08-10 10:10:00,4597,67020,33167070,3457566,531.9600335433979,14.579073308679574,7214.938003045464,1344.0,30367.0,12714146.0,1576193.0,-149.4234370772599,0,0.0
2011-08-10 10:10:30,4768,31015,10598842,2017405,433.5564548924077,6.5048238255033555,2222.9114932885905,171.0,-36005.0,-22568228.0,-1440161.0,-98.4035786509902,0,0.0
2011-08-10 10:11:00,3841,29305,9816179,2036228,512.1356274366051,7.629523561572507,2555.6310856547775,-927.0,-1710.0,-782663.0,18823.0,78.57917254419738,0,0.0
2011-08-10 10:11:30,4204,40187,22761424,2726972,485.04414307944813,9.559229305423406,5414.230256898192,363.0,10882.0,12945245.0,690744.0,-27.091484357156958,0,0.0
2011-08-10 10:12:00,3559,80285,61090238,30733489,545.2674576853049,22.558302894071367,17165.00084293341,-645.0,40098.0,38328814.0,28006517.0,60.22331460585673,0,0.0
2011-08-10 10:12:30,3956,27562,10968433,2406142,527.5293881438321,6.967138523761375,2772.606926188069,397.0,-52723.0,-50121805.0,-28327347.0,-17.738069541472782,0,0.0
2011-08-10 10:13:00,3619,57134,38417182,2454218,553.5353365205858,15.787234042553191,10615.413650179607,-337.0,29572.0,27448749.0,48076.0,26.005948376753736,0,0.0
2011-08-10 10:13:30,4518,33654,10029932,2225725,489.5357415254538,7.448871181938911,2219.993802567508,899.0,-23480.0,-28387250.0,-228493.0,-63.99959499513204,0,0.0
2011-08-10 10:14:00,4722,25145,9382946,1533524,434.5572635218128,5.3250741211351125,1987.0703091910207,204.0,-8509.0,-646986.0,-692201.0,-54.97847800364099,0,0.0
2011-08-10 10:14:30,4592,73106,40046999,3662516,425.97044491289194,15.920296167247386,8721.03636759582,-130.0,47961.0,30664053.0,2128992.0,-8.58681860892085,0,0.0
2011-08-10 10:15:00,4454,47304,15033275,5292271,457.2677441057476,10.620565783565334,3375.230130220027,-138.0,-25802.0,-25013724.0,1629755.0,31.29729919285569,0,0.0
2011-08-10 10:15:30,4773,46886,32693309,2223581,450.7165692036456,9.82317200921852,6849.635239891054,319.0,-418.0,17660034.0,-3068690.0,-6.551174902102048,0,0.0
2011-08-10 10:16:00,3856,161394,113675100,21176405,585.0426379826245,41.85529045643153,29480.05705394191,-917.0,114508.0,80981791.0,18952824.0,134.32606877897888,0,0.0
2011-08-10 10:16:30,3915,36492,7313089,2502348,652.9269508533845,9.321072796934866,1867.9665389527459,59.0,-124902.0,-106362011.0,-18674057.0,67.88431287076003,0,0.0
2011-08-10 10:17:00,3524,19051,6505077,1492937,520.698120726731,5.406072644721907,1845.9355845629966,-391.0,-17441.0,-808012.0,-1009411.0,-132.22883012665352,0,0.0
2011-08-10 10:17:30,3837,63983,53284465,2486854,467.8668443682564,16.675267135783162,13887.011988532708,313.0,44932.0,46779388.0,993917.0,-52.831276358474554,0,0.0
2011-08-10 10:18:00,4246,53154,31432232,2760338,427.7675165047103,12.51860574658502,7402.786622703721,409.0,-10829.0,-21852233.0,273484.0,-40.09932786354614,0,0.0
2011-08-10 10:18:30,10632,49282,11614512,2830561,170.8660834467645,4.635252069224981,1092.410835214447,6386.0,-3872.0,-19817720.0,70223.0,-256.9014330579458,0,0.0
2011-08-10 10:19:00,65094,255100,71507773,10201401,26.867484607859403,3.9189479829170124,1098.5309398715704,54462.0,205818.0,59893261.0,7370840.0,-143.99859883890508,0,0.0
2011-08-10 10:19:30,5061,36090,15782404,2174431,338.17791269274846,7.131001778304683,3118.435882236712,-60033.0,-219010.0,-55725369.0,-8026970.0,311.31042808488905,0,0.0
2011-08-10 10:20:00,5388,37543,18437390,2427217,315.466912968634,6.96789161098738,3421.935783221975,327.0,1453.0,2654986.0,252786.0,-22.71099972411446,0,0.0
2011-08-10 10:20:30,5039,46487,26718958,3347498,343.671313008335,9.22544155586426,5302.432625520937,-349.0,8944.0,8281568.0,920281.0,28.204400039701,0,0.0
2011-08-10 10:21:00,6072,50736,25491038,3362471,290.76423191419633,8.355731225296443,4198.128787878788,1033.0,4249.0,-1227920.0,14973.0,-52.907081094138675,0,0.0
2011-08-10 10:21:30,5598,59818,36017414,3394941,345.7072398990711,10.68560200071454,6433.97892104323,-474.0,9082.0,10526376.0,32470.0,54.94300798487478,0,0.0
2011-08-10 10:22:00,6812,63718,40063538,2698483,257.9618600174692,9.353787433940106,5881.3179682912505,1214.0,3900.0,4046124.0,-696458.0,-87.74537988160193,0,0.0
2011-08-10 10:22:30,8117,36300,14148761,4496059,225.8741734846618,4.472095601823334,1743.1022545275348,1305.0,-27418.0,-25914777.0,1797576.0,-32.08768653280737,0,0.0
2011-08-10 10:23:00,7716,41765,17435893,2185770,225.42514766783307,5.412778641783308,2259.7061949196473,-401.0,5465.0,3287132.0,-2310289.0,-0.4490258168287369,0,0.0
2011-08-10 10:23:30,9250,72366,48261526,3077852,163.42071830724322,7.823351351351351,5217.46227027027,1534.0,30601.0,30825633.0,892082.0,-62.00442936058985,0,0.0
2011-08-10 10:24:00,5089,27351,8022045,1688886,353.40695655177836,5.374533307133032,1576.349970524661,-4161.0,-45015.0,-40239481.0,-1388966.0,189.98623824453514,0,0.0
2011-08-10 10:24:30,3400,49774,35748248,2104867,563.2467127855882,14.639411764705882,10514.190588235295,-1689.0,22423.0,27726203.0,415981.0,209.83975623380985,0,0.0
2011-08-10 10:25:00,3611,31134,12356844,2490530,531.5659884408751,8.621988368872888,3422.000553863196,211.0,-18640.0,-23391404.0,385663.0,-31.6807243447131,0,0.0
2011-08-10 10:25:30,3832,32835,14742312,2327515,434.77403855506265,8.568632567849686,3847.15866388309,221.0,1701.0,2385468.0,-163015.0,-96.79194988581247,0,0.0
2011-08-10 10:26:00,3582,37062,19195673,2431204,477.5305328690676,10.346733668341708,5358.926018983808,-250.0,4227.0,4453361.0,103689.0,42.756494314004954,0,0.0
2011-08-10 10:26:30,3861,27096,10641749,2072231,432.9192168228438,7.017871017871018,2756.2157472157473,279.0,-9966.0,-8553924.0,-358973.0,-44.611316046223806,0,0.0
2011-08-10 10:27:00,3850,29816,12311163,2079197,434.1718442475325,7.744415584415584,3197.7046753246755,-11.0,2720.0,1669414.0,6966.0,1.2526274246886828,0,0.0
2011-08-10 10:27:30,3215,53355,31797286,2510708,429.1988834839813,16.595645412130636,9890.291135303265,-635.0,23539.0,19486123.0,431511.0,-4.972960763551157,0,0.0
2011-08-10 10:28:00,3537,43666,27392873,2639899,364.4172423067571,12.345490528696635,7744.66299123551,322.0,-9689.0,-4404413.0,129191.0,-64.78164117722423,0,0.0
2011-08-10 10:28:30,3699,53287,36312811,3211277,433.4913868010273,14.405785347391188,9816.926466612598,162.0,9621.0,8919938.0,571378.0,69.07414449427023,0,0.0
2011-08-10 10:29:00,3228,66474,45633538,2406873,326.2878544383519,20.592936802973977,14136.783767038414,-471.0,13187.0,9320727.0,-804404.0,-107.20353236267539,0,0.0
2011-08-10 10:29:30,3070,94888,78343276,44188777,382.4036667625407,30.90814332247557,25518.982410423454,-158.0,28414.0,32709738.0,41781904.0,56.11581232418877,0,0.0
2011-08-10 10:30:00,2949,22604,10719622,1544840,388.15009351034246,7.664971176670058,3635.0023736859953,-121.0,-72284.0,-67623654.0,-42643937.0,5.746426747801763,0,0.0
2011-08-10 10:30:30,3446,29152,12388460,2349509,352.67214920255367,8.459663377829367,3595.0261172373766,497.0,6548.0,1668838.0,804669.0,-35.47794430778879,0,0.0
2011-08-10 10:31:00,3354,46708,30292884,3029345,346.91741054472277,13.926058437686345,9031.867620751342,-92.0,17556.0,17904424.0,679836.0,-5.754738657830899,0,0.0
2011-08-10 10:31:30,3210,48126,33891164,2620729,355.7922896112149,14.992523364485981,10557.995015576324,-144.0,1418.0,3598280.0,-408616.0,8.874879066492156,0,0.0
2011-08-10 10:32:00,3552,126553,126434326,3659076,303.25773365315314,35.628659909909906,35595.24943693694,342.0,78427.0,92543162.0,1038347.0,-52.53455595806179,0,0.0
2011-08-10 10:32:30,3720,42101,28171768,2441026,304.39974398172046,11.31747311827957,7573.055913978495,168.0,-84452.0,-98262558.0,-1218050.0,1.1420103285673235,0,0.0
2011-08-10 10:33:00,3307,24377,10962405,1563510,350.45073691170245,7.371333534925915,3314.9092833383734,-413.0,-17724.0,-17209363.0,-877516.0,46.05099292998199,0,0.0
2011-08-10 10:33:30,3238,20724,8623381,1649407,335.3692019530574,6.400247066090179,2663.181284743669,-69.0,-3653.0,-2339024.0,85897.0,-15.081534958645022,0,0.0
2011-08-10 10:34:00,2783,24000,11979151,1645280,413.2287158990298,8.623787279913762,4304.402084081926,-455.0,3276.0,3355770.0,-4127.0,77.85951394597237,0,0.0
2011-08-10 10:34:30,2852,27434,13614945,2083492,349.3514782948808,9.619214586255259,4773.82363253857,69.0,3434.0,1635794.0,438212.0,-63.877237604149,0,0.0
2011-08-10 10:35:00,3389,47886,33105749,2458176,322.6197292921216,14.129831808793154,9768.589259368546,537.0,20452.0,19490804.0,374684.0,-26.731749002759216,0,0.0
2011-08-10 10:35:30,3113,48883,38934849,2259869,360.16397613941535,15.702858978477353,12507.179248313523,-276.0,997.0,5829100.0,-198307.0,37.54424684729378,0,0.0
2011-08-10 10:36:00,4183,63192,44163099,3214535,282.77831700406404,15.106861104470475,10557.757351183362,1070.0,14309.0,5228250.0,954666.0,-77.38565913535132,0,0.0
2011-08-10 10:36:30,3807,46605,22592354,3318450,324.4648516816391,12.241922773837667,5934.424481218807,-376.0,-16587.0,-21570745.0,103915.0,41.68653467757508,0,0.0
2011-08-10 10:37:00,3161,42882,27622294,2191252,325.5479812227143,13.565960139196457,8738.466940841507,-646.0,-3723.0,5029940.0,-1127198.0,1.083129541075209,0,0.0
2011-08-10 10:37:30,3309,91653,56636640,3956411,353.5379376651556,27.69809610154125,17115.938349954668,148.0,48771.0,29014346.0,1765159.0,27.98995644244127,0,0.0
2011-08-10 10:38:00,3225,66594,54259036,3216155,270.0895366269767,20.649302325581395,16824.507286821707,-84.0,-25059.0,-2377604.0,-740256.0,-83.44840103817887,0,0.0
2011-08-10 10:38:30,2976,235351,246036017,5213493,286.02582624798384,79.08299731182795,82673.39280913978,-249.0,168757.0,191776981.0,1997338.0,15.93628962100712,0,0.0
2011-08-10 10:39:00,2795,80271,55562823,2946099,287.8928487259392,28.719499105545616,19879.364221824686,-181.0,-155080.0,-190473194.0,-2267394.0,1.867022477955345,0,0.0
2011-08-10 10:39:30,2915,70890,61463192,2531550,292.0490116782161,24.31903945111492,21085.14305317324,120.0,-9381.0,5900369.0,-414549.0,4.1561629522769294,0,0.0
2011-08-10 10:40:00,2887,26297,11513236,1902793,297.9999255012123,9.108763422237617,3987.958434360928,-28.0,-44593.0,-49949956.0,-628757.0,5.950913822996199,0,0.0
2011-08-10 10:40:30,3648,41562,24645648,2833719,233.07793366173246,11.393092105263158,6755.934210526316,761.0,15265.0,13132412.0,930926.0,-64.92199183947986,0,0.0
2011-08-10 10:41:00,3022,1439883,1280098777,43544479,287.7456556962277,476.4669093315685,423593.24189278623,-626.0,1398321.0,1255453129.0,40710760.0,54.66772203449523,0,0.0
2011-08-10 10:41:30,2796,36950,20768785,4213629,302.5464724023605,13.215307582260372,7428.034692417739,-226.0,-1402933.0,-1259329992.0,-39330850.0,14.80081670613282,0,0.0
2011-08-10 10:42:00,2816,26613,16561997,1547065,253.06634101846592,9.450639204545455,5881.390980113636,20.0,-10337.0,-4206788.0,-2666564.0,-49.48013138389459,0,0.0
2011-08-10 10:42:30,3498,52952,32280535,3340406,240.8010197135506,15.137793024585477,9228.28330474557,682.0,26339.0,15718538.0,1793341.0,-12.265321304915318,0,0.0
2011-08-10 10:43:00,3103,82558,57686702,3081741,276.32637925491457,26.605865291653238,18590.622623267805,-395.0,29606.0,25406167.0,-258665.0,35.52535954136397,0,0.0
2011-08-10 10:43:30,2770,165638,134941267,101792309,284.4726233805054,59.7971119133574,48715.25884476534,-333.0,83080.0,77254565.0,98710568.0,8.14624412559084,0,0.0
2011-08-10 10:44:00,2914,89839,68780119,56426396,301.62432590974606,30.83013040494166,23603.33527796843,144.0,-75799.0,-66161148.0,-45365913.0,17.15170252924065,0,0.0
2011-08-10 10:44:30,2861,29039,15817892,1924738,257.6695319545613,10.149947570779448,5528.798322264943,-53.0,-60800.0,-52962227.0,-54501658.0,-43.954793955184755,0,0.0
2011-08-10 10:45:00,3012,20327,7648999,1560725,280.3735294488712,6.74867197875166,2539.508300132802,151.0,-8712.0,-8168893.0,-364013.0,22.703997494309874,0,0.0
2011-08-10 10:45:30,2630,20356,8396492,1514809,331.24399669505704,7.739923954372624,3192.5825095057035,-382.0,29.0,747493.0,-45916.0,50.870467246185854,0,0.0
2011-08-10 10:46:00,2738,78800,57671166,4439251,273.6362723988313,28.780131482834186,21063.245434623812,108.0,58444.0,49274674.0,2924442.0,-57.60772429622574,0,0.0
2011-08-10 10:46:30,3209,257866,194420115,175581565,296.03464336054844,80.35712059831724,60585.88812714241,471.0,179066.0,136748949.0,171142314.0,22.39837096171715,0,0.0
2011-08-10 10:47:00,3223,269950,101291233,20649739,523.4691445699658,83.75736891095252,31427.624263108904,14.0,12084.0,-93128882.0,-154931826.0,227.43450120941736,0,0.0
2011-08-10 10:47:30,3400,116854,29883183,7960481,589.56600386,34.36882352941176,8789.171470588235,177.0,-153096.0,-71408050.0,-12689258.0,66.09685929003422,0,0.0
2011-08-10 10:48:00,3444,101927,32602020,5562176,571.3018557543554,29.59552845528455,9466.324041811848,44.0,-14927.0,2718837.0,-2398305.0,-18.264148105644608,0,0.0
2011-08-10 10:48:30,3234,72103,23257551,4631094,579.4694713351886,22.295299938157083,7191.574211502783,-210.0,-29824.0,-9344469.0,-931082.0,8.167615580833171,0,0.0
2011-08-10 10:49:00,3665,74499,29477021,5462981,478.2177411353343,20.327148703956343,8042.843383356071,431.0,2396.0,6219470.0,831887.0,-101.25173019985431,0,0.0
2011-08-10 10:49:30,3538,78347,46572695,4118271,569.5811324793668,22.144431882419447,13163.565573770491,-127.0,3848.0,17095674.0,-1344710.0,91.36339134403255,0,0.0
2011-08-10 10:50:00,3710,43049,17198463,2986212,479.51039105633424,11.603504043126685,4635.704312668464,172.0,-35298.0,-29374232.0,-1132059.0,-90.07074142303259,0,0.0
2011-08-10 10:50:30,3444,43364,25946054,2862543,505.4842679184088,12.591173054587689,7533.697444831591,-266.0,315.0,8747591.0,-123669.0,25.973876862074576,0,0.0
2011-08-10 10:51:00,4131,49909,25818006,2911867,431.3440563439845,12.08157831033648,6249.8198983297025,687.0,6545.0,-128048.0,49324.0,-74.14021157442431,0,0.0
2011-08-10 10:51:30,3752,76513,58150466,3648781,486.85959009568234,20.392590618336886,15498.525053304904,-379.0,26604.0,32332460.0,736914.0,55.51553375169783,0,0.0
2011-08-10 10:52:00,3292,34052,12017167,4732941,508.55367182077765,10.343863912515188,3650.4152490887,-460.0,-42461.0,-46133299.0,1084160.0,21.694081725095316,0,0.0
2011-08-10 10:52:30,3099,102499,85382346,4058217,647.3995056660212,33.07486285898677,27551.57986447241,-193.0,68447.0,73365179.0,-674724.0,138.8458338452436,0,0.0
2011-08-10 10:53:00,3381,35940,12568543,2726651,609.3771262055606,10.629991126885537,3717.4040224785567,282.0,-66559.0,-72813803.0,-1331566.0,-38.022379460460684,0,0.0
2011-08-10 10:53:30,3542,38458,16647361,2356536,618.6350348850931,10.857707509881424,4699.988989271598,161.0,2518.0,4078818.0,-370115.0,9.257908679532534,0,0.0
2011-08-10 10:54:00,3660,37366,13577316,2717284,501.256552157377,10.20928961748634,3709.6491803278686,118.0,-1092.0,-3070045.0,360748.0,-117.37848272771612,0,0.0
2011-08-10 10:54:30,3620,41994,20686884,2451748,519.1297254878453,11.600552486187846,5714.608839779005,-40.0,4628.0,7109568.0,-265536.0,17.873173330468376,0,0.0
2011-08-10 10:55:00,3962,68085,42241270,13886629,477.3433605424028,17.184502776375567,10661.602725896013,342.0,26091.0,21554386.0,11434881.0,-41.78636494544253,0,0.0
2011-08-10 10:55:30,3516,48705,14860219,2754873,522.917440949943,13.852389078498293,4226.455915813424,-446.0,-19380.0,-27381051.0,-11131756.0,45.57408040754024,0,0.0
2011-08-10 10:56:00,3153,62776,40645470,2571694,661.7077514300665,19.909927053599745,12891.04662226451,-363.0,14071.0,25785251.0,-183179.0,138.79031048012348,0,0.0
2011-08-10 10:56:30,3624,66326,35125760,4685541,597.2163250411148,18.30187637969095,9692.538631346579,471.0,3550.0,-5519710.0,2113847.0,-64.49142638895171,0,0.0
2011-08-10 10:57:00,4045,48834,27503848,2492770,562.8050201305315,12.072682323856613,6799.4679851668725,421.0,-17492.0,-7621912.0,-2192771.0,-34.41130491058334,0,0.0
2011-08-10 10:57:30,3666,39311,14546702,3028386,544.9504862572286,10.723131478450627,3968.003818876159,-379.0,-9523.0,-12957146.0,535616.0,-17.8545338733029,0,0.0
2011-08-10 10:58:00,3562,35928,15225482,2554984,570.1862730078607,10.086468276249299,4274.41942728804,-104.0,-3383.0,678780.0,-473402.0,25.235786750632087,0,0.0
2011-08-10 10:58:30,3127,56303,38559657,2876003,663.265342753118,18.005436520626798,12331.198273105212,-435.0,20375.0,23334175.0,321019.0,93.07906974525736,0,0.0
2011-08-10 10:59:00,3301,48175,28167320,5280431,577.4348141108755,14.594062405331718,8532.965767949107,174.0,-8128.0,-10392337.0,2404428.0,-85.83052864224248,0,0.0
2011-08-10 10:59:30,3776,73988,45336529,3811310,574.0052842473516,19.594279661016948,12006.496027542373,475.0,25813.0,17169209.0,-1469121.0,-3.4295298635239533,0,0.0
2011-08-10 11:00:00,4147,162314,137398140,80315733,470.3060523568845,39.14010127803231,33131.936339522545,371.0,88326.0,92061611.0,76504423.0,-103.6992318904671,0,0.0
2011-08-10 11:00:30,3907,28683,7660774,2171369,531.8637499393396,7.341438443818787,1960.7816739186076,-240.0,-133631.0,-129737366.0,-78144364.0,61.55769758245515,0,0.0
2011-08-10 11:01:00,6551,39972,17242272,2243625,266.93810230636547,6.101663868111738,2632.0061059380246,2644.0,11289.0,9581498.0,72256.0,-264.9256476329742,0,0.0
2011-08-10 11:01:30,3754,43177,21967581,3075743,508.36164756846034,11.501598295151839,5851.7797016515715,-2797.0,3205.0,4725309.0,832118.0,241.42354526209488,0,0.0
2011-08-10 11:02:00,3229,31276,13301630,2053554,566.487050486838,9.685970888820068,4119.427067203468,-525.0,-11901.0,-8665951.0,-1022189.0,58.12540291837769,0,0.0
2011-08-10 11:02:30,3222,171029,130728512,6250717,532.2595891421478,53.08162631905649,40573.71570453134,-7.0,139753.0,117426882.0,4197163.0,-34.227461344690255,0,0.0
2011-08-10 11:03:00,3163,307724,275114005,8622892,579.7964897628833,97.28865001580778,86978.81915902624,-59.0,136695.0,144385493.0,2372175.0,47.53690062073554,0,0.0
2011-08-10 11:03:30,3100,100880,84501276,3530171,627.9054279403225,32.541935483870965,27258.476129032257,-63.0,-206844.0,-190612729.0,-5092721.0,48.1089381774392,0,0.0
2011-08-10 11:04:00,3671,80964,58415967,3784260,539.7721580890766,22.05502587850722,15912.821302097522,571.0,-19916.0,-26085309.0,254089.0,-88.13326985124593,3,0.0008172160174339417
2011-08-10 11:04:30,3535,45149,26613518,2690904,541.2301164721358,12.771994342291372,7528.576520509194,-136.0,-35815.0,-31802449.0,-1093356.0,1.4579583830592355,0,0.0
2011-08-10 11:05:00,3790,31439,10084842,2068001,542.9531633271768,8.295250659630607,2660.908179419525,255.0,-13710.0,-16528676.0,-622903.0,1.7230468550409341,0,0.0
2011-08-10 11:05:30,3410,210264,161066608,18874992,607.6433217941349,61.66099706744868,47233.60938416422,-380.0,178825.0,150981766.0,16806991.0,64.69015846695811,0,0.0
2011-08-10 11:06:00,3750,118150,82733206,5347195,499.7126793608,31.506666666666668,22062.188266666668,340.0,-92114.0,-78333402.0,-13527797.0,-107.93064243333487,2,0.0005333333333333334
2011-08-10 11:06:30,3944,57291,35590338,6158433,523.5627815081136,14.526115618661258,9023.919371196755,194.0,-60859.0,-47142868.0,811238.0,23.850102147313635,25,0.006338742393509128
2011-08-10 11:07:00,3194,27897,10609768,1684539,628.0312198174703,8.73418910457107,3321.7808390732625,-750.0,-29394.0,-24980570.0,-4473894.0,104.46843830935666,15,0.00469630557294928
2011-08-10 11:07:30,3208,29549,14658207,1655715,600.1085511474439,9.211034912718205,4569.266521197008,14.0,1652.0,4048439.0,-28824.0,-27.922668670026383,13,0.004052369077306733
2011-08-10 11:08:00,3392,40903,22131160,2309139,496.8635127800708,12.05866745283019,6524.516509433963,184.0,11354.0,7472953.0,653424.0,-103.24503836737313,12,0.003537735849056604
2011-08-10 11:08:30,3715,51894,35261057,2294311,537.1835915776581,13.968775235531629,9491.536204576043,323.0,10991.0,13129897.0,-14828.0,40.32007879758737,18,0.004845222072678331
2011-08-10 11:09:00,4137,52426,22087412,3100948,512.52434953372,12.672467971960359,5338.992506647329,422.0,532.0,-13173645.0,806637.0,-24.659242043938093,12,0.0029006526468455403
2011-08-10 11:09:30,3229,75221,54058518,3656215,548.9386405943017,23.295447506968102,16741.566429235056,-908.0,22795.0,31971106.0,555267.0,36.414291060581604,10,0.003096934035305048
2011-08-10 11:10:00,3399,90841,68193217,3538297,533.0365100970873,26.72580170638423,20062.729332156516,170.0,15620.0,14134699.0,-117918.0,-15.90213049721433,38,0.011179758752574287
2011-08-10 11:10:30,3885,111340,98608903,4444316,568.6385756393822,28.65894465894466,25381.957014157015,486.0,20499.0,30415686.0,906019.0,35.602065542294895,10,0.002574002574002574
2011-08-10 11:11:00,3867,183793,191710851,4137335,481.61923500387894,47.52857512283424,49576.11869666408,-18.0,72453.0,93101948.0,-306981.0,-87.01934063550328,6,0.0015515903801396431
2011-08-10 11:11:30,3745,37089,15446865,2744546,491.93529446141525,9.903604806408545,4124.663551401869,-122.0,-146704.0,-176263986.0,-1392789.0,10.316059457536312,13,0.003471295060080107
2011-08-10 11:12:00,3761,67069,41592473,23372052,511.0747001946291,17.832757245413454,11058.88673225206,16.0,29980.0,26145608.0,20627506.0,19.139405733213835,12,0.0031906407870247273
2011-08-10 11:12:30,4031,66666,37826558,4627194,469.19136002530394,16.538327958323,9383.914165219549,270.0,-403.0,-3765915.0,-18744858.0,-41.88334016932515,7,0.0017365418010419251
2011-08-10 11:13:00,4353,71496,47215970,3954142,471.12284872409833,16.424534803583736,10846.765449115552,322.0,4830.0,9389412.0,-673052.0,1.9314886987943964,12,0.0027567195037904893
2011-08-10 11:13:30,4270,57869,31176747,4660708,469.91063819531615,13.552459016393442,7301.345901639344,-83.0,-13627.0,-16039223.0,706566.0,-1.2122105287821796,10,0.00234192037470726
2011-08-10 11:14:00,3821,42623,15913709,2477147,543.4884865124313,11.154933263543574,4164.802146035069,-449.0,-15246.0,-15263038.0,-2183561.0,73.57784831711518,24,0.006281078251766554
2011-08-10 11:14:30,3777,68451,47457171,3286511,479.97760016918187,18.123113582208102,12564.779189833202,-44.0,25828.0,31543462.0,809364.0,-63.51088634324947,19,0.005030447445062218
2011-08-10 11:15:00,3588,41782,16404536,2575225,468.59812548327756,11.644927536231885,4572.055741360089,-189.0,-26669.0,-31052635.0,-711286.0,-11.379474685904313,27,0.007525083612040134
2011-08-10 11:15:30,3910,35038,17099834,2162675,469.3164136710998,8.961125319693094,4373.359079283888,322.0,-6744.0,695298.0,-412550.0,0.7182881878222247,16,0.004092071611253197
2011-08-10 11:16:00,4170,34459,14830280,2186580,410.74857473788967,8.263549160671463,3556.42206235012,260.0,-579.0,-2269554.0,23905.0,-58.56783893321011,23,0.005515587529976019
2011-08-10 11:16:30,3963,66763,37459401,6697021,473.97345131390364,16.846580873075954,9452.283875851628,-207.0,32304.0,22629121.0,4510441.0,63.22487657601397,21,0.005299015897047691
2011-08-10 11:17:00,4750,67217,45789660,3491667,385.5385077496842,14.150947368421052,9639.928421052631,787.0,454.0,8330259.0,-3205354.0,-88.43494356421945,31,0.006526315789473684
2011-08-10 11:17:30,3686,744941,790277053,13751609,487.9578314297341,202.10010851871948,214399.63456321217,-1064.0,677724.0,744487393.0,10259942.0,102.4193236800499,23,0.006239826370048833
2011-08-10 11:18:00,4317,46149,26469009,2676780,431.33772625457493,10.690062543432939,6131.343293954134,631.0,-698792.0,-763808044.0,-11074829.0,-56.62010517515915,24,0.005559416261292564
2011-08-10 11:18:30,3947,92152,81224639,3713420,470.365759014948,23.347352419559158,20578.82923739549,-370.0,46003.0,54755630.0,1036640.0,39.028032760373094,24,0.006080567519635166
2011-08-10 11:19:00,3396,25709,10642191,1701010,504.78520636042407,7.57037691401649,3133.7429328621906,-551.0,-66443.0,-70582448.0,-2012410.0,34.419447345476044,29,0.008539458186101296
2011-08-10 11:19:30,3658,42038,23868244,2803189,497.16061781027884,11.492072170585018,6524.943685073811,262.0,16329.0,13226053.0,1102179.0,-7.6245885501452335,26,0.007107709130672498
2011-08-10 11:20:00,3472,38592,16929106,2646576,509.1065523980415,11.11520737327189,4875.894585253456,-186.0,-3446.0,-6939138.0,-156613.0,11.945934587762679,25,0.007200460829493088
2011-08-10 11:20:30,4291,30081,11486738,2544720,443.71065771288744,7.010254020041948,2676.937310650198,819.0,-8511.0,-5442368.0,-101856.0,-65.39589468515408,22,0.005127010020974132
2011-08-10 11:21:00,3919,39455,15568567,3554564,481.1365914126053,10.067619290635367,3972.586629242154,-372.0,9374.0,4081829.0,1009844.0,37.42593369971786,27,0.006889512630773156
2011-08-10 11:21:30,3751,50835,31960400,2835642,475.4074200663823,13.552386030391895,8520.501199680086,-168.0,11380.0,16391833.0,-718922.0,-5.729171346222984,26,0.00693148493735004
2011-08-10 11:22:00,3533,63089,42132068,4942768,524.3209267175205,17.857061986979904,11925.295216529861,-218.0,12254.0,10171668.0,2107126.0,48.913506651138164,20,0.005660911406736484
2011-08-10 11:22:30,3370,26022,9901352,1996107,568.5042819376855,7.72166172106825,2938.086646884273,-163.0,-37067.0,-32230716.0,-2946661.0,44.183355220165026,27,0.008011869436201781
2011-08-10 11:23:00,3846,36385,12982778,2644344,551.582226325793,9.460478419136766,3375.6573062922516,476.0,10363.0,3081426.0,648237.0,-16.92205561189246,29,0.0075403016120644826
2011-08-10 11:23:30,3669,37867,18441774,2650046,478.84115412701004,10.320795857181793,5026.376124284546,-177.0,1482.0,5458996.0,5702.0,-72.741072198783,25,0.00681384573453257
2011-08-10 11:24:00,2975,31378,16909406,1520006,599.0867189112605,10.547226890756303,5683.833949579832,-694.0,-6489.0,-1532368.0,-1130040.0,120.24556478425046,30,0.010084033613445379
2011-08-10 11:24:30,3210,41490,21859795,1992142,528.1209270943925,12.925233644859814,6809.904984423676,235.0,10112.0,4950389.0,472136.0,-70.96579181686798,22,0.006853582554517134
2011-08-10 11:25:00,3473,60803,40346639,4298263,491.53104880334007,17.50734235531241,11617.229772530953,263.0,19313.0,18486844.0,2306121.0,-36.58987829105246,41,0.011805355600345523
2011-08-10 11:25:30,3309,35432,17003770,2596260,504.58027018404346,10.707766696887278,5138.64309459051,-164.0,-25371.0,-23342869.0,-1702003.0,13.049221380703386,43,0.012994862496222424
2011-08-10 11:26:00,3378,64921,52038830,2708845,534.6527738744819,19.218768502072233,15405.219064535228,69.0,29489.0,35035060.0,112585.0,30.072503690438452,34,0.010065127294256957
2011-08-10 11:26:30,3766,30139,10958545,2093356,528.1030450361126,8.00292087095061,2909.863250132767,388.0,-34782.0,-41080285.0,-615489.0,-6.549728838369333,84,0.022304832713754646
2011-08-10 11:27:00,3672,34866,17639613,2380472,458.4303583227124,9.495098039215685,4803.816176470588,-94.0,4727.0,6681068.0,287116.0,-69.6726867134002,40,0.010893246187363835
2011-08-10 11:27:30,3313,119567,95773960,4149725,495.5207654234833,36.09025052822216,28908.530033202536,-359.0,84701.0,78134347.0,1769253.0,37.0904071007709,19,0.005734983398732267
2011-08-10 11:28:00,3612,30651,13074266,2806523,476.1696777666113,8.485880398671096,3619.674972314507,299.0,-88916.0,-82699694.0,-1343202.0,-19.351087656871982,36,0.009966777408637873
2011-08-10 11:28:30,3191,88704,76159273,2946555,494.4616014960827,27.798182387966154,23866.89846443121,-421.0,58053.0,63085007.0,140032.0,18.29192372947142,26,0.00814791601378878
2011-08-10 11:29:00,3058,30743,17967026,1726755,505.9304092534336,10.053302812295618,5875.417266187051,-133.0,-57961.0,-58192247.0,-1219800.0,11.468807757350874,36,0.011772400261608895
2011-08-10 11:29:30,3212,23994,10353291,1895770,526.3098872475093,7.470112079701121,3223.31600249066,154.0,-6749.0,-7613735.0,169015.0,20.379477994075728,20,0.0062266500622665
2011-08-10 11:30:00,3418,25406,9520973,1961171,508.15936077004096,7.433001755412522,2785.53920421299,206.0,1412.0,-832318.0,65401.0,-18.15052647746836,41,0.011995318899941486
2011-08-10 11:30:30,3130,49871,24585963,15305143,539.232933944409,15.933226837060703,7854.940255591055,-288.0,24465.0,15064990.0,13343972.0,31.073573174367993,28,0.008945686900958467
2011-08-10 11:31:00,3207,47516,33948058,1840559,579.7288160947927,14.816339257873402,10585.612098534455,77.0,-2355.0,9362095.0,-13464584.0,40.49588215038375,36,0.011225444340505144
2011-08-10 11:31:30,3402,30546,15336340,1872838,481.2721643415638,8.97883597883598,4508.03644914756,195.0,-16970.0,-18611718.0,32279.0,-98.45665175322893,53,0.01557907113462669
2011-08-10 11:32:00,3283,37923,15145492,5635084,524.259453254036,11.551325007614986,4613.308559244593,-119.0,7377.0,-190848.0,3762246.0,42.987288912472195,27,0.008224185196466647
2011-08-10 11:32:30,3268,33502,19770994,2094198,486.39270523286416,10.251529987760097,6049.87576499388,-15.0,-4421.0,4625502.0,-3540886.0,-37.866748021171816,31,0.009485924112607099
2011-08-10 11:33:00,3500,29443,13596675,2214632,535.3921725691429,8.412285714285714,3884.7642857142855,232.0,-4059.0,-6174319.0,120434.0,48.99946733627871,29,0.008285714285714285
2011-08-10 11:33:30,3155,27449,12299297,2040381,525.4278525350237,8.700158478605388,3898.3508716323295,-345.0,-1994.0,-1297378.0,-174251.0,-9.964320034119169,29,0.00919175911251981
2011-08-10 11:34:00,3634,26068,10236387,1743053,476.0067255638415,7.173362685745735,2816.8373692900386,479.0,-1381.0,-2062910.0,-297328.0,-49.42112697118222,41,0.011282333516785911
2011-08-10 11:34:30,3569,29297,15811914,1630983,484.6539599907537,8.208741944522275,4430.348557018773,-65.0,3229.0,5575527.0,-112070.0,8.647234426912235,20,0.005603810591202018
2011-08-10 11:35:00,3186,30327,17609230,1595510,464.1768040963591,9.518832391713747,5527.065285624608,-383.0,1030.0,1797316.0,-35473.0,-20.477155894394627,34,0.010671688637790333
2011-08-10 11:35:30,3268,26999,12317513,1570819,498.85328542227666,8.261627906976743,3769.1288249694003,82.0,-3328.0,-5291717.0,-24691.0,34.676481325917564,27,0.008261933904528763
2011-08-10 11:36:00,3361,29411,14466273,2209515,490.3435388330854,8.750669443617971,4304.157393632848,93.0,2412.0,2148760.0,638696.0,-8.509746589191252,18,0.005355548943766736
2011-08-10 11:36:30,3321,25034,10031450,2243250,531.310214712436,7.53809093646492,3020.611261668172,-40.0,-4377.0,-4434823.0,33735.0,40.966675879350646,25,0.007527853056308341
2011-08-10 11:37:00,3737,43789,21071143,3236362,443.05955273641956,11.717687985014718,5638.518330211399,416.0,18755.0,11039693.0,993112.0,-88.25066197601649,30,0.008027829810008028
2011-08-10 11:37:30,3419,61132,50097779,2495380,474.93236509505704,17.88008189529102,14652.757823925125,-318.0,17343.0,29026636.0,-740982.0,31.872812358637475,30,0.008774495466510676
2011-08-10 11:38:00,3551,74465,64237274,4234091,467.0230851681216,20.970149253731343,18089.91101098282,132.0,13333.0,14139495.0,1738711.0,-7.909279926935426,35,0.009856378484933821
2011-08-10 11:38:30,3417,28796,12080862,1892758,487.4142947020778,8.427275387767047,3535.5171202809483,-134.0,-45669.0,-52156412.0,-2341333.0,20.391209533956214,26,0.007609013754755633
2011-08-10 11:39:00,3117,967184,811748862,26977703,507.68524700449154,310.29323067051655,260426.32723772858,-300.0,938388.0,799668000.0,25084945.0,20.27095230241372,22,0.007058068655758742
2011-08-10 11:39:30,3234,31762,12856873,1800169,518.8855801747063,9.821273964131107,3975.5327767470626,117.0,-935422.0,-798891989.0,-25177534.0,11.200333170214776,23,0.007111935683364255
2011-08-10 11:40:00,3088,40866,26411929,5359304,516.8959977600389,13.23380829015544,8553.085816062176,-146.0,9104.0,13555056.0,3559135.0,-1.9895824146674386,43,0.013924870466321243
2011-08-10 11:40:30,3341,159690,58692447,32928123,473.4469822508231,47.79706674648309,17567.329242741693,253.0,118824.0,32280518.0,27568819.0,-43.44901550921577,20,0.00598623166716552
2011-08-10 11:41:00,3108,34060,19597178,1694093,478.47709481756755,10.95881595881596,6305.398326898327,-233.0,-125630.0,-39095269.0,-31234030.0,5.030112566744435,61,0.019626769626769628
2011-08-10 11:41:30,3166,42202,24586829,2129764,512.6831656036007,13.329753632343651,7765.896715097915,58.0,8142.0,4989651.0,435671.0,34.206070786033195,35,0.011054958938723942
2011-08-10 11:42:00,3141,53914,37155901,2237567,527.3653871451767,17.164597262018464,11829.322190385228,-25.0,11712.0,12569072.0,107803.0,14.682221541575927,23,0.0073225087551735115
2011-08-10 11:42:30,3130,30640,16905005,1760629,516.5540728031949,9.789137380191693,5400.960063897764,-11.0,-23274.0,-20250896.0,-476938.0,-10.811314341981756,20,0.006389776357827476
2011-08-10 11:43:00,3378,66509,35981989,4388687,545.5523646119005,19.688869153345173,10651.861752516283,248.0,35869.0,19076984.0,2628058.0,28.99829180870563,22,0.006512729425695678
2011-08-10 11:43:30,3309,252816,243489472,18113356,496.755961774252,76.40253853127834,73584.00483529767,-69.0,186307.0,207507483.0,13724669.0,-48.79640283764854,21,0.006346328195829556
2011-08-10 11:44:00,3314,44978,32309301,6468934,471.7774448035606,13.572118286059142,9749.336451418225,5.0,-207838.0,-211180171.0,-11644422.0,-24.978516970691373,23,0.006940253470126735
2011-08-10 11:44:30,3733,33746,16602821,2546389,434.60049625020093,9.039914278060541,4447.581301901955,419.0,-11232.0,-15706480.0,-3922545.0,-37.17694855335969,16,0.004286096972944013
2011-08-10 11:45:00,3338,29927,16090559,1816714,483.8172261473937,8.965548232474536,4820.419113241462,-395.0,-3819.0,-512262.0,-729675.0,49.21672989719275,32,0.009586578789694428
2011-08-10 11:45:30,3137,72580,82896033,1536117,472.13371186675164,23.136754861332484,26425.25757092764,-201.0,42653.0,66805474.0,-280597.0,-11.683514280642044,31,0.00988205291679949
2011-08-10 11:46:00,3182,81131,72379437,3409003,451.2295199591452,25.496857322438718,22746.523255813954,45.0,8551.0,-10516596.0,1872886.0,-20.904191907606446,17,0.005342551854179761
2011-08-10 11:46:30,3177,196298,164089166,141393625,508.18236725369843,61.78722064841045,51649.092225369845,-5.0,115167.0,91709729.0,137984622.0,56.95284729455324,44,0.013849543594586088
2011-08-10 11:47:00,3319,173501,34035596,10902302,605.5440691482374,52.27508285628201,10254.774329617354,142.0,-22797.0,-130053570.0,-130491323.0,97.36170189453901,20,0.006025911419102139
2011-08-10 11:47:30,3395,94999,17143264,6531177,624.6016978103092,27.9820324005891,5049.562297496318,76.0,-78502.0,-16892332.0,-4371125.0,19.057628662071807,33,0.009720176730486009
2011-08-10 11:48:00,3542,81971,26153189,5549654,621.9751380471486,23.14257481648786,7383.734895539244,147.0,-13028.0,9009925.0,-981523.0,-2.626559763160685,20,0.00564652738565782
2011-08-10 11:48:30,3460,61078,11843787,3980606,649.4142370745665,17.652601156069363,3423.0598265895956,-82.0,-20893.0,-14309402.0,-1569048.0,27.43909902741791,29,0.00838150289017341
2011-08-10 11:49:00,3436,79564,36808203,4610899,510.0889820002911,23.155995343422585,10712.51542491269,-24.0,18486.0,24964416.0,630293.0,-139.3252550742754,28,0.008149010477299184
2011-08-10 11:49:30,3274,46111,14357689,3176982,538.5188183066585,14.083995113011607,4385.36621869273,-162.0,-33453.0,-22450514.0,-1433917.0,28.429836306367463,21,0.006414172266340868
2011-08-10 11:50:00,4255,580854,570909154,14020951,414.75591983454757,136.51092831962399,134173.7142185664,981.0,534743.0,556551465.0,10843969.0,-123.76289847211098,33,0.007755581668625147
2011-08-10 11:50:30,3622,44209,18721413,2819856,498.94822280425177,12.20568746548868,5168.8053561568195,-633.0,-536645.0,-552187741.0,-11201095.0,84.1923029697042,30,0.008282716731087797
2011-08-10 11:51:00,3359,38987,12962769,2703721,568.5856254188747,11.606728192914558,3859.1155105686216,-263.0,-5222.0,-5758644.0,-116135.0,69.63740261462289,27,0.008038106579339089
2011-08-10 11:51:30,3372,52255,30755499,2733014,561.835288967675,15.49673784104389,9120.847864768682,13.0,13268.0,17792730.0,29293.0,-6.750336451199701,30,0.008896797153024912
2011-08-10 11:52:00,3683,88676,48570508,20312106,480.3263119247896,24.077111050773826,13187.756720065165,311.0,36421.0,17815009.0,17579092.0,-81.50897704288536,20,0.005430355688297583
2011-08-10 11:52:30,4046,35231,10559740,3070947,473.08659274789915,8.707612456747405,2609.9209095402866,363.0,-53445.0,-38010768.0,-17241159.0,-7.239719176890446,37,0.009144834404349975
2011-08-10 11:53:00,3977,49493,25029760,3194443,495.08938844531053,12.444807643952728,6293.628363087754,-69.0,14262.0,14470020.0,123496.0,22.002795697411386,25,0.006286145335680161
2011-08-10 11:53:30,3437,44322,26075831,2414409,572.27780158714,12.89554844340995,7586.799825429153,-540.0,-5171.0,1046071.0,-780034.0,77.18841314182941,23,0.00669188245562991
2011-08-10 11:54:00,3583,71262,58559614,3799556,554.0898567130896,19.888919899525536,16343.738208205414,146.0,26940.0,32483783.0,1385147.0,-18.187944874050345,22,0.006140106056377337
2011-08-10 11:54:30,3530,40513,20838453,2999518,548.6056451390934,11.476770538243626,5903.24447592068,-53.0,-30749.0,-37721161.0,-800038.0,-5.484211573996163,20,0.0056657223796034
2011-08-10 11:55:00,3677,52105,28785267,20062769,504.2961119779711,14.170519445199892,7828.465324993201,147.0,11592.0,7946814.0,17063251.0,-44.30953316112232,34,0.009246668479738918
2011-08-10 11:55:30,3250,59128,35562063,10165878,604.6585710612308,18.19323076923077,10942.173230769231,-427.0,7023.0,6776796.0,-9896891.0,100.36245908325964,24,0.0073846153846153844
2011-08-10 11:56:00,3570,33158,14598406,2158567,542.1695461809524,9.28795518207283,4089.189355742297,320.0,-25970.0,-20963657.0,-8007311.0,-62.48902488027841,34,0.009523809523809525
2011-08-10 11:56:30,3344,38041,18086987,2492141,591.3132320852274,11.375897129186603,5408.787978468899,-226.0,4883.0,3488581.0,333574.0,49.143685904275,29,0.008672248803827751
2011-08-10 11:57:00,3510,35219,11917307,3301878,585.843965268661,10.033903133903134,3395.2441595441596,166.0,-2822.0,-6169680.0,809737.0,-5.469266816566346,21,0.005982905982905983
2011-08-10 11:57:30,3603,64850,38037924,3958019,549.2299738784346,17.998889814043853,10557.292256452956,93.0,29631.0,26120617.0,656141.0,-36.613991390226374,35,0.009714127116291979
2011-08-10 11:58:00,3039,28597,7378341,1858886,701.5347418920697,9.410003290556103,2427.8845014807503,-564.0,-36253.0,-30659583.0,-2099133.0,152.3047680136351,13,0.0042777229351760445
2011-08-10 11:58:30,3414,25766,8303656,1820629,585.104368933802,7.547158758055067,2432.2366725248976,375.0,-2831.0,925315.0,-38257.0,-116.43037295826775,28,0.008201523140011716
2011-08-10 11:59:00,3279,75209,64156526,2782041,580.6500753519366,22.93656602622751,19565.881671241234,-135.0,49443.0,55852870.0,961412.0,-4.454293581865386,17,0.00518450747179018
2011-08-10 11:59:30,3348,64792,43147349,3346419,573.1683032043011,19.352449223416965,12887.499701314218,69.0,-10417.0,-21009177.0,564378.0,-7.481772147635525,22,0.006571087216248507
2011-08-10 12:00:00,3563,54579,29051317,3217842,518.5860384221162,15.318271119842828,8153.611282627,215.0,-10213.0,-14096032.0,-128577.0,-54.58226478218489,24,0.006735896716250351
2011-08-10 12:00:30,3689,29264,9320509,2732718,547.6036568232583,7.932773109243698,2526.567904581187,126.0,-25315.0,-19730808.0,-485124.0,29.01761840114216,21,0.0056925996204933585
2011-08-10 12:01:00,3554,54961,38487369,2474225,532.0324098832302,15.464546989307822,10829.310354530107,-135.0,25697.0,29166860.0,-258493.0,-15.571246940028118,36,0.010129431626336522
2011-08-10 12:01:30,3195,29127,12124936,1834395,605.5101130403756,9.11643192488263,3794.972143974961,-359.0,-25834.0,-26362433.0,-639830.0,73.47770315714536,29,0.009076682316118936
2011-08-10 12:02:00,3348,36617,17384687,2029108,565.2561068010752,10.936977299880526,5192.558841099164,153.0,7490.0,5259751.0,194713.0,-40.25400623930034,26,0.007765830346475508
2011-08-10 12:02:30,3332,146441,104991034,6192276,625.6319508916566,43.94987995198079,31509.914165666265,-16.0,109824.0,87606347.0,4163168.0,60.37584409058138,28,0.008403361344537815
2011-08-10 12:03:00,3809,41373,14338195,2989873,540.1042853339459,10.86190601207666,3764.2937778944606,477.0,-105068.0,-90652839.0,-3202403.0,-85.52766555771075,19,0.004988185875557889
2011-08-10 12:03:30,3752,44136,23822902,2829596,509.96465889632196,11.763326226012794,6349.387526652452,-57.0,2763.0,9484707.0,-160277.0,-30.139626437623917,31,0.00826226012793177
2011-08-10 12:04:00,3330,41495,21604819,2918163,544.0338552834835,12.46096096096096,6487.933633633634,-422.0,-2641.0,-2218083.0,88567.0,34.069196387161526,28,0.008408408408408409
2011-08-10 12:04:30,3166,31662,15392789,1948722,546.3887192678459,10.000631711939356,4861.904295641188,-164.0,-9833.0,-6212030.0,-969441.0,2.354863984362396,21,0.0066329753632343655
2011-08-10 12:05:00,3143,27824,9016608,2044572,647.5846793872097,8.852688514158448,2868.790327712377,-23.0,-3838.0,-6376181.0,95850.0,101.1959601193638,34,0.010817690104995227
2011-08-10 12:05:30,3685,53429,30822107,15099015,502.11778306729985,14.499050203527815,8364.208141112618,542.0,25605.0,21805499.0,13054443.0,-145.46689631990984,21,0.005698778833107192
2011-08-10 12:06:00,3526,114511,77734329,3942335,565.4180037555303,32.476176971072036,22046.037719795804,-159.0,61082.0,46912222.0,-11156680.0,63.30022068823047,42,0.01191151446398185
2011-08-10 12:06:30,3588,35636,18253099,2349584,512.3212578277592,9.931995540691194,5087.26282051282,62.0,-78875.0,-59481230.0,-1592751.0,-53.09674592777117,21,0.005852842809364548
2011-08-10 12:07:00,3704,25414,8575518,1626373,497.97680179508643,6.861231101511879,2315.2046436285095,116.0,-10222.0,-9677581.0,-723211.0,-14.344456032672724,30,0.008099352051835854
2011-08-10 12:07:30,3443,28396,8790887,1855698,578.6024500302062,8.247458611675864,2553.26372349695,-261.0,2982.0,215369.0,229325.0,80.6256482351198,15,0.004356665698518733
2011-08-10 12:08:00,3139,28256,12653347,2756599,617.1312580793247,9.001592863969417,4031.0121057661677,-304.0,-140.0,3862460.0,900901.0,38.528808049118425,20,0.0063714558776680474
2011-08-10 12:08:30,3623,41200,24092167,2304458,506.63482433784156,11.371791333149323,6649.7838807618,484.0,12944.0,11438820.0,-452141.0,-110.49643374148309,24,0.006624344465912227
2011-08-10 12:09:00,3193,29919,13741726,1818046,548.2585876673975,9.370184779204509,4303.7037269026,-430.0,-11281.0,-10350441.0,-486412.0,41.62376332955591,17,0.005324146570623238
2011-08-10 12:09:30,3324,37883,15811105,2318538,630.2377465785198,11.396811070998796,4756.6501203369435,131.0,7964.0,2069379.0,500492.0,81.97915891112234,29,0.008724428399518652
2011-08-10 12:10:00,3025,29765,8040438,1816979,614.2586092009917,9.839669421487603,2657.996033057851,-299.0,-8118.0,-7770667.0,-501559.0,-15.979137377528104,24,0.007933884297520661
2011-08-10 12:10:30,3337,25966,12638990,2767946,546.9005684099491,7.7812406353011685,3787.5307162121667,312.0,-3799.0,4598552.0,950967.0,-67.35804079104264,31,0.0092897812406353
2011-08-10 12:11:00,3094,36998,19513019,7708174,594.2252689541048,11.957983193277311,6306.728829993536,-243.0,11032.0,6874029.0,4940228.0,47.32470054415569,16,0.005171299288946348
2011-08-10 12:11:30,3131,53579,46092552,1648202,578.4486606045991,17.11242414564037,14721.351644841903,37.0,16581.0,26579533.0,-6059972.0,-15.776608349505636,40,0.012775471095496647
2011-08-10 12:12:00,2880,32867,18369175,1733371,555.3542986663194,11.412152777777777,6378.185763888889,-251.0,-20712.0,-27723377.0,85169.0,-23.09436193827969,25,0.008680555555555556
2011-08-10 12:12:30,2919,20574,6303015,1538276,589.7885691034601,7.048304213771839,2159.306269270298,39.0,-12293.0,-12066160.0,-195095.0,34.43427043714064,23,0.0078794107571086
2011-08-10 12:13:00,3969,95688,93527197,26500270,481.8149633857395,24.108843537414966,23564.423532375913,1050.0,75114.0,87224182.0,24961994.0,-107.9736057177206,21,0.005291005291005291
2011-08-10 12:13:30,3236,25868,9108485,1684931,559.2613768288011,7.993819530284302,2814.7357849196537,-733.0,-69820.0,-84418712.0,-24815339.0,77.4464134430616,22,0.006798516687268232
2011-08-10 12:14:00,3143,43182,18351094,2074292,580.6583619974547,13.739102768055998,5838.719058224626,-93.0,17314.0,9242609.0,389361.0,21.3969851686536,20,0.006363347120585428
2011-08-10 12:14:30,3585,37966,19502619,3237540,569.6518817684797,10.59023709902371,5440.061087866109,442.0,-5216.0,1151525.0,1163248.0,-11.006480228974965,27,0.007531380753138075
2011-08-10 12:15:00,3254,51894,24057716,2756866,590.145552644745,15.947756607252613,7393.274738783036,-331.0,13928.0,4555097.0,-480674.0,20.49367087626524,25,0.007682851874615857
2011-08-10 12:15:30,3295,40571,23646199,2259361,497.2559369171472,12.312898330804249,7176.388163884673,41.0,-11323.0,-411517.0,-497505.0,-92.88961572759774,33,0.010015174506828529
2011-08-10 12:16:00,3089,28626,10417203,1794144,589.2223407011978,9.267076723858853,3372.354483651667,-206.0,-11945.0,-13228996.0,-465217.0,91.96640378405061,26,0.008416963418582066
2011-08-10 12:16:30,3195,27408,8354445,1914016,588.5661857104851,8.578403755868544,2614.849765258216,106.0,-1218.0,-2062758.0,119872.0,-0.6561549907127073,24,0.007511737089201878
2011-08-10 12:17:00,3316,29589,10350128,2043861,590.5027488911338,8.92310012062726,3121.2689987937274,121.0,2181.0,1995683.0,129845.0,1.9365631806487045,24,0.007237635705669481
2011-08-10 12:17:30,2880,377001,462274652,5008338,606.7161615944444,130.903125,160512.03194444443,-436.0,347412.0,451924524.0,2964477.0,16.21341270331061,35,0.012152777777777778
2011-08-10 12:18:00,3293,35271,14613620,1963859,520.2880436210143,10.710901913149105,4437.783176434862,413.0,-341730.0,-447661032.0,-3044479.0,-86.42811797343018,33,0.010021257212268448
2011-08-10 12:18:30,3428,32499,16116270,2339640,512.7773937701284,9.480455075845974,4701.362310385064,135.0,-2772.0,1502650.0,375781.0,-7.510649850885898,26,0.007584597432905484
2011-08-10 12:19:00,3431,31455,10030161,2323726,516.5552323089478,9.167881084232002,2923.392888370737,3.0,-1044.0,-6086109.0,-15914.0,3.7778385388194238,21,0.0061206645292917515
2011-08-10 12:19:30,3334,36371,19434072,1893119,523.1377539502099,10.909118176364727,5829.055788842232,-97.0,4916.0,9403911.0,-430607.0,6.582521641262133,18,0.005398920215956809
2011-08-10 12:20:00,3300,39111,21209699,2219738,451.6082565730303,11.851818181818182,6427.181515151515,-34.0,2740.0,1775627.0,326619.0,-71.52949737717961,32,0.009696969696969697
2011-08-10 12:20:30,3482,30697,11285208,2514314,477.5713260499713,8.815910396323952,3241.013210798392,182.0,-8414.0,-9924491.0,294576.0,25.963069476940973,17,0.004882251579551982
2011-08-10 12:21:00,3953,39127,16002207,2892127,497.16417850771563,9.898052112319757,4048.1171262332405,471.0,8430.0,4716999.0,377813.0,19.592852457744357,33,0.008348090058183658
2011-08-10 12:21:30,3628,82312,61591356,3154041,499.2390797632304,22.68798235942668,16976.669239250277,-325.0,43185.0,45589149.0,261914.0,2.07490125551476,16,0.004410143329658214
2011-08-10 12:22:00,3246,1628517,1624226332,39573749,510.038826219655,501.6996303142329,500377.797905114,-382.0,1546205.0,1562634976.0,36419708.0,10.7997464564246,29,0.008934072704867528
2011-08-10 12:22:30,3599,2718513,2706016966,2637462411,510.10764417421507,755.3523200889136,751880.235065296,353.0,1089996.0,1081790634.0,2597888662.0,0.06881795456007467,14,0.003889969435954432
2011-08-10 12:23:00,3330,28489,9428577,1790902,498.3773315975976,8.555255255255256,2831.4045045045045,-269.0,-2690024.0,-2696588389.0,-2635671509.0,-11.73031257661745,20,0.006006006006006006
2011-08-10 12:23:30,3205,29232,12653481,1734847,550.6735648436818,9.120748829953198,3948.0439937597503,-125.0,743.0,3224904.0,-56055.0,52.29623324608417,35,0.0109204368174727
2011-08-10 12:24:00,3429,33710,14194005,2226099,540.5745319868767,9.830854476523768,4139.400699912511,224.0,4478.0,1540524.0,491252.0,-10.099032856805138,19,0.005540974044911053
2011-08-10 12:24:30,3009,35008,13467445,2198420,554.5206358218677,11.634430043203722,4475.721169823862,-420.0,1298.0,-726560.0,-27679.0,13.94610383499105,21,0.006979062811565304
2011-08-10 12:25:00,3455,55002,27394670,2694182,532.1939038850941,15.919536903039074,7928.992764109986,446.0,19994.0,13927225.0,495762.0,-22.326731936773626,23,0.0066570188133140374
2011-08-10 12:25:30,3691,32199,14549225,1977143,440.27919063993494,8.723652126794907,3941.811162286643,236.0,-22803.0,-12845445.0,-717039.0,-91.91471324515913,29,0.007856949336223246
2011-08-10 12:26:00,3373,57365,41631122,8006760,497.8825012941002,17.007115327601543,12342.461310406166,-318.0,25166.0,27081897.0,6029617.0,57.603310654165284,23,0.006818855618144086
2011-08-10 12:26:30,3212,41655,25298350,2361543,501.07006484775843,12.968555417185554,7876.198630136986,-161.0,-15710.0,-16332772.0,-5645217.0,3.187563553658208,19,0.005915317559153176
2011-08-10 12:27:00,3502,51426,33682556,2813254,439.5908642213021,14.684751570531125,9618.091376356368,290.0,9771.0,8384206.0,451711.0,-61.479200626456304,31,0.00885208452312964
2011-08-10 12:27:30,3404,114951,85875058,25127991,508.08009306551116,33.76938895417156,25227.69036427732,-98.0,63525.0,52192502.0,22314737.0,68.48922884420904,16,0.004700352526439483
2011-08-10 12:28:00,3341,66051,50573482,10930542,506.1156081840766,19.769829392397487,15137.228973361269,-63.0,-48900.0,-35301576.0,-14197449.0,-1.9644848814345437,19,0.005686920083807243
2011-08-10 12:28:30,3544,39673,16191887,2469254,471.6952649568284,11.19441309255079,4568.816873589165,203.0,-26378.0,-34381595.0,-8461288.0,-34.420343227248225,25,0.007054176072234763
2011-08-10 12:29:00,3857,37706,14892778,2661127,418.24053850738915,9.775991703396421,3861.2336012444907,313.0,-1967.0,-1299109.0,191873.0,-53.45472644943925,316,0.08192896033186414
2011-08-10 12:29:30,3225,43503,26547975,16140671,525.207261271938,13.489302325581395,8231.93023255814,-632.0,5797.0,11655197.0,13479544.0,106.96672276454888,23,0.007131782945736434
2011-08-10 12:30:00,3594,30811,14579551,1967869,420.17851560879245,8.572899276572064,4056.6363383416806,369.0,-12692.0,-11968424.0,-14172802.0,-105.02874566314557,50,0.013912075681691708
2011-08-10 12:30:30,3702,46710,25471415,2836679,450.79309512398703,12.617504051863857,6880.447055645597,108.0,15899.0,10891864.0,868810.0,30.614579515194578,30,0.008103727714748784
2011-08-10 12:31:00,4455,279745,244964414,99359068,398.48475705858584,62.79349046015712,54986.40044893378,753.0,233035.0,219492999.0,96522389.0,-52.30833806540119,416,0.09337822671156004
2011-08-10 12:31:30,3377,36307,16667249,1856797,497.5854689241931,10.751258513473497,4935.519395913533,-1078.0,-243438.0,-228297165.0,-97502271.0,99.10071186560725,59,0.017471128220313888
2011-08-10 12:32:00,3018,86194,53953497,5315355,508.72171759840955,28.559973492379058,17877.235586481114,-359.0,49887.0,37286248.0,3458558.0,11.13624867421646,88,0.0291583830351226
2011-08-10 12:32:30,3506,78038,50189521,26998657,466.09739659184254,22.258414147176268,14315.322589845979,488.0,-8156.0,-3763976.0,21683302.0,-42.624321006567016,44,0.012549914432401598
2011-08-10 12:33:00,3781,280728,308057009,15977236,384.5227807987305,74.24702459666754,81475.00899233007,275.0,202690.0,257867488.0,-11021421.0,-81.57461579311206,48,0.012695054218460724
2011-08-10 12:33:30,3784,47335,18612873,4535313,402.2576354439746,12.509249471458773,4918.835359408034,3.0,-233393.0,-289444136.0,-11441923.0,17.734854645244127,36,0.009513742071881607
2011-08-10 12:34:00,3459,163225,141243931,79242420,410.91137272795606,47.18849378433073,40833.74703671582,-325.0,115890.0,122631058.0,74707107.0,8.653737283981457,42,0.012142237640936688
2011-08-10 12:34:30,3545,34718,16218394,6184308,432.76521239802537,9.793511988716503,4575.005359661495,86.0,-128507.0,-125025537.0,-73058112.0,21.853839670069306,33,0.00930888575458392
2011-08-10 12:35:00,4065,44336,24966408,2414631,407.62243699188195,10.906765067650676,6141.797785977859,520.0,9618.0,8748014.0,-3769677.0,-25.142775406143414,60,0.014760147601476014
2011-08-10 12:35:30,3614,32717,15767710,2143227,385.345629160487,9.052850027670171,4362.952407304925,-451.0,-11619.0,-9198698.0,-271404.0,-22.276807831394933,28,0.00774764803541782
2011-08-10 12:36:00,3856,42379,24608597,2741061,356.91072239367224,10.990404564315353,6381.897562240664,242.0,9662.0,8840887.0,597834.0,-28.434906766814777,32,0.008298755186721992
2011-08-10 12:36:30,3800,54319,31826686,9590367,430.4651978097368,14.294473684210526,8375.443684210526,-56.0,11940.0,7218089.0,6849306.0,73.55447541606458,48,0.01263157894736842
2011-08-10 12:37:00,3611,39705,21036130,3081548,385.6973691542509,10.995569094433675,5825.569094433675,-189.0,-14614.0,-10790556.0,-6508819.0,-44.767828655485914,24,0.006646358349487676
2011-08-10 12:37:30,3331,39114,20458838,7738344,468.9154440018013,11.74241969378565,6141.950765535875,-280.0,-591.0,-577292.0,4656796.0,83.21807484755038,28,0.008405884118883218
2011-08-10 12:38:00,3600,37333,17311625,2477852,378.0416621416667,10.370277777777778,4808.784722222223,269.0,-1781.0,-3147213.0,-5260492.0,-90.87378186013461,46,0.012777777777777779
2011-08-10 12:38:30,3011,24794,9224422,1626581,469.4210091570907,8.234473596811691,3063.5742278312855,-589.0,-12539.0,-8087203.0,-851271.0,91.379347015424,26,0.008635004981733644
2011-08-10 12:39:00,3601,34151,13419128,2586595,421.15307072979726,9.483754512635379,3726.500416550958,590.0,9357.0,4194706.0,960014.0,-48.267938427293416,19,0.005276312135517912
2011-08-10 12:39:30,3614,42778,20709684,2828466,432.76599293082455,11.836745987825125,5730.405091311566,13.0,8627.0,7290556.0,241871.0,11.612922201027288,22,0.006087437742114001
2011-08-10 12:40:00,3390,32620,16191154,2333547,451.9910781120944,9.622418879056047,4776.151622418879,-224.0,-10158.0,-4518530.0,-494919.0,19.225085181269833,26,0.007669616519174041
2011-08-10 12:40:30,3321,30023,12049467,2753221,425.9604886582355,9.040349292381812,3628.26467931346,-69.0,-2597.0,-4141687.0,419674.0,-26.03058945385891,28,0.008431195423065342
2011-08-10 12:41:00,3273,57745,32260714,11410997,455.3977168377635,17.642835319278948,9856.619003971891,-48.0,27722.0,20211247.0,8657776.0,29.437228179528006,19,0.0058050717995722576
2011-08-10 12:41:30,3136,26374,11440481,1749213,545.8861884904336,8.410076530612244,3648.1125637755104,-137.0,-31371.0,-20820233.0,-9661784.0,90.48847165267011,37,0.011798469387755101
2011-08-10 12:42:00,2983,29422,11611631,2136999,495.18289714884344,9.863224941334227,3892.601743211532,-153.0,3048.0,171150.0,387786.0,-50.70329134159016,25,0.008380824673147838
2011-08-10 12:42:30,4421,40211,16604294,4093739,996.7275919726306,9.095453517303778,3755.7778783080753,1438.0,10789.0,4992663.0,1956740.0,501.5446948237872,26,0.005881022393123728
2011-08-10 12:43:00,3491,49221,28162842,3429380,478.0633223325695,14.099398453165282,8067.270696075623,-930.0,9010.0,11558548.0,-664359.0,-518.6642696400611,28,0.008020624462904613
2011-08-10 12:43:30,3002,55306,23829315,2711468,555.078605679547,18.42305129913391,7937.813124583611,-489.0,6085.0,-4333527.0,-717912.0,77.01528334697747,20,0.006662225183211193
2011-08-10 12:44:00,3389,103073,84321642,32366353,421.58702443729715,30.413986426674537,24880.980230156387,387.0,47767.0,60492327.0,29654885.0,-133.49158124224982,21,0.006196518146946002
2011-08-10 12:44:30,3170,31475,14237833,3115711,485.7914420271293,9.929022082018928,4491.429968454258,-219.0,-71598.0,-70083809.0,-29250642.0,64.20441758983213,18,0.0056782334384858045
2011-08-10 12:45:00,3859,49715,31382718,3430237,419.3697747317958,12.882871210158072,8132.344648872765,689.0,18240.0,17144885.0,314526.0,-66.42166729533346,21,0.005441824306815237
2011-08-10 12:45:30,3362,24625,8775904,1714413,467.21976912908985,7.324509220701963,2610.3224271267104,-497.0,-25090.0,-22606814.0,-1715824.0,47.84999439729404,27,0.008030933967876264
2011-08-10 12:46:00,3125,37526,19688775,2742507,493.96977722656,12.00832,6300.408,-237.0,12901.0,10912871.0,1028094.0,26.75000809747013,17,0.00544
2011-08-10 12:46:30,3509,88281,57760686,40440666,469.9502404320319,25.15844970076945,16460.725562838415,384.0,50755.0,38071911.0,37698159.0,-24.019536794528108,23,0.006554573952693075
2011-08-10 12:47:00,3348,213606,68671728,31213730,537.8865834432497,63.80107526881721,20511.2688172043,-161.0,125325.0,10911042.0,-9226936.0,67.93634301121784,18,0.005376344086021506
2011-08-10 12:47:30,4232,78150,18224988,5418329,409.92262070510395,18.466446124763706,4306.471644612477,884.0,-135456.0,-50446740.0,-25795401.0,-127.96396273814577,22,0.005198487712665407
2011-08-10 12:48:00,3194,74995,23376830,5637430,590.0942895460238,23.479962429555417,7318.982467125861,-1038.0,-3155.0,5151842.0,219101.0,180.17166884091984,15,0.00469630557294928
2011-08-10 12:48:30,3284,67230,18961586,4335383,540.0359845910475,20.47198538367844,5773.929963459196,90.0,-7765.0,-4415244.0,-1302047.0,-50.05830495497628,17,0.0051766138855054815
2011-08-10 12:49:00,3499,66891,17278443,4344783,550.1672291946271,19.117176336096026,4938.108888253787,215.0,-339.0,-1683143.0,9400.0,10.131244603579603,31,0.008859674192626465
2011-08-10 12:49:30,3180,70557,34136068,8416753,599.7137597053459,22.187735849056605,10734.612578616352,-319.0,3666.0,16857625.0,4071970.0,49.54653051071875,16,0.005031446540880503
2011-08-10 12:50:00,3672,82996,49200067,7572454,515.4036884784858,22.60239651416122,13398.711056644881,492.0,12439.0,15063999.0,-844299.0,-84.31007122686003,54,0.014705882352941176
2011-08-10 12:50:30,3188,53195,26031390,2969720,571.3397387299246,16.686010037641154,8165.42973651192,-484.0,-29801.0,-23168677.0,-4602734.0,55.936050251438814,14,0.00439146800501882
2011-08-10 12:51:00,3686,61190,37510464,3186843,471.9150266652198,16.600651112316875,10176.46880086815,498.0,7995.0,11479074.0,217123.0,-99.42471206470486,101,0.02740097666847531
2011-08-10 12:51:30,3323,49784,24588212,4234766,524.886229008727,14.98164309359013,7399.401745410773,-363.0,-11406.0,-12922252.0,1047923.0,52.97120234350723,30,0.009027986758952753
2011-08-10 12:52:00,4486,687706,725238073,14415963,338.0595904295586,153.30049041462328,161666.98016049934,1163.0,637922.0,700649861.0,10181197.0,-186.8266385791684,28,0.006241640659830584
2011-08-10 12:52:30,3047,42765,20077782,3200230,508.4344046770594,14.035116508040696,6589.360682638661,-1439.0,-644941.0,-705160291.0,-11215733.0,170.37481424750075,29,0.009517558254020347
2011-08-10 12:53:00,3736,97352,96821160,4710756,483.66634409047106,26.05781584582441,25915.728051391863,689.0,54587.0,76743378.0,1510526.0,-24.76806058658832,28,0.007494646680942184
2011-08-10 12:53:30,3229,30107,12248254,2568236,492.2791359529266,9.323939300092908,3793.2034685661197,-507.0,-67245.0,-84572906.0,-2142520.0,8.612791862455538,29,0.00898110870238464
2011-08-10 12:54:00,3769,47662,24759541,3510805,458.53090544202706,12.645794640488193,6569.260015919342,540.0,17555.0,12511287.0,942569.0,-33.74823051089953,23,0.006102414433536747
2011-08-10 12:54:30,3226,27793,10100866,2958002,542.2410994411035,8.615313081215128,3131.08059516429,-543.0,-19869.0,-14658675.0,-552803.0,83.71019399907647,29,0.008989460632362058
2011-08-10 12:55:00,3395,493008,532204823,259177845,572.847543310162,145.2159057437408,156761.3617083947,169.0,465215.0,522103957.0,256219843.0,30.606443869058467,24,0.007069219440353461
2011-08-10 12:55:30,3349,51541,32119936,2900867,517.4575750209017,15.38996715437444,9590.903553299493,-46.0,-441467.0,-500084887.0,-256276978.0,-55.38996828926031,23,0.006867721707972529
2011-08-10 12:56:00,3744,49398,29891296,7089920,439.6071983752671,13.193910256410257,7983.786324786325,395.0,-2143.0,-2228640.0,4189053.0,-77.85037664563458,323,0.08627136752136752
2011-08-10 12:56:30,3146,33184,9674178,2357456,594.0494815556262,10.547997457088366,3075.072472981564,-598.0,-16214.0,-20217118.0,-4732464.0,154.44228318035914,27,0.008582326764144946
2011-08-10 12:57:00,3686,53204,32492430,14872514,442.6187199172545,14.43407487791644,8815.092240911557,540.0,20020.0,22818252.0,12515058.0,-151.43076163837173,213,0.05778621812262615
2011-08-10 12:57:30,3707,103998,68852140,9255011,472.31842046074996,28.05449150256272,18573.54734286485,21.0,50794.0,36359710.0,-5617503.0,29.699700543495453,24,0.006474237928243863
2011-08-10 12:58:00,4072,46804,21681394,3227406,442.8945807610511,11.49410609037328,5324.507367387034,365.0,-57194.0,-47170746.0,-6027605.0,-29.423839699698874,326,0.08005893909626718
2011-08-10 12:58:30,3401,45346,19970478,2754018,524.2979102037635,13.333137312555131,5871.942957953543,-671.0,-1458.0,-1710916.0,-473388.0,81.40332944271245,91,0.026756836224639813
2011-08-10 12:59:00,3794,78055,50147582,3607020,481.81242911412755,20.573273589878756,13217.602003162889,393.0,32709.0,30177104.0,853002.0,-42.48548108963598,299,0.07880864522930943
2011-08-10 12:59:30,3256,37448,11179101,3634135,673.047725838145,11.501228501228502,3433.384828009828,-538.0,-40607.0,-38968481.0,27115.0,191.23529672401742,26,0.007985257985257985
2011-08-10 13:00:00,3496,166436,144406917,9304144,556.10827141619,47.607551487414185,41306.32637299771,240.0,128988.0,133227816.0,5670009.0,-116.93945442195502,113,0.03232265446224256
2011-08-10 13:00:30,3251,227998,208817989,9538114,531.5807460209166,70.13165179944633,64231.92525376807,-245.0,61562.0,64411072.0,233970.0,-24.5275253952733,29,0.008920332205475239
2011-08-10 13:01:00,3884,1560274,1557351594,1506153563,488.1101170236869,401.7183316168898,400965.9098867147,633.0,1332276.0,1348533605.0,1496615449.0,-43.47062899722977,351,0.09037075180226571
2011-08-10 13:01:30,3858,43591,21699666,7315212,576.4745912817522,11.298859512700881,5624.5894245723175,-26.0,-1516683.0,-1535651928.0,-1498838351.0,88.36447425806529,114,0.029548989113530325
2011-08-10 13:02:00,3825,48135,25682545,3781653,466.26859943137254,12.584313725490196,6714.390849673203,-33.0,4544.0,3982879.0,-3533559.0,-110.20599185037963,349,0.09124183006535948
2011-08-10 13:02:30,3365,154559,128325660,7692637,571.2064255895989,45.93135215453194,38135.411589895986,-460.0,106424.0,102643115.0,3910984.0,104.93782615822636,83,0.024665676077265972
2011-08-10 13:03:00,4169,36434,13168820,4211253,493.82696681242504,8.739266011033822,3158.7479011753417,804.0,-118125.0,-115156840.0,-3481384.0,-77.37945877717385,414,0.09930438954185657
2011-08-10 13:03:30,3213,26744,7418761,2205398,540.9317262829131,8.323685029567383,2308.9825708061003,-956.0,-9690.0,-5750059.0,-2005855.0,47.10475947048809,106,0.03299097416744476
2011-08-10 13:04:00,3846,54972,29439112,15038958,463.01304655356216,14.293291731669267,7654.4752990119605,633.0,28228.0,22020351.0,12833560.0,-77.91867972935097,577,0.1500260010400416
2011-08-10 13:04:30,3498,34065,15102934,2781631,538.714928841338,9.738421955403087,4317.591194968553,-348.0,-20907.0,-14336178.0,-12257327.0,75.70188228777579,93,0.026586620926243566
2011-08-10 13:05:00,3547,70531,41580854,1995166,459.304009846349,19.884691288412743,11722.823230899352,49.0,36466.0,26477920.0,-786465.0,-79.41091899498895,255,0.07189173949816746
2011-08-10 13:05:30,3224,55884,32387488,4874109,524.1295228629033,17.333746898263026,10045.746898263027,-323.0,-14647.0,-9193366.0,2878943.0,64.82551301655428,74,0.02295285359801489
2011-08-10 13:06:00,3424,120493,85315994,3923172,489.627174223715,35.19071261682243,24917.054322429907,200.0,64609.0,52928506.0,-950937.0,-34.50234863918831,227,0.06629672897196262
2011-08-10 13:06:30,3768,187141,167318804,5979415,498.6688094267516,49.66587048832272,44405.202760084925,344.0,66648.0,82002810.0,2056243.0,9.041635203036606,69,0.018312101910828025
2011-08-10 13:07:00,4109,50309,30404838,2820769,471.64692437405694,12.243611584327088,7399.571185203213,341.0,-136832.0,-136913966.0,-3158646.0,-27.021885052694643,159,0.03869554636164517
2011-08-10 13:07:30,3928,155261,126012642,11644504,513.7509578151731,39.526731160896134,32080.61150712831,-181.0,104952.0,95607804.0,8823735.0,42.1040334411162,59,0.015020366598778005
2011-08-10 13:08:00,3581,32467,10333451,2377997,519.3636180228987,9.066461882155822,2885.6327841385087,-347.0,-122794.0,-115679191.0,-9266507.0,5.612660207725526,53,0.014800335101926836
2011-08-10 13:08:30,3750,31091,14143068,2011680,466.4167323650667,8.290933333333333,3771.4848,169.0,-1376.0,3809617.0,-366317.0,-52.946885657831956,281,0.07493333333333334
2011-08-10 13:09:00,4194,52233,25533355,12084178,418.286590332618,12.454220314735336,6088.0674773485935,444.0,21142.0,11390287.0,10072498.0,-48.1301420324487,65,0.015498330948974726
2011-08-10 13:09:30,4317,74454,47892699,4226315,428.541518666435,17.246699096594856,11093.977067407923,123.0,22221.0,22359344.0,-7857863.0,10.25492833381702,189,0.04378040305767894
2011-08-10 13:10:00,3642,56925,25560122,3066672,502.4909478520044,15.63014827018122,7018.1554091158705,-675.0,-17529.0,-22332577.0,-1159643.0,73.94942918556939,62,0.017023613399231193
2011-08-10 13:10:30,4364,47383,27404519,3241387,408.3787464663153,10.857699358386801,6279.678964252979,722.0,-9542.0,1844397.0,174715.0,-94.1122013856891,263,0.060265811182401464
2011-08-10 13:11:00,4039,210400,225823053,7046871,453.4385016660064,52.09210200544689,55910.634563010644,-325.0,163017.0,198418534.0,3805484.0,45.0597551996911,80,0.019806882891804902
2011-08-10 13:11:30,3622,87000,67893013,6461497,483.44359526725566,24.01987852015461,18744.619823302044,-417.0,-123400.0,-157930040.0,-585374.0,30.005093601249257,195,0.05383765875207068
2011-08-10 13:12:00,3770,130945,112927435,64477327,477.6960229490716,34.73342175066313,29954.226790450928,148.0,43945.0,45034422.0,58015830.0,-5.747572318184041,44,0.011671087533156498
2011-08-10 13:12:30,3615,34850,14819626,2403790,480.55006524481325,9.640387275242047,4099.481604426002,-155.0,-96095.0,-98107809.0,-62073537.0,2.8540422957416354,324,0.08962655601659751
2011-08-10 13:13:00,3297,48655,29211808,2688874,491.9055391950258,14.75735517136791,8860.117682741886,-318.0,13805.0,14392182.0,285084.0,11.35547395021257,78,0.023657870791628753
2011-08-10 13:13:30,4181,39521,16328401,2962836,441.28227591580963,9.452523319779957,3905.381726859603,884.0,-9134.0,-12883407.0,273962.0,-50.62326327921619,265,0.0633819660368333
2011-08-10 13:14:00,3701,56883,37097508,2942004,483.04773432693867,15.369629829775736,10023.644420426912,-480.0,17362.0,20769107.0,-20832.0,41.76545841112903,75,0.02026479329910835
2011-08-10 13:14:30,3711,41889,15315099,2624267,434.7802996219348,11.287793047696038,4126.946645109135,10.0,-14994.0,-21782409.0,-317737.0,-48.26743470500389,305,0.0821880894637564
2011-08-10 13:15:00,3910,40863,11364510,3160286,421.30723184603585,10.450895140664962,2906.5242966751916,199.0,-1026.0,-3950589.0,536019.0,-13.473067775898926,73,0.018670076726342712
2011-08-10 13:15:30,4889,85835,81063379,57279485,350.2878115534874,17.556760073634692,16580.768868889343,979.0,44972.0,69698869.0,54119199.0,-71.01942029254843,872,0.17835958273675598
2011-08-10 13:16:00,4167,38123,14293617,2588125,437.23158959083275,9.148788096952243,3430.1936645068395,-722.0,-47712.0,-66769762.0,-54691360.0,86.94377803734534,148,0.035517158627309815
2011-08-10 13:16:30,4054,41388,18563338,3030251,474.42234432560434,10.209176122348298,4579.017760236803,-113.0,3265.0,4269721.0,442126.0,37.19075473477159,562,0.1386285150468673
2011-08-10 13:17:00,3691,35145,13850042,2391935,448.23154218477373,9.521809807640206,3752.3820102953127,-363.0,-6243.0,-4713296.0,-638316.0,-26.190802140830613,127,0.034408019506908694
2011-08-10 13:17:30,4198,47061,25385588,6248160,392.502999885898,11.21033825631253,6047.067174845164,507.0,11916.0,11535546.0,3856225.0,-55.72854229887571,539,0.12839447355883754
2011-08-10 13:18:00,4111,70977,45021579,4486498,418.1825979073218,17.265142301143275,10951.49087813184,-87.0,23916.0,19635991.0,-1761662.0,25.67959802142377,165,0.04013621989783508
2011-08-10 13:18:30,3534,28731,10621211,2282980,490.9867358885116,8.12988115449915,3005.436049801924,-577.0,-42246.0,-34400368.0,-2203518.0,72.8041379811898,133,0.03763440860215054
2011-08-10 13:19:00,9154,47084,13195347,3476000,181.5503252604326,5.143543805986454,1441.4842691719466,5620.0,18353.0,2574136.0,1193020.0,-309.436410628079,131,0.014310683854052873
2011-08-10 13:19:30,4141,52973,26187114,8862441,482.85180403912096,12.792320695484182,6323.862352088868,-5013.0,5889.0,12991767.0,5386441.0,301.30147877868836,121,0.029219995170248734
2011-08-10 13:20:00,3821,37198,18845176,2103369,503.9351052980895,9.735147867050511,4932.001046846375,-320.0,-15775.0,-7341938.0,-6759072.0,21.08330125896856,98,0.025647736194713427
2011-08-10 13:20:30,3353,49942,29296053,6251615,487.6970267646883,14.894721145243066,8737.266030420518,-468.0,12744.0,10450877.0,4148246.0,-16.23807853340122,145,0.04324485535341485
2011-08-10 13:21:00,3967,49920,25187009,4832725,400.6705014184522,12.58381648600958,6349.132593899672,614.0,-22.0,-4109044.0,-1418890.0,-87.0265253462361,91,0.022939248802621628
2011-08-10 13:21:30,3318,46997,26638471,2645347,441.995867249548,14.164255575647982,8028.472272453285,-649.0,-2923.0,1451462.0,-2187378.0,41.32536583109578,74,0.02230259192284509
2011-08-10 13:22:00,3731,38664,17907556,2452576,474.2646288533905,10.362905387295632,4799.666577325114,413.0,-8333.0,-8730915.0,-192771.0,32.268761603842506,68,0.018225676762262128
2011-08-10 13:22:30,3813,44556,26909227,3640146,438.18726005035404,11.6852871754524,7057.232362968791,82.0,5892.0,9001671.0,1187570.0,-36.07736880303645,82,0.021505376344086023
2011-08-10 13:23:00,3442,70563,32974140,3586738,499.6005760830912,20.500581057524695,9579.936083672284,-371.0,26007.0,6064913.0,-53408.0,61.41331603273716,52,0.015107495642068565
2011-08-10 13:23:30,3097,32084,17285952,1686864,563.3005608511462,10.359702938327414,5581.5150145301905,-345.0,-38479.0,-15688188.0,-1899874.0,63.699984768055,37,0.011947045527930255
2011-08-10 13:24:00,3879,40819,19111629,3446756,445.16540509022946,10.523072956947667,4926.947409126064,782.0,8735.0,1825677.0,1759892.0,-118.13515576091675,24,0.006187161639597835
2011-08-10 13:24:30,4186,41890,18458776,5371681,397.21078480888673,10.00716674629718,4409.645484949833,307.0,1071.0,-652853.0,1924925.0,-47.95462028134273,317,0.07572861920688008
2011-08-10 13:25:00,3133,26258,9438924,2100075,517.6804249240345,8.381104372805618,3012.7430577721034,-1053.0,-15632.0,-9019852.0,-3271606.0,120.46964011514774,21,0.006702840727736993
2011-08-10 13:25:30,3872,39940,20526451,2464182,441.7433372270145,10.315082644628099,5301.252840909091,739.0,13682.0,11087527.0,364107.0,-75.93708769701999,167,0.0431301652892562
2011-08-10 13:26:00,4104,35965,13664191,2669469,485.4750652090643,8.763401559454191,3329.481237816764,232.0,-3975.0,-6862260.0,205287.0,43.73172798204985,21,0.005116959064327485
2011-08-10 13:26:30,4736,44403,17461655,7336717,363.00247562795613,9.375633445945946,3687.0048564189187,632.0,8438.0,3797464.0,4667248.0,-122.4725895811082,353,0.07453547297297297
2011-08-10 13:27:00,3547,86774,65505902,17755528,453.7462389582746,24.464054130250915,18467.97349873132,-1189.0,42371.0,48044247.0,10418811.0,90.74376333031847,63,0.017761488581900197
2011-08-10 13:27:30,4282,77270,47653606,10009951,392.9811470018683,18.045305931807565,11128.819710415693,735.0,-9504.0,-17852296.0,-7745577.0,-60.76509195640631,684,0.15973843998131715
2011-08-10 13:28:00,3439,24573,8445875,1719635,472.40808119075314,7.145391102064553,2455.910148298924,-843.0,-52697.0,-39207731.0,-8290316.0,79.42693418888484,70,0.020354754289037512
2011-08-10 13:28:30,4146,51313,22208645,3004938,417.01454269343947,12.376507477086347,5356.643753014954,707.0,26740.0,13762770.0,1285303.0,-55.39353849731367,571,0.13772310660877954
2011-08-10 13:29:00,4055,48157,27259674,2573161,438.33012230406905,11.875955610357583,6722.484340320592,-91.0,-3156.0,5051029.0,-431777.0,21.315579610629584,71,0.01750924784217016
2011-08-10 13:29:30,3651,127675,121895277,3469723,481.9642392917009,34.96987126814572,33386.819227608874,-404.0,79518.0,94635603.0,896562.0,43.63411698763184,321,0.08792111750205424
2011-08-10 13:30:00,3370,55575,43996652,2186799,531.1365018195846,16.491097922848663,13055.386350148368,-281.0,-72100.0,-77898625.0,-1282924.0,49.17226252788373,73,0.02166172106824926
2011-08-10 13:30:30,3717,95107,75582154,4876943,441.98323886386873,25.587032553134247,20334.181867097122,347.0,39532.0,31585502.0,2690144.0,-89.15326295571589,505,0.1358622545063223
2011-08-10 13:31:00,3138,28925,11019379,4432586,507.8127562613129,9.217654557042703,3511.593052899936,-579.0,-66182.0,-64562775.0,-444357.0,65.82951739744419,80,0.025493945188017845
2011-08-10 13:31:30,3730,40107,22018715,5264799,421.23375853029495,10.752546916890081,5903.140750670242,592.0,11182.0,10999336.0,832213.0,-86.57899773101798,357,0.09571045576407507
2011-08-10 13:32:00,3786,291946,332476417,8014804,537.9482344743793,77.11199154780772,87817.33148441627,56.0,251839.0,310457702.0,2750005.0,116.71447594408437,93,0.02456418383518225
2011-08-10 13:32:30,4297,251094,227112811,81348169,381.9928712092157,58.4347218989993,52853.807540144284,511.0,-40852.0,-105363606.0,73333365.0,-155.9553632651636,1113,0.25901791947870606
2011-08-10 13:33:00,3450,77596,55067530,7661267,460.79079063942027,22.49159420289855,15961.602898550726,-847.0,-173498.0,-172045281.0,-73686902.0,78.79791943020456,140,0.04057971014492753
2011-08-10 13:33:30,3907,108273,57475978,10046649,430.0636556426926,27.712567187100078,14711.0258510366,457.0,30677.0,2408448.0,2385382.0,-30.72713499672767,537,0.137445610442795
2011-08-10 13:34:00,3235,184655,165732170,78350799,541.0813769258115,57.08037094281298,51230.964451313754,-672.0,76382.0,108256192.0,68304150.0,111.01772128311887,160,0.04945904173106646
2011-08-10 13:34:30,3479,68568,56112360,2533778,429.3997782029319,19.70911181373958,16128.876113825812,244.0,-116087.0,-109619810.0,-75817021.0,-111.68159872287958,484,0.13912043690715722
2011-08-10 13:35:00,5722,41528,21122614,2295446,280.57622834970294,7.257602236980077,3691.473960153792,2243.0,-27040.0,-34989746.0,-238332.0,-148.82354985322894,185,0.03233135267389025
2011-08-10 13:35:30,3495,26520,11271328,1634773,446.4136504103005,7.587982832618025,3224.9865522174537,-2227.0,-15008.0,-9851286.0,-660673.0,165.83742206059753,433,0.12389127324749642
2011-08-10 13:36:00,3640,129030,112136069,4065699,437.4001385458791,35.4478021978022,30806.612362637363,145.0,102510.0,100864741.0,2430926.0,-9.013511864421389,228,0.06263736263736264
2011-08-10 13:36:30,4293,66015,43632507,28882706,412.71521112345675,15.377358490566039,10163.640111809924,653.0,-63015.0,-68503562.0,24817007.0,-24.684927422422334,343,0.07989750757046354
2011-08-10 13:37:00,4892,162821,139723988,38247066,378.98466965392475,33.283115290269826,28561.7309893704,599.0,96806.0,96091481.0,9364360.0,-33.730541469532,130,0.026573998364677023
2011-08-10 13:37:30,3771,69030,45981125,7018000,495.57214215407055,18.305489260143197,12193.350570140547,-1121.0,-93791.0,-93742863.0,-31229066.0,116.5874725001458,392,0.1039512065765049
2011-08-10 13:38:00,3508,1475030,1483223925,33355846,524.2423258480616,420.47605473204106,422811.8372291904,-263.0,1406000.0,1437242800.0,26337846.0,28.67018369399102,135,0.03848346636259977
2011-08-10 13:38:30,3954,35034,14717211,2424943,396.67105581588265,8.860394537177541,3722.1069802731413,446.0,-1439996.0,-1468506714.0,-30930903.0,-127.57127003217892,366,0.09256449165402124
2011-08-10 13:39:00,3639,411446,459920607,10449099,444.07211547595494,113.06567738389667,126386.53668590273,-315.0,376412.0,445203396.0,8024156.0,47.40105966007229,135,0.03709810387469085
2011-08-10 13:39:30,3758,49865,30063125,3299107,407.4030155707824,13.269026077700905,7999.767163384779,119.0,-361581.0,-429857482.0,-7149992.0,-36.66909990517257,494,0.13145290047897817
2011-08-10 13:40:00,3502,37758,15034529,6516572,476.69126631810394,10.781838949171902,4293.126499143346,-256.0,-12107.0,-15028596.0,3217465.0,69.28825074732157,169,0.04825813820673901
2011-08-10 13:40:30,3819,145839,117392674,7274356,422.74639473919876,38.18774548311076,30739.11338046609,317.0,108081.0,102358145.0,757784.0,-53.94487157890518,387,0.10133542812254517
2011-08-10 13:41:00,3469,61316,39600884,3074966,452.7782634626694,17.67541078120496,11415.648313635053,-350.0,-84523.0,-77791790.0,-4199390.0,30.03186872347061,116,0.03343903142115884
2011-08-10 13:41:30,3284,253959,248227069,6855813,537.3361393532277,77.33221680876979,75586.80542021924,-185.0,192643.0,208626185.0,3780847.0,84.55787589055836,77,0.023447015834348356
2011-08-10 13:42:00,3438,133276,124171814,3779131,477.92451649796396,38.76556137289121,36117.456079115764,154.0,-120683.0,-124055255.0,-3076682.0,-59.41162285526377,63,0.01832460732984293
2011-08-10 13:42:30,3788,2643057,3249730608,67530991,426.2467204413939,697.7447201689546,857901.4276663146,350.0,2509781.0,3125558794.0,63751860.0,-51.67779605657006,224,0.059134107708553325
2011-08-10 13:43:00,3291,59527,42523239,5060794,515.7356499486478,18.087815253722273,12921.069279854148,-497.0,-2583530.0,-3207207369.0,-62470197.0,89.48892950725394,68,0.020662412640534793
2011-08-10 13:43:30,3555,116948,67186147,5507447,417.10915936258795,32.89676511954993,18899.05682137834,264.0,57421.0,24662908.0,446653.0,-98.6264905860599,72,0.020253164556962026
2011-08-10 13:44:00,3446,93067,72179543,36408612,491.3072536436448,27.007254788160186,20945.89175856065,-109.0,-23881.0,4993396.0,30901165.0,74.19809428105685,45,0.0130586186883343
2011-08-10 13:44:30,3255,31045,8755198,2246237,531.2746227855607,9.53763440860215,2689.768970814132,-191.0,-62022.0,-63424345.0,-34162375.0,39.967369141915924,42,0.012903225806451613
2011-08-10 13:45:00,3623,50658,29698377,2938639,493.1897629113994,13.982335081424234,8197.178305271875,368.0,19613.0,20943179.0,692402.0,-38.08485987416134,47,0.012972674579078112
2011-08-10 13:45:30,3850,83831,63815870,3307650,472.0234947366234,21.774285714285714,16575.55064935065,227.0,33173.0,34117493.0,369011.0,-21.166268174776008,648,0.1683116883116883
2011-08-10 13:46:00,3264,236717,34655975,19776128,499.4828675857843,72.52359068627452,10617.639399509804,-586.0,152886.0,-29159895.0,16468478.0,27.4593728491609,50,0.015318627450980392
2011-08-10 13:46:30,3420,116106,94051160,26354184,497.2363013827486,33.949122807017545,27500.33918128655,156.0,-120611.0,59395185.0,6578056.0,-2.246566203035684,326,0.09532163742690059
2011-08-10 13:47:00,3665,1192675,862978817,65230397,466.10921699208734,325.42291950886766,235464.88867667122,245.0,1076569.0,768927657.0,38876213.0,-31.127084390661253,44,0.012005457025920874
2011-08-10 13:47:30,4028,101991,34786025,9732269,425.4722775064548,25.320506454816286,8636.053872889772,363.0,-1090684.0,-828192792.0,-55498128.0,-40.636939485632524,33,0.008192651439920555
2011-08-10 13:48:00,5248,249417,64560472,45614744,360.4931165078125,47.52610518292683,12301.919207317073,1220.0,147426.0,29774447.0,35882475.0,-64.97916099864233,40,0.007621951219512195
2011-08-10 13:48:30,5655,144548,96994607,81393878,323.58734136145006,25.561096374889477,17152.008311229,407.0,-104869.0,32434135.0,35779134.0,-36.90577514636243,35,0.00618921308576481
2011-08-10 13:49:00,6845,130673,68965450,7544139,293.0651483012418,19.09028487947407,10075.303140978816,1190.0,-13875.0,-28029157.0,-73849739.0,-30.52219306020828,30,0.004382761139517896
2011-08-10 13:49:30,6467,139930,98917175,5294743,285.7635725708984,21.637544456471314,15295.681923612185,-378.0,9257.0,29951725.0,-2249396.0,-7.301575730343359,40,0.006185248183083346
2011-08-10 13:50:00,6016,94873,41562899,4945038,308.50231890009974,15.770113031914894,6908.7265625,-451.0,-45057.0,-57354276.0,-349705.0,22.73874632920132,25,0.004155585106382979
2011-08-10 13:50:30,6188,72161,24768102,4767315,296.043708793148,11.661441499676794,4002.602133160957,172.0,-22712.0,-16794797.0,-177723.0,-12.45861010695171,26,0.004201680672268907
2011-08-10 13:51:00,6655,77331,27107990,4855455,275.9472160763336,11.619984973703982,4073.326821938392,467.0,5170.0,2339888.0,88140.0,-20.096492716814453,28,0.0042073628850488355
2011-08-10 13:51:30,5884,68289,26333241,6523517,340.85490094476546,11.60588035350102,4475.397858599592,-771.0,-9042.0,-774749.0,1668062.0,64.90768486843189,34,0.005778382053025153
2011-08-10 13:52:00,5817,139353,109493641,6275786,303.61137745985906,23.956162970603405,18823.0429774798,-67.0,71064.0,83160400.0,-247731.0,-37.243523484906405,23,0.0039539281416537736
2011-08-10 13:52:30,6014,69455,32144291,8177127,280.86946596707685,11.548885932823412,5344.910375789824,197.0,-69898.0,-77349350.0,1901341.0,-22.741911492782208,28,0.004655803126039242
2011-08-10 13:53:00,5000,48115,14355608,2975897,348.23977279480005,9.623,2871.1216,-1014.0,-21340.0,-17788683.0,-5201230.0,67.3703068277232,28,0.0056
2011-08-10 13:53:30,5437,240282,217396126,6871625,341.3744500255656,44.193856906382194,39984.57347802097,437.0,192167.0,203040518.0,3895728.0,-6.865322769234467,26,0.004782048924038992
2011-08-10 13:54:00,5416,60559,19965182,3473908,341.86329184361153,11.181499261447563,3686.333456425406,-21.0,-179723.0,-197430944.0,-3397717.0,0.4888418180459553,19,0.0035081240768094534
2011-08-10 13:54:30,5227,52924,23674352,6139548,335.84350392615266,10.125119571455903,4529.242777884064,-189.0,-7635.0,3709170.0,2665640.0,-6.019787917458871,39,0.007461258848287737
2011-08-10 13:55:00,5640,142491,107689338,6143817,322.16674396968085,25.26436170212766,19093.854255319147,413.0,89567.0,84014986.0,4269.0,-13.676759956471813,41,0.007269503546099291
2011-08-10 13:55:30,5875,54558,18862345,5258593,341.82841128510637,9.286468085106383,3210.611914893617,235.0,-87933.0,-88826993.0,-885224.0,19.661667315425518,17,0.0028936170212765957
2011-08-10 13:56:00,5578,110356,78279385,4506037,320.0636332778774,19.784152025815704,14033.593581929006,-297.0,55798.0,59417040.0,-752556.0,-21.764778007228983,19,0.0034062387952671206
2011-08-10 13:56:30,5235,63467,36091141,3149405,335.8116975866285,12.123591212989494,6894.20076408787,-343.0,-46889.0,-42188244.0,-1356632.0,15.748064308751111,18,0.0034383954154727794
2011-08-10 13:57:00,5040,140498,117230739,6408668,348.23341968015876,27.876587301587303,23260.067261904762,-195.0,77031.0,81139598.0,3259263.0,12.421722093530263,25,0.00496031746031746
2011-08-10 13:57:30,4995,71265,30141163,4754150,355.41836725985985,14.267267267267266,6034.266866866867,-45.0,-69233.0,-87089576.0,-1654518.0,7.184947579701088,22,0.004404404404404405
2011-08-10 13:58:00,5064,46660,18934468,4904690,340.2352368366904,9.214060031595576,3739.0339652448656,69.0,-24605.0,-11206695.0,150540.0,-15.183130423169473,21,0.004146919431279621
2011-08-10 13:58:30,4629,59971,33900622,2977928,352.04438778245844,12.95549794772089,7323.530352127889,-435.0,13311.0,14966154.0,-1926762.0,11.809150945768067,21,0.004536616979909268
2011-08-10 13:59:00,4962,50536,18550919,2672808,314.1751013835147,10.18460298266828,3738.5971382507055,333.0,-9435.0,-15349703.0,-305120.0,-37.86928639894376,20,0.004030632809351068
2011-08-10 13:59:30,4583,60090,33242927,3212251,393.63233971590665,13.111499018110408,7253.52978398429,-379.0,9554.0,14692008.0,539443.0,79.45723833239197,24,0.005236744490508401
2011-08-10 14:00:00,3901,51597,27698259,4700205,421.9284401884132,13.226608561907204,7100.297103306844,-682.0,-8493.0,-5544668.0,1487954.0,28.296100472506566,28,0.007177646757241733
2011-08-10 14:00:30,3436,38588,18460640,2256175,580.3823433518627,11.230500582072176,5372.712456344587,-465.0,-13009.0,-9237619.0,-2444030.0,158.45390316344947,24,0.006984866123399301
2011-08-10 14:01:00,4068,567773,550858193,453704998,484.4983177064897,139.57055063913472,135412.53515240905,632.0,529185.0,532397553.0,451448823.0,-95.88402564537301,24,0.0058997050147492625
2011-08-10 14:01:30,3276,35734,13684417,2821292,556.0306424532968,10.907814407814408,4177.172466422467,-792.0,-532039.0,-537173776.0,-450883706.0,71.53232474680709,22,0.006715506715506716
2011-08-10 14:02:00,3479,67018,45869875,19832318,539.0346239836159,19.263581488933603,13184.78729519977,203.0,31284.0,32185458.0,17011026.0,-16.99601846968085,22,0.006323656223052601
2011-08-10 14:02:30,3764,39348,16548459,3294958,563.8753070496812,10.453772582359193,4396.508767268863,285.0,-27670.0,-29321416.0,-16537360.0,24.840683066065253,21,0.005579171094580234
2011-08-10 14:03:00,3679,68171,66728563,2127396,473.65257225088334,18.529763522696385,18137.690405001358,-85.0,28823.0,50180104.0,-1167562.0,-90.22273479879783,20,0.005436259853220984
2011-08-10 14:03:30,3546,34659,15677770,2530463,495.43720923829665,9.774111675126903,4421.254935138184,-133.0,-33512.0,-51050793.0,403067.0,21.784636987413307,15,0.004230118443316413
2011-08-10 14:04:00,3217,56589,37224774,2565118,545.2520900500466,17.590612371774945,11571.269505750699,-329.0,21930.0,21547004.0,34655.0,49.81488081174996,22,0.006838669567920423
2011-08-10 14:04:30,3525,27227,9910048,2008032,535.6925207821276,7.723971631205674,2811.361134751773,308.0,-29362.0,-27314726.0,-557086.0,-9.55956926791896,15,0.00425531914893617
2011-08-10 14:05:00,4085,44984,23595027,2811375,435.51744597184825,11.011995104039167,5776.016401468788,560.0,17757.0,13684979.0,803343.0,-100.1750748102794,20,0.004895960832313341
2011-08-10 14:05:30,3772,122950,101778741,4433192,475.44373712751855,32.59544008483563,26982.699098621422,-313.0,77966.0,78183714.0,1621817.0,39.9262911556703,21,0.005567338282078473
2011-08-10 14:06:00,3830,143187,61383722,9670565,434.0684580524804,37.38563968668407,16027.081462140992,58.0,20237.0,-40395019.0,5237373.0,-41.37527907503812,18,0.004699738903394256
2011-08-10 14:06:30,3961,83319,64432987,13618093,403.788934881848,21.03483968694774,16266.848523100227,131.0,-59868.0,3049265.0,3947528.0,-30.279523170632444,21,0.0053016914920474625
2011-08-10 14:07:00,4225,67017,32814024,16954645,429.7526848243787,15.862011834319526,7766.632899408284,264.0,-16302.0,-31618963.0,3336552.0,25.96374994253074,14,0.0033136094674556214
2011-08-10 14:07:30,3999,60044,38871244,4138788,484.52418336909227,15.014753688422106,9720.241060265067,-226.0,-6973.0,6057220.0,-12815857.0,54.77149854471355,24,0.006001500375093774
2011-08-10 14:08:00,3540,50154,27048955,2683065,517.9637521567796,14.167796610169491,7640.947740112994,-459.0,-9890.0,-11822289.0,-1455723.0,33.439568787687335,20,0.005649717514124294
2011-08-10 14:08:30,3544,46474,28243938,2447101,511.2628653033296,13.113431151241535,7969.508465011287,4.0,-3680.0,1194983.0,-235964.0,-6.700886853450015,23,0.006489841986455982
2011-08-10 14:09:00,3345,389922,343246022,13938408,496.4440659859492,116.56860986547085,102614.6553064275,-199.0,343448.0,315002084.0,11491307.0,-14.81879931738041,21,0.006278026905829596
2011-08-10 14:09:30,3270,40296,19908516,3716887,503.02239042568806,12.322935779816513,6088.231192660551,-75.0,-349626.0,-323337506.0,-10221521.0,6.5783244397388785,18,0.005504587155963303
2011-08-10 14:10:00,2846,51795,33323675,14633435,556.4838142312017,18.199226985242447,11708.951159522136,-424.0,11499.0,13415159.0,10916548.0,53.46142380551362,22,0.007730147575544624
2011-08-10 14:10:30,3163,65010,39844164,19037507,569.6605356866899,20.553272209927286,12596.953525134366,317.0,13215.0,6520489.0,4404072.0,13.176721455488178,17,0.005374644325007904
2011-08-10 14:11:00,3482,39081,19552290,6582904,494.36794654451467,11.223721998851236,5615.246984491671,319.0,-25929.0,-20291874.0,-12454603.0,-75.29258914217519,34,0.009764503159103963
2011-08-10 14:11:30,3485,38073,13413855,2817271,522.5111945784791,10.924820659971306,3849.025824964132,3.0,-1008.0,-6138435.0,-3765633.0,28.143248033964483,21,0.006025824964131995
2011-08-10 14:12:00,3698,34032,13662441,2532470,484.3013495970795,9.202812330989724,3694.5486749594374,213.0,-4041.0,248586.0,-284801.0,-38.20984498139967,19,0.005137912385073012
2011-08-10 14:12:30,3134,40311,20088562,4899966,526.3320001177409,12.862476068921506,6409.879387364391,-564.0,6279.0,6426121.0,2367496.0,42.030650520661425,21,0.006700701978302489
2011-08-10 14:13:00,4247,48479,25404228,3291001,407.0279795304921,11.414881092535907,5981.687779609136,1113.0,8168.0,5315666.0,-1608965.0,-119.30402058724883,14,0.0032964445490934777
2011-08-10 14:13:30,3272,97194,87704877,2955341,474.5987304290954,29.704767726161368,26804.66900977995,-975.0,48715.0,62300649.0,-335660.0,67.57075089860331,23,0.007029339853300734
2011-08-10 14:14:00,2923,42747,30856472,1869933,565.017401440301,14.624358535750941,10556.439274717755,-349.0,-54447.0,-56848405.0,-1085408.0,90.41867101120562,19,0.006500171057133082
2011-08-10 14:14:30,3080,39639,19750012,2230133,499.68763682337664,12.869805194805195,6412.341558441559,157.0,-3108.0,-11106460.0,360200.0,-65.32976461692436,22,0.007142857142857143
2011-08-10 14:15:00,3597,71058,59556109,3432196,449.32260508062274,19.754795663052544,16557.161245482348,517.0,31419.0,39806097.0,1202063.0,-50.3650317427539,17,0.004726160689463442
2011-08-10 14:15:30,3462,59881,29754466,3453170,521.113463799249,17.296649335644137,8594.58867706528,-135.0,-11177.0,-29801643.0,20974.0,71.79085871862623,24,0.006932409012131715
2011-08-10 14:16:00,3934,47336,24006010,4307577,451.75000901042193,12.032536858159634,6102.188612099644,472.0,-12545.0,-5748456.0,854407.0,-69.36345478882703,22,0.005592272496187087
2011-08-10 14:16:30,3841,53170,32895688,3573249,426.9681993407967,13.842749284040615,8564.355115855245,-93.0,5834.0,8889678.0,-734328.0,-24.78180966962526,16,0.004165581879718824
2011-08-10 14:17:00,3633,33353,13560804,2335448,433.3501222202037,9.18056702449766,3732.67382328654,-208.0,-19817.0,-19334884.0,-1237801.0,6.381922879407,22,0.006055601431323975
2011-08-10 14:17:30,3226,31381,10585517,2452376,585.6071943750775,9.727526348419095,3281.3133911965283,-407.0,-1972.0,-2975287.0,116928.0,152.2570721548738,19,0.005889646621202728
2011-08-10 14:18:00,3098,45635,26542677,2525862,533.0163030903809,14.73047127178825,8567.681407359587,-128.0,14254.0,15957160.0,73486.0,-52.59089128469657,23,0.007424144609425436
2011-08-10 14:18:30,3555,135947,104945476,22277089,483.11535686722925,38.24106891701828,29520.52770745429,457.0,90312.0,78402799.0,19751227.0,-49.900946223151664,18,0.005063291139240506
2011-08-10 14:19:00,3619,34255,14675322,2409173,450.24827378364193,9.465321912130422,4055.0765404807958,64.0,-101692.0,-90270154.0,-19867916.0,-32.86708308358732,21,0.005802707930367505
2011-08-10 14:19:30,3637,456567,523516403,12744745,445.7311437316469,125.53395655760242,143941.82100632388,18.0,422312.0,508841081.0,10335572.0,-4.517130051995025,22,0.006048941435248831
2011-08-10 14:20:00,3425,164149,110172329,7110952,525.3079308563504,47.926715328467154,32167.103357664233,-212.0,-292418.0,-413344074.0,-5633793.0,79.57678712470346,18,0.005255474452554744
2011-08-10 14:20:30,3305,42910,16764317,3214174,544.4134444357035,12.983358547655069,5072.410590015129,-120.0,-121239.0,-93408012.0,-3896778.0,19.1055135793531,20,0.006051437216338881
2011-08-10 14:21:00,3633,35373,12839536,2655262,517.871970550234,9.736581337737407,3534.1414808698046,328.0,-7537.0,-3924781.0,-558912.0,-26.541473885469486,17,0.004679328378750344
2011-08-10 14:21:30,3562,44261,27201221,2681461,492.6970690853453,12.42588433464346,7636.502245929253,-71.0,8888.0,14361685.0,26199.0,-25.174901464888706,25,0.007018528916339135
2011-08-10 14:22:00,3780,70243,47679835,3485334,471.74730694497356,18.582804232804232,12613.712962962964,218.0,25982.0,20478614.0,803873.0,-20.949762140371718,18,0.004761904761904762
2011-08-10 14:22:30,3751,139305,134902068,4585870,518.1723545385231,37.13809650759797,35964.294321514266,-29.0,69062.0,87222233.0,1100536.0,46.42504759354955,26,0.00693148493735004
2011-08-10 14:23:00,3291,423480,426893410,10358978,614.0911749398359,128.6782133090246,129715.40869036767,-460.0,284175.0,291991342.0,5773108.0,95.91882040131281,20,0.006077180188392586
2011-08-10 14:23:30,3967,131492,111938862,87379208,465.95317937988403,33.14645828081674,28217.50995714646,676.0,-291988.0,-314954548.0,77020230.0,-148.1379955599519,19,0.004789513486261659
2011-08-10 14:24:00,3796,130516,100533535,82876379,493.27629730716546,34.382507903055846,26484.07139093783,-171.0,-976.0,-11405327.0,-4502829.0,27.32311792728143,25,0.006585879873551107
2011-08-10 14:24:30,3630,94011,78271161,4103022,473.57498863829204,25.898347107438017,21562.303305785124,-166.0,-36505.0,-22262374.0,-78773357.0,-19.701308668873423,24,0.006611570247933884
2011-08-10 14:25:00,3487,33076,14089031,2168245,493.0324844118153,9.485517636937196,4040.4447949526816,-143.0,-60935.0,-64182130.0,-1934777.0,19.45749577352325,28,0.00802982506452538
2011-08-10 14:25:30,3423,49794,29799880,2951541,502.40920656763075,14.546888694127958,8705.778556821502,-64.0,16718.0,15710849.0,783296.0,9.376722155815457,23,0.006719252118025124
2011-08-10 14:26:00,3575,28473,10688399,2444972,499.15937487188813,7.9644755244755245,2989.761958041958,152.0,-21321.0,-19111481.0,-506569.0,-3.249831695742614,33,0.009230769230769232
2011-08-10 14:26:30,3844,40456,18366731,2845160,484.63435047710715,10.52445369406868,4778.025754422477,269.0,11983.0,7678332.0,400188.0,-14.525024394780985,18,0.004682622268470343
2011-08-10 14:27:00,3576,45828,26007162,2546726,485.0460191202461,12.815436241610739,7272.696308724832,-268.0,5372.0,7640431.0,-298434.0,0.4116686431389667,18,0.0050335570469798654
2011-08-10 14:27:30,3479,67468,40121512,6127730,483.227464413912,19.39292900258695,11532.484047139982,-97.0,21640.0,14114350.0,3581004.0,-1.8185547063341119,26,0.0074734118999712565
2011-08-10 14:28:00,3276,40638,25874987,5288269,514.8402458415751,12.404761904761905,7898.3476800976805,-203.0,-26830.0,-14246525.0,-839461.0,31.612781427663094,16,0.004884004884004884
2011-08-10 14:28:30,3733,38313,16041654,7533728,474.0974940471471,10.263327082775248,4297.255290650951,457.0,-2325.0,-9833333.0,2245459.0,-40.74275179442799,25,0.00669702652022502
2011-08-10 14:29:00,3713,43779,19069228,2370439,468.986958123889,11.790735254511176,5135.800700242392,-20.0,5466.0,3027574.0,-5163289.0,-5.110535923258112,30,0.008079719903043361
2011-08-10 14:29:30,3317,691338,809373792,16376810,540.9118684416642,208.42267108833283,244007.77570093458,-396.0,647559.0,790304564.0,14006371.0,71.92491031777519,27,0.008139885438649382
2011-08-10 14:30:00,2576,27743,12167032,2311025,666.4770215465838,10.769798136645962,4723.226708074534,-741.0,-663595.0,-797206760.0,-14065785.0,125.56515310491966,23,0.008928571428571428
2011-08-10 14:30:30,3292,25001,9811716,1675039,498.65064506652493,7.594471445929526,2980.472660996355,716.0,-2742.0,-2355316.0,-635986.0,-167.8263764800589,22,0.006682867557715674
2011-08-10 14:31:00,3295,60773,45417665,2543683,462.5409006179059,18.444006069802732,13783.813353566009,3.0,35772.0,35605949.0,868644.0,-36.10974444861904,27,0.00819423368740516
2011-08-10 14:31:30,3393,30871,14334121,1750356,492.66010466165636,9.098437960506926,4224.615679339818,98.0,-29902.0,-31083544.0,-793327.0,30.11920404375047,19,0.005599764220453876
2011-08-10 14:32:00,3358,48518,18964236,2908114,490.14185639755806,14.448481238832638,5647.479452054795,-35.0,17647.0,4630115.0,1157758.0,-2.518248264098304,24,0.00714711137581894
2011-08-10 14:32:30,3580,72435,46812691,16240143,497.18306171256984,20.23324022346369,13076.170670391062,222.0,23917.0,27848455.0,13332029.0,7.04120531501178,23,0.006424581005586592
2011-08-10 14:33:00,4552,47027,22399830,3462276,425.325149094464,10.331063268892795,4920.876537785589,972.0,-25408.0,-24412861.0,-12777867.0,-71.85791261810584,20,0.004393673110720563
2011-08-10 14:33:30,3480,131679,108650250,6826935,469.1274704479885,37.838793103448275,31221.33620689655,-1072.0,84652.0,86250420.0,3364659.0,43.80232135352452,21,0.00603448275862069
2011-08-10 14:34:00,3642,34757,15041203,2645455,491.51268293492586,9.543382756727073,4129.929434376716,162.0,-96922.0,-93609047.0,-4181480.0,22.38521248693735,17,0.004667764964305327
2011-08-10 14:34:30,3326,34443,13520042,2427880,516.1796262426337,10.355682501503308,4064.9555021046303,-316.0,-314.0,-1521161.0,-217575.0,24.666943307707868,30,0.009019843656043296
2011-08-10 14:35:00,3196,58196,44679283,2434098,575.3029878779724,18.2090112640801,13979.750625782228,-130.0,23753.0,31159241.0,6218.0,59.12336163533871,26,0.008135168961201502
2011-08-10 14:35:30,3201,71615,54116905,4218685,521.3064938437988,22.37269603248985,16906.249609497034,5.0,13419.0,9437622.0,1784587.0,-53.99649403417368,21,0.006560449859418931
2011-08-10 14:36:00,3654,740172,523183359,22354203,494.6285173357964,202.56486042692939,143180.9958949097,453.0,668557.0,469066454.0,18135518.0,-26.67797650800236,26,0.0071154898741105635
2011-08-10 14:36:30,3688,45947,25657252,3057136,445.6663947684382,12.45851409978308,6956.955531453363,34.0,-694225.0,-497526107.0,-19297067.0,-48.96212256735822,14,0.003796095444685466
2011-08-10 14:37:00,3898,34654,14485410,2883466,422.9957168501796,8.890200102616726,3716.1133914828115,210.0,-11293.0,-11171842.0,-173670.0,-22.670677918258605,19,0.0048742945100051305
2011-08-10 14:37:30,4015,141844,118096766,80703227,456.16455507447074,35.32851805728518,29413.889414694895,117.0,107190.0,103611356.0,77819761.0,33.168838224291164,18,0.00448318804483188
2011-08-10 14:38:00,3581,53048,27608800,3580541,454.9087361359955,14.81373917900028,7709.801731359956,-434.0,-88796.0,-90487966.0,-77122686.0,-1.2558189384752154,14,0.003909522479754258
2011-08-10 14:38:30,3630,669138,784216295,10223087,517.8268671449035,184.33553719008265,216037.54683195593,49.0,616090.0,756607495.0,6642546.0,62.918131008908006,18,0.0049586776859504135
2011-08-10 14:39:00,3432,44496,25482166,5267121,515.8049828088579,12.965034965034965,7424.873543123543,-198.0,-624642.0,-758734129.0,-4955966.0,-2.021884336045673,17,0.004953379953379953
2011-08-10 14:39:30,3043,30317,13371820,1860311,520.5007951666119,9.96286559316464,4394.28853105488,-389.0,-14179.0,-12110346.0,-3406810.0,4.695812357753994,23,0.007558330594807755
2011-08-10 14:40:00,3848,35269,13519849,2536692,385.2242346595634,9.16554054054054,3513.4742723492723,805.0,4952.0,148029.0,676381.0,-135.27656050704843,26,0.006756756756756757
2011-08-10 14:40:30,3783,28523,9754575,2279483,444.50158731139305,7.5397832408141685,2578.5289452815227,-65.0,-6746.0,-3765274.0,-257209.0,59.27735265182963,17,0.004493787998942638
2011-08-10 14:41:00,3427,61822,44968237,2724573,484.0411357108258,18.039684855558797,13121.749927049897,-356.0,33299.0,35213662.0,445090.0,39.53954839943276,19,0.005544207761890867
2011-08-10 14:41:30,3257,28866,12150280,1815578,578.8725564955481,8.862757138470986,3730.5127417869203,-170.0,-32956.0,-32817957.0,-908995.0,94.8314207847223,20,0.006140620202640466
2011-08-10 14:42:00,3750,46632,24338034,2492773,414.19868821386666,12.4352,6490.1424,493.0,17766.0,12187754.0,677195.0,-164.67386828168145,25,0.006666666666666667
2011-08-10 14:42:30,3578,133344,43827510,6307720,510.7631308468418,37.26774734488541,12249.164337618782,-172.0,86712.0,19489476.0,3814947.0,96.56444263297516,16,0.004471771939631079
2011-08-10 14:43:00,3124,35798,17986992,2044738,505.9212673447503,11.459026888604354,5757.679897567222,-454.0,-97546.0,-25840518.0,-4262982.0,-4.841863502091542,18,0.005761843790012804
2011-08-10 14:43:30,3371,58800,45216956,5042164,472.58599728656185,17.442895283298725,13413.514090774252,247.0,23002.0,27229964.0,2997426.0,-33.33527005818843,23,0.006822901216256304
2011-08-10 14:44:00,3712,223234,188681386,173948307,445.4921920660022,60.138469827586206,50830.114762931036,341.0,164434.0,143464430.0,168906143.0,-27.09380522055966,23,0.006196120689655173
2011-08-10 14:44:30,2822,30718,17077044,2488865,529.9852155917789,10.885187810063785,6051.3975903614455,-890.0,-192516.0,-171604342.0,-171459442.0,84.49302352577672,18,0.0063784549964564135
2011-08-10 14:45:00,3329,89386,70604903,3270998,513.5647752919796,26.850705917693002,21209.04265545209,507.0,58668.0,53527859.0,782133.0,-16.42044029979934,20,0.006007810153199159
2011-08-10 14:45:30,3069,35635,19753992,8190705,571.9377987380254,11.61127403062887,6436.621700879766,-260.0,-53751.0,-50850911.0,4919707.0,58.37302344604586,30,0.009775171065493646
2011-08-10 14:46:00,3320,31129,14756077,2001989,518.1155045825301,9.376204819277108,4444.601506024096,251.0,-4506.0,-4997915.0,-6188716.0,-53.82229415549534,16,0.004819277108433735
2011-08-10 14:46:30,3671,269843,233419132,56358320,499.5535633685644,73.50667393080904,63584.61781530918,351.0,238714.0,218663055.0,54356331.0,-18.561941213965667,19,0.005175701443748297
2011-08-10 14:47:00,2940,162882,39062055,24905768,552.2322524986395,55.40204081632653,13286.413265306122,-731.0,-106961.0,-194357077.0,-31452552.0,52.67868913007504,24,0.00816326530612245
2011-08-10 14:47:30,3323,85569,30678861,6164130,564.525243829973,25.750526632560938,9232.278362925068,383.0,-77313.0,-8383194.0,-18741638.0,12.292991331333496,17,0.00511585916340656
2011-08-10 14:48:00,3667,55747,14264805,4354069,491.5008838041996,15.202345241341696,3890.0477229342787,344.0,-29822.0,-16414056.0,-1810061.0,-73.02436002577338,18,0.004908644668666485
2011-08-10 14:48:30,3464,697675,787830954,12420689,525.3698407846421,201.40733256351038,227433.87817551964,-203.0,641928.0,773566149.0,8066620.0,33.868956980442476,23,0.0066397228637413395
2011-08-10 14:49:00,3893,98825,56292130,8349246,516.9858200105317,25.385306961212432,14459.833033650142,429.0,-598850.0,-731538824.0,-4071443.0,-8.384020774110354,25,0.006421782686873876
2011-08-10 14:49:30,3063,140588,147497668,3499404,579.9459407939928,45.89879203395364,48154.64185439112,-830.0,41763.0,91205538.0,-4849842.0,62.96012078346109,22,0.007182500816193275
2011-08-10 14:50:00,3537,54813,18993150,4474898,536.3418471772688,15.497031382527565,5369.847328244275,474.0,-85775.0,-128504518.0,975494.0,-43.60409361672396,22,0.006219960418433701
2011-08-10 14:50:30,3632,50122,19866760,3156963,501.83824474669603,13.80011013215859,5469.922907488987,95.0,-4691.0,873610.0,-1317935.0,-34.50360243057281,17,0.004680616740088106
2011-08-10 14:51:00,3577,62451,27408210,16631647,530.3389168434442,17.459043891529216,7662.345540956108,-55.0,12329.0,7541450.0,13474684.0,28.500672096748133,22,0.0061504053676265024
2011-08-10 14:51:30,3910,66040,33210373,3813851,524.3373132245524,16.89002557544757,8493.701534526854,333.0,3589.0,5802163.0,-12817796.0,-6.00160361889175,21,0.005370843989769821
2011-08-10 14:52:00,3823,66542,27973146,3826565,488.80154046429504,17.405702328014648,7317.066701543291,-87.0,502.0,-5237227.0,12714.0,-35.53577276025737,15,0.003923620193565263
2011-08-10 14:52:30,3259,36698,14819516,3016890,527.2764079027309,11.260509358698988,4547.25866830316,-564.0,-29844.0,-13153630.0,-809675.0,38.47486743843581,18,0.005523166615526235
2011-08-10 14:53:00,4278,251246,218407433,130459035,470.9729204266012,58.729780271154745,51053.63090229079,1019.0,214548.0,203587917.0,127442145.0,-56.303487476129646,16,0.0037400654511453952
2011-08-10 14:53:30,3497,35527,12770984,2108775,507.29996171146695,10.159279382327709,3651.982842436374,-781.0,-215719.0,-205636449.0,-128350260.0,36.32704128486574,22,0.0062911066628538745
2011-08-10 14:54:00,3823,67531,41712196,10006732,433.0033451334031,17.664399686110386,10910.854302903479,326.0,32004.0,28941212.0,7897957.0,-74.29661657806383,29,0.0075856657075595085
2011-08-10 14:54:30,3768,44349,16921532,3899329,442.8486133447452,11.769904458598726,4490.852441613588,-55.0,-23182.0,-24790664.0,-6107403.0,9.845268211342102,20,0.005307855626326964
2011-08-10 14:55:00,3590,86460,75251103,3030249,469.7623302027855,24.08356545961003,20961.310027855154,-178.0,42111.0,58329571.0,-869080.0,26.91371685804029,22,0.006128133704735376
2011-08-10 14:55:30,3820,43098,18781878,4042457,471.13432384267014,11.28219895287958,4916.721989528796,230.0,-43362.0,-56469225.0,1012208.0,1.3719936398846357,22,0.005759162303664921
2011-08-10 14:56:00,3700,45177,28877897,2518796,521.2659242867568,12.21,7804.837027027027,-120.0,2079.0,10096019.0,-1523661.0,50.131600444086644,22,0.005945945945945946
2011-08-10 14:56:30,3778,35606,16263147,2402112,481.9633043369508,9.424563260984648,4304.697458973002,78.0,-9571.0,-12614750.0,-116684.0,-39.302619949806,14,0.0037056643726839597
2011-08-10 14:57:00,3483,55069,38945412,2863684,489.31308872839503,15.810795291415447,11181.571059431524,-295.0,19463.0,22682265.0,461572.0,7.349784391444246,22,0.006316393913293138
2011-08-10 14:57:30,3524,52753,28443729,3404321,482.14035607945516,14.969636776390466,8071.432746878547,41.0,-2316.0,-10501683.0,540637.0,-7.172732648939871,17,0.004824063564131668
2011-08-10 14:58:00,3784,40870,19062673,2840127,450.7148695874736,10.800739957716702,5037.704281183932,260.0,-11883.0,-9381056.0,-564194.0,-31.425486491981587,22,0.005813953488372093
2011-08-10 14:58:30,3422,33905,14850976,2016154,502.0654642574518,9.907948568088838,4339.852717708942,-362.0,-6965.0,-4211697.0,-823973.0,51.35059466997825,22,0.006428988895382817
2011-08-10 14:59:00,4026,36694,9773866,2750167,421.41976797218086,9.114257327372082,2427.68653750621,604.0,2789.0,-5077110.0,734013.0,-80.64569628527096,15,0.0037257824143070045
2011-08-10 14:59:30,3771,51343,22844119,3044325,443.4839197931583,13.615221426677273,6057.841156191991,-255.0,14649.0,13070253.0,294158.0,22.06415182097743,20,0.005303632988597189
2011-08-10 15:00:00,5916,49113,23512629,2566013,274.6666336046315,8.301724137931034,3974.4132860040568,2145.0,-2230.0,668510.0,-478312.0,-168.8172861885268,21,0.0035496957403651115
2011-08-10 15:00:30,3294,44184,20884514,2828075,548.3155032361869,13.413479052823314,6340.16818457802,-2622.0,-4929.0,-2628115.0,262062.0,273.64886963155544,25,0.007589556769884639
2011-08-10 15:01:00,3897,53979,31131517,2991463,365.82482398255064,13.851424172440339,7988.585322042597,603.0,9795.0,10247003.0,163388.0,-182.4906792536363,15,0.003849114703618168
2011-08-10 15:01:30,3514,58404,34548549,6274612,474.160160511383,16.620375640295958,9831.687250996016,-383.0,4425.0,3417032.0,3283149.0,108.33533652883239,18,0.005122367672168469
2011-08-10 15:02:00,3418,79781,58557670,17214494,419.2762994607958,23.341427735517847,17132.144528964305,-96.0,21377.0,24009121.0,10939882.0,-54.8838610505872,25,0.007314218841427736
2011-08-10 15:02:30,4094,365961,68472248,19776572,416.5818043065462,89.38959452857841,16725.02393746947,676.0,286180.0,9914578.0,2562078.0,-2.694495154249637,18,0.004396678065461651
2011-08-10 15:03:00,3805,157245,130665419,10548349,344.7847316898817,41.32588699080158,34340.4517739816,-289.0,-208716.0,62193171.0,-9228223.0,-71.79707261666448,27,0.00709592641261498
2011-08-10 15:03:30,3626,94316,70815602,3888269,385.66836225317155,26.011031439602867,19529.95091009377,-179.0,-62929.0,-59849817.0,-6660080.0,40.88363056328984,18,0.004964147821290678
2011-08-10 15:04:00,3984,599688,573765515,127775541,329.12579371812245,150.52409638554218,144017.4485441767,358.0,505372.0,502949913.0,123887272.0,-56.5425685350491,25,0.006275100401606426
2011-08-10 15:04:30,4257,49186,18657512,4344452,281.73877246699556,11.554146112285647,4382.784120272492,273.0,-550502.0,-555108003.0,-123431089.0,-47.387021251126896,17,0.003993422598073761
2011-08-10 15:05:00,3956,47658,28945854,2409208,299.5367845958038,12.04701718907988,7316.949949443882,-301.0,-1528.0,10288342.0,-1935244.0,17.79801212880824,34,0.008594539939332659
2011-08-10 15:05:30,3869,41873,21185344,4726224,353.60023257741017,10.822693202377875,5475.663995864565,-87.0,-5785.0,-7760510.0,2317016.0,54.06344798160637,28,0.00723701214784182
2011-08-10 15:06:00,4150,51636,31410660,4903026,299.63119313807226,12.442409638554217,7568.833734939759,281.0,9763.0,10225316.0,176802.0,-53.969039439337905,19,0.0045783132530120485
2011-08-10 15:06:30,3641,127023,102784379,91002475,321.57387094918977,34.88684427355122,28229.711343037627,-509.0,75387.0,71373719.0,86099449.0,21.942677811117505,41,0.011260642680582258
2011-08-10 15:07:00,3328,237926,225788224,9874373,345.6806525594952,71.4921875,67845.01923076923,-313.0,110903.0,123003845.0,-81128102.0,24.106781610305404,24,0.007211538461538462
2011-08-10 15:07:30,3475,57990,35347104,8560796,355.02675810676254,16.687769784172662,10171.828489208634,147.0,-179936.0,-190441120.0,-1313577.0,9.34610554726737,27,0.00776978417266187
2011-08-10 15:08:00,3529,179300,162542439,6973101,354.99885333153867,50.80759421932559,46059.06460753755,54.0,121310.0,127195335.0,-1587695.0,-0.027904775223873912,62,0.017568716350240862
2011-08-10 15:08:30,3986,103296,77442138,3962149,288.0552037972905,25.914701455092825,19428.534370296034,457.0,-76004.0,-85100301.0,-3010952.0,-66.94364953424815,27,0.006773707977922729
2011-08-10 15:09:00,3679,151919,109211885,19053915,323.2545553199239,41.29355803207393,29685.20929600435,-307.0,48623.0,31769747.0,15091766.0,35.19935152263338,27,0.0073389508018483285
2011-08-10 15:09:30,3427,37912,15962221,2749504,316.1135435596732,11.062737087831923,4657.782608695652,-252.0,-114007.0,-93249664.0,-16304411.0,-7.141011760250706,31,0.00904581266413773
2011-08-10 15:10:00,3669,27537,10408533,1649294,303.7291674859635,7.505314799672935,2836.8855273916597,242.0,-10375.0,-5553688.0,-1100210.0,-12.384376073709689,35,0.009539384028345598
2011-08-10 15:10:30,4064,54750,36651028,2708627,286.1494361783957,13.471948818897637,9018.461614173228,395.0,27213.0,26242495.0,1059333.0,-17.579731307567783,45,0.01107283464566929
2011-08-10 15:11:00,3959,66066,52862747,42332059,288.7641888292498,16.687547360444558,13352.550391513008,-105.0,11316.0,16211719.0,39623432.0,2.6147526508540864,54,0.013639808032331396
2011-08-10 15:11:30,3901,303144,261522486,132232502,303.87845124404,77.70930530633171,67039.85798513202,-58.0,237078.0,208659739.0,89900443.0,15.114262414790176,27,0.006921302230197385
2011-08-10 15:12:00,3676,74537,49009815,13179555,287.36163739662675,20.276659412404786,13332.376224156693,-225.0,-228607.0,-212512671.0,-119052947.0,-16.516813847413232,30,0.008161044613710556
2011-08-10 15:12:30,3599,101013,87558616,15614848,290.7537161739372,28.066963045290358,24328.59572103362,-77.0,26476.0,38548801.0,2435293.0,3.3920787773104735,46,0.012781328146707419
2011-08-10 15:13:00,3529,30590,14270651,8355574,251.9461221720034,8.668177954094645,4043.822896004534,-70.0,-70423.0,-73287965.0,-7259274.0,-38.80759400193381,29,0.00821762538962879
2011-08-10 15:13:30,3642,41707,23344747,2488703,223.00287723036794,11.451674903898956,6409.8701263042285,113.0,11117.0,9074096.0,-5866871.0,-28.94324494163547,24,0.006589785831960461
2011-08-10 15:14:00,3330,63094,42176826,2915391,232.24012636906906,18.94714714714715,12665.713513513514,-312.0,21387.0,18832079.0,426688.0,9.237249138701117,49,0.014714714714714715
2011-08-10 15:14:30,3442,25460,8921552,1725685,242.01262051888438,7.396862289366648,2591.967460778617,112.0,-37634.0,-33255274.0,-1189706.0,9.772494149815316,27,0.007844276583381755
2011-08-10 15:15:00,3785,31429,14108751,3573233,207.13389327371203,8.303566710700132,3727.5431968295907,343.0,5969.0,5187199.0,1847548.0,-34.87872724517234,42,0.011096433289299868
2011-08-10 15:15:30,3861,44853,14517428,2888405,217.2297183926444,11.616938616938617,3760.017612017612,76.0,13424.0,408677.0,-684828.0,10.095825118932368,51,0.01320901320901321
2011-08-10 15:16:00,3607,178459,146799801,8894010,253.42337894094814,49.47574161352925,40698.586359855835,-254.0,133606.0,132282373.0,6005605.0,36.19366054830374,38,0.010535070695869144
2011-08-10 15:16:30,3990,31769,11282291,2039411,232.7058640426065,7.962155388471178,2827.6418546365917,383.0,-146690.0,-135517510.0,-6854599.0,-20.717514898341648,57,0.014285714285714285
2011-08-10 15:17:00,3752,85204,71837902,22475657,197.04741525533046,22.708955223880597,19146.56236673774,-238.0,53435.0,60555611.0,20436246.0,-35.65844878727603,51,0.013592750533049041
2011-08-10 15:17:30,3769,47127,23219218,5942441,221.3037738291324,12.503847174316794,6160.577872114619,17.0,-38077.0,-48618684.0,-16533216.0,24.256358573801947,27,0.00716370390023879
2011-08-10 15:18:00,4214,34136,13328487,2830072,172.84267695348836,8.10061699098244,3162.906264831514,445.0,-12991.0,-9890731.0,-3112369.0,-48.461096875644046,33,0.007831039392501186
2011-08-10 15:18:30,3879,81594,55471669,5038130,169.91955947151325,21.034802784222737,14300.507605052848,-335.0,47458.0,42143182.0,2208058.0,-2.923117481975112,39,0.010054137664346482
2011-08-10 15:19:00,3758,52389,32072341,3357472,172.77885961282598,13.940659925492284,8534.417509313465,-121.0,-29205.0,-23399328.0,-1680658.0,2.8593001413127297,23,0.0061202767429483764
2011-08-10 15:19:30,3934,267919,254028840,8345007,165.70253314844942,68.10345704117947,64572.65887137773,176.0,215530.0,221956499.0,4987535.0,-7.076326464376564,20,0.005083884087442806
2011-08-10 15:20:00,3761,40288,20975894,2214017,178.04773449401756,10.712044668971018,5577.211911725605,-173.0,-227631.0,-233052946.0,-6130990.0,12.345201345568142,21,0.005583621377293273
2011-08-10 15:20:30,3981,52412,33043155,4033695,152.07192947952777,13.16553629741271,8300.214770158253,220.0,12124.0,12067261.0,1819678.0,-25.975805014489794,31,0.007786988193921126
2011-08-10 15:21:00,4215,38141,16358439,2770793,141.34807427805455,9.048873072360617,3881.005693950178,234.0,-14271.0,-16684716.0,-1262902.0,-10.723855201473214,28,0.0066429418742586
2011-08-10 15:21:30,3988,34116,17622697,3661506,126.99539547066198,8.554663991975929,4418.931043129388,-227.0,-4025.0,1264258.0,890713.0,-14.352678807392579,59,0.014794383149448346
2011-08-10 15:22:00,3987,98842,71448792,3704236,148.72476555329823,24.791070980687234,17920.43942814146,-1.0,64726.0,53826095.0,42730.0,21.72937008263625,305,0.0764986205166792
2011-08-10 15:22:30,3537,31778,16540997,1859508,158.14706439044386,8.984450098953916,4676.561210065027,-450.0,-67064.0,-54907795.0,-1844728.0,9.422298837145632,124,0.03505795872208086
2011-08-10 15:23:00,3589,80522,64873951,4034280,161.6744512897743,22.435775982167733,18075.773474505433,52.0,48744.0,48332954.0,2174772.0,3.527386899330452,67,0.018668152688771245
2011-08-10 15:23:30,3426,38597,19541189,9122689,146.2641865259778,11.26590776415645,5703.791301809691,-163.0,-41925.0,-45332762.0,5088409.0,-15.410264763796505,47,0.013718622300058377
2011-08-10 15:24:00,3958,63514,48737311,5707909,127.91892507832239,16.046993431025772,12313.620768064678,532.0,24917.0,29196122.0,-3414780.0,-18.345261447655417,381,0.09626073774633653
2011-08-10 15:24:30,3530,100677,89598652,38153124,123.747920105949,28.52039660056657,25382.054390934845,-428.0,37163.0,40861341.0,32445215.0,-4.171004972373382,86,0.024362606232294616
2011-08-10 15:25:00,4172,28802,8727615,1906799,111.5332660457814,6.9036433365292424,2091.9499041227227,642.0,-71875.0,-80871037.0,-36246325.0,-12.214654060167604,263,0.06303930968360498
2011-08-10 15:25:30,3361,34235,16224065,2523268,127.07930022106517,10.185956560547456,4827.154120797381,-811.0,5433.0,7496450.0,616469.0,15.546034175283765,58,0.017256768818803926
2011-08-10 15:26:00,4087,28339,10124449,4690352,104.82433792390506,6.933936873011989,2477.2324443356983,726.0,-5896.0,-6099616.0,2167084.0,-22.254962297160105,491,0.1201370198189381
2011-08-10 15:26:30,3817,29920,12455078,2051971,104.38604398794864,7.838616714697406,3263.0542310715223,-270.0,1581.0,2330629.0,-2638381.0,-0.4382939359564233,122,0.03196227403720199
2011-08-10 15:27:00,4196,45075,21334839,2287153,95.18420889990468,10.742373689227836,5084.566015252622,379.0,15155.0,8879761.0,235182.0,-9.201835088043964,297,0.0707816968541468
2011-08-10 15:27:30,3853,74405,50239132,3650281,101.74679050168699,19.310926550739683,13038.964962366987,-343.0,29330.0,28904293.0,1363128.0,6.562581601782313,104,0.026991954321308072
2011-08-10 15:28:00,3649,23795,8950005,1518547,119.97386181200329,6.520964647848726,2452.7281446971774,-204.0,-50610.0,-41289127.0,-2131734.0,18.227071310316305,285,0.07810359002466429
2011-08-10 15:28:30,3510,26016,8767668,2032102,128.6862676945869,7.411965811965812,2497.911111111111,-139.0,2221.0,-182337.0,513555.0,8.712405882583596,90,0.02564102564102564
2011-08-10 15:29:00,4338,63771,34517234,3788063,95.90600581396957,14.70055325034578,7956.946519133241,828.0,37755.0,25749566.0,1755961.0,-32.78026188061732,367,0.08460119870908253
2011-08-10 15:29:30,4597,596992,590901304,19618973,100.89397122297152,129.86556449858602,128540.63606700022,259.0,533221.0,556384070.0,15830910.0,4.987965409001944,97,0.02110071785947357
2011-08-10 15:30:00,4251,49238,33063090,2874137,89.20867188191015,11.582686426723123,7777.72053634439,-346.0,-547754.0,-557838214.0,-16744836.0,-11.685299341061366,389,0.09150788049870619
2011-08-10 15:30:30,3714,23998,9243664,1837260,102.26080833037157,6.46149703823371,2488.8702207862143,-537.0,-25240.0,-23819426.0,-1036877.0,13.052136448461425,133,0.03581044695745827
2011-08-10 15:31:00,4220,55216,41451359,2329622,65.33981256990522,13.08436018957346,9822.59691943128,506.0,31218.0,32207695.0,492362.0,-36.920995760466354,395,0.09360189573459715
2011-08-10 15:31:30,3709,107148,94141317,3528549,96.93305413103262,28.888649231598812,25381.859530870854,-511.0,51932.0,52689958.0,1198927.0,31.5932415611274,83,0.022377999460771097
2011-08-10 15:32:00,3750,56561,37632846,2377898,90.39530799493333,15.082933333333333,10035.4256,41.0,-50587.0,-56508471.0,-1150651.0,-6.537746136099287,73,0.019466666666666667
2011-08-10 15:32:30,3599,44943,30535529,1941459,93.53700547374271,12.487635454292858,8484.448180050014,-151.0,-11618.0,-7097317.0,-436439.0,3.1416974788093768,104,0.02889691580994721
2011-08-10 15:33:00,3749,85658,21284643,6803968,84.79947194638571,22.84822619365164,5677.418778340891,150.0,40715.0,-9250886.0,4862509.0,-8.737533527357002,85,0.022672712723392906
2011-08-10 15:33:30,3744,36669,20292635,1931896,68.81627010737179,9.794070512820513,5420.041399572649,-5.0,-48989.0,-992008.0,-4872072.0,-15.983201839013915,45,0.01201923076923077
2011-08-10 15:34:00,4157,98025,75347646,17760071,59.34288083738273,23.580707240798652,18125.48616790955,413.0,61356.0,55055011.0,15828175.0,-9.473389269989063,232,0.055809477988934326
2011-08-10 15:34:30,4265,39911,22107325,2262183,52.72332107924971,9.357796014067995,5183.429073856975,108.0,-58114.0,-53240321.0,-15497888.0,-6.619559758133022,32,0.007502930832356389
2011-08-10 15:35:00,3903,86017,68350974,24945940,54.969735683832944,22.03868818857289,17512.419677171405,-362.0,46106.0,46243649.0,22683757.0,2.2464146045832365,32,0.008198821419420958
2011-08-10 15:35:30,3626,80481,67265335,7552917,59.13738778819636,22.19553226696084,18550.837010479867,-277.0,-5536.0,-1085639.0,-17393023.0,4.1676521043634125,147,0.04054054054054054
2011-08-10 15:36:00,3721,433475,365179119,46613241,52.660394867508735,116.49422198333781,98140.04810534802,95.0,352994.0,297913784.0,39060324.0,-6.476992920687621,64,0.01719967750604676
2011-08-10 15:36:30,3831,39269,23431547,3671120,62.64028685199687,10.250326285565126,6116.300443748369,110.0,-394206.0,-341747572.0,-42942121.0,9.979891984488134,49,0.012790394152962672
2011-08-10 15:37:00,3779,46191,31569636,3277912,57.108415922466264,12.223074887536386,8353.965599364912,-52.0,6922.0,8138089.0,-393208.0,-5.531870929530605,51,0.01349563376554644
2011-08-10 15:37:30,3665,24924,10303731,1981500,49.68117919399727,6.800545702592087,2811.3863574351976,-114.0,-21267.0,-21265905.0,-1296412.0,-7.427236728468998,48,0.013096862210095497
2011-08-10 15:38:00,3800,34312,15693727,8638627,54.235586505526314,9.029473684210526,4129.928157894737,135.0,9388.0,5389996.0,6657127.0,4.554407311529047,53,0.013947368421052632
2011-08-10 15:38:30,4036,37462,20789957,2841696,51.46419178245788,9.281962338949455,5151.129088206145,236.0,3150.0,5096230.0,-5796931.0,-2.7713947230684326,44,0.010901883052527254
2011-08-10 15:39:00,3878,37811,18297564,2563662,46.73200395410005,9.750128932439402,4718.299123259412,-158.0,349.0,-2492393.0,-278034.0,-4.73218782835783,44,0.011346054667354307
2011-08-10 15:39:30,3694,142525,127513768,4539979,45.56633590092041,38.58283703302653,34519.1575527883,-184.0,104714.0,109216204.0,1976317.0,-1.165668053179644,46,0.01245262587980509
2011-08-10 15:40:00,3440,31979,15645362,2227117,51.17151040174419,9.296220930232558,4548.070348837209,-254.0,-110546.0,-111868406.0,-2312862.0,5.605174500823786,38,0.011046511627906977
2011-08-10 15:40:30,3521,51986,41316305,2390724,47.04521226412951,14.764555523998864,11734.253053109913,81.0,20007.0,25670943.0,163607.0,-4.126298137614683,39,0.011076398750355012
2011-08-10 15:41:00,3690,35769,17704470,3352930,38.49618112303523,9.69349593495935,4797.959349593496,169.0,-16217.0,-23611835.0,962206.0,-8.549031141094282,45,0.012195121951219513
2011-08-10 15:41:30,3356,27728,16082226,9141971,37.35271180363528,8.262216924910607,4792.081644815256,-334.0,-8041.0,-1622244.0,5789041.0,-1.143469319399948,56,0.0166865315852205
2011-08-10 15:42:00,3490,43481,25620498,5898192,41.285200630372486,12.458739255014327,7341.116905444126,134.0,15753.0,9538272.0,-3243779.0,3.932488826737206,18,0.005157593123209169
2011-08-10 15:42:30,3866,60836,42254923,16471711,37.62286281634765,15.736161407139162,10929.881789963787,376.0,17355.0,16634425.0,10573519.0,-3.6623378140248377,196,0.05069839627521987
2011-08-10 15:43:00,4070,41041,23877004,2528541,31.947743085012284,10.083783783783783,5866.585749385749,204.0,-19795.0,-18377919.0,-13943170.0,-5.675119731335364,65,0.01597051597051597
2011-08-10 15:43:30,4447,55508,37760519,3392082,27.46920130784799,12.482122779401845,8491.23431526872,377.0,14467.0,13883515.0,863541.0,-4.4785417771642955,66,0.014841466156959748
2011-08-10 15:44:00,4389,44025,28216439,2711738,20.53953010503532,10.030758714969242,6428.899293688767,-58.0,-11483.0,-9544080.0,-680344.0,-6.929671202812671,57,0.012987012987012988
2011-08-10 15:44:30,4395,48714,29552586,2918918,18.131333331968147,11.083959044368601,6724.137883959044,6.0,4689.0,1336147.0,207180.0,-2.4081967730671714,69,0.015699658703071672
2011-08-10 15:45:00,4221,38584,23197843,5849149,17.97462687183132,9.140961857379768,5495.816868040749,-174.0,-10130.0,-6354743.0,2930231.0,-0.15670646013682799,59,0.013977730395640844
2011-08-10 15:45:30,4040,30858,14092758,5222747,19.06673546559406,7.6381188118811885,3488.3064356435643,-181.0,-7726.0,-9105085.0,-626402.0,1.0921085937627417,72,0.01782178217821782
2011-08-10 15:46:00,3724,28210,9117710,2167329,17.779970341568205,7.575187969924812,2448.3646616541355,-316.0,-2648.0,-4975048.0,-3055418.0,-1.2867651240258553,49,0.013157894736842105
2011-08-10 15:46:30,3990,61390,42270405,4935714,13.539797410526315,15.385964912280702,10594.086466165414,266.0,33180.0,33152695.0,2768385.0,-4.24017293104189,442,0.11077694235588972
2011-08-10 15:47:00,4327,31538,12003154,4179965,16.306523289577076,7.288652646175179,2774.0129419921423,337.0,-29852.0,-30267251.0,-755749.0,2.7667258790507603,518,0.1197134273168477
2011-08-10 15:47:30,4239,40939,21923695,5711025,15.241546867657467,9.657702288275537,5171.90257136117,-88.0,9401.0,9920541.0,1531060.0,-1.0649764219196083,349,0.0823307383816938
2011-08-10 15:48:00,3743,57477,45182365,2218738,13.832347015762757,15.355864279989314,12071.163505209724,-496.0,16538.0,23258670.0,-3492287.0,-1.4091998518947104,281,0.07507347047822602
2011-08-10 15:48:30,4199,159037,121961101,41532326,16.520438605858537,37.87497023100738,29045.272922124317,456.0,101560.0,76778736.0,39313588.0,2.6880915900957802,283,0.06739699928554417
2011-08-10 15:49:00,3949,45328,26119109,2534602,13.273133549759432,11.478348949101038,6614.1071157255,-250.0,-113709.0,-95841992.0,-38997724.0,-3.247305056099105,0,0.0
2011-08-10 15:49:30,3974,30164,15128147,2209863,15.222930589582283,7.590337191746351,3806.780825364872,25.0,-15164.0,-10990962.0,-324739.0,1.949797039822851,0,0.0
2011-08-10 15:50:00,3662,52187,39257150,2347347,9.978465715182962,14.250955761878755,10720.139268159475,-312.0,22023.0,24129003.0,137484.0,-5.244464874399322,0,0.0
2011-08-10 15:50:30,4323,51702,31952550,9867298,15.024320021512837,11.959750173490631,7391.290770298404,661.0,-485.0,-7304600.0,7519951.0,5.0458543063298755,0,0.0
2011-08-10 15:51:00,3870,100147,76025597,13441180,8.502812621963825,25.877777777777776,19644.857105943152,-453.0,48445.0,44073047.0,3573882.0,-6.521507399549012,0,0.0
2011-08-10 15:51:30,3609,40071,23532170,8600731,7.423219140482128,11.103075644222777,6520.412856747022,-261.0,-60076.0,-52493427.0,-4840449.0,-1.0795934814816972,0,0.0
2011-08-10 15:52:00,3337,23761,14179749,4597596,4.641017041953851,7.120467485765658,4249.250524423134,-272.0,-16310.0,-9352421.0,-4003135.0,-2.782202098528277,0,0.0
2011-08-10 15:52:30,3543,17291,6234755,1108776,3.0718685032458364,4.880327406152977,1759.7389218176686,206.0,-6470.0,-7944994.0,-3488820.0,-1.5691485387080144,0,0.0
2011-08-10 15:53:00,3254,15051,5366270,895392,2.0166843746158576,4.625384142593731,1649.1303011677935,-289.0,-2240.0,-868485.0,-213384.0,-1.0551841286299788,0,0.0
2011-08-10 15:53:30,3318,19268,10059602,1123559,1.1560705940325497,5.807112718505124,3031.8270042194094,64.0,4217.0,4693332.0,228167.0,-0.8606137805833078,0,0.0
2011-08-10 15:54:00,962,3616,1195172,320747,0.1889512422037422,3.758835758835759,1242.3825363825363,-2356.0,-15652.0,-8864430.0,-802812.0,-0.9671193518288075,0,0.0
