Scenario,Timestamp,Flow_Count,Total_Packets,Total_Bytes,Total_Source_Bytes,Avg_Duration,Avg_Packets_Per_Flow,Avg_Bytes_Per_Flow,Flow_Count_Change,Total_Packets_Change,Total_Bytes_Change,Total_Source_Bytes_Change,Avg_Duration_Change,Attack_Flow_Count,Attack_State,Target_Early_Warning
1,2011-08-10 09:46:53.047277,5886,1161975.0,776712271.0,718127093.0,1266.7665442674142,197.41335372069318,131959.27132178048,0.0,0.0,0.0,0.0,0.0,0,0,0
1,2011-08-10 09:47:23.048953,4903,152172.0,35765763.0,10017880.0,1166.9388019749133,31.036508260248826,7294.669182133388,-983.0,-1009803.0,-740946508.0,-708109213.0,-99.82774229250094,0,0,0
1,2011-08-10 09:47:53.059501,4266,79274.0,13815863.0,4975252.0,1218.2295638638068,18.58274730426629,3238.5989217065166,-637.0,-72898.0,-21949900.0,-5042628.0,51.290761888893485,0,0,0
1,2011-08-10 09:48:23.049021,4470,164607.0,135669293.0,5555165.0,1105.6214932843402,36.8248322147651,30351.07225950783,204.0,85333.0,121853430.0,579913.0,-112.60807057946658,0,0,0
1,2011-08-10 09:48:53.047313,4604,59095.0,20018596.0,3962471.0,914.2338071494353,12.835577758470896,4348.087749782798,134.0,-105512.0,-115650697.0,-1592694.0,-191.38768613490492,0,0,0
1,2011-08-10 09:49:23.057275,4646,43867.0,12915485.0,3315361.0,925.4259812557038,9.441885492897116,2779.9149806284977,42.0,-15228.0,-7103111.0,-647110.0,11.192174106268567,0,0,0
1,2011-08-10 09:49:53.101863,4580,79232.0,25792218.0,5368985.0,924.7253501543668,17.29956331877729,5631.48864628821,-66.0,35365.0,12876733.0,2053624.0,-0.7006311013370805,0,0,0
1,2011-08-10 09:50:23.055359,4510,62225.0,25065580.0,4671152.0,868.2276999984479,13.797117516629712,5557.778270509978,-70.0,-17007.0,-726638.0,-697833.0,-56.497650155918905,0,0,0
1,2011-08-10 09:50:53.055934,4566,64239.0,21323228.0,4505121.0,976.27398539159,14.06898817345598,4670.001752080596,56.0,2014.0,-3742352.0,-166031.0,108.04628539314217,0,0,0
1,2011-08-10 09:51:23.058368,4103,54437.0,29524764.0,3305766.0,898.5542061133317,13.26760906653668,7195.896660979771,-463.0,-9802.0,8201536.0,-1199355.0,-77.71977927825833,0,0,0
1,2011-08-10 09:51:53.048034,4803,42403.0,12683222.0,3124137.0,848.10401422132,8.828440557984592,2640.6874869872995,700.0,-12034.0,-16841542.0,-181629.0,-50.45019189201173,0,0,0
1,2011-08-10 09:52:23.053904,4434,172122.0,154824482.0,5710146.0,894.4773929709066,38.81867388362652,34917.56472710871,-369.0,129719.0,142141260.0,2586009.0,46.373378749586664,0,0,0
1,2011-08-10 09:52:53.052430,4426,52538.0,28106918.0,3388677.0,848.5938862568911,11.870311793944872,6350.410754631722,-8.0,-119584.0,-126717564.0,-2321469.0,-45.88350671401554,0,0,0
1,2011-08-10 09:53:23.051106,4284,32978.0,9747108.0,3412966.0,843.7509863765173,7.697945845004669,2275.235294117647,-142.0,-19560.0,-18359810.0,24289.0,-4.842899880373807,0,0,0
1,2011-08-10 09:53:53.048878,4123,36520.0,11294536.0,2613592.0,859.1180261084162,8.85762794081979,2739.3975260732477,-161.0,3542.0,1547428.0,-799374.0,15.367039731898899,0,0,0
1,2011-08-10 09:54:23.053635,4194,1041377.0,880544952.0,28458066.0,872.6207952682403,248.30162136385312,209953.49356223177,71.0,1004857.0,869250416.0,25844474.0,13.502769159824084,0,0,0
1,2011-08-10 09:54:53.071763,4374,49483.0,21812349.0,7355127.0,871.2644932432555,11.312985825331504,4986.819615912208,180.0,-991894.0,-858732603.0,-21102939.0,-1.3563020249847568,0,0,0
1,2011-08-10 09:55:23.062914,4139,59141.0,37271356.0,5138640.0,842.9651159449143,14.288717081420632,9004.918096158492,-235.0,9658.0,15459007.0,-2216487.0,-28.299377298341255,0,0,0
1,2011-08-10 09:55:53.057170,4102,34933.0,9396837.0,2364468.0,790.6241377530472,8.516089712335447,2290.7940029254023,-37.0,-24208.0,-27874519.0,-2774172.0,-52.340978191867066,0,0,0
1,2011-08-10 09:56:23.058122,4391,49424.0,23916944.0,4170867.0,790.7842358802095,11.255750398542473,5446.810293782737,289.0,14491.0,14520107.0,1806399.0,0.16009812716231409,0,0,0
1,2011-08-10 09:56:53.056437,4015,47011.0,25550251.0,2527136.0,797.6461027723536,11.708841843088418,6363.698879202989,-376.0,-2413.0,1633307.0,-1643731.0,6.861866892144121,0,0,0
1,2011-08-10 09:57:23.077300,3452,50465.0,48098765.0,1595241.0,810.3537114956547,14.619061413673233,13933.593568945538,-563.0,3454.0,22548514.0,-931895.0,12.707608723301064,0,0,0
1,2011-08-10 09:57:53.065211,3843,29606.0,10949659.0,1705357.0,712.6617566422067,7.703877179287016,2849.247723132969,391.0,-20859.0,-37149106.0,110116.0,-97.69195485344801,0,0,0
1,2011-08-10 09:58:23.056309,3932,39483.0,18617035.0,2444046.0,656.2131708715666,10.04145473041709,4734.749491353001,89.0,9877.0,7667376.0,738689.0,-56.44858577064008,0,0,0
1,2011-08-10 09:58:53.048704,4409,75640.0,48651231.0,10148730.0,641.5954006461783,17.155817645724653,11034.527330460422,477.0,36157.0,30034196.0,7704684.0,-14.617770225388313,0,0,0
1,2011-08-10 09:59:23.051967,3949,35467.0,14048097.0,4940818.0,782.9332904322613,8.981261078754114,3557.3808559128893,-460.0,-40173.0,-34603134.0,-5207912.0,141.337889786083,0,0,0
1,2011-08-10 09:59:53.073419,4247,32257.0,10817877.0,2284222.0,660.1964444666824,7.595243701436308,2547.1808335295505,298.0,-3210.0,-3230220.0,-2656596.0,-122.73684596557894,0,0,0
1,2011-08-10 10:00:23.074882,4019,26517.0,8223557.0,1837216.0,655.7597314426474,6.597909927842747,2046.1699427718338,-228.0,-5740.0,-2594320.0,-447006.0,-4.43671302403493,0,0,0
1,2011-08-10 10:00:53.047463,3794,44975.0,24353396.0,2938650.0,651.8132172569847,11.854243542435425,6418.92356352135,-225.0,18458.0,16129839.0,1101434.0,-3.9465141856627497,0,0,0
1,2011-08-10 10:01:23.069908,3439,77918.0,61865203.0,2922663.0,792.1368936783949,22.657167781331783,17989.30008723466,-355.0,32943.0,37511807.0,-15987.0,140.32367642141025,0,0,0
1,2011-08-10 10:01:53.061749,3490,27310.0,11424243.0,1511570.0,713.623686865616,7.825214899713467,3273.4220630372492,51.0,-50608.0,-50440960.0,-1411093.0,-78.51320681277889,0,0,0
1,2011-08-10 10:02:23.057812,3742,63641.0,46327443.0,2675260.0,680.5125334981293,17.007215392838056,12380.396312132549,252.0,36331.0,34903200.0,1163690.0,-33.111153367486736,0,0,0
1,2011-08-10 10:02:53.057955,4150,887800.0,815373459.0,23765174.0,650.812504939759,213.9277108433735,196475.53228915663,408.0,824159.0,769046016.0,21089914.0,-29.700028558370263,0,0,0
1,2011-08-10 10:03:23.079089,4259,35289.0,13460814.0,2451210.0,626.9700876881897,8.285747828128669,3160.5574078422164,109.0,-852511.0,-801912645.0,-21313964.0,-23.842417251569373,0,0,0
1,2011-08-10 10:03:53.053441,4143,63064.0,36886714.0,26691571.0,612.2646656526671,15.221819937243543,8903.382573014724,-116.0,27775.0,23425900.0,24240361.0,-14.705422035522588,0,0,0
1,2011-08-10 10:04:23.047644,3961,79061.0,63931212.0,3716456.0,596.5190432587731,19.959858621560212,16140.169654127745,-182.0,15997.0,27044498.0,-22975115.0,-15.745622393893996,0,0,0
1,2011-08-10 10:04:53.054187,3962,49325.0,29295608.0,2481521.0,698.4512605212014,12.449520444220092,7394.146390711761,1.0,-29736.0,-34635604.0,-1234935.0,101.93221726242837,0,0,0
1,2011-08-10 10:05:23.049905,3987,75196.0,35976847.0,15100884.0,729.8729335500376,18.860295961876098,9023.538249310259,25.0,25871.0,6681239.0,12619363.0,31.421673028836153,0,0,0
1,2011-08-10 10:05:53.048318,3867,37904.0,25061882.0,1892443.0,646.7068876470132,9.801913628135505,6480.96250323248,-120.0,-37292.0,-10914965.0,-13208441.0,-83.16604590302438,0,0,0
1,2011-08-10 10:06:23.049634,4491,50004.0,17444038.0,3432379.0,594.7147628882209,11.134268537074147,3884.221331551993,624.0,12100.0,-7617844.0,1539936.0,-51.99212475879233,0,0,0
1,2011-08-10 10:06:53.051054,4862,33342.0,9546941.0,2210880.0,570.2586464952694,6.857671740024681,1963.583093377211,371.0,-16662.0,-7897097.0,-1221499.0,-24.456116392951458,0,0,0
1,2011-08-10 10:07:23.052414,4358,33849.0,16360774.0,1814993.0,556.644536935062,7.767094997705369,3754.1932078935292,-504.0,507.0,6813833.0,-395887.0,-13.614109560207453,0,0,0
1,2011-08-10 10:07:53.064410,3355,72939.0,63084159.0,2560438.0,656.217058676304,21.740387481371087,18803.028017883757,-1003.0,39090.0,46723385.0,745445.0,99.57252174124199,0,0,0
1,2011-08-10 10:08:23.058475,3375,32948.0,16563872.0,2039536.0,644.3305234106667,9.76237037037037,4907.813925925926,20.0,-39991.0,-46520287.0,-520902.0,-11.886535265637235,0,0,0
1,2011-08-10 10:08:53.049134,3656,45676.0,32006436.0,2304457.0,616.4959086493436,12.49343544857768,8754.495623632385,281.0,12728.0,15442564.0,264921.0,-27.83461476132311,0,0,0
1,2011-08-10 10:09:23.048085,3459,34709.0,18330888.0,1865914.0,606.8325767247759,10.03440300664932,5299.476149176063,-197.0,-10967.0,-13675548.0,-438543.0,-9.663331924567728,0,0,0
1,2011-08-10 10:09:53.060409,4017,68603.0,35491326.0,3487216.0,590.3626725825243,17.078167786905652,8835.281553398057,558.0,33894.0,17160438.0,1621302.0,-16.469904142251607,0,0,0
1,2011-08-10 10:10:23.051856,4818,29993.0,10695327.0,2019046.0,455.629252371731,6.225197177251972,2219.8686176836864,801.0,-38610.0,-24795999.0,-1468170.0,-134.73342021079327,0,0,0
1,2011-08-10 10:10:53.053550,4370,30875.0,9367988.0,2166645.0,463.20041603981696,7.065217391304348,2143.704347826087,-448.0,882.0,-1327339.0,147599.0,7.571163668085944,0,0,0
1,2011-08-10 10:11:23.052831,3858,39593.0,22460066.0,2526077.0,521.8503331047175,10.262571280456195,5821.686365992742,-512.0,8718.0,13092078.0,359432.0,58.649917064900535,0,0,0
1,2011-08-10 10:11:53.068178,3848,79078.0,60039391.0,30635617.0,491.92729676455303,20.550415800415802,15602.752338877339,-10.0,39485.0,37579325.0,28109540.0,-29.923036340164458,0,0,0
1,2011-08-10 10:12:23.056821,3924,29273.0,12527680.0,2570091.0,544.8069556409276,7.459989806320081,3192.579001019368,76.0,-49805.0,-47511711.0,-28065526.0,52.879658876374606,0,0,0
1,2011-08-10 10:12:53.064879,3680,37954.0,21323439.0,2039354.0,518.2664871347826,10.313586956521739,5794.41277173913,-244.0,8681.0,8795759.0,-530737.0,-26.54046850614509,0,0,0
1,2011-08-10 10:13:23.055919,3618,49886.0,25839204.0,2504812.0,611.6018702493091,13.788280818131565,7141.847429519072,-62.0,11932.0,4515765.0,465458.0,93.33538311452651,0,0,0
1,2011-08-10 10:13:53.066960,5115,26047.0,8619689.0,1682005.0,402.42435967155427,5.09227761485826,1685.1786901270773,1497.0,-23839.0,-17219515.0,-822807.0,-209.1775105777548,0,0,0
1,2011-08-10 10:14:23.048374,4607,72922.0,40585433.0,3459301.0,436.70893138311266,15.82852181462991,8809.514434556111,-508.0,46875.0,31965744.0,1777296.0,34.284571711558385,0,0,0
1,2011-08-10 10:14:53.050004,4671,34114.0,14123462.0,4403097.0,447.1906545769643,7.303361164632841,3023.648469278527,64.0,-38808.0,-26461971.0,943796.0,10.481723193851622,0,0,0
1,2011-08-10 10:15:23.054869,4578,52298.0,25089429.0,2882047.0,470.8154157177807,11.423765836609872,5480.434469200524,-93.0,18184.0,10965967.0,-1521050.0,23.624761140816418,0,0,0
1,2011-08-10 10:15:53.071089,4259,161623.0,112693794.0,21440903.0,519.3444828215543,37.94857947875088,26460.153557173046,-319.0,109325.0,87604365.0,18558856.0,48.52906710377357,0,0,0
1,2011-08-10 10:16:23.053105,3742,46357.0,18237584.0,2660818.0,659.8436861036879,12.388295029396044,4873.753073222875,-517.0,-115266.0,-94456210.0,-18780085.0,140.49920328213364,0,0,0
1,2011-08-10 10:16:53.060454,3808,21003.0,7323970.0,1640702.0,519.3238401557248,5.515493697478991,1923.311449579832,66.0,-25354.0,-10913614.0,-1020116.0,-140.51984594796306,0,0,0
1,2011-08-10 10:17:23.056453,3667,62052.0,52404695.0,2396669.0,500.70860742650666,16.92173438778293,14290.8903736024,-141.0,41049.0,45080725.0,755967.0,-18.615232729218178,0,0,0
1,2011-08-10 10:17:53.094899,4145,48352.0,27836942.0,2518589.0,408.32861404077204,11.665138721351026,6715.788178528347,478.0,-13700.0,-24567753.0,121920.0,-92.37999338573462,0,0,0
1,2011-08-10 10:18:23.049694,3897,31933.0,14100008.0,2208428.0,485.8585441290736,8.194251988709263,3618.169874262253,-248.0,-16419.0,-13736934.0,-310161.0,77.52993008830157,0,0,0
1,2011-08-10 10:18:53.048117,70309,267964.0,67902118.0,10305704.0,25.77820312921532,3.811233270278343,965.7670852949125,66412.0,236031.0,53802110.0,8097276.0,-460.08034099985827,0,0,0
1,2011-08-10 10:19:23.049999,6482,39030.0,17713744.0,2557130.0,263.669190488738,6.021289725393397,2732.7590249922864,-63827.0,-228934.0,-50188374.0,-7748574.0,237.8909873595227,0,0,0
1,2011-08-10 10:19:53.059772,5057,39671.0,19520052.0,2472324.0,338.2445573937117,7.844769626260629,3860.006327862369,-1425.0,641.0,1806308.0,-84806.0,74.57536690497369,0,0,0
1,2011-08-10 10:20:23.059514,5216,49322.0,27944509.0,3533321.0,309.75437757151076,9.45590490797546,5357.459547546012,159.0,9651.0,8424457.0,1060997.0,-28.490179822200957,0,0,0
1,2011-08-10 10:20:53.052648,5676,46577.0,24343954.0,2938184.0,304.0913097429528,8.205954897815364,4288.927766032417,460.0,-2745.0,-3600555.0,-595137.0,-5.663067828557985,0,0,0
1,2011-08-10 10:21:23.053161,6101,60686.0,35911364.0,3456369.0,331.31073130404855,9.946893951811179,5886.143910834289,425.0,14109.0,11567410.0,518185.0,27.21942156109577,0,0,0
1,2011-08-10 10:21:53.053506,5914,58185.0,33617538.0,2864008.0,299.27247779573895,9.838518769022658,5684.399391274941,-187.0,-2501.0,-2293826.0,-592361.0,-32.038253508309595,0,0,0
1,2011-08-10 10:22:23.047316,8091,44827.0,22296716.0,4745115.0,224.9136815376344,5.540353479174391,2755.742924236806,2177.0,-13358.0,-11320822.0,1881107.0,-74.35879625810455,0,0,0
1,2011-08-10 10:22:53.050431,8190,39337.0,16823691.0,2121861.0,215.74964835531136,4.803052503052503,2054.1747252747255,99.0,-5490.0,-5473025.0,-2623254.0,-9.164033182323038,0,0,0
1,2011-08-10 10:23:23.049663,8765,71784.0,46830151.0,3056504.0,172.17482339954364,8.189845978322875,5342.858071876783,575.0,32447.0,30006460.0,934643.0,-43.574824955767724,0,0,0
1,2011-08-10 10:23:53.112531,6407,31601.0,9019333.0,1913768.0,270.38247671328236,4.932261588887155,1407.7310753862962,-2358.0,-40183.0,-37810818.0,-1142736.0,98.20765331373872,0,0,0
1,2011-08-10 10:24:23.119004,3432,50187.0,37623185.0,2041457.0,588.4998804035547,14.623251748251748,10962.466491841491,-2975.0,18586.0,28603852.0,127689.0,318.11740369027234,0,0,0
1,2011-08-10 10:24:53.076611,3540,29233.0,9680907.0,2407859.0,540.2112122169491,8.257909604519774,2734.7194915254236,108.0,-20954.0,-27942278.0,366402.0,-48.288668186605605,0,0,0
1,2011-08-10 10:25:23.047532,3705,30805.0,13398507.0,2105898.0,448.45677278380566,8.314439946018894,3616.331174089069,165.0,1572.0,3717600.0,-301961.0,-91.75443943314343,0,0,0
1,2011-08-10 10:25:53.071899,3669,39432.0,22429253.0,2578227.0,458.5919429738348,10.747342600163533,6113.178795312074,-36.0,8627.0,9030746.0,472329.0,10.135170190029157,0,0,0
1,2011-08-10 10:26:23.103899,3836,29234.0,11113095.0,2202459.0,444.677265511731,7.620959332638165,2897.052919708029,167.0,-10198.0,-11316158.0,-375768.0,-13.914677462103839,0,0,0
1,2011-08-10 10:26:53.072758,3853,26475.0,10559914.0,1984944.0,432.7051094243447,6.871269140929146,2740.6991954321306,17.0,-2759.0,-553181.0,-217515.0,-11.972156087386281,0,0,0
1,2011-08-10 10:27:23.047801,3396,54913.0,31032410.0,2580239.0,444.19137244581856,16.169905771495877,9137.929917550058,-457.0,28438.0,20472496.0,595295.0,11.48626302147386,0,0,0
1,2011-08-10 10:27:53.090384,3355,36921.0,19559587.0,2510777.0,366.87739076304024,11.004769001490313,5829.981222056632,-41.0,-17992.0,-11472823.0,-69462.0,-77.31398168277832,0,0,0
1,2011-08-10 10:28:23.056230,3829,49043.0,34265679.0,3165725.0,417.94854369417607,12.808305040480544,8948.98903107861,474.0,12122.0,14706092.0,654948.0,51.07115293113583,0,0,0
1,2011-08-10 10:28:53.080600,3256,74044.0,53321148.0,2533293.0,342.7933530605037,22.740786240786242,16376.273955773955,-573.0,25001.0,19055469.0,-632432.0,-75.15519063367236,0,0,0
1,2011-08-10 10:29:23.070075,3140,101426.0,83441903.0,44401371.0,377.67963912420385,32.30127388535032,26573.854458598726,-116.0,27382.0,30120755.0,41868078.0,34.88628606370014,0,0,0
1,2011-08-10 10:29:53.047958,2948,21977.0,10369296.0,1434709.0,384.7421725647897,7.454884667571235,3517.400271370421,-192.0,-79449.0,-73072607.0,-42966662.0,7.062533440585867,0,0,0
1,2011-08-10 10:30:23.060548,3205,27192.0,11800298.0,2276263.0,374.446026951014,8.48424336973479,3681.8402496099843,257.0,5215.0,1431002.0,841554.0,-10.296145613775707,0,0,0
1,2011-08-10 10:30:53.081116,3572,48170.0,30499844.0,3076004.0,325.5087158017917,13.485442329227324,8538.590145576707,367.0,20978.0,18699546.0,799741.0,-48.937311149222296,0,0,0
1,2011-08-10 10:31:23.085239,3168,48034.0,33440564.0,2379114.0,348.7762020852273,15.162247474747474,10555.733585858587,-404.0,-136.0,2940720.0,-696890.0,23.267486283435574,0,0,0
1,2011-08-10 10:31:53.076571,3374,126315.0,126818919.0,3920878.0,324.2473304919976,37.43775933609958,37587.11292234736,206.0,78281.0,93378355.0,1541764.0,-24.528871593229667,0,0,0
1,2011-08-10 10:32:23.063767,3818,43198.0,28781881.0,2549364.0,299.23722564222106,11.31430068098481,7538.470665269775,444.0,-83117.0,-98037038.0,-1371514.0,-25.010104849776553,0,0,0
1,2011-08-10 10:32:53.056357,3464,24294.0,10966229.0,1514295.0,339.34205843042724,7.013279445727482,3165.7704965357966,-354.0,-18904.0,-17815652.0,-1035069.0,40.10483278820618,0,0,0
1,2011-08-10 10:33:23.047468,3107,19707.0,7911236.0,1566708.0,350.1918764747345,6.342774380431284,2546.261989056968,-357.0,-4587.0,-3054993.0,52413.0,10.849818044307256,0,0,0
1,2011-08-10 10:33:53.052056,2910,20721.0,8287869.0,1380746.0,387.92824102233675,7.1206185567010305,2848.0649484536084,-197.0,1014.0,376633.0,-185962.0,37.73636454760225,0,0,0
1,2011-08-10 10:34:23.048421,2653,28387.0,16512341.0,2214552.0,396.57031404108557,10.699962306822465,6224.026008292499,-257.0,7666.0,8224472.0,833806.0,8.642073018748818,0,0,0
1,2011-08-10 10:34:53.058950,3382,38818.0,22985136.0,2256491.0,315.0492776306919,11.477823772915436,6796.314606741573,729.0,10431.0,6472795.0,41939.0,-81.52103641039366,0,0,0
1,2011-08-10 10:35:23.050545,3194,60716.0,50492216.0,2674993.0,341.951512564809,19.0093926111459,15808.45835942392,-188.0,21898.0,27507080.0,418502.0,26.902234934117075,0,0,0
1,2011-08-10 10:35:53.075910,3960,45700.0,29605998.0,2498043.0,293.5519686030303,11.54040404040404,7476.262121212121,766.0,-15016.0,-20886218.0,-176950.0,-48.399543961778704,0,0,0
1,2011-08-10 10:36:23.065323,3869,59698.0,34139433.0,3539548.0,318.3011460059447,15.429826828637891,8823.83897647971,-91.0,13998.0,4533435.0,1041505.0,24.749177402914427,0,0,0
1,2011-08-10 10:36:53.049246,3396,40154.0,27044958.0,2298079.0,320.1397583074205,11.823910482921084,7963.768551236749,-473.0,-19544.0,-7094475.0,-1241469.0,1.8386123014757914,0,0,0
1,2011-08-10 10:37:23.053611,3317,98055.0,59565377.0,4269282.0,348.70391391468195,29.56135061802834,17957.605366294843,-79.0,57901.0,32520419.0,1971203.0,28.564155607261455,0,0,0
1,2011-08-10 10:37:53.059849,3240,50316.0,34864365.0,2999764.0,292.9989785509259,15.52962962962963,10760.606481481482,-77.0,-47739.0,-24701012.0,-1269518.0,-55.70493536375602,0,0,0
1,2011-08-10 10:38:23.053771,2942,248254.0,262394076.0,5237252.0,272.44902357953777,84.38273283480625,89189.0129163834,-298.0,197938.0,227529711.0,2237488.0,-20.54995497138816,0,0,0
1,2011-08-10 10:38:53.057708,2886,85197.0,59064195.0,3116453.0,288.6842636410256,29.52079002079002,20465.764033264033,-56.0,-163057.0,-203329881.0,-2120799.0,16.235240061487843,0,0,0
1,2011-08-10 10:39:23.052486,2907,70168.0,60643342.0,2608030.0,297.5743377395941,24.137598899208808,20861.142758857928,21.0,-15029.0,1579147.0,-508423.0,8.890074098568505,0,0,0
1,2011-08-10 10:39:53.053447,2831,25158.0,12124727.0,1679199.0,292.75170596079124,8.886612504415401,4282.842458495232,-76.0,-45010.0,-48518615.0,-928831.0,-4.822631778802872,0,0,0
1,2011-08-10 10:40:23.055248,3533,40592.0,22513343.0,2909310.0,248.1580181466176,11.489385791112369,6372.30200962355,702.0,15434.0,10388616.0,1230111.0,-44.59368781417365,0,0,0
1,2011-08-10 10:40:53.048018,3101,1441622.0,1281837666.0,43709835.0,277.55992878748793,464.8893905191874,413362.6784908094,-432.0,1401030.0,1259324323.0,40800525.0,29.40191064087034,0,0,0
1,2011-08-10 10:41:23.066530,2833,21319.0,9050134.0,1934077.0,291.9764083243911,7.525238263325097,3194.5407695022946,-268.0,-1420303.0,-1272787532.0,-41775758.0,14.416479536903182,0,0,0
1,2011-08-10 10:41:53.065523,2730,41886.0,28020173.0,3764845.0,279.1467439285714,15.342857142857143,10263.799633699633,-103.0,20567.0,18970039.0,1830768.0,-12.829664395819691,0,0,0
1,2011-08-10 10:42:23.052949,3338,50377.0,30777067.0,3146617.0,240.2696836402037,15.09197124026363,9220.211803475135,608.0,8491.0,2756894.0,-618228.0,-38.877060288367716,0,0,0
1,2011-08-10 10:42:53.076787,3343,84836.0,59281492.0,3244504.0,265.35567583308404,25.37720610230332,17733.021836673648,5.0,34459.0,28504425.0,97887.0,25.085992192880326,0,0,0
1,2011-08-10 10:43:23.048659,2801,40968.0,32275416.0,1929640.0,277.64166335237417,14.626204926811853,11522.818993216708,-542.0,-43868.0,-27006076.0,-1314864.0,12.285987519290131,0,0,0
1,2011-08-10 10:43:53.062611,2919,151271.0,115522659.0,101703459.0,297.47477135560126,51.82288454950326,39576.10791366907,118.0,110303.0,83247243.0,99773819.0,19.833108003227096,0,0,0
1,2011-08-10 10:44:23.047827,2912,87392.0,67137500.0,56347363.0,267.1837729206731,30.01098901098901,23055.460164835164,-7.0,-63879.0,-48385159.0,-45356096.0,-30.290998434928156,0,0,0
1,2011-08-10 10:44:53.071865,3019,26581.0,13125577.0,1847873.0,272.4783598966545,8.804571050016563,4347.657171248758,107.0,-60811.0,-54011923.0,-54499490.0,5.294586975981417,0,0,0
1,2011-08-10 10:45:23.050777,2568,17348.0,5958758.0,1415925.0,336.7150583640966,6.755451713395638,2320.388629283489,-451.0,-9233.0,-7166819.0,-431948.0,64.23669846744207,0,0,0
1,2011-08-10 10:45:53.050682,2755,78667.0,57420683.0,4350034.0,280.2914346068966,28.55426497277677,20842.353176043558,187.0,61319.0,51461925.0,2934109.0,-56.423623757200005,0,0,0
1,2011-08-10 10:46:23.058743,3052,25988.0,12618964.0,2541037.0,238.545243535059,8.515072083879422,4134.653997378768,297.0,-52679.0,-44801719.0,-1808997.0,-41.746191071837586,0,0,0
1,2011-08-10 10:46:53.064069,3242,448160.0,248607261.0,191591602.0,518.868912041641,138.2356570018507,76683.30074028377,190.0,422172.0,235988297.0,189050565.0,280.323668506582,0,0,0
1,2011-08-10 10:47:23.053792,3255,153417.0,58694266.0,8863373.0,584.8951518350231,47.132718894009216,18032.03256528418,13.0,-294743.0,-189912995.0,-182728229.0,66.02623979338205,0,0,0
1,2011-08-10 10:47:53.064203,3559,106959.0,37867129.0,6107848.0,541.0888121952796,30.053104804720427,10639.822703006463,304.0,-46458.0,-20827137.0,-2755525.0,-43.80633963974344,0,0,0
1,2011-08-10 10:48:23.076514,3135,75298.0,21481540.0,4788087.0,624.0197235642743,24.018500797448166,6852.165869218501,-424.0,-31661.0,-16385589.0,-1319761.0,82.93091136899466,0,0,0
1,2011-08-10 10:48:53.051828,3590,75976.0,30866142.0,5071451.0,493.75004267075207,21.163231197771587,8597.811142061282,455.0,678.0,9384602.0,283364.0,-130.2696808935222,0,0,0
1,2011-08-10 10:49:23.051615,3555,80543.0,47771433.0,4363286.0,550.7562070939522,22.656258790436006,13437.815189873418,-35.0,4567.0,16905291.0,-708165.0,57.00616442320012,0,0,0
1,2011-08-10 10:49:53.052172,3764,46162.0,17893563.0,3459796.0,500.76738617056327,12.264080765143465,4753.869022316684,209.0,-34381.0,-29877870.0,-903490.0,-49.988820923388914,0,0,0
1,2011-08-10 10:50:23.061582,3510,45288.0,26080610.0,2477636.0,500.5851749433049,12.902564102564103,7430.373219373219,-254.0,-874.0,8187047.0,-982160.0,-0.18221122725839223,0,0,0
1,2011-08-10 10:50:53.052631,4171,50346.0,26703658.0,3422886.0,410.7771640148646,12.070486693838408,6402.219611603932,661.0,5058.0,623048.0,945250.0,-89.8080109284403,0,0,0
1,2011-08-10 10:51:23.053356,3764,74019.0,54946066.0,3600874.0,484.4920241392136,19.66498405951116,14597.785866099894,-407.0,23673.0,28242408.0,177988.0,73.714860124349,0,0,0
1,2011-08-10 10:51:53.085995,3367,38462.0,15541324.0,4937286.0,514.7978154746064,11.423225423225423,4615.777843777843,-397.0,-35557.0,-39404742.0,1336412.0,30.305791335392826,0,0,0
1,2011-08-10 10:52:23.050657,2982,100069.0,84342813.0,3941975.0,624.8553392451374,33.55767940979209,28283.974849094568,-385.0,61607.0,68801489.0,-995311.0,110.05752377053102,0,0,0
1,2011-08-10 10:52:53.056784,3403,34702.0,12066451.0,2565727.0,615.8591028066412,10.197472818101675,3545.827505142521,421.0,-65367.0,-72276362.0,-1376248.0,-8.996236438496226,0,0,0
1,2011-08-10 10:53:23.067683,3361,39392.0,16978561.0,2442503.0,649.9491648140435,11.720321332936626,5051.639690568283,-42.0,4690.0,4912110.0,-123224.0,34.09006200740225,0,0,0
1,2011-08-10 10:53:53.051710,3868,35738.0,13856274.0,2505727.0,483.22071574999995,9.239400206825232,3582.283867631851,507.0,-3654.0,-3122287.0,63224.0,-166.7284490640435,0,0,0
1,2011-08-10 10:54:23.050329,3232,37595.0,15693860.0,2476434.0,574.7624438174505,11.632116336633663,4855.773514851485,-636.0,1857.0,1837586.0,-29293.0,91.54172806745055,0,0,0
1,2011-08-10 10:54:53.080695,4208,45561.0,22926738.0,2799838.0,451.27695978113115,10.827233840304183,5448.369296577946,976.0,7966.0,7232878.0,323404.0,-123.48548403631935,0,0,0
1,2011-08-10 10:55:23.070505,3698,77082.0,38971256.0,14021048.0,496.57939046998376,20.844240129799893,10538.468361276366,-510.0,31521.0,16044518.0,11221210.0,45.30243068885261,0,0,0
1,2011-08-10 10:55:53.097124,3172,63658.0,40798517.0,2722673.0,652.7486474224464,20.068726355611602,12862.07976040353,-526.0,-13424.0,1827261.0,-11298375.0,156.16925695246266,0,0,0
1,2011-08-10 10:56:23.079636,3603,55941.0,27907859.0,3968992.0,597.2291849131279,15.526228143213988,7745.728281987233,431.0,-7717.0,-12890658.0,1246319.0,-55.51946250931849,0,0,0
1,2011-08-10 10:56:53.047820,3890,59475.0,35501625.0,3112397.0,581.901538303599,15.289203084832906,9126.381748071979,287.0,3534.0,7593766.0,-856595.0,-15.327646609528983,0,0,0
1,2011-08-10 10:57:23.068265,3878,38989.0,13448299.0,2967208.0,535.3189136299638,10.053893759669933,3467.843991748324,-12.0,-20486.0,-22053326.0,-145189.0,-46.58262467363511,0,0,0
1,2011-08-10 10:57:53.059681,3467,38609.0,16869286.0,2785265.0,598.9608728742429,11.136140755696568,4865.672339198154,-411.0,-380.0,3420987.0,-181943.0,63.641959244279064,0,0,0
1,2011-08-10 10:58:23.053879,3175,50427.0,33667066.0,2378471.0,626.1806527685039,15.88251968503937,10603.80031496063,-292.0,11818.0,16797780.0,-406794.0,27.219779894261023,0,0,0
1,2011-08-10 10:58:53.077446,3248,49437.0,29117538.0,3770891.0,585.5374643306651,15.220751231527094,8964.759236453201,73.0,-990.0,-4549528.0,1392420.0,-40.64318843783883,0,0,0
1,2011-08-10 10:59:23.065195,3691,75359.0,48174361.0,5517578.0,572.1780751809808,20.416960173394745,13051.845299376862,443.0,25922.0,19056823.0,1746687.0,-13.359389149684262,0,0,1
1,2011-08-10 10:59:53.061367,3957,74971.0,51881681.0,3745075.0,509.9445962145565,18.946424058630274,13111.367450088452,266.0,-388.0,3707320.0,-1772503.0,-62.23347896642434,0,0,1
1,2011-08-10 11:00:23.052361,4024,117988.0,93880630.0,78979980.0,509.1297189550199,29.321073558648113,23330.17644135189,67.0,43017.0,41998949.0,75234905.0,-0.8148772595366154,0,0,1
1,2011-08-10 11:00:53.058818,3737,33827.0,13665265.0,1849139.0,512.5727523133529,9.051913299438052,3656.747390955312,-287.0,-84161.0,-80215365.0,-77130841.0,3.4430333583330253,0,0,1
1,2011-08-10 11:01:23.058097,6742,49031.0,24820667.0,3451681.0,271.20652222026104,7.272471076831801,3681.499110056363,3005.0,15204.0,11155402.0,1602542.0,-241.36623009309187,0,0,1
1,2011-08-10 11:01:53.060853,3304,33186.0,14513278.0,2205989.0,550.1174971322639,10.044188861985472,4392.638619854722,-3438.0,-15845.0,-10307389.0,-1245692.0,278.91097491200287,0,0,1
1,2011-08-10 11:02:23.050593,3087,46299.0,27812207.0,2666854.0,570.6026797544542,14.998056365403304,9009.461289277615,-217.0,13113.0,13298929.0,460865.0,20.485182622190337,0,0,1
1,2011-08-10 11:02:53.058196,3219,424497.0,371371777.0,11895228.0,555.884562936005,131.87232059645854,115368.6787822305,132.0,378198.0,343559570.0,9228374.0,-14.718116818449289,0,0,1
1,2011-08-10 11:03:23.077273,3035,93231.0,75346928.0,3277729.0,625.5191197051071,30.71861614497529,24826.00593080725,-184.0,-331266.0,-296024849.0,-8617499.0,69.63455676910212,0,0,1
1,2011-08-10 11:03:53.051857,3499,94105.0,73586090.0,4131006.0,562.3969777476422,26.894827093455273,21030.6058873964,464.0,874.0,-1760838.0,853277.0,-63.12214195746492,0,0,1
1,2011-08-10 11:04:23.063189,3775,45265.0,25805268.0,2486101.0,528.3779409152318,11.990728476821191,6835.832582781457,276.0,-48840.0,-47780822.0,-1644905.0,-34.01903683241039,3,1,0
1,2011-08-10 11:04:53.055923,3505,28551.0,10247379.0,2069657.0,523.0139592194008,8.145791726105564,2923.645934379458,-270.0,-16714.0,-15557889.0,-416444.0,-5.363981695830944,0,0,1
1,2011-08-10 11:05:23.060902,3641,209126.0,156992368.0,18961869.0,625.4244205558912,57.43641856632793,43117.925844548205,136.0,180575.0,146744989.0,16892212.0,102.41046133649036,0,0,1
1,2011-08-10 11:05:53.048890,3682,118164.0,82923916.0,5409137.0,490.06047402308525,32.09234111895709,22521.432916892994,41.0,-90962.0,-74068452.0,-13552732.0,-135.36394653280593,0,0,1
1,2011-08-10 11:06:23.062250,3882,48075.0,26614091.0,5495742.0,558.2614381555899,12.384080370942813,6855.76790314271,200.0,-70089.0,-56309825.0,86605.0,68.20096413250462,14,1,0
1,2011-08-10 11:06:53.047798,3387,43189.0,24718087.0,2580651.0,589.489690731621,12.751402421021552,7297.929436079126,-495.0,-4886.0,-1896004.0,-2915091.0,31.228252576031082,28,1,0
1,2011-08-10 11:07:23.065806,3307,28735.0,13601523.0,1637087.0,588.9307671775023,8.689144239491986,4112.949198669489,-80.0,-14454.0,-11116564.0,-943564.0,-0.5589235541186781,13,1,0
1,2011-08-10 11:07:53.061607,3246,29605.0,12946356.0,1878761.0,514.4344610073937,9.12045594577942,3988.402957486137,-61.0,870.0,-655167.0,241674.0,-74.4963061701086,10,1,0
1,2011-08-10 11:08:23.075470,3565,63006.0,45309331.0,2707796.0,553.4872743957924,17.673492286115007,12709.489761570827,319.0,33401.0,32362975.0,829035.0,39.052813388398704,15,1,0
1,2011-08-10 11:08:53.047762,4300,52420.0,21813302.0,3088354.0,485.4921651637209,12.190697674418605,5072.8609302325585,735.0,-10586.0,-23496029.0,380558.0,-67.99510923207146,10,1,0
1,2011-08-10 11:09:23.066639,3366,73730.0,52357135.0,3515641.0,541.2612338357101,21.904337492572786,15554.70439691028,-934.0,21310.0,30543833.0,427287.0,55.769068671989146,14,1,0
1,2011-08-10 11:09:53.052131,3140,90874.0,68971744.0,3636540.0,551.8558610324841,28.94076433121019,21965.52356687898,-226.0,17144.0,16614609.0,120899.0,10.594627196774013,40,1,0
1,2011-08-10 11:10:23.049995,3763,110950.0,99088670.0,4299422.0,540.2135447310657,29.484453893170343,26332.359819293117,623.0,20076.0,30116926.0,662882.0,-11.642316301418418,11,1,0
1,2011-08-10 11:10:53.048877,4028,48156.0,26680326.0,2661601.0,488.33393890193645,11.955312810327706,6623.715491559086,265.0,-62794.0,-72408344.0,-1637821.0,-51.87960582912922,5,1,0
1,2011-08-10 11:11:23.054743,3781,173592.0,180149055.0,4272966.0,521.2306595641364,45.91166358106321,47645.875429780484,-247.0,125436.0,153468729.0,1611365.0,32.89672066219998,13,1,0
1,2011-08-10 11:11:53.077010,3764,61043.0,36346112.0,22617065.0,518.4688768626462,16.21758767268863,9656.246546227418,-17.0,-112549.0,-143802943.0,18344099.0,-2.761782701490233,12,1,0
1,2011-08-10 11:12:23.052798,3674,63230.0,37070426.0,4910375.0,490.6856193731628,17.21012520413718,10089.936309199782,-90.0,2187.0,724314.0,-17706690.0,-27.78325748948339,6,1,0
1,2011-08-10 11:12:53.047453,4795,62549.0,34511380.0,4035983.0,454.22127168154327,13.044629822732013,7197.368091762252,1121.0,-681.0,-2559046.0,-874392.0,-36.46434769161954,10,1,0
1,2011-08-10 11:13:23.053415,4023,73101.0,48469171.0,4961088.0,464.96983482326624,18.17076808351976,12048.01665423813,-772.0,10552.0,13957791.0,925105.0,10.748563141722968,13,1,0
1,2011-08-10 11:13:53.063689,4060,43434.0,15029149.0,2618773.0,510.70119225689655,10.698029556650246,3701.7608374384236,37.0,-29667.0,-33440022.0,-2342315.0,45.73135743363031,18,1,0
1,2011-08-10 11:14:23.050269,3537,63693.0,43392920.0,3007792.0,535.823502956743,18.00763358778626,12268.28385637546,-523.0,20259.0,28363771.0,389019.0,25.12231069984648,20,1,0
1,2011-08-10 11:14:53.060988,3784,31687.0,16054373.0,1989850.0,461.49813629334034,8.373942917547568,4242.6989957716705,247.0,-32006.0,-27338547.0,-1017942.0,-74.32536666340269,27,1,0
1,2011-08-10 11:15:23.081284,3576,49444.0,21973063.0,2948569.0,497.28950742170025,13.82662192393736,6144.592561521253,-208.0,17757.0,5918690.0,958719.0,35.79137112835991,18,1,0
1,2011-08-10 11:15:53.047355,4538,39725.0,18154444.0,2448261.0,375.5651734777435,8.75385632437197,4000.5385632437196,962.0,-9719.0,-3818619.0,-500308.0,-121.72433394395676,25,1,0
1,2011-08-10 11:16:23.051568,3766,59791.0,31304283.0,6369515.0,505.49141092565054,15.876526818906001,8312.342804036112,-772.0,20066.0,13149839.0,3921254.0,129.92623744790706,15,1,0
1,2011-08-10 11:16:53.049688,4826,70257.0,49044703.0,3632984.0,378.1250787291753,14.558019063406547,10162.599046829673,1060.0,10466.0,17740420.0,-2736531.0,-127.36633219647524,26,1,0
1,2011-08-10 11:17:23.047818,3826,745993.0,791260460.0,13867617.0,465.9223125146367,194.97987454260323,206811.41139571354,-1000.0,675736.0,742215757.0,10234633.0,87.7972337854614,28,1,0
1,2011-08-10 11:17:53.056906,4099,44115.0,24715300.0,2476092.0,452.1653249197365,10.762381068553307,6029.592583556965,273.0,-701878.0,-766545160.0,-11391525.0,-13.756987594900181,25,1,0
1,2011-08-10 11:18:23.062546,4013,83430.0,69650589.0,3498199.0,461.77934183179667,20.789932718664343,17356.23947171692,-86.0,39315.0,44935289.0,1022107.0,9.614016912060151,27,1,0
1,2011-08-10 11:18:53.070301,3591,37439.0,24270862.0,2033439.0,472.58761251879696,10.425786688944584,6758.803118908382,-422.0,-45991.0,-45379727.0,-1464760.0,10.808270687000288,26,1,0
1,2011-08-10 11:19:23.117134,3501,30510.0,14029933.0,2168090.0,520.4082209894316,8.7146529562982,4007.4073121965152,-90.0,-6929.0,-10240929.0,134651.0,47.820608470634625,29,1,0
1,2011-08-10 11:19:53.048949,3438,45564.0,23491486.0,3009392.0,497.8015470561373,13.25305410122164,6832.892961023851,-63.0,15054.0,9461553.0,841302.0,-22.606673933294303,21,1,0
1,2011-08-10 11:20:23.067761,4048,32069.0,13509314.0,2633758.0,479.8425442870553,7.922183794466403,3337.2811264822135,610.0,-13495.0,-9982172.0,-375634.0,-17.959002769081962,28,1,0
1,2011-08-10 11:20:53.048736,4211,41116.0,17660713.0,3624008.0,457.6229659304203,9.763951555450012,4193.947518404179,163.0,9047.0,4151399.0,990250.0,-22.219578356634997,22,1,0
1,2011-08-10 11:21:23.047795,3717,34311.0,15919355.0,2463794.0,490.1172354067797,9.230831315577078,4282.850417002959,-494.0,-6805.0,-1741358.0,-1160214.0,32.494269476359364,26,1,0
1,2011-08-10 11:21:53.088370,3545,57781.0,34210730.0,4787758.0,505.6873552265162,16.29929478138223,9650.417489421721,-172.0,23470.0,18291375.0,2323964.0,15.570119819736533,24,1,0
1,2011-08-10 11:22:23.064358,3342,49363.0,33538867.0,2710644.0,553.1185896184919,14.770496708557749,10035.56762417714,-203.0,-8418.0,-671863.0,-2077114.0,47.43123439197569,21,1,0
1,2011-08-10 11:22:53.066312,3846,33607.0,12481415.0,2457163.0,557.1362873569943,8.738169526781071,3245.2977119084762,504.0,-15756.0,-21057452.0,-253481.0,4.01769773850242,35,1,0
1,2011-08-10 11:23:23.052196,3729,39354.0,19378934.0,2707522.0,485.26141675489407,10.553499597747386,5196.817913649772,-117.0,5747.0,6897519.0,250359.0,-71.87487060210026,19,1,0
1,2011-08-10 11:23:53.066720,3119,33760.0,17477920.0,1722728.0,583.7159151721705,10.823982045527412,5603.693491503687,-610.0,-5594.0,-1901014.0,-984794.0,98.45449841727645,29,1,0
1,2011-08-10 11:24:23.050995,3002,39900.0,21497596.0,1882640.0,559.4516841215857,13.291139240506329,7161.0912724850095,-117.0,6140.0,4019676.0,159912.0,-24.26423105058484,28,1,0
1,2011-08-10 11:24:53.068633,3476,51842.0,32642913.0,2267299.0,487.43925534896437,14.914269275028769,9390.941599539701,474.0,11942.0,11145317.0,384659.0,-72.01242877262132,39,1,0
1,2011-08-10 11:25:23.059501,3483,44555.0,24164307.0,4467555.0,480.1151422937123,12.792133218489807,6937.785529715762,7.0,-7287.0,-8478606.0,2200256.0,-7.324113055252042,39,1,0
1,2011-08-10 11:25:53.090169,3382,46096.0,30051096.0,2533579.0,532.6786436924897,13.629804849201657,8885.59905381431,-101.0,1541.0,5886789.0,-1933976.0,52.56350139877736,34,1,0
1,2011-08-10 11:26:23.050635,3539,47876.0,32872479.0,2376146.0,529.3012088349816,13.528115286804182,9288.63492512009,157.0,1780.0,2821383.0,-157433.0,-3.377434857508092,27,1,0
1,2011-08-10 11:26:53.054560,3798,36779.0,18314794.0,2382088.0,472.40174596287517,9.68378093733544,4822.220642443392,259.0,-11097.0,-14557685.0,5942.0,-56.899462872106426,97,1,0
1,2011-08-10 11:27:23.062656,3322,114301.0,90465587.0,3943008.0,500.9070432116195,34.40728476821192,27232.26580373269,-476.0,77522.0,72150793.0,1560920.0,28.50529724874434,29,1,0
1,2011-08-10 11:27:53.052281,3756,34214.0,18283467.0,2516168.0,452.5435982119276,9.10915867944622,4867.802715654952,434.0,-80087.0,-72182120.0,-1426840.0,-48.36344499969192,29,1,0
1,2011-08-10 11:28:23.067406,2838,88655.0,75456757.0,3348535.0,572.2166843854827,31.238548273431995,26588.004580690627,-918.0,54441.0,57173290.0,832367.0,119.67308617355513,27,1,0
1,2011-08-10 11:28:53.055363,3376,30015.0,16789505.0,1707425.0,450.7994997026066,8.890699052132701,4973.1946090047395,538.0,-58640.0,-58667252.0,-1641110.0,-121.4171846828761,27,1,0
1,2011-08-10 11:29:23.060617,3070,21954.0,8075005.0,1654557.0,545.5632303947882,7.1511400651465795,2630.2947882736157,-306.0,-8061.0,-8714500.0,-52868.0,94.76373069218158,34,1,0
1,2011-08-10 11:29:53.048245,3465,28712.0,12819914.0,2129885.0,519.1852836655123,8.286291486291486,3699.83088023088,395.0,6758.0,4744909.0,475328.0,-26.37794672927589,18,1,0
1,2011-08-10 11:30:23.050650,3123,48486.0,22244705.0,15638691.0,510.6903571729107,15.525456292026897,7122.86423310919,-342.0,19774.0,9424791.0,13508806.0,-8.494926492601621,50,1,0
1,2011-08-10 11:30:53.057451,3251,47243.0,33512366.0,1771320.0,573.7923141175023,14.531836358043678,10308.325438326669,128.0,-1243.0,11267661.0,-13867371.0,63.10195694459162,23,1,0
1,2011-08-10 11:31:23.051447,3415,28279.0,13062804.0,1850635.0,485.61042966061495,8.28081991215227,3825.1256222547586,164.0,-18964.0,-20449562.0,79315.0,-88.18188445688736,45,1,0
1,2011-08-10 11:31:53.055110,3258,44005.0,21725319.0,5726634.0,546.1484912034991,13.506752608962554,6668.29926335175,-157.0,15726.0,8662515.0,3875999.0,60.53806154288418,47,1,0
1,2011-08-10 11:32:23.064325,3081,31773.0,18215628.0,2013103.0,506.76683544985394,10.312560856864655,5912.245374878286,-177.0,-12232.0,-3509691.0,-3713531.0,-39.38165575364519,24,1,0
1,2011-08-10 11:32:53.053088,3711,27997.0,13504375.0,2138124.0,511.9138597620588,7.544327674481272,3639.012395580706,630.0,-3776.0,-4711253.0,125021.0,5.147024312204849,36,1,0
1,2011-08-10 11:33:23.066567,3181,27965.0,11037098.0,2168768.0,514.8585344885256,8.79126060987111,3469.69443571204,-530.0,-32.0,-2467277.0,30644.0,2.9446747264668147,31,1,0
1,2011-08-10 11:33:53.083278,3528,24546.0,10112929.0,1667330.0,493.36413835544215,6.957482993197279,2866.4764739229026,347.0,-3419.0,-924169.0,-501438.0,-21.494396133083455,37,1,0
1,2011-08-10 11:34:23.072470,3526,33678.0,18934829.0,1769069.0,468.53553841917187,9.551332955190016,5370.059273964833,-2.0,9132.0,8821900.0,101739.0,-24.82859993627028,18,1,0
1,2011-08-10 11:34:53.049208,3343,30087.0,16990939.0,1597672.0,478.5219716171104,9.0,5082.542327250972,-183.0,-3591.0,-1943890.0,-171397.0,9.986433197938538,24,1,0
1,2011-08-10 11:35:23.048692,3207,21866.0,9280138.0,1355117.0,490.380484356096,6.818210165263486,2893.7131275335205,-136.0,-8221.0,-7710801.0,-242555.0,11.85851273898561,39,1,0
1,2011-08-10 11:35:53.049151,3426,27221.0,10974418.0,1938476.0,486.0876069492119,7.945417396380619,3203.274372446001,219.0,5355.0,1694280.0,583359.0,-4.292877406884145,19,1,0
1,2011-08-10 11:36:23.070392,3113,31657.0,16306004.0,2633957.0,581.404127839062,10.169290073883714,5238.0353356890455,-313.0,4436.0,5331586.0,695481.0,95.3165208898501,24,1,0
1,2011-08-10 11:36:53.095435,3874,36681.0,19113282.0,2852330.0,412.7289591543624,9.468508002065049,4933.733092410945,761.0,5024.0,2807278.0,218373.0,-168.67516868469954,25,1,0
1,2011-08-10 11:37:23.053750,3417,66356.0,50809898.0,2707087.0,483.9728258115306,19.419373719637107,14869.738952297337,-457.0,29675.0,31696616.0,-145243.0,71.24386665716816,34,1,0
1,2011-08-10 11:37:53.078246,3502,74020.0,63845141.0,4101821.0,452.13444912078813,21.136493432324386,18231.051113649344,85.0,7664.0,13035243.0,1394734.0,-31.83837669074245,34,1,0
1,2011-08-10 11:38:23.089205,3371,29115.0,12616254.0,2052585.0,508.66219289706316,8.636902996143577,3742.584989617324,-131.0,-44905.0,-51228887.0,-2049236.0,56.52774377627503,27,1,0
1,2011-08-10 11:38:53.058974,3261,32740.0,15805351.0,2545626.0,484.7053183989574,10.039865072063785,4846.780435449249,-110.0,3625.0,3189097.0,493041.0,-23.956874498105776,21,1,0
1,2011-08-10 11:39:23.138336,3198,965239.0,810267710.0,26218557.0,537.3701881053784,301.8258286429018,253367.01375859912,-63.0,932499.0,794462359.0,23672931.0,52.66486970642097,22,1,0
1,2011-08-10 11:39:53.047482,3123,30368.0,13147064.0,1973523.0,521.1813874559718,9.72398334934358,4209.754723022735,-75.0,-934871.0,-797120646.0,-24245034.0,-16.188800649406517,34,1,0
1,2011-08-10 11:40:23.088737,3264,171197.0,71082625.0,36364331.0,480.96041193750006,52.45006127450981,21777.765012254902,141.0,140829.0,57935561.0,34390808.0,-40.22097551847179,33,1,0
1,2011-08-10 11:40:53.047495,3189,31164.0,15745189.0,1696385.0,443.4345842314205,9.772342427093132,4937.343681404829,-75.0,-140033.0,-55337436.0,-34667946.0,-37.52582770607955,57,1,0
1,2011-08-10 11:41:23.050589,3215,47553.0,29514562.0,2316685.0,498.11929327807155,14.790979782270606,9180.268118195956,26.0,16389.0,13769373.0,620300.0,54.68470904665105,32,1,0
1,2011-08-10 11:41:53.055653,3042,47374.0,35278482.0,1812959.0,530.348081973044,15.573307034845497,11597.13412228797,-173.0,-179.0,5763920.0,-503726.0,32.22878869497248,27,1,0
1,2011-08-10 11:42:23.049077,3148,36657.0,18131492.0,2130650.0,555.1972055447903,11.64453621346887,5759.686149936468,106.0,-10717.0,-17146990.0,317691.0,24.849123571746304,19,1,0
1,2011-08-10 11:42:53.049707,3388,63489.0,34302242.0,4219712.0,529.7363134849469,18.739374262101535,10124.628689492325,240.0,26832.0,16170750.0,2089062.0,-25.460892059843445,22,1,0
1,2011-08-10 11:43:23.072016,3236,237383.0,232737446.0,6254962.0,490.7533893569221,73.35692212608159,71921.3368355995,-152.0,173894.0,198435204.0,2035250.0,-38.98292412802476,29,1,0
1,2011-08-10 11:43:53.064644,3278,57875.0,40341104.0,13885966.0,506.0084254533252,17.655582672361195,12306.62111043319,42.0,-179508.0,-192396342.0,7631004.0,15.255036096403046,15,1,0
1,2011-08-10 11:44:23.050261,3302,34364.0,18948533.0,6833803.0,478.1389975729861,10.40702604482132,5738.501817080557,24.0,-23511.0,-21392571.0,-7052163.0,-27.86942788033906,24,1,0
1,2011-08-10 11:44:53.052742,3987,31434.0,14261524.0,2091109.0,419.1395766676699,7.884123401053424,3577.0062703787307,685.0,-2930.0,-4687009.0,-4742694.0,-58.999420905316185,15,1,0
1,2011-08-10 11:45:23.119921,2964,73397.0,85301298.0,1406788.0,494.4397883451417,24.762820512820515,28779.115384615383,-1023.0,41963.0,71039774.0,-684321.0,75.3002116774718,42,1,0
1,2011-08-10 11:45:53.065515,3285,65472.0,54043374.0,3263333.0,446.8405658575343,19.930593607305937,16451.559817351597,321.0,-7925.0,-31257924.0,1856545.0,-47.59922248760745,22,1,0
1,2011-08-10 11:46:23.048908,3031,49769.0,37679232.0,2007967.0,499.6768198050148,16.41999340151765,12431.287363906302,-254.0,-15703.0,-16364142.0,-1255366.0,52.83625394748054,38,1,0
1,2011-08-10 11:46:53.064956,3375,315899.0,176508129.0,148797455.0,560.8115544106666,93.59970370370371,52298.70488888889,344.0,266130.0,138828897.0,146789488.0,61.13473460565183,24,1,0
1,2011-08-10 11:47:23.052044,3492,105342.0,18376990.0,7189725.0,626.7165557310997,30.166666666666668,5262.597365406644,117.0,-210557.0,-158131139.0,-141607730.0,65.90500132043303,29,1,0
1,2011-08-10 11:47:53.095780,3292,77899.0,25625349.0,5747140.0,661.8231970085055,23.663122721749698,7784.127885783718,-200.0,-27443.0,7248359.0,-1442585.0,35.106641277405856,22,1,0
1,2011-08-10 11:48:23.049204,3575,70266.0,14728809.0,4463655.0,613.7569598290909,19.654825174825174,4119.946573426573,283.0,-7633.0,-10896540.0,-1283485.0,-48.06623717941466,30,1,0
1,2011-08-10 11:48:53.056634,3492,71185.0,27375245.0,4216106.0,533.9869918628293,20.38516609392898,7839.417239404353,-83.0,919.0,12646436.0,-247549.0,-79.76996796626156,21,1,0
1,2011-08-10 11:49:23.152418,3311,54698.0,20822413.0,3653305.0,553.873757103594,16.520084566596193,6288.859257022048,-181.0,-16487.0,-6552832.0,-562801.0,19.886765240764703,27,1,0
1,2011-08-10 11:49:53.049431,4009,60999.0,28883057.0,3711170.0,424.6183107585433,15.215515091045148,7204.554003492142,698.0,6301.0,8060644.0,57865.0,-129.2554463450507,24,1,0
1,2011-08-10 11:50:23.058149,3588,565027.0,560881269.0,13310157.0,505.41129598550725,157.47686733556299,156321.4239130435,-421.0,504028.0,531998212.0,9598987.0,80.79298522696394,37,1,0
1,2011-08-10 11:50:53.048055,3594,41524.0,15341130.0,2727097.0,516.8877545609349,11.55370061213133,4268.539232053422,6.0,-523503.0,-545540139.0,-10583060.0,11.476458575427671,28,1,0
1,2011-08-10 11:51:23.047549,3418,36061.0,14175679.0,2433115.0,563.936600623464,10.550321825629023,4147.3607372732595,-176.0,-5463.0,-1165451.0,-293982.0,47.04884606252904,29,1,0
1,2011-08-10 11:51:53.060743,3588,90500.0,49872336.0,6535345.0,492.207843766165,25.222965440356745,13899.759197324414,170.0,54439.0,35696657.0,4102230.0,-71.72875685729895,25,1,0
1,2011-08-10 11:52:23.086475,4002,51313.0,26616819.0,17245312.0,479.67087206146925,12.82183908045977,6650.879310344828,414.0,-39187.0,-23255517.0,10709967.0,-12.536971704695759,34,1,0
1,2011-08-10 11:52:53.078679,3941,46959.0,23868743.0,2859333.0,478.7210091563055,11.915503679269221,6056.519411316925,-61.0,-4354.0,-2748076.0,-14385979.0,-0.9498629051637408,21,1,0
1,2011-08-10 11:53:23.047525,3432,31281.0,11922864.0,2311409.0,568.8415196046037,9.11451048951049,3474.027972027972,-509.0,-15678.0,-11945879.0,-547924.0,90.1205104482982,23,1,0
1,2011-08-10 11:53:53.048750,3636,84642.0,72433952.0,3867292.0,562.9208713462596,23.278877887788777,19921.328932893288,204.0,53361.0,60511088.0,1555883.0,-5.920648258344158,24,1,0
1,2011-08-10 11:54:23.074912,3489,43555.0,22270959.0,3398676.0,571.4051508693035,12.483519633132703,6383.192605331041,-147.0,-41087.0,-50162993.0,-468616.0,8.484279523043938,26,1,0
1,2011-08-10 11:54:53.070973,3824,27474.0,9471904.0,1920149.0,487.13040705883895,7.184623430962343,2476.9623430962342,335.0,-16081.0,-12799055.0,-1478527.0,-84.27474381046454,25,1,0
1,2011-08-10 11:55:23.049434,3295,80158.0,53268082.0,28151392.0,585.5147534719272,24.327162367223064,16166.337481031867,-529.0,52684.0,43796178.0,26231243.0,98.38434641308822,28,1,0
1,2011-08-10 11:55:53.054501,3472,34717.0,14934749.0,2126597.0,547.2852173513825,9.99913594470046,4301.483006912443,177.0,-45441.0,-38333333.0,-26024795.0,-38.22953612054471,29,1,0
1,2011-08-10 11:56:23.059790,3277,36071.0,16743200.0,2487486.0,617.5332142114738,11.007323771742447,5109.307293256027,-195.0,1354.0,1808451.0,360889.0,70.24799686009135,33,1,0
1,2011-08-10 11:56:53.053520,3589,38177.0,14026106.0,3513216.0,570.1885905185288,10.6372248537197,3908.081916968515,312.0,2106.0,-2717094.0,1025730.0,-47.34462369294499,23,1,0
1,2011-08-10 11:57:23.047407,3642,65964.0,38833508.0,3970891.0,536.8190100420098,18.11202635914333,10662.687534321802,53.0,27787.0,24807402.0,457675.0,-33.36958047651899,35,1,0
1,2011-08-10 11:57:53.057069,2977,27821.0,7282458.0,1810410.0,672.2460128149144,9.345314074571716,2446.2405105811217,-665.0,-38143.0,-31551050.0,-2160481.0,135.42700277290453,17,1,0
1,2011-08-10 11:58:23.053609,3305,25284.0,7541773.0,1780202.0,613.5619202290469,7.650226928895613,2281.9282904689862,328.0,-2537.0,259315.0,-30208.0,-58.68409258586746,19,1,0
1,2011-08-10 11:58:53.077609,3488,37103.0,15938154.0,2136058.0,580.410107090883,10.637327981651376,4569.424885321101,183.0,11819.0,8396381.0,355856.0,-33.1518131381639,23,1,0
1,2011-08-10 11:59:23.112817,3359,104048.0,91695980.0,3999941.0,565.2557578993748,30.97588568026198,27298.594819886872,-129.0,66945.0,75757826.0,1863883.0,-15.154349191508231,16,1,0
1,2011-08-10 11:59:53.053225,3472,49415.0,25116566.0,3048469.0,543.3321527353111,14.232430875576037,7234.033986175115,113.0,-54633.0,-66579414.0,-951472.0,-21.9236051640637,27,1,0
1,2011-08-10 12:00:23.052492,3454,32428.0,12760563.0,2721284.0,568.300056545165,9.388535031847134,3694.430515344528,-18.0,-16987.0,-12356003.0,-327185.0,24.967903809853965,26,1,0
1,2011-08-10 12:00:53.082827,3754,56162.0,38900883.0,2691680.0,509.62043525865744,14.960575386254662,10362.515450186467,300.0,23734.0,26140320.0,-29604.0,-58.6796212865076,23,1,0
1,2011-08-10 12:01:23.049845,3343,24788.0,7326187.0,1790059.0,572.5691198007778,7.414896799282082,2191.500747831289,-411.0,-31374.0,-31574696.0,-901621.0,62.94868454212036,42,1,0
1,2011-08-10 12:01:53.064542,3207,38931.0,21689484.0,1931556.0,602.6868402213908,12.139382600561273,6763.169317118803,-136.0,14143.0,14363297.0,141497.0,30.117720420612955,22,1,0
1,2011-08-10 12:02:23.076780,3278,30958.0,7939280.0,2947965.0,612.7257602406955,9.44417327638804,2421.9890176937156,71.0,-7973.0,-13750204.0,1016409.0,10.038920019304783,25,1,0
1,2011-08-10 12:02:53.048199,3795,157836.0,111526576.0,6091223.0,547.7576163599473,41.5905138339921,29387.767061923583,517.0,126878.0,103587296.0,3143258.0,-64.96814388074824,24,1,0
1,2011-08-10 12:03:23.057397,3877,44159.0,23296500.0,2895939.0,513.5578268189322,11.389992262058293,6008.898632963632,82.0,-113677.0,-88230076.0,-3195284.0,-34.19978954101509,22,1,0
1,2011-08-10 12:03:53.048513,3338,41793.0,21538148.0,2962633.0,542.7172434718394,12.5203714799281,6452.411024565608,-539.0,-2366.0,-1758352.0,66694.0,29.159416652907225,38,1,0
1,2011-08-10 12:04:23.049798,3166,33410.0,16448819.0,2130938.0,553.1371260957044,10.552747946936197,5195.457675300063,-172.0,-8383.0,-5089329.0,-831695.0,10.419882623864964,22,1,0
1,2011-08-10 12:04:53.048497,3175,25638.0,8596535.0,1848012.0,601.5399672541732,8.074960629921259,2707.5700787401574,9.0,-7772.0,-7852284.0,-282926.0,48.402841158468846,31,1,0
1,2011-08-10 12:05:23.047521,3638,34227.0,15916479.0,2387538.0,537.3064111836173,9.408191313908741,4375.0629466739965,463.0,8589.0,7319944.0,539526.0,-64.23355607055589,26,1,0
1,2011-08-10 12:05:53.052038,3483,129353.0,88318088.0,16559501.0,545.6447540562733,37.13838644846397,25356.901521676715,-155.0,95126.0,72401609.0,14171963.0,8.338342872655971,22,1,0
1,2011-08-10 12:06:23.050575,3497,39407.0,20351018.0,2557113.0,549.3036251801544,11.26880183014012,5819.564769802688,14.0,-89946.0,-67967070.0,-14002388.0,3.658871123881113,41,1,0
1,2011-08-10 12:06:53.059149,3652,26927.0,10637151.0,1649835.0,510.82263624945233,7.373220153340635,2912.6919496166483,155.0,-12480.0,-9713867.0,-907278.0,-38.4809889307021,23,1,0
1,2011-08-10 12:07:23.070967,3487,28401.0,9592458.0,1847031.0,509.1912545709779,8.144823630628046,2750.9199885288212,-165.0,1474.0,-1044693.0,197196.0,-1.6313816784744404,22,1,0
1,2011-08-10 12:07:53.047476,3337,29094.0,12511145.0,2682738.0,628.8323593224453,8.718609529517531,3749.219358705424,-150.0,693.0,2918687.0,835707.0,119.64110475146742,20,1,0
1,2011-08-10 12:08:23.055351,3381,35683.0,19371015.0,2166065.0,559.7026258799172,10.553978112984325,5729.374445430346,44.0,6589.0,6859870.0,-516673.0,-69.12973344252816,21,1,0
1,2011-08-10 12:08:53.053351,3561,37338.0,19264699.0,2219457.0,501.31196760151647,10.485256950294861,5409.912664981746,180.0,1655.0,-106316.0,53392.0,-58.39065827840068,17,1,0
1,2011-08-10 12:09:23.052353,3023,28819.0,9717929.0,1839467.0,624.0780941700298,9.533245120740986,3214.663910023156,-538.0,-8519.0,-9546770.0,-379990.0,122.7661265685133,21,1,0
1,2011-08-10 12:09:53.066744,3251,35334.0,10976935.0,2187387.0,619.5542426573362,10.868655798215933,3376.4795447554598,228.0,6515.0,1259006.0,347920.0,-4.523851512693568,32,1,0
1,2011-08-10 12:10:23.106715,3057,22930.0,9336199.0,2687416.0,606.2246509735035,7.5008177952240755,3054.039581288845,-194.0,-12404.0,-1640736.0,500029.0,-13.329591683832746,30,1,0
1,2011-08-10 12:10:53.057835,3388,41020.0,23677322.0,7848292.0,524.3289091487603,12.107438016528926,6988.583825265643,331.0,18090.0,14341123.0,5160876.0,-81.89574182474314,20,1,0
1,2011-08-10 12:11:23.048593,2986,36953.0,25128083.0,1458567.0,599.7837069233087,12.375418620227729,8415.29906229069,-402.0,-4067.0,1450761.0,-6389725.0,75.45479777454841,37,1,0
1,2011-08-10 12:11:53.056128,2995,50267.0,40293040.0,1848470.0,557.8413687595994,16.783639398998332,13453.435726210351,9.0,13314.0,15164957.0,389903.0,-41.94233816370934,24,1,0
1,2011-08-10 12:12:23.055029,2880,22135.0,7453609.0,1656423.0,601.2723104142361,7.685763888888889,2588.0586805555554,-115.0,-28132.0,-32839431.0,-192047.0,43.43094165463674,18,1,0
1,2011-08-10 12:12:53.080146,3920,93999.0,93267447.0,26398909.0,472.44781955816325,23.979336734693877,23792.71607142857,1040.0,71864.0,85813838.0,24742486.0,-128.82449085607288,26,1,0
1,2011-08-10 12:13:23.047300,3369,27422.0,9549181.0,1776574.0,552.0813155013357,8.139507272187593,2834.4259424161473,-551.0,-66577.0,-83718266.0,-24622335.0,79.63349594317242,20,1,0
1,2011-08-10 12:13:53.065751,2969,42256.0,18030373.0,2044911.0,602.5198310151567,14.232401481980466,6072.8773997979115,-400.0,14834.0,8481192.0,268337.0,50.43851551382102,24,1,0
1,2011-08-10 12:14:23.054392,3551,34875.0,17672719.0,2233532.0,580.2819579738102,9.821177133201916,4976.828780625176,582.0,-7381.0,-357654.0,188621.0,-22.23787304134646,24,1,0
1,2011-08-10 12:14:53.052942,3334,27686.0,9331038.0,2521048.0,551.3917282621476,8.304139172165566,2798.751649670066,-217.0,-7189.0,-8341681.0,287516.0,-28.89022971166264,18,1,0
1,2011-08-10 12:15:23.079189,3181,54525.0,28363202.0,2972182.0,567.5060501999371,17.14083621502672,8916.441999371267,-153.0,26839.0,19032164.0,451134.0,16.114321937789555,39,1,0
1,2011-08-10 12:15:53.049789,3223,40006.0,21738842.0,2176078.0,517.6147736053366,12.412659013341607,6744.909090909091,42.0,-14519.0,-6624360.0,-796104.0,-49.89127659460053,26,1,0
1,2011-08-10 12:16:23.064203,3127,29374.0,8228802.0,2031777.0,628.2066617444835,9.393668052446435,2631.5324592260954,-96.0,-10632.0,-13510040.0,-144301.0,110.59188813914693,26,1,0
1,2011-08-10 12:16:53.049960,3204,24482.0,7349699.0,1723225.0,590.4540420190386,7.64107365792759,2293.91354556804,77.0,-4892.0,-879103.0,-308552.0,-37.7526197254449,27,1,0
1,2011-08-10 12:17:23.064357,3177,380623.0,465424145.0,5240495.0,558.102998972301,119.80579162732137,146497.99968523765,-27.0,356141.0,458074446.0,3517270.0,-32.351043046737686,28,1,0
1,2011-08-10 12:17:53.049301,3138,31275.0,10346566.0,1880074.0,569.3645015736138,9.966539196940726,3297.1848311026133,-39.0,-349348.0,-455077579.0,-3360421.0,11.261502601312827,38,1,0
1,2011-08-10 12:18:23.070289,3351,33655.0,16650449.0,2349676.0,533.656580603402,10.043270665472994,4968.800059683676,213.0,2380.0,6303883.0,469602.0,-35.70792097021183,19,1,0
1,2011-08-10 12:18:53.061672,3550,35711.0,13727421.0,2488490.0,469.94809809746477,10.05943661971831,3866.8791549295775,199.0,2056.0,-2923028.0,138814.0,-63.708482505937184,28,1,0
1,2011-08-10 12:19:23.057839,3323,34481.0,18355435.0,1740655.0,528.5571164143846,10.37646704784833,5523.7541378272645,-227.0,-1230.0,4628014.0,-747835.0,58.609018316919844,21,1,0
1,2011-08-10 12:19:53.052549,3391,32856.0,17748122.0,2089706.0,471.44637624152165,9.68917723385432,5233.890297847242,68.0,-1625.0,-607313.0,349051.0,-57.11074017286296,20,1,0
1,2011-08-10 12:20:23.064746,3408,38025.0,15743356.0,2591077.0,466.72748644219485,11.157570422535212,4619.529342723004,17.0,5169.0,-2004766.0,501371.0,-4.718889799326803,27,1,0
1,2011-08-10 12:20:53.059549,3721,34004.0,11954361.0,2688989.0,491.83030031953774,9.13840365493147,3212.674281107229,313.0,-4021.0,-3788995.0,97912.0,25.102813877342896,24,1,0
1,2011-08-10 12:21:23.081731,3660,87001.0,65801940.0,3429945.0,506.3861948773224,23.770765027322405,17978.67213114754,-61.0,52997.0,53847579.0,740956.0,14.555894557784654,26,1,0
1,2011-08-10 12:21:53.067056,3414,1607186.0,1602663628.0,39074541.0,514.6149548107792,470.7633274751025,469438.6725248975,-246.0,1520185.0,1536861688.0,35644596.0,8.228759933456786,22,1,0
1,2011-08-10 12:22:23.065873,3572,2739541.0,2726372732.0,2638014971.0,485.2627835901456,766.9487681970885,763262.2430011198,158.0,1132355.0,1123709104.0,2598940430.0,-29.35217122063358,21,1,0
1,2011-08-10 12:22:53.070844,3284,29970.0,11183891.0,1800216.0,515.139590611145,9.126065773447015,3405.5697320341046,-288.0,-2709571.0,-2715188841.0,-2636214755.0,29.876807020999365,21,1,0
1,2011-08-10 12:23:23.051022,3327,27150.0,9980158.0,1723457.0,545.6613335551548,8.160504959422903,2999.7469191463783,43.0,-2820.0,-1203733.0,-76759.0,30.521742944009816,24,1,0
1,2011-08-10 12:23:53.055502,3309,28741.0,10562757.0,1943199.0,543.7198157401027,8.685705651254155,3192.1296464188576,-18.0,1591.0,582599.0,219742.0,-1.941517815052066,25,1,0
1,2011-08-10 12:24:23.070121,3214,38030.0,15314461.0,2489074.0,519.7133712604232,11.832607342874923,4764.922526446795,-95.0,9289.0,4751704.0,545875.0,-24.006444479679544,17,1,0
1,2011-08-10 12:24:53.115609,3476,59200.0,30700367.0,2758700.0,553.3541626429804,17.03107019562716,8832.096375143843,262.0,21170.0,15385906.0,269626.0,33.64079138255727,24,1,0
1,2011-08-10 12:25:23.089357,3408,27627.0,11532625.0,1712808.0,477.0598078764671,8.106514084507042,3383.986208920188,-68.0,-31573.0,-19167742.0,-1045892.0,-76.29435476651332,31,1,0
1,2011-08-10 12:25:53.057679,3455,53754.0,38723770.0,2521160.0,461.4396217455861,15.558321273516643,11208.037626628075,47.0,26127.0,27191145.0,808352.0,-15.620186130880995,25,1,0
1,2011-08-10 12:26:23.055499,3314,48056.0,30373074.0,7956764.0,499.12477873144235,14.500905250452625,9165.07966203983,-141.0,-5698.0,-8350696.0,5435604.0,37.685156985856224,19,1,0
1,2011-08-10 12:26:53.052458,3456,51851.0,34219208.0,2841953.0,460.038693844618,15.00318287037037,9901.391203703704,142.0,3795.0,3846134.0,-5114811.0,-39.086084886824324,28,1,0
1,2011-08-10 12:27:23.083098,3360,115830.0,86914064.0,25186204.0,494.3746979297619,34.473214285714285,25867.280952380952,-96.0,63979.0,52694856.0,22344251.0,34.336004085143884,20,1,0
1,2011-08-10 12:27:53.056484,3416,53778.0,40795586.0,2039487.0,524.883381772541,15.742974238875878,11942.50175644028,56.0,-62052.0,-46118478.0,-23146717.0,30.508683842779135,14,1,0
1,2011-08-10 12:28:23.049201,3503,45180.0,18990110.0,11119397.0,469.6425069803026,12.897516414501856,5421.099057950329,87.0,-8598.0,-21805476.0,9079910.0,-55.24087479223846,24,1,0
1,2011-08-10 12:28:53.065593,3733,42562.0,19703757.0,2829183.0,425.10331095231714,11.401553710152692,5278.2633270827755,230.0,-2618.0,713647.0,-8290214.0,-44.53919602798544,314,1,0
1,2011-08-10 12:29:23.053059,3387,43258.0,27068789.0,16154362.0,491.06264003336287,12.771774431650428,7991.966046648952,-346.0,696.0,7365032.0,13325179.0,65.95932908104572,30,1,0
1,2011-08-10 12:29:53.060549,3534,31406.0,14524295.0,1907147.0,445.1440898016412,8.886813808715337,4109.874080362196,147.0,-11852.0,-12544494.0,-14247215.0,-45.91855023172167,51,1,0
1,2011-08-10 12:30:23.056296,3623,47129.0,26047280.0,2946017.0,436.2620387637317,13.00828043058239,7189.42313000276,89.0,15723.0,11522985.0,1038870.0,-8.882051037909491,29,1,0
1,2011-08-10 12:30:53.073252,4345,267982.0,232140185.0,98986260.0,402.22011099286533,61.675949367088606,53426.97008055236,722.0,220853.0,206092905.0,96040243.0,-34.04192777086638,346,1,0
1,2011-08-10 12:31:23.049558,3564,49635.0,30837600.0,2306673.0,493.53679782463524,13.926767676767676,8652.525252525253,-781.0,-218347.0,-201302585.0,-96679587.0,91.31668683176991,116,1,0
1,2011-08-10 12:31:53.062135,3147,78492.0,49630312.0,3590360.0,497.1337104076898,24.94184938036225,15770.67429297744,-417.0,28857.0,18792712.0,1283687.0,3.596912583054575,92,1,0
1,2011-08-10 12:32:23.049922,3513,75365.0,45574186.0,26050996.0,463.7384357597495,21.45317392541987,12973.010532308568,366.0,-3127.0,-4056126.0,22460636.0,-33.39527464794031,44,1,0
1,2011-08-10 12:32:53.059289,3634,265702.0,299776937.0,14555490.0,381.58259324876167,73.1155751238305,82492.27765547606,121.0,190337.0,254202751.0,-11495506.0,-82.15584251098784,55,1,0
1,2011-08-10 12:33:23.051154,3781,70037.0,33903100.0,8467727.0,423.09297820391436,18.523406506215288,8966.701930706162,147.0,-195665.0,-265873837.0,-6087763.0,41.51038495515269,37,1,0
1,2011-08-10 12:33:53.047877,3514,164078.0,141977125.0,79309795.0,403.83190091007395,46.69265793966989,40403.2797381901,-267.0,94041.0,108074025.0,70842068.0,-19.2610772938404,36,1,0
1,2011-08-10 12:34:23.054114,3302,33692.0,15544791.0,6018516.0,452.7406029591157,10.203513022410661,4707.689582071472,-212.0,-130386.0,-126432334.0,-73291279.0,48.90870204904172,40,1,0
1,2011-08-10 12:34:53.049439,4268,42643.0,25074214.0,2424667.0,397.2303964517338,9.99133083411434,5874.932989690722,966.0,8951.0,9529423.0,-3593849.0,-55.510206507381895,48,1,0
1,2011-08-10 12:35:23.047329,3671,36801.0,16852106.0,2211888.0,380.9400931879597,10.024788885862163,4590.603650231545,-597.0,-5842.0,-8222108.0,-212779.0,-16.290303263774092,40,1,0
1,2011-08-10 12:35:53.060446,3719,31249.0,15136862.0,2435800.0,370.67089013605806,8.402527561172358,4070.143049206776,48.0,-5552.0,-1715244.0,223912.0,-10.269203051901627,31,1,0
1,2011-08-10 12:36:23.050667,3826,57065.0,34949446.0,3789176.0,417.97255730763203,14.915054887611083,9134.721902770518,107.0,25816.0,19812584.0,1353376.0,47.30166717157397,39,1,0
1,2011-08-10 12:36:53.073755,3644,47282.0,26723172.0,9253805.0,404.95708892069155,12.97530186608123,7333.4720087815585,-182.0,-9783.0,-8226274.0,5464629.0,-13.015468386940483,36,1,0
1,2011-08-10 12:37:23.054540,3381,33611.0,15307544.0,3591180.0,438.5831182673765,9.941141674060928,4527.51966873706,-263.0,-13671.0,-11415628.0,-5662625.0,33.62602934668496,24,1,0
1,2011-08-10 12:37:53.050228,3559,40405.0,20252638.0,6626923.0,392.7115581019949,11.3529081202585,5690.541725203709,178.0,6794.0,4945094.0,3035743.0,-45.871560165381595,48,1,0
1,2011-08-10 12:38:23.049550,3004,23159.0,8973217.0,1488357.0,478.91248355159786,7.709387483355526,2987.0895472703064,-555.0,-17246.0,-11279421.0,-5138566.0,86.20092544960295,20,1,0
1,2011-08-10 12:38:53.049080,3617,39237.0,16608637.0,2828468.0,407.4802161509538,10.847940282001659,4591.826651921482,613.0,16078.0,7635420.0,1340111.0,-71.43226740064404,26,1,0
1,2011-08-10 12:39:23.059831,3491,33243.0,16718535.0,2069044.0,431.1701534242338,9.5224863935835,4789.0389573188195,-126.0,-5994.0,109898.0,-759424.0,23.689937273279952,19,1,0
1,2011-08-10 12:39:53.064967,3687,43354.0,20787741.0,3112747.0,446.53405534255495,11.758611337130459,5638.1179820992675,196.0,10111.0,4069206.0,1043703.0,15.363901918321176,23,1,0
1,2011-08-10 12:40:23.066283,3148,28092.0,11642559.0,2642763.0,408.34693557750956,8.923761118170267,3698.398665819568,-539.0,-15262.0,-9145182.0,-469984.0,-38.187119765045395,23,1,0
1,2011-08-10 12:40:53.063048,3330,57562.0,31412702.0,11472904.0,457.31559812702704,17.285885885885886,9433.243843843844,182.0,29470.0,19770143.0,8830141.0,48.96866254951749,30,1,0
1,2011-08-10 12:41:23.051984,3144,23355.0,8517211.0,1551690.0,545.5982219109414,7.4284351145038165,2709.0365776081426,-186.0,-34207.0,-22895491.0,-9921214.0,88.2826237839144,35,1,0
1,2011-08-10 12:41:53.063294,2975,28823.0,14067558.0,1812399.0,505.91737697411764,9.688403361344538,4728.590924369748,-169.0,5468.0,5550347.0,260709.0,-39.6808449368238,27,1,0
1,2011-08-10 12:42:23.075742,4499,45229.0,17716962.0,4652380.0,976.908440023783,10.0531229162036,3937.9777728384083,1524.0,16406.0,3649404.0,2839981.0,470.99106304966534,21,1,0
1,2011-08-10 12:42:53.113343,3270,38742.0,18668846.0,3027239.0,501.0922377036697,11.847706422018348,5709.127217125382,-1229.0,-6487.0,951884.0,-1625141.0,-475.8162023201133,27,1,0
1,2011-08-10 12:43:23.062698,3098,64316.0,32873461.0,2974976.0,528.7186859070368,20.760490639122015,10611.188185926405,-172.0,25574.0,14204615.0,-52263.0,27.626448203367147,25,1,0
1,2011-08-10 12:43:53.056493,3471,94215.0,74819321.0,32288119.0,443.1472927559781,27.143474503025065,21555.552002304812,373.0,29899.0,41945860.0,29313143.0,-85.57139315105871,20,1,0
1,2011-08-10 12:44:23.054485,3086,34685.0,19432726.0,1841625.0,476.1078287757615,11.239468567725211,6297.059624108879,-385.0,-59530.0,-55386595.0,-30446494.0,32.960536019783376,21,1,0
1,2011-08-10 12:44:53.062868,3806,53423.0,33819508.0,4303213.0,418.9001101763006,14.036521282186023,8885.840252233316,720.0,18738.0,14386782.0,2461588.0,-57.20771859946092,19,1,0
1,2011-08-10 12:45:23.049276,3439,27085.0,10683699.0,2256568.0,452.4380774952021,7.875835998836871,3106.6295434719395,-367.0,-26338.0,-23135809.0,-2046645.0,33.53796731890151,27,1,0
1,2011-08-10 12:45:53.049215,3178,36665.0,19982678.0,2640875.0,507.1731002545626,11.537130270610447,6287.815607300189,-261.0,9580.0,9298979.0,384307.0,54.735022759360504,17,1,0
1,2011-08-10 12:46:23.068194,3197,31198.0,15425135.0,2039705.0,493.49559097466374,9.758523615889898,4824.87801063497,19.0,-5467.0,-4557543.0,-601170.0,-13.677509279898857,16,1,0
1,2011-08-10 12:46:53.049949,3685,236963.0,104518207.0,67724839.0,490.7565897880597,64.30474898236092,28363.149796472186,488.0,205765.0,89093072.0,65685134.0,-2.739001186604014,27,1,0
1,2011-08-10 12:47:23.075697,4196,105369.0,24509380.0,6782494.0,414.90175775953287,25.11177311725453,5841.129647283126,511.0,-131594.0,-80008827.0,-60942345.0,-75.85483202852686,18,1,0
1,2011-08-10 12:47:53.047508,3224,71775.0,18924311.0,5723186.0,603.7375671783499,22.26271712158809,5869.823511166253,-972.0,-33594.0,-5585069.0,-1059308.0,188.835809418817,21,1,0
1,2011-08-10 12:48:23.070428,3224,72587.0,22960529.0,4555141.0,522.7562131215881,22.514578163771713,7121.7521712158805,0.0,812.0,4036218.0,-1168045.0,-80.9813540567618,14,1,0
1,2011-08-10 12:48:53.069986,3598,65553.0,18367375.0,4411903.0,531.6125909519177,18.21928849360756,5104.884658143413,374.0,-7034.0,-4593154.0,-143238.0,8.85637783032962,28,1,0
1,2011-08-10 12:49:23.097620,3074,66707.0,28120856.0,3968929.0,607.7509189056603,21.70039037085231,9147.968770331816,-524.0,1154.0,9753481.0,-442974.0,76.13832795374265,18,1,0
1,2011-08-10 12:49:53.050017,3496,59853.0,24691254.0,11182944.0,538.4124852645881,17.1204233409611,7062.7156750572085,422.0,-6854.0,-3429602.0,7214015.0,-69.33843364107224,47,1,0
1,2011-08-10 12:50:23.052179,3414,83788.0,55883848.0,4027972.0,565.852742420621,24.54247217340363,16369.024018746339,-82.0,23935.0,31192594.0,-7154972.0,27.440257156032885,24,1,0
1,2011-08-10 12:50:53.052162,3649,62331.0,37434154.0,3169763.0,488.6000282302,17.081666209920527,10258.743217319814,235.0,-21457.0,-18449694.0,-858209.0,-77.25271419042099,89,1,0
1,2011-08-10 12:51:23.061112,3391,51362.0,24437620.0,4268445.0,521.5476613134769,15.146564435269832,7206.611618991448,-258.0,-10969.0,-12996534.0,1098682.0,32.947633083276855,40,1,0
1,2011-08-10 12:51:53.054535,4205,686578.0,725185147.0,14355281.0,364.5219007914388,163.27657550535076,172457.8233055886,814.0,635216.0,700747527.0,10086836.0,-157.02576052203807,26,1,0
1,2011-08-10 12:52:23.067588,3288,35942.0,14651391.0,2965635.0,453.9371187192822,10.931265206812652,4456.019160583942,-917.0,-650636.0,-710533756.0,-11389646.0,89.4152179278434,26,1,0
1,2011-08-10 12:52:53.067805,3705,103338.0,102200575.0,4922789.0,485.5987536094467,27.891497975708504,27584.500674763833,417.0,67396.0,87549184.0,1957154.0,31.66163489016452,32,1,0
1,2011-08-10 12:53:23.056965,3100,31417.0,12637347.0,2654653.0,509.3844128716129,10.134516129032258,4076.563548387097,-605.0,-71921.0,-89563228.0,-2268136.0,23.785659262166178,22,1,0
1,2011-08-10 12:53:53.048341,3887,46466.0,24944648.0,2916773.0,423.3577052799074,11.954206328788269,6417.455106766143,787.0,15049.0,12307301.0,262120.0,-86.02670759170547,30,1,0
1,2011-08-10 12:54:23.047449,3303,28276.0,9975442.0,2879295.0,561.163763626703,8.560702391765062,3020.115652437178,-584.0,-18190.0,-14969206.0,-37478.0,137.80605834679562,21,1,0
1,2011-08-10 12:54:53.050181,3273,494358.0,532612599.0,259841064.0,576.488952970058,151.04124656278643,162729.17781851513,-30.0,466082.0,522637157.0,256961769.0,15.325189343354964,33,1,0
1,2011-08-10 12:55:23.052294,3483,49367.0,31279315.0,2887109.0,501.28200833304624,14.17370083261556,8980.567039908125,210.0,-444991.0,-501333284.0,-256953955.0,-75.20694463701176,23,1,0
1,2011-08-10 12:55:53.058154,3697,52024.0,30403726.0,7124338.0,459.4062066386259,14.071950229916148,8223.891263186368,214.0,2657.0,-875589.0,4237229.0,-41.87580169442032,315,1,0
1,2011-08-10 12:56:23.048837,3163,31076.0,10176917.0,2237330.0,582.0660432269997,9.824849826114448,3217.4887764780274,-534.0,-20948.0,-20226809.0,-4887008.0,122.65983658837376,36,1,0
1,2011-08-10 12:56:53.061347,3638,56185.0,33198104.0,15121103.0,448.9133896500825,15.44392523364486,9125.372182517867,475.0,25109.0,23021187.0,12883773.0,-133.1526535769172,204,1,0
1,2011-08-10 12:57:23.065929,3715,102696.0,67992410.0,8965991.0,456.3844854847914,27.643606998654104,18302.129205921938,77.0,46511.0,34794306.0,-6155112.0,7.471095834708933,34,1,0
1,2011-08-10 12:57:53.054499,4072,46390.0,21936209.0,3228448.0,420.1186689005403,11.392436149312378,5387.084724950884,357.0,-56306.0,-46056201.0,-5737543.0,-36.26581658425113,303,1,0
1,2011-08-10 12:58:23.067395,3413,41504.0,16881778.0,2755734.0,570.806129553179,12.160562554937005,4946.316437152065,-659.0,-4886.0,-5054431.0,-472714.0,150.68746065263866,98,1,0
1,2011-08-10 12:58:53.077747,3796,81523.0,52727802.0,3763682.0,468.72214698129613,21.476027397260275,13890.358798735511,383.0,40019.0,35846024.0,1007948.0,-102.08398257188281,311,1,0
1,2011-08-10 12:59:23.127809,3218,37824.0,11325983.0,3645003.0,640.8275610904288,11.753884400248602,3519.572094468614,-578.0,-43699.0,-41401819.0,-118679.0,172.1054141091327,20,1,0
1,2011-08-10 12:59:53.053865,3552,161715.0,141616167.0,9070703.0,582.0358392761825,45.52787162162162,39869.41638513513,334.0,123891.0,130290184.0,5425700.0,-58.79172181424633,122,1,0
1,2011-08-10 13:00:23.057167,3131,231665.0,210604816.0,9624396.0,570.367077125519,73.99073778345577,67264.39348450974,-421.0,69950.0,68988649.0,553693.0,-11.668762150663497,18,1,0
1,2011-08-10 13:00:53.064854,3647,1554715.0,1554431134.0,1505990272.0,495.9985401425829,426.29969838223195,426221.8629010145,516.0,1323050.0,1343826318.0,1496365876.0,-74.36853698293612,94,1,0
1,2011-08-10 13:01:23.076040,4006,50325.0,25905332.0,7543528.0,540.3220741737393,12.56240639041438,6466.633050424363,359.0,-1504390.0,-1528525802.0,-1498446744.0,44.32353403115644,366,1,0
1,2011-08-10 13:01:53.058712,3769,43678.0,21473440.0,3611879.0,504.92870712072164,11.588750331652959,5697.3839214645795,-237.0,-6647.0,-4431892.0,-3931649.0,-35.3933670530177,220,1,0
1,2011-08-10 13:02:23.061083,3647,89532.0,77713943.0,5618721.0,510.7717800951467,24.54949273375377,21309.00548395942,-122.0,45854.0,56240503.0,2006842.0,5.84307297442507,215,1,0
1,2011-08-10 13:02:53.053161,3779,105368.0,67501387.0,6522847.0,551.0448099169092,27.882508600158772,17862.23524741995,132.0,15836.0,-10212556.0,904126.0,40.27302982176252,216,1,0
1,2011-08-10 13:03:23.057064,3604,27041.0,7760890.0,2051110.0,496.9389034162042,7.5030521642619314,2153.410099889012,-175.0,-78327.0,-59740497.0,-4471737.0,-54.10590650070503,296,1,0
1,2011-08-10 13:03:53.057956,3482,30900.0,9330832.0,2250007.0,504.55373270706485,8.87421022400919,2679.7334865020102,-122.0,3859.0,1569942.0,198897.0,7.614829290860655,218,1,0
1,2011-08-10 13:04:23.057863,3819,57008.0,33685317.0,15504424.0,476.30169458837395,14.927467923540194,8820.45483110762,337.0,26108.0,24354485.0,13254417.0,-28.252038118690905,465,1,0
1,2011-08-10 13:04:53.062429,3383,42734.0,24626213.0,2269355.0,512.4146552760863,12.63198344664499,7279.4008276677505,-436.0,-14274.0,-9059104.0,-13235069.0,36.1129606877123,50,1,0
1,2011-08-10 13:05:23.088810,3378,85257.0,50234989.0,4740271.0,496.28601841681467,25.238898756660745,14871.22232089994,-5.0,42523.0,25608776.0,2470916.0,-16.12863685927158,275,1,0
1,2011-08-10 13:05:53.077949,3203,114222.0,78915282.0,3924488.0,511.3951583983765,35.66094286606307,24637.927567905088,-175.0,28965.0,28680293.0,-815783.0,15.109139981561839,53,1,0
1,2011-08-10 13:06:23.048901,3893,193467.0,174270937.0,5948022.0,470.74476912920625,49.69612124325713,44765.20344207552,690.0,79245.0,95355655.0,2023534.0,-40.65038926917026,242,1,0
1,2011-08-10 13:06:53.064323,4072,48085.0,28552567.0,2908897.0,490.175428672888,11.80869351669941,7011.927062868369,179.0,-145382.0,-145718370.0,-3039125.0,19.43065954368177,63,1,0
1,2011-08-10 13:07:23.052921,3749,112970.0,90607225.0,4109589.0,515.4878696703121,30.1333688983729,24168.371565750866,-323.0,64885.0,62054658.0,1200692.0,25.312440997424062,153,1,0
1,2011-08-10 13:07:53.057057,3783,75988.0,47244866.0,9905202.0,509.43552292175525,20.08670367433254,12488.730108379594,34.0,-36982.0,-43362359.0,5795613.0,-6.052346748556829,61,1,0
1,2011-08-10 13:08:23.058866,3719,27185.0,10087131.0,1811838.0,477.1786322366227,7.309760688357085,2712.323474052165,-64.0,-48803.0,-37157735.0,-8093364.0,-32.25689068513253,274,1,0
1,2011-08-10 13:08:53.081327,4064,49156.0,22236824.0,7789926.0,424.8390381535433,12.095472440944881,5471.6594488188975,345.0,21971.0,12149693.0,5978088.0,-52.33959408307942,70,1,0
1,2011-08-10 13:09:23.049354,4582,82635.0,55579021.0,8654283.0,411.83965045395024,18.034701003928415,12129.860541248363,518.0,33479.0,33342197.0,864357.0,-12.999387699593058,192,1,0
1,2011-08-10 13:09:53.066634,3556,37006.0,12349700.0,2555566.0,510.56016806242974,10.406636670416198,3472.9190101237346,-1026.0,-45629.0,-43229321.0,-6098717.0,98.7205176084795,56,1,0
1,2011-08-10 13:10:23.089254,4033,63800.0,38201381.0,3596656.0,442.03659956930323,15.819489213984626,9472.199603272999,477.0,26794.0,25851681.0,1041090.0,-68.5235684931265,262,1,0
1,2011-08-10 13:10:53.056497,4117,188858.0,204515885.0,6610276.0,441.7210681967452,45.872722856448874,49675.94972067039,84.0,125058.0,166314504.0,3013620.0,-0.3155313725580413,73,1,0
1,2011-08-10 13:11:23.060216,3961,112395.0,92070756.0,7203345.0,433.20450444281744,28.375410249936884,23244.32113102752,-156.0,-76463.0,-112445129.0,593069.0,-8.516563753927755,211,1,0
1,2011-08-10 13:11:53.053921,3768,129294.0,111324055.0,64384229.0,503.87659687898093,34.31369426751592,29544.600583864118,-193.0,16899.0,19253299.0,57180884.0,70.6720924361635,37,1,0
1,2011-08-10 13:12:23.047298,3611,37442.0,16852351.0,2571833.0,479.6788861260039,10.368872888396567,4666.948490722792,-157.0,-91852.0,-94471704.0,-61812396.0,-24.19771075297706,319,1,0
1,2011-08-10 13:12:53.094515,3233,33061.0,16462227.0,1903139.0,480.787838273121,10.226105784101454,5091.935354160223,-378.0,-4381.0,-390124.0,-668694.0,1.1089521471171224,79,1,0
1,2011-08-10 13:13:23.049161,3995,50246.0,26503309.0,3440901.0,463.294778135169,12.577221526908636,6634.119899874843,762.0,17185.0,10041082.0,1537762.0,-17.493060137952,260,1,0
1,2011-08-10 13:13:53.059274,3912,57502.0,35509659.0,3089008.0,463.4594142305726,14.698875255623722,9077.111196319018,-83.0,7256.0,9006350.0,-351893.0,0.16463609540357993,81,1,0
1,2011-08-10 13:14:23.050195,3678,43134.0,17603437.0,2254336.0,444.257612391789,11.727569331158238,4786.143828167483,-234.0,-14368.0,-17906222.0,-834672.0,-19.20180183878358,300,1,0
1,2011-08-10 13:14:53.048667,3968,30576.0,10628043.0,2681522.0,423.04806270740926,7.705645161290323,2678.4382560483873,290.0,-12558.0,-6975394.0,427186.0,-21.209549684379738,78,1,0
1,2011-08-10 13:15:23.048004,4606,95335.0,81401115.0,57991497.0,356.56325773078595,20.69800260529744,17672.843030829354,638.0,64759.0,70773072.0,55309975.0,-66.48480497662331,854,1,0
1,2011-08-10 13:15:53.055599,4424,38801.0,15043829.0,2679217.0,409.3274169676763,8.770569620253164,3400.5038426763113,-182.0,-56534.0,-66357286.0,-55312280.0,52.76415923689035,147,1,0
1,2011-08-10 13:16:23.054491,4072,39773.0,18420109.0,2927758.0,447.6210432539293,9.767436149312378,4523.6024066797645,-352.0,972.0,3376280.0,248541.0,38.293626286253016,574,1,0
1,2011-08-10 13:16:53.055622,3648,38366.0,14756095.0,2522104.0,481.52846442461623,10.516995614035087,4044.982182017544,-424.0,-1407.0,-3664014.0,-405654.0,33.907421170686916,119,1,0
1,2011-08-10 13:17:23.057880,4119,35347.0,14131441.0,2439205.0,410.77695379266817,8.58145180869143,3430.7941247875697,471.0,-3019.0,-624654.0,-82899.0,-70.75151063194807,539,1,0
1,2011-08-10 13:17:53.050903,4175,83428.0,56831702.0,8430847.0,413.80364614874253,19.982754491017964,13612.38371257485,56.0,48081.0,42700261.0,5991642.0,3.0266923560743635,158,1,0
1,2011-08-10 13:18:23.057381,3434,27390.0,9365137.0,1962228.0,489.758577012813,7.976121141525917,2727.18025626092,-741.0,-56038.0,-47466565.0,-6468619.0,75.95493086407049,144,1,0
1,2011-08-10 13:18:53.055472,8642,42926.0,11500208.0,3385157.0,192.78951316535523,4.9671372367507525,1330.7345521869938,5208.0,15536.0,2135071.0,1422929.0,-296.9690638474578,125,1,0
1,2011-08-10 13:19:23.056845,4528,46295.0,21378044.0,5849937.0,372.5809933975265,10.224160777385158,4721.299469964664,-4114.0,3369.0,9877836.0,2464780.0,179.7914802321713,126,1,0
1,2011-08-10 13:19:53.051033,4053,47809.0,25280851.0,5386728.0,549.8004255006168,11.795953614606464,6237.565013570195,-475.0,1514.0,3902807.0,-463209.0,177.2194321030903,106,1,0
1,2011-08-10 13:20:23.091671,3354,50946.0,29605894.0,6203423.0,491.88888447883124,15.189624329159212,8827.040548598688,-699.0,3137.0,4325043.0,816695.0,-57.91154102178558,137,1,0
1,2011-08-10 13:20:53.049422,4011,49717.0,25581043.0,4935047.0,413.6785206551982,12.395163300922464,6377.722014460234,657.0,-1229.0,-4024851.0,-1268376.0,-78.21036382363303,105,1,0
1,2011-08-10 13:21:23.050346,3258,26709.0,7666508.0,1899855.0,452.8478102194598,8.197974217311234,2353.133210558625,-753.0,-23008.0,-17914535.0,-3035192.0,39.16928956426159,68,1,0
1,2011-08-10 13:21:53.057998,3647,58002.0,36191127.0,3095842.0,462.3047680767754,15.904030710172744,9923.53358925144,389.0,31293.0,28524619.0,1195987.0,9.456957857315615,75,1,0
1,2011-08-10 13:22:23.053387,3974,46905.0,28017049.0,3632272.0,429.5726779033719,11.802969300452943,7050.087820835431,327.0,-11097.0,-8174078.0,536430.0,-32.73209017340349,79,1,0
1,2011-08-10 13:22:53.058153,3496,69588.0,32422255.0,3761510.0,492.70938682580095,19.905034324942793,9274.100400457666,-478.0,22683.0,4405206.0,129238.0,63.13670892242902,59,1,0
1,2011-08-10 13:23:23.055689,3119,33040.0,18142606.0,1746710.0,554.1158807444695,10.593138826546971,5816.802180185957,-377.0,-36548.0,-14279649.0,-2014800.0,61.4064939186685,39,1,0
1,2011-08-10 13:23:53.074378,3758,38788.0,18040325.0,3077806.0,452.7792620119745,10.321447578499201,4800.512240553486,639.0,5748.0,-102281.0,1331096.0,-101.33661873249497,25,1,0
1,2011-08-10 13:24:23.055880,4300,42978.0,18597027.0,5688297.0,405.98415718534886,9.994883720930233,4324.89,542.0,4190.0,556702.0,2610491.0,-46.79510482662562,323,1,0
1,2011-08-10 13:24:53.055363,3112,24950.0,8225200.0,1929883.0,501.8545720221722,8.017352185089974,2643.0591259640105,-1188.0,-18028.0,-10371827.0,-3758414.0,95.87041483682333,15,1,0
1,2011-08-10 13:25:23.047728,3650,31918.0,14270024.0,2149029.0,461.06196935534246,8.744657534246576,3909.595616438356,538.0,6968.0,6044824.0,219146.0,-40.79260266682974,169,1,0
1,2011-08-10 13:25:53.065016,4043,43021.0,20291895.0,2885496.0,484.5734673002721,10.640860746970072,5019.019292604502,393.0,11103.0,6021871.0,736467.0,23.51149794492966,18,1,0
1,2011-08-10 13:26:23.049498,4914,47142.0,18778483.0,7610315.0,353.0491099249084,9.593406593406593,3821.425111925112,871.0,4121.0,-1513412.0,4724819.0,-131.5243573753637,340,1,0
1,2011-08-10 13:26:53.050823,3491,80965.0,60530523.0,17494840.0,474.18311842308793,23.19249498710971,17339.02119736465,-1423.0,33823.0,41752040.0,9884525.0,121.13400849817953,70,1,0
1,2011-08-10 13:27:23.058931,4297,82174.0,52620131.0,10148487.0,383.18780661554575,19.12357458692111,12245.783337212008,806.0,1209.0,-7910392.0,-7346353.0,-90.99531180754218,645,1,0
1,2011-08-10 13:27:53.050841,3594,26288.0,8603885.0,1919075.0,459.3635735584307,7.314412910406233,2393.9579855314414,-703.0,-55886.0,-44016246.0,-8229412.0,76.17576694288493,107,1,0
1,2011-08-10 13:28:23.074252,3836,46062.0,19155242.0,2700081.0,443.81285482716373,12.007820646506778,4993.545881126173,242.0,19774.0,10551357.0,781006.0,-15.550718731266954,531,1,0
1,2011-08-10 13:28:53.051985,4258,46980.0,25815070.0,2612964.0,408.9049049701738,11.033348990136215,6062.721935180836,422.0,918.0,6659828.0,-87117.0,-34.907949856989944,113,1,0
1,2011-08-10 13:29:23.055057,3751,127839.0,120661029.0,3464510.0,486.30350958251137,34.0813116502266,32167.69634764063,-507.0,80859.0,94845959.0,851546.0,77.39860461233758,313,1,0
1,2011-08-10 13:29:53.064491,3389,58985.0,48182793.0,2274398.0,520.0153510852759,17.404839185600473,14217.407199763942,-362.0,-68854.0,-72478236.0,-1190112.0,33.71184150276457,80,1,0
1,2011-08-10 13:30:23.051747,3536,93509.0,74031777.0,4401144.0,483.248554007353,26.44485294117647,20936.588518099546,147.0,34524.0,25848984.0,2126746.0,-36.766797077922945,497,1,0
1,2011-08-10 13:30:53.049569,3347,29922.0,12030396.0,4990351.0,473.3122173164028,8.939946220495967,3594.3818344786378,-189.0,-63587.0,-62001381.0,589207.0,-9.936336690950213,77,1,0
1,2011-08-10 13:31:23.082305,3632,42023.0,23618865.0,5123475.0,418.9630921773128,11.570209251101321,6502.991464757709,285.0,12101.0,11588469.0,133124.0,-54.349125139090006,363,1,0
1,2011-08-10 13:31:53.060306,3703,288891.0,329840523.0,5364157.0,570.6878398509317,78.01539292465569,89073.86524439644,71.0,246868.0,306221658.0,240682.0,151.72474767361894,91,1,0
1,2011-08-10 13:32:23.054104,4137,235363.0,211815377.0,83380124.0,387.24170385665946,56.89219240995891,51200.236161469664,434.0,-53528.0,-118025146.0,78015967.0,-183.44613599427225,1029,1,0
1,2011-08-10 13:32:53.050906,3743,51052.0,32886380.0,5103979.0,428.6505243435747,13.639326743254074,8786.10205717339,-394.0,-184311.0,-178928997.0,-78276145.0,41.40882048691526,215,1,0
1,2011-08-10 13:33:23.064820,3804,143794.0,86947727.0,9165949.0,442.6880574290221,37.800736067297585,22856.92087276551,61.0,92742.0,54061347.0,4061970.0,14.037533085447365,526,1,0
1,2011-08-10 13:33:53.058139,3281,158574.0,139803952.0,81682524.0,520.5907252048156,48.330996647363605,42610.16519353855,-523.0,14780.0,52856225.0,72516575.0,77.90266777579353,165,1,0
1,2011-08-10 13:34:23.052691,3558,104374.0,92625042.0,3391510.0,433.91150414165264,29.33501967397414,26032.89544688027,277.0,-54200.0,-47178910.0,-78291014.0,-86.67922106316297,469,1,0
1,2011-08-10 13:34:53.057649,5562,42211.0,21396392.0,2217494.0,290.1381478126573,7.589176555195973,3846.8881697231213,2004.0,-62163.0,-71228650.0,-1174016.0,-143.77335632899536,196,1,0
1,2011-08-10 13:35:23.079183,3510,26926.0,11304080.0,1791783.0,437.1141363851852,7.671225071225071,3220.5356125356125,-2052.0,-15285.0,-10092312.0,-425711.0,146.9759885725279,426,1,0
1,2011-08-10 13:35:53.048203,3672,47421.0,29351862.0,2079450.0,426.99699213888886,12.91421568627451,7993.426470588235,162.0,20495.0,18047782.0,287667.0,-10.117144246296334,241,1,0
1,2011-08-10 13:36:23.051699,4084,135398.0,116580813.0,22682528.0,451.265944329334,33.15328109696376,28545.742654260528,412.0,87977.0,87228951.0,20603078.0,24.268952190445134,339,1,0
1,2011-08-10 13:36:53.053444,4999,141105.0,116834686.0,36854650.0,350.0901470294059,28.226645329065814,23371.61152230446,915.0,5707.0,253873.0,14172122.0,-101.17579729992809,140,1,0
1,2011-08-10 13:37:23.051741,3881,90805.0,69758130.0,14000074.0,481.8424782032981,23.397320278278794,17974.26694150992,-1118.0,-50300.0,-47076556.0,-22854576.0,131.75233117389223,348,1,0
1,2011-08-10 13:37:53.054936,3454,83362.0,61563198.0,6073311.0,515.9562389808917,24.134916039374637,17823.740011580776,-427.0,-7443.0,-8194932.0,-7926763.0,34.1137607775936,173,1,0
1,2011-08-10 13:38:23.068255,3855,1432836.0,1441373090.0,31846033.0,438.31616829546044,371.6824902723735,373897.0402075227,401.0,1349474.0,1379809892.0,25772722.0,-77.64007068543128,360,1,0
1,2011-08-10 13:38:53.056762,3911,150908.0,109319763.0,6296031.0,416.74974472129895,38.585527997954486,27951.869854257224,56.0,-1281928.0,-1332053327.0,-25550002.0,-21.56642357416149,145,1,0
1,2011-08-10 13:39:23.073347,3676,310324.0,380323419.0,7078418.0,436.04477069450485,84.4189336235038,103461.21300326442,-235.0,159416.0,271003656.0,782387.0,19.295025973205895,474,1,0
1,2011-08-10 13:39:53.047420,3483,42065.0,18643807.0,7123141.0,450.5615147272466,12.07723227103072,5352.801320700545,-193.0,-268259.0,-361679612.0,44723.0,14.51674403274177,184,1,0
1,2011-08-10 13:40:23.050762,3693,106373.0,81084461.0,5998867.0,436.8209272824262,28.803953425399403,21956.258055781207,210.0,64308.0,62440654.0,-1124274.0,-13.740587444820392,391,1,0
1,2011-08-10 13:40:53.049331,3719,91185.0,70203265.0,3951039.0,424.0830602126916,24.518687819306265,18876.919870933045,26.0,-15188.0,-10881196.0,-2047828.0,-12.737867069734648,128,1,0
1,2011-08-10 13:41:23.050848,3224,138826.0,119441345.0,5013633.0,541.20189325,43.06017369727047,37047.56358560794,-495.0,47641.0,49238080.0,1062594.0,117.11883303730843,79,1,0
1,2011-08-10 13:41:53.048192,3295,254791.0,256739047.0,5867385.0,508.452295600607,77.32655538694992,77917.76843702579,71.0,115965.0,137297702.0,853752.0,-32.749597649393024,68,1,0
1,2011-08-10 13:42:23.059992,3802,2625635.0,3241913192.0,64460564.0,412.35933372067336,690.5931088900579,852686.2682798527,507.0,2370844.0,2985174145.0,58593179.0,-96.09296187993363,214,1,0
1,2011-08-10 13:42:53.047366,3439,80061.0,52389205.0,7768699.0,493.5715957220122,23.28031404478046,15233.848502471648,-363.0,-2545574.0,-3189523987.0,-56691865.0,81.21226200133884,79,1,0
1,2011-08-10 13:43:23.051589,3493,113118.0,63943043.0,5827994.0,445.6769230546808,32.38419696535929,18306.052963068996,54.0,33057.0,11553838.0,-1940705.0,-47.894672667331406,70,1,0
1,2011-08-10 13:43:53.079583,3473,98018.0,74940088.0,36798935.0,488.6572724647279,28.222862078894327,21577.91189173625,-20.0,-15100.0,10997045.0,30970941.0,42.9803494100471,49,1,0
1,2011-08-10 13:44:23.055314,3314,32536.0,10136834.0,2291848.0,486.3764883654194,9.817742908871454,3058.7911888955946,-159.0,-65482.0,-64803254.0,-34507087.0,-2.280784099308505,40,1,0
1,2011-08-10 13:44:53.053052,3547,40232.0,21230815.0,2039280.0,526.2705278361997,11.342542994079503,5985.569495348182,233.0,7696.0,11093981.0,-252568.0,39.894039470780285,45,1,0
1,2011-08-10 13:45:23.058254,3796,54471.0,36260071.0,3109557.0,464.51704426606955,14.349578503688093,9552.178872497365,249.0,14239.0,15029256.0,1070277.0,-61.75348357013013,612,1,0
1,2011-08-10 13:45:53.079802,3370,273992.0,69622704.0,19707553.0,511.4180636718101,81.3032640949555,20659.556083086052,-426.0,219521.0,33362633.0,16597996.0,46.901019405740556,86,1,0
1,2011-08-10 13:46:23.055949,3424,32043.0,14546115.0,9149462.0,472.67872999299067,9.358352803738319,4248.28125,54.0,-241949.0,-55076589.0,-10558091.0,-38.739333678819435,325,1,0
1,2011-08-10 13:46:53.049355,3562,1245495.0,937816486.0,81292352.0,486.0430084413251,349.66170690623244,263283.68500842224,138.0,1213452.0,923270371.0,72142890.0,13.36427844833446,48,1,0
1,2011-08-10 13:47:23.053829,3692,114397.0,32403965.0,8184417.0,464.38741880281685,30.98510292524377,8776.805254604551,130.0,-1131098.0,-905412521.0,-73107935.0,-21.655589638508275,36,1,0
1,2011-08-10 13:47:53.074114,5007,117789.0,52712873.0,38736356.0,382.62034300599163,23.52486518873577,10527.835630117836,1315.0,3392.0,20308908.0,30551939.0,-81.76707579682522,38,1,0
1,2011-08-10 13:48:23.047537,5660,279385.0,109652048.0,91259533.0,309.59326669134276,49.3613074204947,19373.15335689046,653.0,161596.0,56939175.0,52523177.0,-73.02707631464887,36,1,0
1,2011-08-10 13:48:53.049374,6616,118805.0,59670872.0,6905101.0,299.3210620078597,17.95722490931076,9019.17654171705,956.0,-160580.0,-49981176.0,-84354432.0,-10.27220468348304,30,1,0
1,2011-08-10 13:49:23.049414,6743,104046.0,42974302.0,5671217.0,286.1451301302091,15.430223935933562,6373.172475159425,127.0,-14759.0,-16696570.0,-1233884.0,-13.175931877650612,30,1,0
1,2011-08-10 13:49:53.055007,6017,148765.0,110378313.0,5382214.0,306.04371028934685,24.72411500747881,18344.409672594316,-726.0,44719.0,67404011.0,-289003.0,19.898580159137737,40,1,0
1,2011-08-10 13:50:23.064624,6023,67221.0,18175396.0,4742947.0,304.6458723830317,11.160717250539598,3017.664951021086,6.0,-81544.0,-92202917.0,-639267.0,-1.3978379063151465,24,1,0
1,2011-08-10 13:50:53.050048,6856,89275.0,36916074.0,5277312.0,261.89546972753794,13.021441073512252,5384.491540256709,833.0,22054.0,18740678.0,534365.0,-42.75040265549376,26,1,0
1,2011-08-10 13:51:23.049212,5788,65005.0,24638809.0,6328473.0,347.63341305874224,11.230995162404977,4256.877850725639,-1068.0,-24270.0,-12277265.0,1051161.0,85.73794333120429,37,1,0
1,2011-08-10 13:51:53.049319,5739,125415.0,97386210.0,5442930.0,307.872737083464,21.85311029796132,16969.19498170413,-49.0,60410.0,72747401.0,-885543.0,-39.76067597527822,22,1,0
1,2011-08-10 13:52:23.062704,6214,81234.0,41098731.0,8956487.0,276.0774742037335,13.072738976504667,6613.892983585452,475.0,-44181.0,-56287479.0,3513557.0,-31.7952628797305,24,1,0
1,2011-08-10 13:52:53.047755,5121,51770.0,17816100.0,3071588.0,346.9681201753564,10.109353641866823,3479.027533684827,-1093.0,-29464.0,-23282631.0,-5884899.0,70.89064597162286,28,1,0
1,2011-08-10 13:53:23.056733,5411,241600.0,218512436.0,7022221.0,336.5769844871558,44.64978746996858,40383.00425060063,290.0,189830.0,200696336.0,3950633.0,-10.391135688200563,30,1,0
1,2011-08-10 13:53:53.078903,5470,61052.0,20144461.0,3438019.0,330.3364774548446,11.161243144424132,3682.7168190127973,59.0,-180548.0,-198367975.0,-3584202.0,-6.2405070323112,22,1,0
1,2011-08-10 13:54:23.048001,5172,52215.0,22651954.0,5899570.0,359.99009202010825,10.095707656612529,4379.72815158546,-298.0,-8837.0,2507493.0,2461551.0,29.653614565263638,36,1,0
1,2011-08-10 13:54:53.053116,5504,83059.0,53916428.0,4212280.0,307.12529765370635,15.090661337209303,9795.862645348838,332.0,30844.0,31264474.0,-1687290.0,-52.864794366401895,34,1,0
1,2011-08-10 13:55:23.047497,5592,109996.0,72204359.0,7066492.0,364.4817064311516,19.670243204577968,12912.081366237482,88.0,26937.0,18287931.0,2854212.0,57.35640877744527,25,1,0
1,2011-08-10 13:55:53.048182,5997,116378.0,80174822.0,4997930.0,300.9757940475238,19.406036351509087,13369.154910788728,405.0,6382.0,7970463.0,-2068562.0,-63.505912383627845,20,1,0
1,2011-08-10 13:56:23.053896,5269,60905.0,32899379.0,3072521.0,337.4128599831088,11.559119377490985,6243.951224141203,-728.0,-55473.0,-47275443.0,-1925409.0,36.437065935585,19,1,0
1,2011-08-10 13:56:53.047282,5077,138045.0,116315725.0,6175066.0,345.91044915974,27.190269844396298,22910.325979909394,-192.0,77140.0,83416346.0,3102545.0,8.497589176631209,20,1,0
1,2011-08-10 13:57:23.055369,4949,69797.0,27638012.0,4864269.0,350.2511269446353,14.103253182461103,5584.5649626187105,-128.0,-68248.0,-88677713.0,-1310797.0,4.34067778489532,26,1,0
1,2011-08-10 13:57:53.047950,5131,49690.0,21508464.0,2765733.0,348.48685293354123,9.684272071720912,4191.865913077373,182.0,-20107.0,-6129548.0,-2098536.0,-1.7642740110940736,15,1,0
1,2011-08-10 13:58:23.047366,4700,65064.0,38143791.0,5463684.0,349.2162161912766,13.843404255319149,8115.700212765957,-431.0,15374.0,16635327.0,2697951.0,0.7293632577353719,23,1,0
1,2011-08-10 13:58:53.065466,4759,48675.0,17810364.0,2452269.0,330.1768412155915,10.227989073334735,3742.4593401975203,59.0,-16389.0,-20333427.0,-3011415.0,-19.03937497568512,23,1,0
1,2011-08-10 13:59:23.073596,4830,61518.0,33793397.0,3365733.0,353.6264774641822,12.736645962732918,6996.562525879917,71.0,12843.0,15983033.0,913464.0,23.449636248590707,24,1,0
1,2011-08-10 13:59:53.048423,4101,49966.0,24521527.0,4640450.0,420.31668459814676,12.183857595708364,5979.401853206535,-729.0,-11552.0,-9271870.0,1274717.0,66.69020713396458,29,1,0
1,2011-08-10 14:00:23.074300,3393,40443.0,20665284.0,2347983.0,562.1780756548777,11.919540229885058,6090.5641025641025,-708.0,-9523.0,-3856243.0,-2292467.0,141.86139105673095,20,1,0
1,2011-08-10 14:00:53.050892,4004,563867.0,550009783.0,453332165.0,495.5241796276224,140.82592407592406,137365.08066933067,611.0,523424.0,529344499.0,450984182.0,-66.65389602725531,23,1,0
1,2011-08-10 14:01:23.048240,3340,39758.0,14478083.0,2974090.0,531.7652662281437,11.903592814371258,4334.7553892215565,-664.0,-524109.0,-535531700.0,-450358075.0,36.24108660052127,23,1,0
1,2011-08-10 14:01:53.050262,3446,45523.0,27200816.0,6624818.0,546.6419019599535,13.210388856645386,7893.4463145676145,106.0,5765.0,12722733.0,3650728.0,14.87663573180987,25,1,0
1,2011-08-10 14:02:23.052011,3658,61222.0,36332506.0,16698495.0,568.0292259423182,16.736468015308912,9932.34171678513,212.0,15699.0,9131690.0,10073677.0,21.387323982364705,20,1,0
1,2011-08-10 14:02:53.049350,3795,68984.0,66779583.0,2123037.0,499.32122711357044,18.17760210803689,17596.728063241106,137.0,7762.0,30447077.0,-14575458.0,-68.7079988287478,20,1,0
1,2011-08-10 14:03:23.053204,3612,31567.0,12323550.0,2520782.0,465.67867907834994,8.739479512735327,3411.8355481727576,-183.0,-37417.0,-54456033.0,397745.0,-33.6425480352205,19,1,0
1,2011-08-10 14:03:53.053106,3266,57729.0,39879737.0,2542080.0,544.3502860771586,17.67575015309247,12210.57470912431,-346.0,26162.0,27556187.0,21298.0,78.67160699880861,13,1,0
1,2011-08-10 14:04:23.048864,3484,28002.0,9331381.0,2019209.0,545.9356343114237,8.037313432835822,2678.3527554535017,218.0,-29727.0,-30548356.0,-522871.0,1.5853482342650977,22,1,0
1,2011-08-10 14:04:53.052170,3802,39625.0,19642409.0,2465332.0,461.8728172501315,10.422146238821673,5166.335875854813,318.0,11623.0,10311028.0,446123.0,-84.06281706129215,18,1,0
1,2011-08-10 14:05:23.076635,4079,129632.0,107240379.0,4808284.0,454.2178401012503,31.78033831821525,26290.850453542535,277.0,90007.0,87597970.0,2342952.0,-7.654977148881187,23,1,0
1,2011-08-10 14:05:53.059170,3593,133108.0,54457255.0,5532870.0,441.09805005872533,37.04647926523796,15156.486223211801,-486.0,3476.0,-52783124.0,724586.0,-13.119790042524983,19,1,0
1,2011-08-10 14:06:23.051206,3953,91094.0,69531403.0,17431482.0,430.42171962787756,23.044270174550974,17589.52770048065,360.0,-42014.0,15074148.0,11898612.0,-10.67633043084777,18,1,0
1,2011-08-10 14:06:53.050002,4274,39139.0,18385452.0,3063258.0,401.5657167662611,9.157463734206832,4301.696771174544,321.0,-51955.0,-51145951.0,-14368224.0,-28.856002861616446,19,1,0
1,2011-08-10 14:07:23.052789,4007,82826.0,50554140.0,17692829.0,487.1733547269778,20.670326927876218,12616.456201647117,-267.0,43687.0,32168688.0,14629571.0,85.60763796071666,14,1,0
1,2011-08-10 14:07:53.052154,3657,55446.0,30474907.0,3312536.0,503.45412498769485,15.161607875307629,8333.307902652447,-350.0,-27380.0,-20079233.0,-14380293.0,16.280770260717077,28,1,0
1,2011-08-10 14:08:23.053193,3618,47448.0,28182628.0,2514005.0,497.9542053742399,13.114427860696518,7789.559977888336,-39.0,-7998.0,-2292279.0,-798531.0,-5.499919613454949,17,1,0
1,2011-08-10 14:08:53.062122,3425,381730.0,334682499.0,13813630.0,508.9509057883212,111.45401459854014,97717.51795620438,-193.0,334282.0,306499871.0,11299625.0,10.996700414081317,21,1,0
1,2011-08-10 14:09:23.047319,3178,48855.0,28657412.0,3821157.0,495.38794695689114,15.372876022655758,9017.436123348018,-247.0,-332875.0,-306025087.0,-9992473.0,-13.56295883143008,20,1,0
1,2011-08-10 14:09:53.062137,2771,36858.0,21741859.0,13478336.0,601.3800981411043,13.301335258029592,7846.214002165283,-407.0,-11997.0,-6915553.0,9657179.0,105.99215118421318,23,1,0
1,2011-08-10 14:10:23.050015,3254,79877.0,51079262.0,20180802.0,531.7298855593116,24.547326367547633,15697.376152427782,483.0,43019.0,29337403.0,6702466.0,-69.65021258179274,19,1,0
1,2011-08-10 14:10:53.047309,3374,37667.0,18956793.0,6443888.0,526.9978582652637,11.163900414937759,5618.492294013041,120.0,-42210.0,-32122469.0,-13736914.0,-4.732027294047839,18,1,0
1,2011-08-10 14:11:23.047897,3432,37624.0,14277697.0,2760416.0,518.8343974522145,10.962703962703962,4160.168123543123,58.0,-43.0,-4679096.0,-3683472.0,-8.163460813049255,38,1,0
1,2011-08-10 14:11:53.047486,3667,33999.0,12601281.0,2481569.0,487.1134369127352,9.271611671666212,3436.4005999454594,235.0,-3625.0,-1676416.0,-278847.0,-31.72096053947928,14,1,0
1,2011-08-10 14:12:23.050944,3339,43174.0,21845232.0,5178286.0,506.5349719275232,12.930218628331836,6542.4474393531,-328.0,9175.0,9243951.0,2696717.0,19.42153501478799,23,1,0
1,2011-08-10 14:12:53.068451,4064,38936.0,17693056.0,2873796.0,412.46885859276574,9.580708661417322,4353.606299212598,725.0,-4238.0,-4152176.0,-2304490.0,-94.06611333475746,18,1,0
1,2011-08-10 14:13:23.056603,3401,104234.0,94887783.0,3187142.0,470.84240689032634,30.64804469273743,27899.965598353425,-663.0,65298.0,77194727.0,313346.0,58.3735482975606,21,1,0
1,2011-08-10 14:13:53.080679,3005,34869.0,20266064.0,1828997.0,551.7749149114809,11.603660565723795,6744.1144758735445,-396.0,-69365.0,-74621719.0,-1358145.0,80.93250802115455,19,1,0
1,2011-08-10 14:14:23.067533,2997,41627.0,22313078.0,2036271.0,513.7627134347681,13.889556222889556,7445.137804471138,-8.0,6758.0,2047014.0,207274.0,-38.01220147671279,18,1,0
1,2011-08-10 14:14:53.050000,3664,79889.0,68194954.0,3842928.0,446.79629967248906,21.80376637554585,18612.159934497817,667.0,38262.0,45881876.0,1806657.0,-66.96641376227905,22,1,0
1,2011-08-10 14:15:23.047420,3377,53935.0,25773747.0,3135948.0,516.986324705952,15.971276280722535,7632.143026354753,-287.0,-25954.0,-42421207.0,-706980.0,70.19002503346297,18,1,0
1,2011-08-10 14:15:53.062105,3852,49106.0,24816000.0,4451055.0,464.0444916056594,12.748182762201454,6442.367601246106,475.0,-4829.0,-957747.0,1315107.0,-52.94183310029263,25,1,0
1,2011-08-10 14:16:23.056764,3810,53994.0,34677965.0,3604045.0,427.3946812433071,14.171653543307087,9101.828083989501,-42.0,4888.0,9861965.0,-847010.0,-36.6498103623523,17,1,0
1,2011-08-10 14:16:53.049979,3809,36087.0,14761652.0,2522462.0,422.3933779593069,9.474140194276712,3875.466526647414,-1.0,-17907.0,-19916313.0,-1081583.0,-5.001303284000187,20,1,0
1,2011-08-10 14:17:23.057773,3187,29369.0,9650590.0,2129548.0,549.6455072908691,9.215249450894257,3028.1110762472545,-622.0,-6718.0,-5111062.0,-392914.0,127.25212933156217,22,1,0
1,2011-08-10 14:17:53.055665,3178,42917.0,22397412.0,2788207.0,551.2477422835117,13.504405286343612,7047.643801132788,-9.0,13548.0,12746822.0,658659.0,1.6022349926425932,17,1,0
1,2011-08-10 14:18:23.049054,3292,137043.0,107293945.0,22166597.0,531.5811998058931,41.62910085054678,32592.32837181045,114.0,94126.0,84896533.0,19378390.0,-19.666542477618577,25,1,0
1,2011-08-10 14:18:53.064548,3859,38319.0,17914746.0,2628229.0,413.66502357735163,9.929774552993003,4642.3285825343355,567.0,-98724.0,-89379199.0,-19538368.0,-117.91617622854147,16,1,0
1,2011-08-10 14:19:23.047401,3547,435220.0,507880673.0,10806649.0,461.3127167386524,122.70087397800958,143185.98054694108,-312.0,396901.0,489965927.0,8178420.0,47.647693161300765,24,1,0
1,2011-08-10 14:19:53.052972,3546,185537.0,125503081.0,9060144.0,508.34673979244224,52.32289904117315,35392.85984207558,-1.0,-249683.0,-382377592.0,-1746505.0,47.03402305378984,21,1,0
1,2011-08-10 14:20:23.049615,3249,42096.0,16319232.0,3190312.0,554.6906658122499,12.956602031394276,5022.847645429363,-297.0,-143441.0,-109183849.0,-5869832.0,46.34392601980767,16,1,0
1,2011-08-10 14:20:53.082517,3502,34122.0,12174278.0,2295338.0,506.64811919503137,9.74357509994289,3476.378640776699,253.0,-7974.0,-4144954.0,-894974.0,-48.042546617218534,21,1,0
1,2011-08-10 14:21:23.056078,3580,34549.0,18213468.0,2594210.0,513.6230434460894,9.650558659217877,5087.560893854748,78.0,427.0,6039190.0,298872.0,6.974924251057985,19,1,0
1,2011-08-10 14:21:53.058876,3693,49982.0,28910349.0,2949445.0,462.0979376815597,13.534253994042784,7828.418359057677,113.0,15433.0,10696881.0,355235.0,-51.525105764529656,23,1,0
1,2011-08-10 14:22:23.047823,3838,76107.0,54574920.0,4032565.0,509.518185032569,19.829859301719647,14219.624804585721,145.0,26125.0,25664571.0,1083120.0,47.42024735100932,24,1,0
1,2011-08-10 14:22:53.047699,3354,514788.0,534729767.0,11379032.0,589.9992886505664,153.48479427549194,159430.46124031008,-484.0,438681.0,480154847.0,7346467.0,80.4811036179974,20,1,0
1,2011-08-10 14:23:23.052622,3978,66462.0,33049113.0,9881992.0,496.8603167531423,16.70739064856712,8307.97209653092,624.0,-448326.0,-501680654.0,-1497040.0,-93.13897189742414,20,1,0
1,2011-08-10 14:23:53.047653,3735,192910.0,175645118.0,160172178.0,482.35055826104417,51.64926372155288,47026.805354752345,-243.0,126448.0,142596005.0,150290186.0,-14.509758492098115,20,1,0
1,2011-08-10 14:24:23.054625,3658,39262.0,15629826.0,3495313.0,484.9615194841444,10.733187534171678,4272.779114270093,-77.0,-153648.0,-160015292.0,-156676865.0,2.610961223100219,30,1,0
1,2011-08-10 14:24:53.047532,3615,95107.0,82069054.0,3557444.0,495.48649823236514,26.308990318118948,22702.36625172891,-43.0,55845.0,66439228.0,62131.0,10.524978748220747,21,1,0
1,2011-08-10 14:25:23.067626,3246,41825.0,25463292.0,2128937.0,501.764949797289,12.885089340727049,7844.513863216266,-369.0,-53282.0,-56605762.0,-1428507.0,6.2784515649238415,30,1,0
1,2011-08-10 14:25:53.057025,3550,33897.0,14156408.0,3108903.0,496.636365216338,9.548450704225353,3987.720563380282,304.0,-7928.0,-11306884.0,979966.0,-5.128584580950985,22,1,0
1,2011-08-10 14:26:23.069796,3666,32016.0,10700675.0,2433554.0,500.1731092114021,8.733224222585925,2918.89661756683,116.0,-1881.0,-3455733.0,-675349.0,3.536743995064114,27,1,0
1,2011-08-10 14:26:53.052492,3889,45121.0,23537091.0,2815620.0,469.1905413088198,11.60221136538956,6052.221907945487,223.0,13105.0,12836416.0,382066.0,-30.982567902582332,19,1,0
1,2011-08-10 14:27:23.072835,3404,70389.0,46353910.0,6051613.0,494.67863811104587,20.6783196239718,13617.482373678025,-485.0,25268.0,22816819.0,3235993.0,25.488096802226096,23,1,0
1,2011-08-10 14:27:53.075029,3386,48086.0,30187938.0,5490972.0,516.569345245127,14.201417601890135,8915.51624335499,-18.0,-22303.0,-16165972.0,-560641.0,21.89070713408114,20,1,0
1,2011-08-10 14:28:23.048865,3584,34861.0,14174294.0,7201082.0,472.4485295047433,9.726841517857142,3954.8811383928573,198.0,-13225.0,-16013644.0,1710110.0,-44.120815740383705,24,1,0
1,2011-08-10 14:28:53.057518,3772,42396.0,18207730.0,2486704.0,442.79190124999997,11.23966065747614,4827.075821845175,188.0,7535.0,4033436.0,-4714378.0,-29.65662825474334,29,1,0
1,2011-08-10 14:29:23.047997,3378,696942.0,812192239.0,16720831.0,556.176635830965,206.31793960923625,240435.8315571344,-394.0,654546.0,793984509.0,14234127.0,113.38473458096502,25,1,0
1,2011-08-10 14:29:53.055562,2703,21807.0,7592396.0,1520765.0,629.618982963374,8.0677025527192,2808.8775434702184,-675.0,-675135.0,-804599843.0,-15200066.0,73.44234713240905,24,1,0
1,2011-08-10 14:30:23.063453,3161,28469.0,12996289.0,2300979.0,513.3192620718128,9.00632711167352,4111.448592217653,458.0,6662.0,5403893.0,780214.0,-116.29972089156126,27,1,0
1,2011-08-10 14:30:53.092270,3290,62660.0,46290921.0,2665877.0,477.8648175650456,19.045592705167174,14070.188753799392,129.0,34191.0,33294632.0,364898.0,-35.454444506767175,21,1,0
1,2011-08-10 14:31:23.053610,3405,31481.0,15526665.0,1780837.0,464.97843379823786,9.245521292217328,4559.960352422908,115.0,-31179.0,-30764256.0,-885040.0,-12.88638376680774,24,1,0
1,2011-08-10 14:31:53.055857,3236,45531.0,17414578.0,2451636.0,527.2431635352286,14.070148331273177,5381.513597033375,-169.0,14050.0,1887913.0,670799.0,62.26472973699077,20,1,0
1,2011-08-10 14:32:23.062028,3641,70031.0,45780538.0,16197907.0,464.22504590991485,19.23400164789893,12573.616588849218,405.0,24500.0,28365960.0,13746271.0,-63.01811762531378,23,1,0
1,2011-08-10 14:32:53.059955,4275,44970.0,19285499.0,3252296.0,449.63814461473686,10.519298245614035,4511.22783625731,634.0,-25061.0,-26495039.0,-12945611.0,-14.586901295177995,20,1,0
1,2011-08-10 14:33:23.068256,3831,135151.0,111882599.0,7020287.0,457.43571711250326,35.278256329939964,29204.54163403811,-444.0,90181.0,92597100.0,3767991.0,7.797572497766396,23,1,0
1,2011-08-10 14:33:53.049594,3524,34870.0,14940048.0,2747557.0,513.6718597951192,9.8950056753689,4239.514188422248,-307.0,-100281.0,-96942551.0,-4272730.0,56.236142682615935,21,1,0
1,2011-08-10 14:34:23.087150,3426,35786.0,15663437.0,2672779.0,475.32053285113835,10.445417396380618,4571.9314068885,-98.0,916.0,723389.0,-74778.0,-38.35132694398084,21,1,0
1,2011-08-10 14:34:53.070416,3292,32843.0,15262776.0,2002785.0,564.9683521281895,9.976609963547995,4636.323207776428,-134.0,-2943.0,-400661.0,-669994.0,89.64781927705116,31,1,0
1,2011-08-10 14:35:23.055097,3180,99246.0,83704517.0,4771441.0,530.3173884547169,31.20943396226415,26322.175157232705,-112.0,66403.0,68441741.0,2768656.0,-34.650963673472575,22,1,0
1,2011-08-10 14:35:53.065227,3396,732330.0,517539210.0,21863401.0,526.3701954057715,215.64487632508835,152396.70494699647,216.0,633084.0,433834693.0,17091960.0,-3.9471930489454508,20,1,0
1,2011-08-10 14:36:23.060360,3812,49313.0,28466762.0,2736258.0,441.336183228489,12.936253934942288,7467.671038824764,416.0,-683017.0,-489072448.0,-19127143.0,-85.03401217728248,19,1,0
1,2011-08-10 14:36:53.050770,3938,38261.0,17218249.0,3642672.0,423.5003595180294,9.71584560690706,4372.33341797867,126.0,-11052.0,-11248513.0,906414.0,-17.83582371045958,19,1,0
1,2011-08-10 14:37:23.049724,3985,129496.0,105871526.0,80258595.0,457.6532316178168,32.49585947302384,26567.50966122961,47.0,91235.0,88653277.0,76615923.0,34.15287209978737,20,1,0
1,2011-08-10 14:37:53.069077,3305,53133.0,26132481.0,3740324.0,480.08956995340395,16.07655068078669,7906.953403933434,-680.0,-76363.0,-79739045.0,-76518271.0,22.436338335587152,15,1,0
1,2011-08-10 14:38:23.058411,3888,681007.0,797059292.0,10440829.0,476.01666257947534,175.15612139917695,205004.96193415637,583.0,627874.0,770926811.0,6700505.0,-4.072907373928615,17,1,0
1,2011-08-10 14:38:53.047689,3508,45130.0,26113489.0,5393146.0,509.0085559951539,12.864880273660205,7443.982041049031,-380.0,-635877.0,-770945803.0,-5047683.0,32.99189341567859,16,1,0
1,2011-08-10 14:39:23.055760,3025,24222.0,7046922.0,1638352.0,541.9625717342149,8.007272727272728,2329.5609917355373,-483.0,-20908.0,-19066567.0,-3754794.0,32.954015739060935,18,1,0
1,2011-08-10 14:39:53.050003,3781,39251.0,18717102.0,2444513.0,402.84936262761175,10.38111610685004,4950.304681301243,756.0,15029.0,11670180.0,806161.0,-139.1132091066031,29,1,0
1,2011-08-10 14:40:23.054581,3883,29292.0,9489170.0,2130865.0,420.67972172289467,7.54365181560649,2443.772856039145,102.0,-9959.0,-9227932.0,-313648.0,17.830359095282915,18,1,0
1,2011-08-10 14:40:53.067005,3487,63972.0,46686752.0,3181931.0,480.2434264425007,18.345856036707772,13388.801835388585,-396.0,34680.0,37197582.0,1051066.0,59.56370471960605,22,1,0
1,2011-08-10 14:41:23.048232,3169,27029.0,10649357.0,1784860.0,577.1184708586305,8.52918901861786,3360.478699905333,-318.0,-36943.0,-36037395.0,-1397071.0,96.87504441612981,16,1,0
1,2011-08-10 14:41:53.057941,3542,40809.0,20245099.0,2227292.0,454.5232631826651,11.5214568040655,5715.725296442688,373.0,13780.0,9595742.0,442432.0,-122.59520767596541,24,1,0
1,2011-08-10 14:42:23.048731,3608,99789.0,45781884.0,4800920.0,479.19911172699557,27.65770509977827,12688.992239467849,66.0,58980.0,25536785.0,2573628.0,24.67584854433045,19,1,0
1,2011-08-10 14:42:53.050676,3384,75186.0,20791273.0,3687561.0,505.1196972819149,22.21808510638298,6143.993203309693,-224.0,-24603.0,-24990611.0,-1113359.0,25.92058555491934,14,1,0
1,2011-08-10 14:43:23.060908,3306,60439.0,45796797.0,5256818.0,461.2233935160315,18.2816091954023,13852.630671506353,-78.0,-14747.0,25005524.0,1569257.0,-43.89630376588343,27,1,0
1,2011-08-10 14:43:53.061077,3685,219672.0,188272080.0,173562238.0,454.84554761383987,59.61248303934871,51091.47354138399,379.0,159233.0,142475283.0,168305420.0,-6.377845902191609,19,1,0
1,2011-08-10 14:44:23.048137,2929,22558.0,6458327.0,2081635.0,514.3754217992489,7.701604643222943,2204.9597132127005,-756.0,-197114.0,-181813753.0,-171480603.0,59.52987418540903,19,1,0
1,2011-08-10 14:44:53.051265,3242,100856.0,81009166.0,3933747.0,527.9777126650216,31.10919185687847,24987.40468846391,313.0,78298.0,74550839.0,1852112.0,13.602290865772716,20,1,0
1,2011-08-10 14:45:23.056208,3072,34747.0,19545275.0,8204758.0,561.8232745566406,11.310872395833334,6362.394205729167,-170.0,-66109.0,-61463891.0,4271011.0,33.84556189161901,32,1,0
1,2011-08-10 14:45:53.064136,3279,30795.0,15102993.0,1958164.0,517.6859282552607,9.391582799634035,4605.975297346752,207.0,-3952.0,-4442282.0,-6246594.0,-44.13734630137992,19,1,0
1,2011-08-10 14:46:23.051567,3617,183391.0,178409939.0,4857036.0,487.1050057666574,50.70251589715234,49325.390931711365,338.0,152596.0,163306946.0,2898872.0,-30.580922488603278,13,1,0
1,2011-08-10 14:46:53.049436,3032,229566.0,91020962.0,75282923.0,578.9616947077836,75.71437994722955,30020.106200527705,-585.0,46175.0,-87388977.0,70425887.0,91.85668894112621,26,1,0
1,2011-08-10 14:47:23.048736,3067,92475.0,25816058.0,6089609.0,572.5071713055103,30.15161395500489,8417.36485164656,35.0,-137091.0,-65204904.0,-69193314.0,-6.454523402273367,17,1,0
1,2011-08-10 14:47:53.048293,3845,64824.0,21227848.0,4985328.0,497.64181399505856,16.8592977893368,5520.896749024708,778.0,-27651.0,-4588210.0,-1104281.0,-74.86535731045171,19,1,0
1,2011-08-10 14:48:23.062761,3359,697033.0,788430088.0,12746303.0,509.0496763212265,207.51205715986902,234721.66954450728,-486.0,632209.0,767202240.0,7760975.0,11.407862326167958,22,1,0
1,2011-08-10 14:48:53.099567,3877,98165.0,54934327.0,8264641.0,515.5382405168946,25.31983492391024,14169.287335568739,518.0,-598868.0,-733495761.0,-4481662.0,6.4885641956680615,27,1,0
1,2011-08-10 14:49:23.049013,3300,142545.0,149160141.0,3675083.0,554.2655887430303,43.195454545454545,45200.042727272725,-577.0,44380.0,94225814.0,-4589558.0,38.727348226135746,23,1,0
1,2011-08-10 14:49:53.063246,3516,54268.0,18545266.0,4279484.0,545.094267375711,15.434584755403868,5274.535267349261,216.0,-88277.0,-130614875.0,604401.0,-9.171321367319365,13,1,0
1,2011-08-10 14:50:23.052047,3447,41838.0,10682503.0,3054853.0,515.7599404963737,12.137510879025239,3099.072526834929,-69.0,-12430.0,-7862763.0,-1224631.0,-29.334326879337254,26,1,0
1,2011-08-10 14:50:53.054179,3664,59160.0,24224633.0,5672734.0,536.2322309175764,16.146288209606986,6611.5264737991265,217.0,17322.0,13542130.0,2617881.0,20.47229042120273,17,1,0
1,2011-08-10 14:51:23.066832,3845,78680.0,45517817.0,14940299.0,510.9839809209363,20.4629388816645,11838.18387516255,181.0,19520.0,21293184.0,9267565.0,-25.24824999664014,22,1,0
1,2011-08-10 14:51:53.060719,3907,66946.0,28480692.0,3888306.0,505.667554453033,17.134886101868442,7289.6575377527515,62.0,-11734.0,-17037125.0,-11051993.0,-5.316426467903284,17,1,0
1,2011-08-10 14:52:23.066268,3282,36713.0,14459808.0,3148673.0,518.7106531898232,11.186166971358928,4405.791590493602,-625.0,-30233.0,-14020884.0,-739633.0,13.043098736790228,19,1,0
1,2011-08-10 14:52:53.050580,4178,122361.0,91687815.0,6715820.0,457.6671978776927,29.28697941598851,21945.384155098134,896.0,85648.0,77228007.0,3567147.0,-61.04345531213056,18,1,0
1,2011-08-10 14:53:23.070240,3524,158787.0,135077448.0,125732845.0,529.8715603317253,45.05874006810443,38330.71736662883,-654.0,36426.0,43389633.0,119017025.0,72.2043624540326,16,1,0
1,2011-08-10 14:53:53.051372,3829,69767.0,43188068.0,7935124.0,437.17280825411336,18.22068425176286,11279.202925045704,305.0,-89020.0,-91889380.0,-117797721.0,-92.69875207761191,32,1,0
1,2011-08-10 14:54:23.055330,3737,47465.0,20148772.0,6105942.0,432.3752072285256,12.701364731067702,5391.697083221836,-92.0,-22302.0,-23039296.0,-1829182.0,-4.797601025587767,17,1,0
1,2011-08-10 14:54:53.061076,3692,41454.0,21253047.0,2356037.0,455.7128161676598,11.228060671722643,5756.513271939329,-45.0,-6011.0,1104275.0,-3749905.0,23.337608939134213,24,1,0
1,2011-08-10 14:55:23.049214,3744,82880.0,66691104.0,4075119.0,475.6185778709936,22.136752136752136,17812.79487179487,52.0,41426.0,45438057.0,1719082.0,19.90576170333378,22,1,0
1,2011-08-10 14:55:53.089125,3573,46725.0,28805316.0,3051301.0,549.1774127626644,13.077246011754827,8061.941225860622,-171.0,-36155.0,-37885788.0,-1023818.0,73.55883489167081,24,1,0
1,2011-08-10 14:56:23.055587,3959,40478.0,20877754.0,2498836.0,442.7694266011619,10.22429906542056,5273.491790856277,386.0,-6247.0,-7927562.0,-552465.0,-106.40798616150249,16,1,0
1,2011-08-10 14:56:53.051624,3480,57174.0,40896281.0,3014380.0,511.92856963706896,16.429310344827588,11751.80488505747,-479.0,16696.0,20018527.0,515544.0,69.15914303590705,13,1,0
1,2011-08-10 14:57:23.081912,3579,48667.0,25235549.0,3087499.0,488.82934714668903,13.597932383347304,7051.005588153115,99.0,-8507.0,-15660732.0,73119.0,-23.09922249037993,24,1,0
1,2011-08-10 14:57:53.059001,3710,44686.0,22451762.0,3117895.0,452.6830849134771,12.044743935309974,6051.687870619946,131.0,-3981.0,-2783787.0,30396.0,-36.14626223321193,18,1,0
1,2011-08-10 14:58:23.047392,3482,30063.0,11178162.0,1986905.0,491.82715062952326,8.6338311315336,3210.270534175761,-228.0,-14623.0,-11273600.0,-1130990.0,39.14406571604616,25,1,0
1,2011-08-10 14:58:53.059124,3860,38253.0,12227869.0,2669167.0,450.48115881476684,9.910103626943005,3167.84170984456,378.0,8190.0,1049707.0,682262.0,-41.34599181475642,15,1,0
1,2011-08-10 14:59:23.058455,3804,45486.0,15960159.0,2720062.0,440.1722868278128,11.957413249211356,4195.625394321766,-56.0,7233.0,3732290.0,50895.0,-10.308871986954045,21,1,0
1,2011-08-10 14:59:53.053713,5994,56382.0,30895461.0,2926492.0,265.25090065615615,9.406406406406406,5154.397897897898,2190.0,10896.0,14935302.0,206430.0,-174.92138617165665,23,1,0
1,2011-08-10 15:00:23.083091,3301,42949.0,21609708.0,2788273.0,527.7827673698879,13.010905786125416,6546.412602241745,-2693.0,-13433.0,-9285753.0,-138219.0,262.53186671373174,21,1,0
1,2011-08-10 15:00:53.048689,3801,53224.0,29191977.0,2868908.0,400.2341392896606,14.002630886608786,7680.078137332281,500.0,10275.0,7582269.0,80635.0,-127.54862808022727,18,1,0
1,2011-08-10 15:01:23.050503,3657,61592.0,36740215.0,6538438.0,453.4871657883511,16.842220399234346,10046.544982225869,-144.0,8368.0,7548238.0,3669530.0,53.253026498690474,14,1,0
1,2011-08-10 15:01:53.050233,3392,77366.0,56118630.0,16963573.0,441.9992616459316,22.808372641509433,16544.407429245282,-265.0,15774.0,19378415.0,10425135.0,-11.487904142419495,28,1,0
1,2011-08-10 15:02:23.069815,3811,343828.0,47958954.0,17050578.0,418.8790936129625,90.21988979270533,12584.348989766466,419.0,266462.0,-8159676.0,87005.0,-23.120168032969104,17,1,0
1,2011-08-10 15:02:53.047770,4036,116622.0,90118709.0,11847402.0,349.25042975792866,28.89544103072349,22328.71878097126,225.0,-227206.0,42159755.0,-5203176.0,-69.62866385503384,27,1,0
1,2011-08-10 15:03:23.060855,3655,158192.0,133888673.0,5439821.0,370.3246257113543,43.280984952120384,36631.64787961696,-381.0,41570.0,43769964.0,-6407581.0,21.074195953425658,21,1,0
1,2011-08-10 15:03:53.063871,3804,596223.0,569914328.0,127669943.0,357.5649521385384,156.7358044164038,149819.74973711884,149.0,438031.0,436025655.0,122230122.0,-12.759673572815927,23,1,0
1,2011-08-10 15:04:23.050612,4315,49133.0,18156180.0,2625484.0,284.91881933047506,11.386558516801854,4207.689455388181,511.0,-547090.0,-551758148.0,-125044459.0,-72.64613280806333,17,1,0
1,2011-08-10 15:04:53.061863,3897,39967.0,22318459.0,3926292.0,302.5555999969207,10.255837823967154,5727.087246599948,-418.0,-9166.0,4162279.0,1300808.0,17.636780666445645,21,1,0
1,2011-08-10 15:05:23.051831,3866,41910.0,22041867.0,2605190.0,334.30629171417485,10.840662183135024,5701.465856182101,-31.0,1943.0,-276592.0,-1321102.0,31.750691717254142,41,1,0
1,2011-08-10 15:05:53.047825,4266,56771.0,34281842.0,4995704.0,299.77878382559777,13.307782466010314,8036.062353492734,400.0,14861.0,12239975.0,2390514.0,-34.52750788857708,19,1,0
1,2011-08-10 15:06:23.060361,3702,132935.0,109217557.0,93398646.0,311.3885449627229,35.90896812533766,29502.311453268503,-564.0,76164.0,74935715.0,88402942.0,11.609761137125133,38,1,0
1,2011-08-10 15:06:53.066158,3314,239018.0,226331621.0,9912548.0,365.26317799185273,72.12371756185878,68295.60078455039,-388.0,106083.0,117114064.0,-83486098.0,53.874633029129825,29,1,0
1,2011-08-10 15:07:23.049034,3558,52927.0,34621976.0,8127266.0,353.8302990252951,14.875491849353569,9730.740865654861,244.0,-186091.0,-191709645.0,-1785282.0,-11.43287896655761,17,1,0
1,2011-08-10 15:07:53.049562,3440,177755.0,159031810.0,7115887.0,357.89499120901166,51.67296511627907,46230.1773255814,-118.0,124828.0,124409834.0,-1011379.0,4.064692183716545,62,1,0
1,2011-08-10 15:08:23.058700,3844,98047.0,71119971.0,3939384.0,286.6243043147762,25.506503642039544,18501.553329864724,404.0,-79708.0,-87911839.0,-3176503.0,-71.27068689423544,33,1,0
1,2011-08-10 15:08:53.047664,3804,156435.0,114221178.0,15784768.0,318.6373681955836,41.123817034700316,30026.597791798107,-40.0,58388.0,43101207.0,11845384.0,32.01306388080735,24,1,0
1,2011-08-10 15:09:23.052167,3495,42847.0,21042541.0,6192445.0,326.3043668197425,12.259513590844064,6020.7556509299,-309.0,-113588.0,-93178637.0,-9592323.0,7.666998624158907,37,1,0
1,2011-08-10 15:09:53.049139,3687,30957.0,11141346.0,1930727.0,303.26694234336856,8.396257119609439,3021.7917005695685,192.0,-11890.0,-9901195.0,-4261718.0,-23.03742447637393,24,1,0
1,2011-08-10 15:10:23.048779,4000,50348.0,33390779.0,2468714.0,284.57812444350003,12.587,8347.69475,313.0,19391.0,22249433.0,537987.0,-18.688817899868525,49,1,0
1,2011-08-10 15:10:53.054466,3914,68155.0,55287835.0,42430880.0,287.8130580045989,17.413132345426675,14125.66044966786,-86.0,17807.0,21897056.0,39962166.0,3.234933561098842,50,1,0
1,2011-08-10 15:11:23.048898,3988,295552.0,252374572.0,132171387.0,310.99582741850554,74.11033099297893,63283.49348044132,74.0,227397.0,197086737.0,89740507.0,23.18276941390667,36,1,0
1,2011-08-10 15:11:53.075855,3622,76614.0,52602439.0,12978000.0,294.0939942435119,21.152401987852016,14523.036720044174,-366.0,-218938.0,-199772133.0,-119193387.0,-16.90183317499367,29,1,0
1,2011-08-10 15:12:23.095527,3629,45593.0,30660132.0,2549721.0,285.77305512345,12.56351612014329,8448.644805731607,7.0,-31021.0,-21942307.0,-10428279.0,-8.320939120061894,44,1,0
1,2011-08-10 15:12:53.078974,3556,90930.0,74681467.0,18658194.0,254.66254300421824,25.570866141732285,21001.537401574802,-73.0,45337.0,44021335.0,16108473.0,-31.110512119231743,33,1,0
1,2011-08-10 15:13:23.050853,3552,34043.0,15800131.0,5386463.0,238.33977010951577,9.584177927927929,4448.235078828829,-4.0,-56887.0,-58881336.0,-13271731.0,-16.322772894702467,18,1,0
1,2011-08-10 15:13:53.049278,3458,72069.0,52279210.0,3007659.0,222.45716893956043,20.841237709658763,15118.337189126663,-94.0,38026.0,36479079.0,-2378804.0,-15.882601169955336,35,1,0
1,2011-08-10 15:14:23.073160,3375,24297.0,8064625.0,1685434.0,239.40468184296296,7.199111111111111,2389.5185185185187,-83.0,-47772.0,-44214585.0,-1322225.0,16.947512903402526,43,1,0
1,2011-08-10 15:14:53.057351,3604,29726.0,12901226.0,3294898.0,220.17640450332962,8.248057713651498,3579.6964483906772,229.0,5429.0,4836601.0,1609464.0,-19.228277339633337,34,1,0
1,2011-08-10 15:15:23.051787,3967,48027.0,16195941.0,3263750.0,215.9943385462566,12.106629694983615,4082.6672548525335,363.0,18301.0,3294715.0,-31148.0,-4.182065957073007,60,1,0
1,2011-08-10 15:15:53.051368,3673,163260.0,133560470.0,8349188.0,230.37583133297034,44.4486795534985,36362.774298938195,-294.0,115233.0,117364529.0,5085438.0,14.381492786713721,36,1,0
1,2011-08-10 15:16:23.060370,3935,45304.0,23557429.0,2453728.0,247.12423674739517,11.513087674714104,5986.640152477764,262.0,-117956.0,-110003041.0,-5895460.0,16.748405414424838,50,1,0
1,2011-08-10 15:16:53.057776,3798,72163.0,59001646.0,13770860.0,204.39919973117432,19.00026329647183,15534.925223802002,-137.0,26859.0,35444217.0,11317132.0,-42.72503701622085,56,1,0
1,2011-08-10 15:17:23.075289,3666,57498.0,34887030.0,14449665.0,216.61344735979267,15.684124386252046,9516.374795417349,-132.0,-14665.0,-24114616.0,678805.0,12.214247628618352,28,1,0
1,2011-08-10 15:17:53.073260,4227,37120.0,14249861.0,2934261.0,190.87792023633781,8.781641826354388,3371.1523539153063,561.0,-20378.0,-20637169.0,-11515404.0,-25.735527123454858,27,1,0
1,2011-08-10 15:18:23.058893,3804,68058.0,44837564.0,3918481.0,163.83016237171398,17.891167192429023,11786.951629863303,-423.0,30938.0,30587703.0,984220.0,-27.047757864623833,48,1,0
1,2011-08-10 15:18:53.054863,3803,59105.0,35666417.0,4317993.0,171.74384601446226,15.541677622929267,9378.495135419405,-1.0,-8953.0,-9171147.0,399512.0,7.913683642748282,24,1,0
1,2011-08-10 15:19:23.052241,4051,275410.0,261953677.0,7606658.0,155.67235716119478,67.98568254751913,64663.95383855838,248.0,216305.0,226287260.0,3288665.0,-16.071488853267482,22,1,0
1,2011-08-10 15:19:53.090363,3805,39631.0,19582007.0,3316507.0,184.60318070827856,10.41550591327201,5146.388173455979,-246.0,-235779.0,-242371670.0,-4290151.0,28.930823547083776,19,1,0
1,2011-08-10 15:20:23.048575,3799,49524.0,30672127.0,3929096.0,158.01352760805474,13.03606212161095,8073.737036062122,-6.0,9893.0,11090120.0,612589.0,-26.589653100223813,29,1,0
1,2011-08-10 15:20:53.050488,4343,40523.0,19821185.0,2737966.0,140.8342564768593,9.330647018190191,4563.9385217591525,544.0,-9001.0,-10850942.0,-1191130.0,-17.179271131195435,26,1,0
1,2011-08-10 15:21:23.050335,3860,30353.0,14296115.0,3524564.0,126.37918152487046,7.863471502590674,3703.6567357512954,-483.0,-10170.0,-5525070.0,786598.0,-14.455074951988848,58,1,0
1,2011-08-10 15:21:53.081959,3827,92958.0,65478602.0,3730464.0,156.8259405265221,24.290044421217665,17109.642539848446,-33.0,62605.0,51182487.0,205900.0,30.44675900165163,26,1,0
1,2011-08-10 15:22:23.068902,3839,36271.0,19028809.0,1939804.0,148.75102672597032,9.44803334201615,4956.709820265694,12.0,-56687.0,-46449793.0,-1790660.0,-8.07491380055177,409,1,0
1,2011-08-10 15:22:53.079654,3676,34793.0,18891277.0,2346753.0,159.8067747241567,9.464907508161044,5139.085146898803,-163.0,-1478.0,-137532.0,406949.0,11.055747998186376,34,1,0
1,2011-08-10 15:23:23.052147,3412,93297.0,74150890.0,11125133.0,155.86874028692847,27.343786635404456,21732.382766705745,-264.0,58504.0,55259613.0,8778380.0,-3.938034437228225,78,1,0
1,2011-08-10 15:23:53.048905,3752,53155.0,40389267.0,5061057.0,121.6453730759595,14.167110874200427,10764.73001066098,340.0,-40142.0,-33761623.0,-6064076.0,-34.22336721096897,347,1,0
1,2011-08-10 15:24:23.090120,3748,108270.0,95888400.0,38637106.0,129.10994429722518,28.887406616862325,25583.884738527213,-4.0,55115.0,55499133.0,33576049.0,7.464571221265686,105,1,0
1,2011-08-10 15:24:53.063573,3971,30082.0,10395772.0,1962507.0,115.83005565424325,7.575421808108788,2617.9229413246035,223.0,-78188.0,-85492628.0,-36674599.0,-13.27988864298193,228,1,0
1,2011-08-10 15:25:23.052751,3587,34522.0,16247479.0,2513167.0,121.7540728215779,9.624198494563702,4529.545302481182,-384.0,4440.0,5851707.0,550660.0,5.924017167334654,99,1,0
1,2011-08-10 15:25:53.069697,3914,28543.0,10031754.0,4704425.0,111.25285396346449,7.292539601430762,2563.04394481349,327.0,-5979.0,-6215725.0,2191258.0,-10.501218858113418,397,1,0
1,2011-08-10 15:26:23.077682,3843,24749.0,9504989.0,1825173.0,96.4103946906063,6.440020817069997,2473.3252667187094,-71.0,-3794.0,-526765.0,-2879252.0,-14.842459272858193,206,1,0
1,2011-08-10 15:26:53.095047,4225,49376.0,24599749.0,2514408.0,98.21635857822486,11.68662721893491,5822.425798816568,382.0,24627.0,15094760.0,689235.0,1.8059638876185602,299,1,0
1,2011-08-10 15:27:23.068637,3879,75065.0,49712833.0,3610618.0,100.56640249497292,19.351637019850475,12815.888888888889,-346.0,25689.0,25113084.0,1096210.0,2.3500439167480636,109,1,0
1,2011-08-10 15:27:53.048202,3703,24919.0,9517574.0,1601603.0,121.55142829624629,6.72940858763165,2570.233324331623,-176.0,-50146.0,-40195259.0,-2009015.0,20.985025801273366,285,1,0
1,2011-08-10 15:28:23.048940,3542,26048.0,8913177.0,2067801.0,127.02418104404292,7.354037267080745,2516.424901185771,-161.0,1129.0,-604397.0,466198.0,5.472752747796633,94,1,0
1,2011-08-10 15:28:53.057499,4006,48469.0,21880110.0,3175569.0,99.62236844458313,12.099101347978033,5461.8347478781825,464.0,22421.0,12966933.0,1107768.0,-27.401812599459788,355,1,0
1,2011-08-10 15:29:23.053469,4463,91491.0,61516281.0,9987677.0,103.92001197423258,20.499887967734708,13783.616625588169,457.0,43022.0,39636171.0,6812108.0,4.297643529649449,110,1,0
1,2011-08-10 15:29:53.056987,4516,568356.0,573894839.0,13017251.0,89.4467803914969,125.85385296722764,127080.3452170062,53.0,476865.0,512378558.0,3029574.0,-14.473231582735679,379,1,0
1,2011-08-10 15:30:23.071194,3813,23987.0,8839147.0,1773078.0,92.47384768082875,6.2908471020194074,2318.1607658012063,-703.0,-544369.0,-565055692.0,-11244173.0,3.0270672893318533,143,1,0
1,2011-08-10 15:30:53.052631,4178,53660.0,40204958.0,2266799.0,76.72666042771661,12.843465773097176,9623.015318334132,365.0,29673.0,31365811.0,493721.0,-15.747187253112145,389,1,0
1,2011-08-10 15:31:23.053986,3711,109278.0,96695003.0,3727028.0,93.83172127566694,29.44704931285368,26056.319859876043,-467.0,55618.0,56490045.0,1460229.0,17.105060847950327,79,1,0
1,2011-08-10 15:31:53.049612,3739,55558.0,36945121.0,2289391.0,88.52693555549611,14.85905322278684,9881.01658197379,28.0,-53720.0,-59749882.0,-1437637.0,-5.304785720170827,80,1,0
1,2011-08-10 15:32:23.061057,3556,36639.0,21927048.0,1768853.0,96.76052016141732,10.303430821147357,6166.211473565804,-183.0,-18919.0,-15018073.0,-520538.0,8.233584605921209,108,1,0
1,2011-08-10 15:32:53.070415,3927,95757.0,30251043.0,7166592.0,79.22531968143622,24.384262796027503,7703.346829640947,371.0,59118.0,8323995.0,5397739.0,-17.5352004799811,79,1,0
1,2011-08-10 15:33:23.062025,3739,29157.0,13284422.0,1669701.0,76.86367933137203,7.798074351430864,3552.9344744584114,-188.0,-66600.0,-16966621.0,-5496891.0,-2.3616403500641923,56,1,0
1,2011-08-10 15:33:53.052058,3986,93935.0,72775996.0,14613468.0,60.51822186452584,23.566231811339687,18257.901655795282,247.0,64778.0,59491574.0,12943767.0,-16.345457466846185,229,1,0
1,2011-08-10 15:34:23.052912,4266,50483.0,31185748.0,5573108.0,55.82140234622597,11.833802156586966,7310.30192217534,280.0,-43452.0,-41590248.0,-9040360.0,-4.696819518299868,34,1,0
1,2011-08-10 15:34:53.065323,4001,82253.0,64772458.0,24773827.0,51.22730374556361,20.558110472381905,16189.067233191701,-265.0,31770.0,33586710.0,19200719.0,-4.594098600662363,32,1,0
1,2011-08-10 15:35:23.047903,3565,33504.0,20470164.0,6531629.0,58.14916706732117,9.398036465638148,5741.981486676017,-436.0,-48749.0,-44302294.0,-18242198.0,6.921863321757563,142,1,0
1,2011-08-10 15:35:53.048591,3770,479930.0,411180280.0,47693797.0,53.700695537400534,127.3023872679045,109066.38726790452,205.0,446426.0,390710116.0,41162168.0,-4.4484715299206385,66,1,0
1,2011-08-10 15:36:23.076970,3803,41132.0,26028535.0,3478026.0,64.59867806757822,10.815671838022613,6844.211149092822,33.0,-438798.0,-385151745.0,-44215771.0,10.897982530177686,49,1,0
1,2011-08-10 15:36:53.050913,3771,42383.0,26725279.0,3286743.0,56.50826114001591,11.239193847785733,7087.053566693185,-32.0,1251.0,696744.0,-191283.0,-8.090416927562309,48,1,0
1,2011-08-10 15:37:23.052675,3819,31847.0,17478273.0,2198565.0,50.326204010473944,8.339094003665881,4576.662215239591,48.0,-10536.0,-9247006.0,-1088178.0,-6.182057129541967,47,1,0
1,2011-08-10 15:37:53.073085,3680,26276.0,8144021.0,1932956.0,55.62618121847826,7.140217391304348,2213.049184782609,-139.0,-5571.0,-9334252.0,-265609.0,5.299977208004314,56,1,0
1,2011-08-10 15:38:23.048806,3939,34047.0,17526520.0,9028389.0,51.51978950926631,8.643564356435643,4449.48464077177,259.0,7771.0,9382499.0,7095433.0,-4.106391709211948,47,1,0
1,2011-08-10 15:38:53.061523,3915,48823.0,28904571.0,3155383.0,48.64317335300127,12.470753512132822,7383.032183908046,-24.0,14776.0,11378051.0,-5873006.0,-2.8766161562650368,41,1,0
1,2011-08-10 15:39:23.071479,3773,48203.0,34295798.0,2279128.0,43.75212524357275,12.775775245163,9089.795388285183,-142.0,-620.0,5391227.0,-876255.0,-4.8910481094285245,48,1,0
1,2011-08-10 15:39:53.049222,3424,123640.0,108323183.0,4060125.0,49.46281636682243,36.10981308411215,31636.44363317757,-349.0,75437.0,74027385.0,1780997.0,5.710691123249681,39,1,0
1,2011-08-10 15:40:23.053388,3588,53653.0,40543395.0,2781472.0,50.85967606744704,14.95345596432553,11299.719899665552,164.0,-69987.0,-67779788.0,-1278653.0,1.39685970062461,41,1,0
1,2011-08-10 15:40:53.047680,3725,37487.0,19383884.0,3348545.0,38.97856151677853,10.063624161073825,5203.727248322148,137.0,-16166.0,-21159511.0,567073.0,-11.881114550668514,38,1,0
1,2011-08-10 15:41:23.048645,3380,20191.0,7336782.0,1489434.0,37.125914396153846,5.973668639053255,2170.6455621301775,-345.0,-17296.0,-12047102.0,-1859111.0,-1.852647120624681,65,1,0
1,2011-08-10 15:41:53.050916,3440,50769.0,33953798.0,13575901.0,41.111723315697674,14.758430232558139,9870.29011627907,60.0,30578.0,26617016.0,12086467.0,3.985808919543828,19,1,0
1,2011-08-10 15:42:23.048808,3722,50783.0,34697271.0,16085539.0,38.737137732939274,13.644008597528211,9322.21144545943,282.0,14.0,743473.0,2509638.0,-2.3745855827583995,189,1,0
1,2011-08-10 15:42:53.052684,4011,42021.0,23414637.0,2603583.0,32.192966749439044,10.476439790575917,5837.605833956619,289.0,-8762.0,-11282634.0,-13481956.0,-6.54417098350023,55,1,0
1,2011-08-10 15:43:23.060970,4330,56614.0,38538727.0,3498280.0,29.349645551270207,13.074826789838337,8900.398845265589,319.0,14593.0,15124090.0,894697.0,-2.8433211981688373,68,1,0
1,2011-08-10 15:43:53.094002,4428,47156.0,32718487.0,2543569.0,21.26571492863595,10.649503161698284,7388.998870822042,98.0,-9458.0,-5820240.0,-954711.0,-8.083930622634256,65,1,0
1,2011-08-10 15:44:23.048714,4438,48446.0,28505369.0,3041705.0,19.094145272420008,10.91617845876521,6423.021406038756,10.0,1290.0,-4213118.0,498136.0,-2.1715696562159437,61,1,0
1,2011-08-10 15:44:53.052356,4309,41220.0,24936602.0,6045956.0,17.353352968438152,9.5660245996751,5787.097238338361,-129.0,-7226.0,-3568767.0,3004251.0,-1.7407923039818556,69,1,0
1,2011-08-10 15:45:23.048174,4012,28714.0,12820333.0,4979191.0,18.685354001246264,7.157028913260219,3195.4967597208374,-297.0,-12506.0,-12116269.0,-1066765.0,1.3320010328081118,66,1,0
1,2011-08-10 15:45:53.052116,3748,31068.0,12043323.0,2278470.0,18.784031338847385,8.289220917822838,3213.2665421558163,-264.0,2354.0,-777010.0,-2700721.0,0.09867733760112074,54,1,0
1,2011-08-10 15:46:23.099147,4091,58910.0,40300351.0,3105809.0,13.156396823026155,14.399902224395014,9850.978000488878,343.0,27842.0,28257028.0,827339.0,-5.62763451582123,425,1,0
1,2011-08-10 15:46:53.083777,4141,33556.0,14604858.0,6097566.0,16.925873529582226,8.103356677131128,3526.8915720840378,50.0,-25354.0,-25695493.0,2991757.0,3.7694767065560715,426,1,0
1,2011-08-10 15:47:23.049841,4384,39646.0,19741144.0,5605134.0,14.7457502917427,9.043339416058394,4502.998175182482,243.0,6090.0,5136286.0,-492432.0,-2.180123237839526,437,1,0
1,2011-08-10 15:47:53.051697,3708,27640.0,12487912.0,1749434.0,14.678479702804745,7.454153182308522,3367.829557713053,-676.0,-12006.0,-7253232.0,-3855700.0,-0.06727058893795501,288,1,0
1,2011-08-10 15:48:23.049084,4020,181936.0,149086277.0,41692711.0,16.36139455124378,45.25771144278607,37086.13855721393,312.0,154296.0,136598365.0,39943277.0,1.6829148484390348,307,1,0
1,2011-08-10 15:48:53.048401,4086,43577.0,21176261.0,2691759.0,13.681185669603524,10.664953499755262,5182.638521781693,66.0,-138359.0,-127910016.0,-39000952.0,-2.6802088816402563,0,0,0
2,2011-08-11 09:49:35.721274,6742,897743.0,361290838.0,210840411.0,1406.751195124444,133.1567784040344,53588.0803915752,0.0,0.0,0.0,0.0,0.0,0,0,0
2,2011-08-11 09:50:05.723247,5486,413988.0,315271366.0,259978728.0,1347.47864179712,75.46263215457529,57468.34961720744,-1256.0,-483755.0,-46019472.0,49138317.0,-59.272553327323976,0,0,0
2,2011-08-11 09:50:35.726957,5001,109209.0,21927621.0,7260795.0,1346.102886310338,21.8374325134973,4384.647270545891,-485.0,-304779.0,-293343745.0,-252717933.0,-1.3757554867820545,0,0,0
2,2011-08-11 09:51:05.729369,5849,94066.0,25357833.0,8115963.0,1189.5917967358523,16.08240724910241,4335.413404000684,848.0,-15143.0,3430212.0,855168.0,-156.5110895744856,0,0,0
2,2011-08-11 09:51:35.725416,4775,53582.0,15554454.0,3273648.0,1087.335648942199,11.221361256544503,3257.477277486911,-1074.0,-40484.0,-9803379.0,-4842315.0,-102.25614779365333,0,0,0
2,2011-08-11 09:52:05.732946,4685,78026.0,38974629.0,10234183.0,1098.6608067086445,16.65442902881537,8319.024332977588,-90.0,24444.0,23420175.0,6960535.0,11.3251577664455,0,0,0
2,2011-08-11 09:52:35.725237,5903,64516.0,17168454.0,4702274.0,838.5254022351346,10.929357953582924,2908.428595629341,1218.0,-13510.0,-21806175.0,-5531909.0,-260.1354044735099,0,0,0
2,2011-08-11 09:53:05.726551,5797,51096.0,18118754.0,3491735.0,798.3287756486113,8.814214248749353,3125.539761945834,-106.0,-13420.0,950300.0,-1210539.0,-40.19662658652328,0,0,0
2,2011-08-11 09:53:35.732010,4400,53892.0,18798832.0,4548725.0,1038.983604849091,12.248181818181818,4272.461818181818,-1397.0,2796.0,680078.0,1056990.0,240.65482920047975,0,0,0
2,2011-08-11 09:54:05.724847,5798,63281.0,22108711.0,4424896.0,840.4661804085893,10.914280786478097,3813.161607450845,1398.0,9389.0,3309879.0,-123829.0,-198.51742444050183,0,0,0
2,2011-08-11 09:54:35.721475,4825,97836.0,50933356.0,8183084.0,983.4485313129533,20.276891191709844,10556.135958549223,-973.0,34555.0,28824645.0,3758188.0,142.982350904364,0,0,0
2,2011-08-11 09:55:05.731605,4896,69258.0,39037405.0,3752912.0,946.8058310563725,14.145833333333334,7973.326184640523,71.0,-28578.0,-11895951.0,-4430172.0,-36.642700256580724,0,0,0
2,2011-08-11 09:55:35.724042,4550,41205.0,12734487.0,3115717.0,883.5480531863736,9.056043956043956,2798.7883516483516,-346.0,-28053.0,-26302918.0,-637195.0,-63.257777869998904,0,0,0
2,2011-08-11 09:56:05.727100,4795,35165.0,8885560.0,2550350.0,827.5009427320125,7.333680917622523,1853.0886339937435,245.0,-6040.0,-3848927.0,-565367.0,-56.04711045436113,0,0,0
2,2011-08-11 09:56:35.721617,4377,44302.0,21250894.0,2612629.0,900.1539232216129,10.121544436828879,4855.127713045465,-418.0,9137.0,12365334.0,62279.0,72.6529804896004,0,0,0
2,2011-08-11 09:57:05.772684,4773,37122.0,11594761.0,2568695.0,768.1796090341504,7.777498428661219,2429.239681542007,396.0,-7180.0,-9656133.0,-43934.0,-131.97431418746248,0,0,0
2,2011-08-11 09:57:35.723365,4854,38787.0,8505785.0,2825575.0,825.4297585103008,7.990729295426452,1752.3248866913887,81.0,1665.0,-3088976.0,256880.0,57.25014947615034,0,0,0
2,2011-08-11 09:58:05.730120,4860,39376.0,14375327.0,3169501.0,819.0574470028806,8.102057613168725,2957.8862139917696,6.0,589.0,5869542.0,343926.0,-6.372311507420136,0,0,0
2,2011-08-11 09:58:35.727597,5584,74223.0,38083975.0,3938810.0,806.6586009090258,13.29208452722063,6820.196095988539,724.0,34847.0,23708648.0,769309.0,-12.398846093854786,0,0,0
2,2011-08-11 09:59:05.726154,4963,77447.0,44537473.0,16250643.0,836.1842052478339,15.604876083014306,8973.901470884546,-621.0,3224.0,6453498.0,12311833.0,29.52560433880808,0,0,0
2,2011-08-11 09:59:35.742633,5128,49100.0,26318057.0,2611165.0,663.7074053075273,9.574882995319813,5132.226404056162,165.0,-28347.0,-18219416.0,-13639478.0,-172.4767999403066,0,0,0
2,2011-08-11 10:00:05.722996,5843,68407.0,32881884.0,4114160.0,630.2718853549546,11.707513263734382,5627.568714701352,715.0,19307.0,6563827.0,1502995.0,-33.43551995257269,0,0,0
2,2011-08-11 10:00:35.762802,4864,710484.0,630648978.0,19954191.0,736.9011848254523,146.06990131578948,129656.45106907895,-979.0,642077.0,597767094.0,15840031.0,106.6292994704977,0,0,0
2,2011-08-11 10:01:05.732626,4308,223022.0,181235171.0,6759613.0,751.6494243816156,51.76926648096565,42069.44545032498,-556.0,-487462.0,-449413807.0,-13194578.0,14.748239556163298,0,0,0
2,2011-08-11 10:01:35.728522,4553,1210004.0,999224117.0,35379943.0,697.8435521827367,265.7597188666813,219464.99385020864,245.0,986982.0,817988946.0,28620330.0,-53.80587219887889,0,0,0
2,2011-08-11 10:02:05.724792,4623,33707.0,10966439.0,3280627.0,752.7057411905689,7.291152930997188,2372.147739563054,70.0,-1176297.0,-988257678.0,-32099316.0,54.86218900783217,0,0,0
2,2011-08-11 10:02:35.726781,4114,39736.0,14289037.0,4124167.0,821.1623030777832,9.65872630043753,3473.271025765678,-509.0,6029.0,3322598.0,843540.0,68.45656188721432,0,0,0
2,2011-08-11 10:03:05.749381,4335,892494.0,745935502.0,23971904.0,706.0154407963091,205.8809688581315,172072.78016147634,221.0,852758.0,731646465.0,19847737.0,-115.14686228147411,0,0,0
2,2011-08-11 10:03:35.755361,5184,29269.0,7479618.0,1793953.0,620.880446404321,5.646026234567901,1442.8275462962963,849.0,-863225.0,-738455884.0,-22177951.0,-85.13499439198813,0,0,0
2,2011-08-11 10:04:05.770467,8134,133813.0,90726733.0,4626564.0,352.64093911089253,16.45106958446029,11154.011925252029,2950.0,104544.0,83247115.0,2832611.0,-268.23950729342846,0,0,0
2,2011-08-11 10:04:35.726137,9365,432883.0,347979692.0,12644395.0,307.7948870225307,46.22349172450614,37157.46844634276,1231.0,299070.0,257252959.0,8017831.0,-44.84605208836183,0,0,0
2,2011-08-11 10:05:05.725029,7833,41983.0,16764686.0,4858779.0,343.3561404497638,5.3597599897868,2140.2637559045065,-1532.0,-390900.0,-331215006.0,-7785616.0,35.56125342723311,0,0,0
2,2011-08-11 10:05:35.724744,7536,37986.0,10286689.0,2301086.0,379.53925520820064,5.040605095541402,1365.0065021231424,-297.0,-3997.0,-6477997.0,-2557693.0,36.18311475843683,0,0,0
2,2011-08-11 10:06:05.727052,8001,41887.0,13591949.0,3033924.0,333.86088972353457,5.235220597425322,1698.7812773403325,465.0,3901.0,3305260.0,732838.0,-45.678365484666074,0,0,0
2,2011-08-11 10:06:35.746562,9399,76074.0,44412862.0,6576054.0,295.88007155090963,8.093839770188318,4725.275242047026,1398.0,34187.0,30820913.0,3542130.0,-37.980818172624936,0,0,0
2,2011-08-11 10:07:05.726150,5603,49489.0,15594662.0,3204183.0,542.0373402006068,8.832589684097805,2783.2700339104053,-3796.0,-26585.0,-28818200.0,-3371871.0,246.15726864969713,0,0,0
2,2011-08-11 10:07:35.727696,4343,47361.0,27832704.0,2599177.0,634.3514758005987,10.905134699516463,6408.635505411006,-1260.0,-2128.0,12238042.0,-605006.0,92.31413559999191,0,0,0
3,2011-08-12 15:24:01.105063,1712,4317932.0,3659098271.0,1469259418.0,654.0164577383179,2522.1565420560746,2137323.7564252336,0.0,0.0,0.0,0.0,0.0,0,0,1
3,2011-08-12 15:24:31.149242,1643,164980.0,46695756.0,11124566.0,353.43447823311016,100.4138770541692,28421.032258064515,-69.0,-4152952.0,-3612402515.0,-1458134852.0,-300.5819795052077,0,0,1
3,2011-08-12 15:25:01.112739,1321,20718.0,7057621.0,2250832.0,352.9159138069644,15.683573050719152,5342.635124905375,-322.0,-144262.0,-39638135.0,-8873734.0,-0.5185644261457583,0,0,1
3,2011-08-12 15:25:31.233931,949,24012.0,9492386.0,3123497.0,368.10119843624864,25.302423603793468,10002.514225500527,-372.0,3294.0,2434765.0,872665.0,15.18528462928424,1,1,0
3,2011-08-12 15:26:01.126918,989,19459.0,11796754.0,1842697.0,382.9164042214358,19.675429726996967,11927.96157735086,40.0,-4553.0,2304368.0,-1280800.0,14.815205785187175,0,0,0
3,2011-08-12 15:26:31.112638,1036,30005.0,21084803.0,1388397.0,333.8855221312741,28.962355212355213,20352.12644787645,47.0,10546.0,9288049.0,-454300.0,-49.0308820901617,0,0,0
4,2011-08-15 10:42:52.613616,2,4.0,504.0,290.0,1268.7595215000001,2.0,252.0,0.0,0.0,0.0,0.0,0.0,0,0,1
4,2011-08-15 10:43:34.544316,1,2.0,288.0,145.0,1095.947266,2.0,288.0,-1.0,-2.0,-216.0,-145.0,-172.81225550000022,0,0,1
4,2011-08-15 10:58:26.370803,2,5.0,721.0,435.0,2140.5426024999997,2.5,360.5,1.0,3.0,433.0,290.0,1044.5953364999998,0,0,1
4,2011-08-15 10:59:02.040572,1,2.0,288.0,145.0,1071.322388,2.0,288.0,-1.0,-3.0,-433.0,-290.0,-1069.2202144999997,0,0,1
4,2011-08-15 11:00:05.704408,2136,1504642.0,1251201278.0,438602583.0,1016.8135947991572,704.4204119850187,585768.388576779,2135.0,1504640.0,1251200990.0,438602438.0,-54.50879320084289,1,1,0
4,2011-08-15 11:00:22.615736,3491,175486.0,64146681.0,15032110.0,752.4664280031509,50.26811801775995,18374.872815812087,1355.0,-1329156.0,-1187054597.0,-423570473.0,-264.34716679600626,0,0,0
4,2011-08-15 11:00:52.643903,2680,66100.0,16049937.0,6785045.0,754.200584519403,24.66417910447761,5988.782462686567,-811.0,-109386.0,-48096744.0,-8247065.0,1.734156516252142,0,0,0
4,2011-08-15 11:01:22.622497,2913,55734.0,23996353.0,4061324.0,542.7818084775146,19.13285272914521,8237.67696532784,233.0,-10366.0,7946416.0,-2723721.0,-211.41877604188846,0,0,0
4,2011-08-15 11:01:52.789187,2985,538232.0,562286393.0,13494023.0,504.7552638874372,180.31222780569513,188370.65092127305,72.0,482498.0,538290040.0,9432699.0,-38.02654459007738,0,0,0
4,2011-08-15 11:02:22.711886,2320,186272.0,41362133.0,19396476.0,548.2951200676723,80.28965517241379,17828.505603448277,-665.0,-351960.0,-520924260.0,5902453.0,43.53985618023512,0,0,0
4,2011-08-15 11:02:52.624349,2063,31181.0,16593929.0,8898058.0,578.1690001158507,15.114396509936984,8043.591371788657,-257.0,-155091.0,-24768204.0,-10498418.0,29.87388004817842,0,0,0
4,2011-08-15 11:03:22.619799,2382,29867.0,11292419.0,4416031.0,573.3376784412259,12.538623005877414,4740.730058774139,319.0,-1314.0,-5301510.0,-4482027.0,-4.83132167462486,0,0,0
4,2011-08-15 11:03:52.657532,2308,31895.0,14146510.0,2456632.0,522.9230404961005,13.819324090121317,6129.337088388215,-74.0,2028.0,2854091.0,-1959399.0,-50.41463794512538,0,0,0
4,2011-08-15 11:04:22.716029,2443,213912.0,223355323.0,5196054.0,537.6822629525174,87.56119525173966,91426.65697912403,135.0,182017.0,209208813.0,2739422.0,14.759222456416865,0,0,0
4,2011-08-15 11:04:52.622657,2445,29864.0,14800665.0,2238944.0,456.74404537218817,12.214314928425358,6053.441717791411,2.0,-184048.0,-208554658.0,-2957110.0,-80.9382175803292,0,0,0
4,2011-08-15 11:05:22.649175,2749,104389.0,48343074.0,7459472.0,410.6860551615133,37.97344488905056,17585.69443433976,304.0,74525.0,33542409.0,5220528.0,-46.05799021067486,0,0,0
4,2011-08-15 11:05:52.637148,2249,109854.0,76299464.0,4114309.0,499.15094148866166,48.84570920409071,33925.951089373055,-500.0,5465.0,27956390.0,-3345163.0,88.46488632714835,0,0,0
4,2011-08-15 11:06:22.626848,2209,189785.0,181621974.0,4896900.0,532.2837967931191,85.9144409234948,82219.09189678587,-40.0,79931.0,105322510.0,782591.0,33.13285530445745,0,0,0
4,2011-08-15 11:06:52.644883,2166,38729.0,26899533.0,1947717.0,540.3251686278855,17.880424746075715,12418.990304709141,-43.0,-151056.0,-154722441.0,-2949183.0,8.041371834766437,0,0,0
4,2011-08-15 11:07:22.730922,2180,36326.0,24234500.0,2171501.0,483.9642716082569,16.66330275229358,11116.743119266055,14.0,-2403.0,-2665033.0,223784.0,-56.360897019628624,0,0,0
4,2011-08-15 11:07:52.638887,2297,26170.0,14455660.0,1834198.0,475.06989085676975,11.393121462777536,6293.2781889420985,117.0,-10156.0,-9778840.0,-337303.0,-8.894380751487176,0,0,0
4,2011-08-15 11:08:22.632929,1994,313115.0,350223605.0,6293926.0,463.1074830351053,157.02858575727183,175638.7186559679,-303.0,286945.0,335767945.0,4459728.0,-11.962407821664442,0,0,0
4,2011-08-15 11:08:52.701118,1829,36071.0,16755924.0,7973394.0,543.9429739387643,19.721705850191363,9161.248769819573,-165.0,-277044.0,-333467681.0,1679468.0,80.83549090365904,0,0,0
4,2011-08-15 11:09:22.651450,2002,308103.0,344995559.0,5500706.0,489.3907577017982,153.89760239760238,172325.45404595404,173.0,272032.0,328239635.0,-2472688.0,-54.55221623696616,0,0,0
4,2011-08-15 11:09:52.622072,2406,954525.0,1097241258.0,14718333.0,348.07168536824605,396.7269326683292,456043.7481296758,404.0,646422.0,752245699.0,9217627.0,-141.31907233355213,0,0,0
4,2011-08-15 11:10:22.614054,1852,31311.0,21392650.0,1676452.0,352.9776205755939,16.90658747300216,11551.106911447085,-554.0,-923214.0,-1075848608.0,-13041881.0,4.905935207347852,0,0,0
4,2011-08-15 11:10:52.650166,2108,359947.0,385989746.0,7906770.0,415.28530271252373,170.75284629981024,183107.09013282732,256.0,328636.0,364597096.0,6230318.0,62.30768213692983,0,0,0
4,2011-08-15 11:11:22.706418,2289,45530.0,30686635.0,2368185.0,283.7690423722149,19.890782000873745,13406.131498470948,181.0,-314417.0,-355303111.0,-5538585.0,-131.5162603403088,0,0,0
4,2011-08-15 11:11:52.614675,2245,321438.0,349139889.0,7470486.0,328.2712136636971,143.17951002227173,155518.8815144766,-44.0,275908.0,318453254.0,5102301.0,44.50217129148217,0,0,0
4,2011-08-15 11:12:22.671357,2217,71946.0,54778850.0,3009014.0,359.5324625286423,32.45196211096076,24708.54758682905,-28.0,-249492.0,-294361039.0,-4461472.0,31.26124886494523,0,0,0
4,2011-08-15 11:12:52.660505,2004,356607.0,386362831.0,7245588.0,389.8340575718563,177.94760479041915,192795.8238522954,-213.0,284661.0,331583981.0,4236574.0,30.30159504321398,0,0,0
4,2011-08-15 11:13:22.643646,2204,29121.0,19681342.0,1855164.0,305.5830081515427,13.212794918330308,8929.828493647912,200.0,-327486.0,-366681489.0,-5390424.0,-84.25104942031362,0,0,0
4,2011-08-15 11:13:52.620223,2666,331423.0,348553014.0,6502624.0,258.85891021417854,124.31470367591898,130740.06526631658,462.0,302302.0,328871672.0,4647460.0,-46.72409793736415,0,0,0
4,2011-08-15 11:14:22.614682,2996,320758.0,351719114.0,6042041.0,249.28733494325766,107.06208277703605,117396.23297730307,330.0,-10665.0,3166100.0,-460583.0,-9.571575270920874,0,0,0
4,2011-08-15 11:14:52.623984,2853,38140.0,22395240.0,3456840.0,292.87001456677183,13.36838415702769,7849.716088328076,-143.0,-282618.0,-329323874.0,-2585201.0,43.58267962351417,0,0,0
4,2011-08-15 11:15:22.622977,2913,118174.0,121783306.0,2954611.0,199.54306441228974,40.56779951939581,41806.83350497769,60.0,80034.0,99388066.0,-502229.0,-93.32695015448209,0,0,0
4,2011-08-15 11:15:52.626550,2353,23002.0,13483580.0,1225313.0,287.19386228601786,9.775605609859754,5730.378240543986,-560.0,-95172.0,-108299726.0,-1729298.0,87.65079787372812,0,0,0
4,2011-08-15 11:16:22.634645,2157,305653.0,323745098.0,6555933.0,364.9591066439499,141.7028280018544,150090.44877144182,-196.0,282651.0,310261518.0,5330620.0,77.76524435793203,0,0,0
4,2011-08-15 11:16:52.615671,2168,197950.0,220470734.0,6024150.0,316.4581387661439,91.30535055350553,101693.14298892989,11.0,-107703.0,-103274364.0,-531783.0,-48.50096787780598,0,0,0
4,2011-08-15 11:17:22.620345,2617,212647.0,233214324.0,4413275.0,310.52822532709206,81.25601834161253,89115.14100114634,449.0,14697.0,12743590.0,-1610875.0,-5.929913439051859,0,0,0
4,2011-08-15 11:17:52.618960,2241,73580.0,51090018.0,2853472.0,287.9077542106203,32.83355644801428,22797.866131191433,-376.0,-139067.0,-182124306.0,-1559803.0,-22.620471116471776,0,0,0
4,2011-08-15 11:18:22.648249,2151,212319.0,220675807.0,5151237.0,287.1705949800093,98.7071129707113,102592.1929335193,-90.0,138739.0,169585789.0,2297765.0,-0.7371592306109847,0,0,0
4,2011-08-15 11:18:52.659045,2081,44910.0,22185330.0,1887466.0,288.858003175877,21.58097068716963,10660.898606439212,-70.0,-167409.0,-198490477.0,-3263771.0,1.6874081958677039,0,0,0
4,2011-08-15 11:19:22.614010,2543,30888.0,18222641.0,2777730.0,290.9181906366496,12.146283916633896,7165.804561541487,462.0,-14022.0,-3962689.0,890264.0,2.0601874607726245,0,0,0
4,2011-08-15 11:19:52.623572,2249,283259.0,301714884.0,6019060.0,270.3804841765229,125.948866162739,134155.12850155626,-294.0,252371.0,283492243.0,3241330.0,-20.537706460126742,0,0,0
4,2011-08-15 11:20:22.630500,2392,229097.0,239292019.0,5280649.0,296.2784810355351,95.77633779264214,100038.46948160535,143.0,-54162.0,-62422865.0,-738411.0,25.89799685901221,0,0,0
4,2011-08-15 11:20:52.648330,2400,243649.0,250208436.0,5831693.0,234.54205248416667,101.52041666666666,104253.515,8.0,14552.0,10916417.0,551044.0,-61.73642855136842,0,0,0
4,2011-08-15 11:21:22.625930,2119,121232.0,124158125.0,3023802.0,262.92767834686174,57.21189240207645,58592.79141104295,-281.0,-122417.0,-126050311.0,-2807891.0,28.385625862695065,0,0,0
4,2011-08-15 11:21:52.621592,1935,213323.0,230639040.0,4872012.0,302.66672797467703,110.24444444444444,119193.30232558139,-184.0,92091.0,106480915.0,1848210.0,39.73904962781529,0,0,0
4,2011-08-15 11:22:22.625758,1893,149248.0,164353684.0,3933933.0,330.8683472562071,78.84204965662968,86821.8087691495,-42.0,-64075.0,-66285356.0,-938079.0,28.201619281530043,0,0,0
4,2011-08-15 11:22:52.617094,1919,88534.0,30802359.0,7773810.0,283.7605479979156,46.13548723293382,16051.255341323606,26.0,-60714.0,-133551325.0,3839877.0,-47.10779925829149,0,0,0
4,2011-08-15 11:23:22.670109,2191,27255.0,18503481.0,1540090.0,210.59239811547238,12.439525330899134,8445.221816522137,272.0,-61279.0,-12298878.0,-6233720.0,-73.1681498824432,0,0,0
4,2011-08-15 11:23:52.649095,2074,164411.0,164178585.0,7229976.0,292.79517802459014,79.27242044358727,79160.35920925747,-117.0,137156.0,145675104.0,5689886.0,82.20277990911777,0,0,0
4,2011-08-15 11:24:22.625707,2385,54909.0,21725175.0,4951281.0,306.57377689895173,23.022641509433964,9109.088050314465,311.0,-109502.0,-142453410.0,-2278695.0,13.778598874361592,0,0,0
4,2011-08-15 11:24:52.615333,2772,95960.0,63387524.0,4979456.0,355.93440347799424,34.61760461760462,22867.07215007215,387.0,41051.0,41662349.0,28175.0,49.3606265790425,0,0,0
4,2011-08-15 11:25:22.662940,2624,62676.0,47652158.0,3123223.0,236.11042349618901,23.885670731707318,18160.12118902439,-148.0,-33284.0,-15735366.0,-1856233.0,-119.82397998180522,0,0,0
4,2011-08-15 11:25:52.627797,2103,72558.0,62410175.0,3610841.0,328.25614980694246,34.502139800285306,29676.735615786973,-521.0,9882.0,14758017.0,487618.0,92.14572631075345,0,0,0
4,2011-08-15 11:26:22.647436,2174,25782.0,13921423.0,1784364.0,251.4415025823367,11.859245630174794,6403.598436062557,71.0,-46776.0,-48488752.0,-1826477.0,-76.81464722460575,0,0,0
4,2011-08-15 11:26:52.625370,2035,35115.0,22159950.0,2196070.0,332.0009121031941,17.255528255528255,10889.410319410319,-139.0,9333.0,8238527.0,411706.0,80.55940952085737,0,0,0
4,2011-08-15 11:27:22.644380,2151,32972.0,23033794.0,1838314.0,253.64749709205017,15.328684332868434,10708.41190144119,116.0,-2143.0,873844.0,-357756.0,-78.35341501114391,0,0,0
4,2011-08-15 11:27:52.616878,1892,154285.0,141783578.0,4899192.0,304.7253399487315,81.54598308668076,74938.46617336152,-259.0,121313.0,118749784.0,3060878.0,51.07784285668134,0,0,0
4,2011-08-15 11:28:22.615401,1952,26739.0,17017818.0,1547883.0,289.3908379318648,13.698258196721312,8718.144467213115,60.0,-127546.0,-124765760.0,-3351309.0,-15.334502016866736,0,0,0
4,2011-08-15 11:28:52.617316,1828,24782.0,12862388.0,1733185.0,273.37328064332604,13.556892778993435,7036.317286652079,-124.0,-1957.0,-4155430.0,185302.0,-16.01755728853874,0,0,0
4,2011-08-15 11:29:22.658619,2055,22626.0,10782033.0,1336322.0,304.7967363318735,11.01021897810219,5246.731386861314,227.0,-2156.0,-2080355.0,-396863.0,31.42345568854745,0,0,0
4,2011-08-15 11:29:52.615960,2247,32110.0,21216270.0,1720724.0,270.76130606898084,14.290164663996439,9442.042723631508,192.0,9484.0,10434237.0,384402.0,-34.035430262892646,0,0,0
4,2011-08-15 11:30:22.623989,1940,50937.0,27396000.0,2381119.0,262.8226474659794,26.25618556701031,14121.649484536083,-307.0,18827.0,6179730.0,660395.0,-7.938658603001443,0,0,0
4,2011-08-15 11:30:52.660684,2148,163934.0,177724888.0,4717021.0,245.65453558286777,76.3193668528864,82739.70577281193,208.0,112997.0,150328888.0,2335902.0,-17.168111883111635,0,0,0
4,2011-08-15 11:31:22.631139,1958,14511.0,4935514.0,1001412.0,312.1924703396323,7.411133810010215,2520.6915219611847,-190.0,-149423.0,-172789374.0,-3715609.0,66.53793475676451,0,0,0
4,2011-08-15 11:31:52.622784,2074,23035.0,12381601.0,1364723.0,262.81958280713593,11.10655737704918,5969.9136933461905,116.0,8524.0,7446087.0,363311.0,-49.37288753249635,0,0,0
4,2011-08-15 11:32:22.628458,1864,52104.0,45125348.0,1757250.0,279.8749898036481,27.952789699570815,24208.877682403432,-210.0,29069.0,32743747.0,392527.0,17.055406996512147,0,0,0
4,2011-08-15 11:32:52.623064,2259,84382.0,33731120.0,5032569.0,254.01745546170872,37.35369632580788,14931.881363435148,395.0,32278.0,-11394228.0,3275319.0,-25.857534341939356,0,0,0
4,2011-08-15 11:33:22.616020,2081,70365.0,69060541.0,2066989.0,260.4461407770303,33.81307063911581,33186.228255646325,-178.0,-14017.0,35329421.0,-2965580.0,6.428685315321559,0,0,0
4,2011-08-15 11:33:52.624300,1731,203502.0,232998944.0,3445828.0,274.07713631831314,117.5632582322357,134603.6649335644,-350.0,133137.0,163938403.0,1378839.0,13.630995541282857,0,0,0
4,2011-08-15 11:34:22.633299,1869,209446.0,234431655.0,5080973.0,292.41622367629753,112.06313536650616,125431.59711075442,138.0,5944.0,1432711.0,1635145.0,18.339087357984397,0,0,0
4,2011-08-15 11:34:52.640852,2583,46239.0,18085595.0,2656894.0,205.4173341618273,17.901277584204415,7001.778939217964,714.0,-163207.0,-216346060.0,-2424079.0,-86.99888951447022,0,0,0
5,2011-08-15 16:43:20.931208,3737,930782.0,627527620.0,504326805.0,423.6423398672732,249.07198287396307,167922.83114797965,0.0,0.0,0.0,0.0,0.0,0,0,0
5,2011-08-15 16:43:50.935353,2973,361919.0,307905261.0,10876615.0,296.56050024016145,121.73528422468887,103567.19172552977,-764.0,-568863.0,-319622359.0,-493450190.0,-127.08183962711178,0,0,0
5,2011-08-15 16:44:20.938654,2587,67680.0,38954279.0,10221202.0,245.72884335214536,26.161577116350987,15057.70351758794,-386.0,-294239.0,-268950982.0,-655413.0,-50.831656888016084,0,0,0
5,2011-08-15 16:44:50.952945,2576,38818.0,19812395.0,2130795.0,218.5340057872671,15.069099378881987,7691.147127329193,-11.0,-28862.0,-19141884.0,-8090407.0,-27.19483756487827,0,0,0
5,2011-08-15 16:45:20.945204,2664,47703.0,34177861.0,2291248.0,181.28032973986487,17.90653153153153,12829.527402402402,88.0,8885.0,14365466.0,160453.0,-37.25367604740222,0,0,0
5,2011-08-15 16:45:50.942658,2457,65568.0,50641059.0,2658619.0,162.0717424831095,26.686202686202687,20610.931623931625,-207.0,17865.0,16463198.0,367371.0,-19.20858725675538,0,0,0
5,2011-08-15 16:46:20.940771,2552,37089.0,26642194.0,1991918.0,137.09812282092477,14.533307210031348,10439.73119122257,95.0,-28479.0,-23998865.0,-666701.0,-24.973619662184717,0,0,0
5,2011-08-15 16:46:50.939212,1923,26543.0,16268125.0,1418850.0,186.4619178673947,13.80291211648466,8459.763390535622,-629.0,-10546.0,-10374069.0,-573068.0,49.36379504646993,0,0,0
5,2011-08-15 16:47:20.947131,2226,48748.0,39132631.0,2138452.0,135.0057674824798,21.89937106918239,17579.798292902065,303.0,22205.0,22864506.0,719602.0,-51.456150384914906,0,0,0
5,2011-08-15 16:47:50.944294,2252,32667.0,20211413.0,2092143.0,148.5395939760213,14.505772646536412,8974.872557726465,26.0,-16081.0,-18921218.0,-46309.0,13.533826493541511,0,0,1
5,2011-08-15 16:48:20.934268,2242,22089.0,10099798.0,1404974.0,128.50102064005353,9.852363960749331,4504.816235504014,-10.0,-10578.0,-10111615.0,-687169.0,-20.038573335967783,0,0,1
5,2011-08-15 16:48:50.954327,1823,20479.0,7024196.0,1568514.0,132.8125215063083,11.233680746023039,3853.0970927043336,-419.0,-1610.0,-3075602.0,163540.0,4.311500866254761,0,0,1
5,2011-08-15 16:49:21.040689,2233,31183.0,11832418.0,1668300.0,114.92462493103449,13.96462158531124,5298.888490819525,410.0,10704.0,4808222.0,99786.0,-17.8878965752738,0,0,1
5,2011-08-15 16:49:50.979718,2624,1153788.0,1395210232.0,16936420.0,99.30856654878049,439.7057926829268,531711.2164634146,391.0,1122605.0,1383377814.0,15268120.0,-15.616058382253996,0,0,1
5,2011-08-15 16:50:20.931331,1933,43275.0,28932040.0,2076639.0,113.82093787066735,22.387480600103466,14967.428867046043,-691.0,-1110513.0,-1366278192.0,-14859781.0,14.51237132188686,0,0,1
5,2011-08-15 16:50:50.985021,2655,57893.0,43272628.0,2642210.0,102.03525808399246,21.80527306967985,16298.541619585687,722.0,14618.0,14340588.0,565571.0,-11.78567978667489,0,0,1
5,2011-08-15 16:51:20.938271,2161,29154.0,19352381.0,2335885.0,106.15914790236002,13.490976399814901,8955.289680703378,-494.0,-28739.0,-23920247.0,-306325.0,4.123889818367559,0,0,1
5,2011-08-15 16:51:50.950165,2098,20495.0,11527086.0,1847158.0,112.06430442183031,9.76882745471878,5494.321258341278,-63.0,-8659.0,-7825295.0,-488727.0,5.905156519470296,0,0,1
5,2011-08-15 16:52:20.935806,1921,41356.0,16099094.0,2320720.0,97.23780578500781,21.528370640291516,8380.579906298803,-177.0,20861.0,4572008.0,473562.0,-14.826498636822507,0,0,1
5,2011-08-15 16:52:50.947767,1814,18037.0,11360849.0,851981.0,93.79826402205073,9.94321940463065,6262.871554575524,-107.0,-23319.0,-4738245.0,-1468739.0,-3.4395417629570773,3,1,0
5,2011-08-15 16:53:20.932270,2175,51483.0,43011145.0,1847255.0,61.52298843310344,23.670344827586206,19775.23908045977,361.0,33446.0,31650296.0,995274.0,-32.27527558894729,4,1,0
5,2011-08-15 16:53:50.973551,1944,33796.0,26162910.0,2383971.0,47.560019414094654,17.38477366255144,13458.287037037036,-231.0,-17687.0,-16848235.0,536716.0,-13.962969019008789,17,1,0
5,2011-08-15 16:54:20.969042,1816,14818.0,6882487.0,1105037.0,53.063344594713655,8.159691629955947,3789.9157488986784,-128.0,-18978.0,-19280423.0,-1278934.0,5.503325180619001,8,1,0
5,2011-08-15 16:54:50.960240,2357,16037.0,6465862.0,1246758.0,31.934366763258378,6.803988120492151,2743.25922783199,541.0,1219.0,-416625.0,141721.0,-21.128977831455277,12,1,0
5,2011-08-15 16:55:20.961096,2406,51240.0,41165839.0,2236491.0,36.0720715166251,21.296758104738153,17109.65876974231,49.0,35203.0,34699977.0,989733.0,4.137704753366723,26,1,0
5,2011-08-15 16:55:51.029469,2254,25874.0,14908929.0,1641855.0,46.0561608176575,11.479148181011535,6614.431677018633,-152.0,-25366.0,-26256910.0,-594636.0,9.984089301032398,8,1,0
5,2011-08-15 16:56:20.931564,1771,16121.0,7776267.0,1310555.0,33.96467923941276,9.102766798418973,4390.890457368719,-483.0,-9753.0,-7132662.0,-331300.0,-12.09148157824474,4,1,0
5,2011-08-15 16:56:50.934568,2084,28406.0,17929947.0,2854722.0,31.16790509740883,13.630518234165066,8603.621401151631,313.0,12285.0,10153680.0,1544167.0,-2.7967741420039296,6,1,0
5,2011-08-15 16:57:20.936911,2077,31961.0,20977773.0,1784043.0,37.76667170438132,15.388059701492537,10100.035146846412,-7.0,3555.0,3047826.0,-1070679.0,6.598766606972486,7,1,0
5,2011-08-15 16:57:50.969201,2389,19720.0,9433835.0,1489566.0,33.591015580996235,8.25449979070741,3948.8635412306403,312.0,-12241.0,-11543938.0,-294477.0,-4.175656123385082,26,1,0
5,2011-08-15 16:58:20.943247,1635,37108.0,13975892.0,2841779.0,33.342630206116205,22.696024464831805,8547.946177370031,-754.0,17388.0,4542057.0,1352213.0,-0.24838537488002999,34,1,0
5,2011-08-15 16:58:50.962948,1868,24698.0,12332036.0,2636799.0,33.7524664480728,13.221627408993577,6601.732334047109,233.0,-12410.0,-1643856.0,-204980.0,0.4098362419565973,24,1,0
5,2011-08-15 16:59:20.944904,1948,19878.0,11400920.0,1475861.0,35.86377766735113,10.204312114989733,5852.628336755647,80.0,-4820.0,-931116.0,-1160938.0,2.1113112192783277,9,1,0
5,2011-08-15 16:59:50.979861,2305,20777.0,10223320.0,1923581.0,28.928586553145337,9.013882863340564,4435.279826464208,357.0,899.0,-1177600.0,447720.0,-6.935191114205793,12,1,0
5,2011-08-15 17:00:20.946059,2205,33690.0,22781571.0,1936544.0,31.35361860272109,15.27891156462585,10331.778231292517,-100.0,12913.0,12558251.0,12963.0,2.425032049575755,20,1,0
5,2011-08-15 17:00:50.956411,2484,129975.0,132342151.0,10464088.0,25.045194361916266,52.32487922705314,53277.8385668277,279.0,96285.0,109560580.0,8527544.0,-6.3084242408048254,21,1,0
5,2011-08-15 17:01:20.958969,2151,22380.0,12316484.0,2156025.0,27.12257540539284,10.404463040446304,5725.933984193399,-333.0,-107595.0,-120025667.0,-8308063.0,2.0773810434765743,30,1,0
5,2011-08-15 17:01:50.937523,2009,104007.0,112220800.0,2323454.0,20.224264889995023,51.77053260328522,55859.03434544549,-142.0,81627.0,99904316.0,167429.0,-6.898310515397817,21,1,0
5,2011-08-15 17:02:20.957943,2132,110506.0,117306481.0,2575644.0,19.51646696716698,51.832082551594745,55021.801594746714,123.0,6499.0,5085681.0,252190.0,-0.7077979228280427,17,1,0
5,2011-08-15 17:02:50.997996,1837,14920.0,7571182.0,1539733.0,14.919137957539467,8.121937942297224,4121.492651061513,-295.0,-95586.0,-109735299.0,-1035911.0,-4.597329009627513,12,1,0
5,2011-08-15 17:03:20.951640,2029,20971.0,11118399.0,1543696.0,21.12082755889601,10.335633316904879,5479.743223262691,192.0,6051.0,3547217.0,3963.0,6.201689601356543,24,1,0
5,2011-08-15 17:03:51.001092,1963,17711.0,9202495.0,1698201.0,12.010477238410596,9.022414671421293,4687.975038206826,-66.0,-3260.0,-1915904.0,154505.0,-9.110350320485415,48,1,0
5,2011-08-15 17:04:20.949446,2234,38146.0,24006952.0,3166949.0,10.920942559534467,17.075201432408235,10746.173679498657,271.0,20435.0,14804457.0,1468748.0,-1.089534678876129,70,1,0
5,2011-08-15 17:04:50.945136,2241,40251.0,28736815.0,2743425.0,12.076521081659974,17.961178045515396,12823.210620258813,7.0,2105.0,4729863.0,-423524.0,1.1555785221255075,35,1,0
5,2011-08-15 17:05:20.934297,1991,23932.0,15853214.0,2253766.0,10.920687096433952,12.020090406830738,7962.43797086891,-250.0,-16319.0,-12883601.0,-489659.0,-1.1558339852260229,56,1,0
5,2011-08-15 17:05:50.937704,2094,16721.0,8094331.0,1519450.0,10.152039623686724,7.985195797516714,3865.487583572111,103.0,-7211.0,-7758883.0,-734316.0,-0.7686474727472277,48,1,0
5,2011-08-15 17:06:20.933039,2277,24386.0,14407967.0,2494055.0,14.456918505050504,10.709705753184014,6327.609574000879,183.0,7665.0,6313636.0,974605.0,4.304878881363781,36,1,0
5,2011-08-15 17:06:50.940440,2465,52945.0,16131421.0,5776880.0,10.888098778093305,21.47870182555781,6544.187018255578,188.0,28559.0,1723454.0,3282825.0,-3.5688197269571997,35,1,0
5,2011-08-15 17:07:20.946740,2294,37200.0,26036850.0,1718596.0,10.579905932868352,16.216216216216218,11349.978204010462,-171.0,-15745.0,9905429.0,-4058284.0,-0.30819284522495316,24,1,0
5,2011-08-15 17:07:50.968360,2502,31789.0,17253026.0,2010992.0,11.34781287490008,12.705435651478817,6895.693844924061,208.0,-5411.0,-8783824.0,292396.0,0.767906942031729,18,1,0
5,2011-08-15 17:08:20.933022,1921,13681.0,5959009.0,967278.0,6.524699824049973,7.121811556480999,3102.034877667881,-581.0,-18108.0,-11294017.0,-1043714.0,-4.823113050850107,18,1,0
6,2011-08-16 10:01:46.972101,3768,6542819.0,6189530033.0,652106244.0,819.6052588251061,1736.416932059448,1642656.5904989385,0.0,0.0,0.0,0.0,0.0,2,1,0
6,2011-08-16 10:02:16.974249,2932,128829.0,32597012.0,6909487.0,699.8318450453615,43.938949522510235,11117.671214188267,-836.0,-6413990.0,-6156933021.0,-645196757.0,-119.7734137797446,0,0,0
6,2011-08-16 10:02:46.973411,2855,68722.0,33068091.0,7155447.0,710.9881495089317,24.0707530647986,11582.51873905429,-77.0,-60107.0,471079.0,245960.0,11.156304463570109,0,0,0
6,2011-08-16 10:03:16.998795,2357,59118.0,28988266.0,7659033.0,664.0054431501909,25.081883750530334,12298.79762409843,-498.0,-9604.0,-4079825.0,503586.0,-46.98270635874076,0,0,0
6,2011-08-16 10:03:46.977425,2421,25292.0,9286687.0,1923444.0,514.4970602094176,10.446922759190418,3835.8888888888887,64.0,-33826.0,-19701579.0,-5735589.0,-149.50838294077334,0,0,0
7,2011-08-16 13:51:24.049047,4724,2627884.0,2144420053.0,508914727.0,509.79708267252323,556.2836579170195,453941.58615580015,0.0,0.0,0.0,0.0,0.0,0,0,0
8,2011-08-16 14:18:55.889839,4459,8201472.0,7017385820.0,2146513603.0,1379.011612656874,1839.3074680421619,1573757.7528593855,0.0,0.0,0.0,0.0,0.0,2,1,0
8,2011-08-16 14:19:25.904795,3316,1687242.0,1432290559.0,391513430.0,1187.7793425765983,508.81845597104945,431933.2204463209,-1143.0,-6514230.0,-5585095261.0,-1755000173.0,-191.2322700802756,0,0,1
8,2011-08-16 14:19:55.911926,3148,409688.0,300344207.0,36357113.0,948.7245313961246,130.1423125794155,95407.94377382465,-168.0,-1277554.0,-1131946352.0,-355156317.0,-239.05481118047373,5,1,0
8,2011-08-16 14:20:25.914641,3019,177741.0,107394679.0,32729549.0,787.1583188098708,58.87413050679033,35572.93110301424,-129.0,-231947.0,-192949528.0,-3627564.0,-161.56621258625376,0,0,0
8,2011-08-16 14:20:55.898192,539,28905.0,22063721.0,19244022.0,509.6174723042672,53.62708719851577,40934.547309833026,-2480.0,-148836.0,-85330958.0,-13485527.0,-277.5408465056036,0,0,0
9,2011-08-17 11:34:49.436881,1,2.0,214.0,107.0,1823.088379,2.0,214.0,0.0,0.0,0.0,0.0,0.0,0,0,0
9,2011-08-17 11:39:01.485380,1,2.0,214.0,107.0,2005.431641,2.0,214.0,0.0,0.0,0.0,0.0,182.34326199999987,0,0,0
9,2011-08-17 11:40:19.495285,1,2.0,214.0,107.0,1973.646729,2.0,214.0,0.0,0.0,0.0,0.0,-31.78491199999985,0,0,0
9,2011-08-17 12:01:01.780520,3113,4196764.0,3520083901.0,890063764.0,998.7820122608416,1348.1413427561838,1130769.001284934,3112.0,4196762.0,3520083687.0,890063657.0,-974.8647167391584,0,0,0
9,2011-08-17 12:01:19.440673,4118,230480.0,92539795.0,16668246.0,911.6587599939292,55.968916949975714,22472.024040796503,1005.0,-3966284.0,-3427544106.0,-873395518.0,-87.12325226691246,0,0,0
9,2011-08-17 12:01:49.441506,3718,108751.0,31261000.0,8326575.0,934.441318260355,29.24986551909629,8408.015061861215,-400.0,-121729.0,-61278795.0,-8341671.0,22.782558266425895,0,0,0
9,2011-08-17 12:02:19.454887,3175,64422.0,21480511.0,4117636.0,847.4480948340158,20.2903937007874,6765.515275590551,-543.0,-44329.0,-9780489.0,-4208939.0,-86.99322342633923,0,0,0
9,2011-08-17 12:02:49.441240,2816,69408.0,40720730.0,6783462.0,732.100446433949,24.647727272727273,14460.486505681818,-359.0,4986.0,19240219.0,2665826.0,-115.34764840006687,0,0,0
9,2011-08-17 12:03:19.440518,2974,133822.0,115169989.0,5046935.0,630.7516376126429,44.99731002017485,38725.618359112304,158.0,64414.0,74449259.0,-1736527.0,-101.34880882130608,0,0,0
9,2011-08-17 12:03:49.449604,3193,34921.0,12819511.0,2719564.0,730.9370999430004,10.9367366113373,4014.8797369245226,219.0,-98901.0,-102350478.0,-2327371.0,100.1854623303575,0,0,0
9,2011-08-17 12:04:19.441123,2528,74290.0,61964959.0,3262952.0,719.8009306511076,29.386867088607595,24511.45530063291,-665.0,39369.0,49145448.0,543388.0,-11.13616929189277,0,0,0
9,2011-08-17 12:04:49.467017,2783,29269.0,15737100.0,1684885.0,798.8914064664032,10.51706791232483,5654.7251167804525,255.0,-45021.0,-46227859.0,-1578067.0,79.09047581529558,0,0,0
9,2011-08-17 12:05:19.459920,3246,37938.0,20010790.0,2610170.0,646.4321234085028,11.687615526802219,6164.753542821934,463.0,8669.0,4273690.0,925285.0,-152.4592830579004,0,0,0
9,2011-08-17 12:05:49.443694,2570,35956.0,16778640.0,2088772.0,630.8513940867705,13.990661478599222,6528.653696498054,-676.0,-1982.0,-3232150.0,-521398.0,-15.580729321732292,0,0,0
9,2011-08-17 12:06:19.440900,2728,55897.0,43138305.0,6117908.0,660.5740044563784,20.490102639296186,15813.161656891496,158.0,19941.0,26359665.0,4029136.0,29.722610369607878,0,0,0
9,2011-08-17 12:06:49.455741,2619,63523.0,56175054.0,23631063.0,648.4746500649103,24.25467735777014,21449.046964490262,-109.0,7626.0,13036749.0,17513155.0,-12.099354391468069,0,0,0
9,2011-08-17 12:07:19.459833,2960,51974.0,32357909.0,2499030.0,613.8881489067568,17.558783783783785,10931.726013513513,341.0,-11549.0,-23817145.0,-21132033.0,-34.58650115815351,0,0,0
9,2011-08-17 12:07:49.437675,3066,127626.0,104781498.0,6524267.0,519.0765941581866,41.62622309197652,34175.309197651666,106.0,75652.0,72423589.0,4025237.0,-94.81155474857019,0,0,0
9,2011-08-17 12:08:19.445003,2877,67889.0,49246081.0,3787943.0,661.804812573514,23.59714980882864,17117.164059784496,-189.0,-59737.0,-55535417.0,-2736324.0,142.72821841532743,0,0,0
9,2011-08-17 12:08:49.445783,2913,65388.0,42156866.0,5068242.0,627.1208717775489,22.446961894953656,14471.975969790594,36.0,-2501.0,-7089215.0,1280299.0,-34.6839407959651,0,0,0
9,2011-08-17 12:09:19.481564,2281,27084.0,15854359.0,1479879.0,670.9575298448049,11.873739587900044,6950.617711530031,-632.0,-38304.0,-26302507.0,-3588363.0,43.83665806725594,0,0,0
9,2011-08-17 12:09:49.455947,2957,63448.0,56407575.0,2154965.0,586.7478989316875,21.456881974974635,19075.946905647615,676.0,36364.0,40553216.0,675086.0,-84.2096309131174,0,0,0
9,2011-08-17 12:10:19.440540,2839,23507.0,6827371.0,1931070.0,660.0828785191969,8.280028178936245,2404.8506516379007,-118.0,-39941.0,-49580204.0,-223895.0,73.33497958750945,0,0,0
9,2011-08-17 12:10:49.445563,2671,32241.0,19067278.0,1779673.0,589.2434235795582,12.070760014975665,7138.628977910895,-168.0,8734.0,12239907.0,-151397.0,-70.8394549396387,0,0,0
9,2011-08-17 12:11:19.441161,2454,56764.0,34704356.0,2507315.0,520.3097837628361,23.13121434392828,14141.9543602282,-217.0,24523.0,15637078.0,727642.0,-68.93363981672212,0,0,0
9,2011-08-17 12:11:49.440208,2764,24887.0,12354170.0,1691040.0,492.4264836790883,9.00397973950796,4469.6707670043415,310.0,-31877.0,-22350186.0,-816275.0,-27.883300083747827,0,0,0
9,2011-08-17 12:12:19.450470,2497,2229132.0,2264734329.0,52094060.0,483.7577350340408,892.7240688826591,906982.1101321586,-267.0,2204245.0,2252380159.0,50403020.0,-8.668748645047458,0,0,0
9,2011-08-17 12:12:49.469733,2196,16687.0,7523159.0,1125691.0,483.5076280264117,7.598816029143898,3425.846539162113,-301.0,-2212445.0,-2257211170.0,-50968369.0,-0.25010700762913984,0,0,0
9,2011-08-17 12:13:19.471968,2136,16503.0,5119341.0,1361925.0,566.7185123501872,7.726123595505618,2396.695224719101,-60.0,-184.0,-2403818.0,236234.0,83.21088432377553,0,0,0
9,2011-08-17 12:13:49.440461,2629,22690.0,10092171.0,2221724.0,442.73340893191323,8.630658044883987,3838.7869912514266,493.0,6187.0,4972830.0,859799.0,-123.98510341827398,0,0,0
9,2011-08-17 12:14:19.454582,2612,24505.0,10178939.0,2101223.0,460.0713476921899,9.381699846860643,3896.990428790199,-17.0,1815.0,86768.0,-120501.0,17.337938760276643,0,0,0
9,2011-08-17 12:14:49.470539,2628,34326.0,19507459.0,2076362.0,470.7472594037291,13.061643835616438,7422.929604261796,16.0,9821.0,9328520.0,-24861.0,10.675911711539243,0,0,0
9,2011-08-17 12:15:19.493686,2824,29940.0,16626260.0,2435091.0,513.3803919288245,10.601983002832862,5887.485835694051,196.0,-4386.0,-2881199.0,358729.0,42.633132525095334,0,0,0
9,2011-08-17 12:15:49.441283,3008,26182.0,9423820.0,2258023.0,494.0476068806516,8.704122340425531,3132.9188829787236,184.0,-3758.0,-7202440.0,-177068.0,-19.332785048172866,0,0,0
9,2011-08-17 12:16:19.447456,2716,51204.0,36291771.0,3310999.0,463.8058051244477,18.852724594992637,13362.213181148749,-292.0,25022.0,26867951.0,1052976.0,-30.24180175620387,0,0,0
9,2011-08-17 12:16:49.444436,2918,147288.0,125071992.0,4831684.0,438.8195384194654,50.475668265935575,42862.231665524334,202.0,96084.0,88780221.0,1520685.0,-24.986266704982313,0,0,0
9,2011-08-17 12:17:19.486780,2830,46470.0,19596431.0,3493899.0,390.9516737812721,16.420494699646643,6924.533922261484,-88.0,-100818.0,-105475561.0,-1337785.0,-47.86786463819328,0,0,0
9,2011-08-17 12:17:49.444602,2489,20177.0,7481479.0,1499781.0,425.8868663394938,8.10646846122941,3005.817195660908,-341.0,-26293.0,-12114952.0,-1994118.0,34.93519255822167,0,0,0
9,2011-08-17 12:18:19.442033,2541,28734.0,15778186.0,1850174.0,414.35565586737505,11.30814639905549,6209.439590712318,52.0,8557.0,8296707.0,350393.0,-11.531210472118744,0,0,0
9,2011-08-17 12:18:49.451209,2465,26137.0,9312511.0,1923918.0,485.0338283935091,10.603245436105476,3777.894929006085,-76.0,-2597.0,-6465675.0,73744.0,70.67817252613406,0,0,0
9,2011-08-17 12:19:19.475074,2983,31993.0,15466472.0,2269290.0,417.3743075893396,10.72510895072075,5184.871605766008,518.0,5856.0,6153961.0,345372.0,-67.65952080416952,0,0,0
9,2011-08-17 12:19:49.480461,2559,24031.0,7065295.0,1496018.0,386.93298145525597,9.390777647518561,2760.959359124658,-424.0,-7962.0,-8401177.0,-773272.0,-30.441326134083624,0,0,0
9,2011-08-17 12:20:19.442857,2918,27633.0,13898128.0,2145206.0,412.4558812227553,9.469842357779301,4762.895133653187,359.0,3602.0,6832833.0,649188.0,25.522899767499325,0,0,0
9,2011-08-17 12:20:49.448937,2398,31153.0,19123131.0,9164729.0,407.7906872385321,12.991242702251876,7974.616763969975,-520.0,3520.0,5225003.0,7019523.0,-4.665193984223208,0,0,0
9,2011-08-17 12:21:19.476808,2475,57620.0,35046406.0,6634882.0,389.3842614965656,23.280808080808082,14160.16404040404,77.0,26467.0,15923275.0,-2529847.0,-18.406425741966473,0,0,0
9,2011-08-17 12:21:49.444786,2385,25298.0,13884841.0,1509996.0,387.0644806209644,10.607127882599581,5821.736268343816,-90.0,-32322.0,-21161565.0,-5124886.0,-2.319780875601225,0,0,0
10,2011-08-18 09:56:29.146156,3,8.0,1142.0,707.0,2231.2397053333334,2.6666666666666665,380.6666666666667,0.0,0.0,0.0,0.0,0.0,0,0,0
10,2011-08-18 10:10:52.782230,1,2.0,290.0,145.0,1535.769409,2.0,290.0,-2.0,-6.0,-852.0,-562.0,-695.4702963333334,0,0,0
10,2011-08-18 10:19:13.328372,1826,944164.0,596868774.0,411970711.0,1271.0472561106244,517.0668127053669,326872.27491785324,1825.0,944162.0,596868484.0,411970566.0,-264.7221528893756,0,0,0
10,2011-08-18 10:19:29.146497,2927,170057.0,54424834.0,12522123.0,891.8984545404852,58.099419200546635,18594.066962760506,1101.0,-774107.0,-542443940.0,-399448588.0,-379.1488015701392,0,0,0
10,2011-08-18 10:19:59.155627,2804,89657.0,21848195.0,6378498.0,793.0359640570614,31.974679029957205,7791.795649072753,-123.0,-80400.0,-32576639.0,-6143625.0,-98.86249048342381,0,0,0
10,2011-08-18 10:20:29.207325,2286,76246.0,42434952.0,3968001.0,815.9019630704288,33.353455818022745,18562.971128608922,-518.0,-13411.0,20586757.0,-2410497.0,22.8659990133674,0,0,0
10,2011-08-18 10:20:59.170379,2655,71786.0,41811277.0,4634136.0,601.2500966952919,27.03804143126177,15748.12693032015,369.0,-4460.0,-623675.0,666135.0,-214.65186637513693,0,0,0
10,2011-08-18 10:21:29.153629,2779,93283.0,70007028.0,12519671.0,543.4004917689816,33.56711047139259,25191.445843828715,124.0,21497.0,28195751.0,7885535.0,-57.849604926310235,0,0,0
10,2011-08-18 10:21:59.152745,2787,59903.0,38449443.0,14628888.0,570.2051233028346,21.493720846788662,13795.996770721205,8.0,-33380.0,-31557585.0,2109217.0,26.804631533853012,0,0,0
10,2011-08-18 10:22:29.211362,2241,39876.0,20863471.0,2482492.0,630.5397938656849,17.79384203480589,9309.893351182507,-546.0,-20027.0,-17585972.0,-12146396.0,60.334670562850306,0,0,0
10,2011-08-18 10:22:59.210896,2193,34778.0,16254438.0,1971958.0,598.2808391554947,15.858641130870954,7411.9644322845415,-48.0,-5098.0,-4609033.0,-510534.0,-32.25895471019021,0,0,0
10,2011-08-18 10:23:29.164758,2082,37928.0,28108256.0,2066406.0,617.7699108357349,18.217098943323727,13500.603266090298,-111.0,3150.0,11853818.0,94448.0,19.48907168024016,0,0,0
10,2011-08-18 10:23:59.147199,2565,42590.0,23732714.0,3844404.0,527.8870831633528,16.60428849902534,9252.52007797271,483.0,4662.0,-4375542.0,1777998.0,-89.88282767238206,0,0,0
10,2011-08-18 10:24:29.194399,2476,27065.0,13749972.0,2198608.0,578.4451871231826,10.930936995153473,5553.300484652666,-89.0,-15525.0,-9982742.0,-1645796.0,50.55810395982974,0,0,0
11,2011-08-18 15:39:35.087798,4922,1553697.0,1012130069.0,167139646.0,258.6973787612759,315.6637545713125,205633.90268183665,0.0,0.0,0.0,0.0,0.0,0,0,0
11,2011-08-18 15:40:05.112527,4253,1253107.0,1198207468.0,30670232.0,191.30865592428873,294.64072419468613,281732.2990830002,-669.0,-300590.0,186077399.0,-136469414.0,-67.38872283698717,0,0,0
11,2011-08-18 15:40:35.107200,3408,78380.0,50935766.0,4089930.0,128.11501855252348,22.998826291079812,14945.94072769953,-845.0,-1174727.0,-1147271702.0,-26580302.0,-63.19363737176525,0,0,0
11,2011-08-18 15:41:05.118467,3037,91019.0,70973314.0,4982722.0,110.48456748304248,29.9700362199539,23369.546921303918,-371.0,12639.0,20037548.0,892792.0,-17.630451069480998,0,0,0
11,2011-08-18 15:41:35.112433,1649,27261.0,18077920.0,11227649.0,93.66073285021226,16.531837477258946,10962.959369314736,-1388.0,-63758.0,-52895394.0,6244927.0,-16.823834632830227,0,0,0
12,2011-08-19 10:02:43.748728,1,3.0,435.0,290.0,3063.798096,3.0,435.0,0.0,0.0,0.0,0.0,0.0,0,0,0
12,2011-08-19 10:10:35.615858,1,3.0,433.0,290.0,2408.900391,3.0,433.0,0.0,0.0,-2.0,0.0,-654.8977049999999,0,0,0
12,2011-08-19 10:16:33.807982,1,2.0,290.0,145.0,1981.947021,2.0,290.0,0.0,-1.0,-143.0,-145.0,-426.9533700000002,0,0,0
12,2011-08-19 10:26:31.883066,1,2.0,290.0,145.0,1559.903076,2.0,290.0,0.0,0.0,0.0,0.0,-422.0439449999999,0,0,0
12,2011-08-19 10:26:56.132358,1,2.0,290.0,145.0,1848.048584,2.0,290.0,0.0,0.0,0.0,0.0,288.14550799999984,0,0,0
12,2011-08-19 10:32:11.292538,398,3128323.0,1723899518.0,681165037.0,1302.6531876884424,7860.108040201005,4331405.824120603,397.0,3128321.0,1723899228.0,681164892.0,-545.3953963115575,0,0,0
12,2011-08-19 10:32:13.751934,3716,442117.0,197088459.0,40916604.0,1044.9217270091497,118.97658772874058,53037.79843918192,3318.0,-2686206.0,-1526811059.0,-640248433.0,-257.7314606792927,0,0,0
12,2011-08-19 10:32:43.750293,2960,307199.0,175342328.0,115742374.0,910.2059036003378,103.78344594594594,59237.272972972976,-756.0,-134918.0,-21746131.0,74825770.0,-134.71582340881184,0,0,0
12,2011-08-19 10:33:13.757874,2923,545584.0,381028926.0,162669696.0,688.2408265641465,186.6520697913103,130355.43140608963,-37.0,238385.0,205686598.0,46927322.0,-221.96507703619136,0,0,0
12,2011-08-19 10:33:43.755079,2736,150667.0,115853223.0,14676479.0,662.1576518790205,55.068347953216374,42344.01425438596,-187.0,-394917.0,-265175703.0,-147993217.0,-26.083174685125982,0,0,0
12,2011-08-19 10:34:13.771471,2763,58358.0,29027876.0,21085246.0,593.1355845588129,21.121245023525155,10505.926891060442,27.0,-92309.0,-86825347.0,6408767.0,-69.02206732020761,0,0,0
12,2011-08-19 10:34:43.758407,2936,36420.0,14924386.0,2594247.0,520.9714210885559,12.404632152588556,5083.237738419619,173.0,-21938.0,-14103490.0,-18490999.0,-72.164163470257,0,0,0
12,2011-08-19 10:35:13.754149,2461,85454.0,28638023.0,3794423.0,705.1241007135311,34.72328321820398,11636.742381145876,-475.0,49034.0,13713637.0,1200176.0,184.15267962497524,0,0,0
12,2011-08-19 10:35:43.752517,2556,45070.0,24471412.0,6928725.0,973.5951912010954,17.63302034428795,9574.104851330203,95.0,-40384.0,-4166611.0,3134302.0,268.4710904875643,0,0,0
12,2011-08-19 10:36:13.765325,2810,53222.0,32939374.0,5361923.0,534.151567002847,18.94021352313167,11722.19715302491,254.0,8152.0,8467962.0,-1566802.0,-439.4436241982485,0,0,0
12,2011-08-19 10:36:43.811535,2154,34302.0,19086709.0,2722573.0,712.2647731165273,15.924791086350975,8861.05338904364,-656.0,-18920.0,-13852665.0,-2639350.0,178.11320611368035,0,0,0
12,2011-08-19 10:37:13.765243,2404,136552.0,127452182.0,3994387.0,540.4372897188019,56.80199667221298,53016.714642262894,250.0,102250.0,108365473.0,1271814.0,-171.82748339772536,0,0,1
12,2011-08-19 10:37:43.780071,2402,44224.0,28303358.0,4655413.0,597.629431989592,18.411323896752705,11783.246461282264,-2.0,-92328.0,-99148824.0,661026.0,57.1921422707901,0,0,1
12,2011-08-19 10:38:13.757653,3009,35543.0,15145678.0,4442488.0,471.3903745706215,11.812229976736457,5033.458956463942,607.0,-8681.0,-13157680.0,-212925.0,-126.23905741897056,0,0,1
12,2011-08-19 10:38:43.813478,2206,98908.0,18445256.0,7644556.0,593.4864293608341,44.83590208522212,8361.403445149592,-803.0,63365.0,3299578.0,3202068.0,122.09605479021263,0,0,1
12,2011-08-19 10:39:13.786022,2181,45310.0,25631011.0,2679272.0,594.7754671930307,20.774873911049976,11751.953690967446,-25.0,-53598.0,7185755.0,-4965284.0,1.289037832196641,0,0,1
12,2011-08-19 10:39:43.773477,2927,41714.0,23068536.0,2967846.0,490.88353109600274,14.251451998633414,7881.290058079945,746.0,-3596.0,-2562475.0,288574.0,-103.89193609702801,0,0,1
12,2011-08-19 10:40:13.778612,2960,198979.0,183691891.0,12099578.0,413.59903016216214,67.22263513513514,62058.071283783785,33.0,157265.0,160623355.0,9131732.0,-77.2845009338406,0,0,1
12,2011-08-19 10:40:43.781416,2819,103829.0,65137038.0,5491297.0,489.68469142532814,36.83185526782547,23106.43419652359,-141.0,-95150.0,-118554853.0,-6608281.0,76.085661263166,0,0,1
12,2011-08-19 10:41:13.748841,2931,54167.0,29985798.0,13266296.0,415.4175535499829,18.48072330262709,10230.569089048107,112.0,-49662.0,-35151240.0,7774999.0,-74.26713787534521,0,0,1
12,2011-08-19 10:41:43.776435,2453,26619.0,12561667.0,1934284.0,471.21317821932325,10.851610273134936,5120.94048104362,-478.0,-27548.0,-17424131.0,-11332012.0,55.79562466934033,0,0,1
12,2011-08-19 10:42:13.769660,2164,33538.0,18084674.0,10579566.0,490.4939944681146,15.49815157116451,8357.058225508317,-289.0,6919.0,5523007.0,8645282.0,19.280816248791325,12,1,0
12,2011-08-19 10:42:43.785546,2283,85254.0,54345505.0,3164275.0,413.7836341226456,37.34296977660972,23804.426193604904,119.0,51716.0,36260831.0,-7415291.0,-76.71036034546898,24,1,0
12,2011-08-19 10:43:13.761166,2336,31296.0,18560684.0,2100397.0,465.76825851926367,13.397260273972602,7945.498287671233,53.0,-53958.0,-35784821.0,-1063878.0,51.984624396618074,97,1,0
12,2011-08-19 10:43:43.804274,2467,55428.0,38495748.0,2789883.0,396.0955102922578,22.46777462505067,15604.27563842724,131.0,24132.0,19935064.0,689486.0,-69.67274822700585,18,1,0
12,2011-08-19 10:44:13.753800,3067,58350.0,38491104.0,5455686.0,311.3436700238018,19.025105966742746,12550.0828170851,600.0,2922.0,-4644.0,2665803.0,-84.75184026845602,262,1,0
12,2011-08-19 10:44:43.753530,2292,21026.0,11092232.0,1404587.0,436.05154257678885,9.173647469458988,4839.542757417103,-775.0,-37324.0,-27398872.0,-4051099.0,124.70787255298706,87,1,0
12,2011-08-19 10:45:13.770537,2844,63655.0,44367122.0,4776830.0,349.17246873663856,22.382208157524612,15600.253867791842,552.0,42629.0,33274890.0,3372243.0,-86.87907384015028,68,1,0
12,2011-08-19 10:45:43.798005,2521,41721.0,27118571.0,2389879.0,322.61642856525185,16.549385164617217,10757.069020230067,-323.0,-21934.0,-17248551.0,-2386951.0,-26.556040171386712,7,1,0
12,2011-08-19 10:46:13.823679,2026,48472.0,35316748.0,2322702.0,365.84121545952615,23.92497532082922,17431.76110562685,-495.0,6751.0,8198177.0,-67177.0,43.2247868942743,9,1,0
12,2011-08-19 10:46:43.755507,2246,15786.0,5382498.0,1390124.0,341.5832090271594,7.028495102404274,2396.481745325022,220.0,-32686.0,-29934250.0,-932578.0,-24.258006432366756,4,1,0
12,2011-08-19 10:47:13.802645,2063,52519.0,26315685.0,2798407.0,362.1849966398449,25.45758603974794,12756.027629665536,-183.0,36733.0,20933187.0,1408283.0,20.601787612685484,11,1,0
12,2011-08-19 10:47:43.751426,2406,116689.0,90848142.0,5300286.0,368.45347695220283,48.499168744804656,37758.995012468826,343.0,64170.0,64532457.0,2501879.0,6.268480312357951,39,1,0
12,2011-08-19 10:48:13.793257,2652,106787.0,84251273.0,5959930.0,347.1555047386878,40.26659125188537,31768.956636500756,246.0,-9902.0,-6596869.0,659644.0,-21.297972213515038,102,1,0
12,2011-08-19 10:48:43.749479,2334,31585.0,14568035.0,3128167.0,345.4279849061697,13.532562125107113,6241.660239931448,-318.0,-75202.0,-69683238.0,-2831763.0,-1.7275198325181123,269,1,0
12,2011-08-19 10:49:13.764933,2203,60272.0,23082708.0,4552866.0,328.8280826654562,27.35905583295506,10477.852019972765,-131.0,28687.0,8514673.0,1424699.0,-16.599902240713504,76,1,0
12,2011-08-19 10:49:43.762922,2311,441086.0,404289383.0,11068055.0,453.3812248195586,190.86369536996972,174941.3167459974,108.0,380814.0,381206675.0,6515189.0,124.55314215410243,27,1,0
12,2011-08-19 10:50:13.792592,1894,26497.0,17370860.0,3641695.0,334.97235804487855,13.989968321013727,9171.520591341077,-417.0,-414589.0,-386918523.0,-7426360.0,-118.40886677468006,6,1,0
12,2011-08-19 10:50:43.803705,2319,31653.0,16443056.0,2794747.0,345.4892486748598,13.649417852522639,7090.580422595946,425.0,5156.0,-927804.0,-846948.0,10.516890629981276,75,1,0
12,2011-08-19 10:51:13.749562,2533,54132.0,41973951.0,2751535.0,262.6468296020529,21.370706671930517,16570.845242795105,214.0,22479.0,25530895.0,-43212.0,-82.84241907280693,48,1,0
12,2011-08-19 10:51:43.778648,1737,15408.0,7467379.0,998449.0,320.04484052964887,8.870466321243523,4299.009211283823,-796.0,-38724.0,-34506572.0,-1753086.0,57.398010927595976,7,1,0
12,2011-08-19 10:52:13.766347,2414,32046.0,20482293.0,1690334.0,270.3761998769677,13.27506213753107,8484.79411764706,677.0,16638.0,13014914.0,691885.0,-49.66864065268118,221,1,0
12,2011-08-19 10:52:43.765180,1840,66144.0,50423287.0,2764990.0,413.60113031793475,35.947826086956525,27403.960326086955,-574.0,34098.0,29940994.0,1074656.0,143.22493044096706,56,1,0
12,2011-08-19 10:53:13.753505,2024,34515.0,23468662.0,3947279.0,348.36647645108695,17.052865612648223,11595.188735177866,184.0,-31629.0,-26954625.0,1182289.0,-65.2346538668478,3,1,0
12,2011-08-19 10:53:43.773664,1821,32340.0,25928741.0,1232806.0,327.50533945414605,17.759472817133442,14238.73750686436,-203.0,-2175.0,2460079.0,-2714473.0,-20.8611369969409,5,1,0
12,2011-08-19 10:54:13.773702,2133,27976.0,18852357.0,1765592.0,227.42898654571027,13.115799343647446,8838.423347398031,312.0,-4364.0,-7076384.0,532786.0,-100.07635290843578,0,0,1
12,2011-08-19 10:54:43.758667,1924,21228.0,11356390.0,1237129.0,242.6354910680873,11.033264033264032,5902.489604989605,-209.0,-6748.0,-7495967.0,-528463.0,15.206504522377031,3,1,0
12,2011-08-19 10:55:13.753483,1847,32367.0,19008903.0,1856823.0,209.15519083161882,17.52409312398484,10291.772062804548,-77.0,11139.0,7652513.0,619694.0,-33.48030023646848,0,0,1
12,2011-08-19 10:55:43.769567,2130,205160.0,42835808.0,20566920.0,195.1621550741784,96.31924882629107,20110.707981220658,283.0,172793.0,23826905.0,18710097.0,-13.993035757440424,0,0,1
12,2011-08-19 10:56:13.748769,2668,30973.0,13870504.0,1897938.0,167.56025536506746,11.609070464767616,5198.839580209895,538.0,-174187.0,-28965304.0,-18668982.0,-27.60189970911094,6,1,0
12,2011-08-19 10:56:43.810546,2044,26074.0,16518598.0,2812058.0,237.76985610420743,12.756360078277886,8081.505870841487,-624.0,-4899.0,2648094.0,914120.0,70.20960073913997,1,1,0
12,2011-08-19 10:57:13.751388,2236,46479.0,30749450.0,4646551.0,137.2144965214669,20.786672629695886,13751.99016100179,192.0,20405.0,14230852.0,1834493.0,-100.55535958274052,0,0,1
12,2011-08-19 10:57:43.788078,2460,25471.0,11688685.0,3534178.0,151.11276788577234,10.354065040650406,4751.497967479675,224.0,-21008.0,-19060765.0,-1112373.0,13.89827136430543,3,1,0
12,2011-08-19 10:58:13.772620,2186,33176.0,23089745.0,2369321.0,170.19622419213175,15.176578225068619,10562.554894784995,-274.0,7705.0,11401060.0,-1164857.0,19.08345630635941,6,1,0
12,2011-08-19 10:58:43.753859,2406,137325.0,90828155.0,5778979.0,161.59394971903575,57.076059850374065,37750.687863674146,220.0,104149.0,67738410.0,3409658.0,-8.602274473096003,0,0,1
12,2011-08-19 10:59:13.796531,2093,35321.0,16785723.0,2348589.0,193.98366591208793,16.875776397515526,8019.934543717152,-313.0,-102004.0,-74042432.0,-3430390.0,32.38971619305218,2,1,0
12,2011-08-19 10:59:43.768481,1945,38485.0,26527494.0,2282703.0,202.00515556915167,19.786632390745503,13638.81439588689,-148.0,3164.0,9741771.0,-65886.0,8.02148965706374,1,1,0
12,2011-08-19 11:00:13.762936,2223,19057.0,10214683.0,1481954.0,164.7256197440396,8.572649572649572,4594.99910031489,278.0,-19428.0,-16312811.0,-800749.0,-37.27953582511208,1,1,0
12,2011-08-19 11:00:43.749144,2212,120863.0,93602023.0,80307803.0,178.30493318218805,54.63969258589512,42315.56193490054,-11.0,101806.0,83387340.0,78825849.0,13.57931343814846,27,1,0
12,2011-08-19 11:01:13.752497,2700,47099.0,20695820.0,3206529.0,133.33978563444444,17.444074074074074,7665.118518518519,488.0,-73764.0,-72906203.0,-77101274.0,-44.96514754774361,5,1,0
12,2011-08-19 11:01:43.760082,2080,36959.0,26385897.0,3273834.0,191.53167133125,17.76875,12685.527403846154,-620.0,-10140.0,5690077.0,67305.0,58.19188569680557,0,0,1
12,2011-08-19 11:02:13.757110,2132,21970.0,10356919.0,1913762.0,136.8918116228893,10.304878048780488,4857.841932457786,52.0,-14989.0,-16028978.0,-1360072.0,-54.63985970836072,0,0,1
12,2011-08-19 11:02:43.828103,2743,36725.0,22395539.0,2178481.0,131.59427238680277,13.388625592417062,8164.615020051039,611.0,14755.0,12038620.0,264719.0,-5.297539236086521,2,1,0
12,2011-08-19 11:03:13.763078,2070,25428.0,14766611.0,1893494.0,120.14935497149757,12.284057971014493,7133.628502415459,-673.0,-11297.0,-7628928.0,-284987.0,-11.444917415305198,2,1,0
12,2011-08-19 11:03:43.750377,2155,24591.0,13733401.0,1587227.0,128.52768006960557,11.411136890951276,6372.8078886310905,85.0,-837.0,-1033210.0,-306267.0,8.378325098107993,0,0,1
12,2011-08-19 11:04:13.827618,2201,415203.0,382999895.0,347878282.0,127.61097925670151,188.64288959563834,174011.76510676966,46.0,390612.0,369266494.0,346291055.0,-0.9167008129040539,8,1,0
12,2011-08-19 11:04:43.770946,1933,40563.0,28705055.0,2670347.0,128.61813590170718,20.98448008277289,14850.00258665287,-268.0,-374640.0,-354294840.0,-345207935.0,1.007156645005665,8,1,0
12,2011-08-19 11:05:13.848980,2339,35545.0,24718133.0,1919262.0,106.61893310731082,15.19666524155622,10567.820863616931,406.0,-5018.0,-3986922.0,-751085.0,-21.999202794396354,1,1,0
12,2011-08-19 11:05:43.756706,2132,212503.0,190818252.0,7522810.0,102.6732212326454,99.67307692307692,89501.99437148217,-207.0,176958.0,166100119.0,5603548.0,-3.9457118746654203,3,1,0
12,2011-08-19 11:06:13.766309,1927,182270.0,173318442.0,5066936.0,81.92123806227296,94.58744161909704,89942.10793980281,-205.0,-30233.0,-17499810.0,-2455874.0,-20.75198317037244,2,1,0
12,2011-08-19 11:06:43.777826,2461,51955.0,41445717.0,2766401.0,98.29923152824055,21.11133685493702,16841.006501422187,534.0,-130315.0,-131872725.0,-2300535.0,16.37799346596759,1,1,0
12,2011-08-19 11:07:13.760509,1848,20522.0,11818125.0,2027634.0,80.27920263095238,11.104978354978355,6395.089285714285,-613.0,-31433.0,-29627592.0,-738767.0,-18.02002889728817,0,0,1
12,2011-08-19 11:07:43.749536,2128,31310.0,21281867.0,3799072.0,108.32835426503759,14.713345864661655,10000.877349624061,280.0,10788.0,9463742.0,1771438.0,28.049151634085206,4,1,0
12,2011-08-19 11:08:13.756603,2450,145290.0,130358230.0,4446715.0,74.18405664285714,59.30204081632653,53207.44081632653,322.0,113980.0,109076363.0,647643.0,-34.144297622180446,1,1,0
12,2011-08-19 11:08:43.765720,1892,39890.0,24702317.0,2461139.0,119.89072687156448,21.083509513742072,13056.192917547569,-558.0,-105400.0,-105655913.0,-1985576.0,45.70667022870734,0,0,1
12,2011-08-19 11:09:13.791064,1622,34846.0,26367711.0,1649711.0,79.34979985265105,21.483353884093713,16256.295314426634,-270.0,-5044.0,1665394.0,-811428.0,-40.540927018913436,1,1,0
12,2011-08-19 11:09:43.760941,2381,51814.0,36769609.0,2779976.0,62.953579901721966,21.76144477110458,15442.92692146157,759.0,16968.0,10401898.0,1130265.0,-16.39621995092908,1,1,0
12,2011-08-19 11:10:13.785915,2330,130922.0,118440202.0,4072608.0,71.55416071330471,56.18969957081545,50832.704721030044,-51.0,79108.0,81670593.0,1292632.0,8.600580811582745,0,0,1
12,2011-08-19 11:10:43.762084,1987,68965.0,59266531.0,4217192.0,72.86944933970811,34.7081026673377,29827.141922496226,-343.0,-61957.0,-59173671.0,144584.0,1.315288626403401,0,0,1
12,2011-08-19 11:11:13.780220,2019,31339.0,17521560.0,2618307.0,89.46692523625558,15.522040614165428,8678.335809806835,32.0,-37626.0,-41744971.0,-1598885.0,16.597475896547465,0,0,1
12,2011-08-19 11:11:43.782268,2210,27727.0,16028756.0,2553254.0,59.542838821266976,12.546153846153846,7252.830769230769,191.0,-3612.0,-1492804.0,-65053.0,-29.9240864149886,0,0,1
12,2011-08-19 11:12:13.765463,2491,24412.0,12553129.0,2301949.0,40.95410602970694,9.800080289040546,5039.393416298675,281.0,-3315.0,-3475627.0,-251305.0,-18.588732791560034,0,0,1
12,2011-08-19 11:12:43.768242,1999,22768.0,13234950.0,1494409.0,47.45468773986994,11.389694847423712,6620.785392696348,-492.0,-1644.0,681821.0,-807540.0,6.500581710162997,4,1,0
12,2011-08-19 11:13:13.757737,2089,20524.0,11487652.0,1848439.0,71.40983897367161,9.82479655337482,5499.115366203925,90.0,-2244.0,-1747298.0,354030.0,23.955151233801672,1,1,0
12,2011-08-19 11:13:43.757430,2016,21329.0,13137317.0,1466349.0,66.0703083531746,10.57986111111111,6516.52628968254,-73.0,805.0,1649665.0,-382090.0,-5.339530620497015,0,0,1
12,2011-08-19 11:14:13.773664,2035,18800.0,9820732.0,1447817.0,64.64372961621622,9.238329238329237,4825.9125307125305,19.0,-2529.0,-3316585.0,-18532.0,-1.4265787369583762,5,1,0
12,2011-08-19 11:14:43.780155,1985,17824.0,9285914.0,1378270.0,52.811347239294705,8.979345088161208,4678.042317380353,-50.0,-976.0,-534818.0,-69547.0,-11.832382376921515,0,0,1
12,2011-08-19 11:15:13.792700,1888,27818.0,18631040.0,1558342.0,45.50994450264831,14.734110169491526,9868.135593220339,-97.0,9994.0,9345126.0,180072.0,-7.301402736646395,2,1,0
12,2011-08-19 11:15:43.794329,1987,29681.0,16733231.0,6095987.0,51.05863022395571,14.937594363361852,8421.354302969301,99.0,1863.0,-1897809.0,4537645.0,5.5486857213074,0,0,1
12,2011-08-19 11:16:13.751099,2018,21060.0,11466053.0,1444276.0,42.33233639197225,10.43607532210109,5681.889494549058,31.0,-8621.0,-5267178.0,-4651711.0,-8.726293831983462,3,1,0
12,2011-08-19 11:16:43.749822,2290,18777.0,8952080.0,1251389.0,37.683462493886466,8.199563318777292,3909.2052401746723,272.0,-2283.0,-2513973.0,-192887.0,-4.648873898085782,3,1,0
12,2011-08-19 11:17:13.749226,1782,24066.0,12896906.0,1659048.0,42.309944448933784,13.505050505050505,7237.320987654321,-508.0,5289.0,3944826.0,407659.0,4.626481955047318,3,1,0
12,2011-08-19 11:17:43.770286,2002,31253.0,20442220.0,1716700.0,42.8635357952048,15.610889110889111,10210.899100899102,220.0,7187.0,7545314.0,57652.0,0.5535913462710127,24,1,0
12,2011-08-19 11:18:13.748776,2093,15460.0,6321328.0,1272619.0,39.78256602484472,7.3865265169612995,3020.223602484472,91.0,-15793.0,-14120892.0,-444081.0,-3.0809697703600776,42,1,0
12,2011-08-19 11:18:43.756166,1820,23335.0,10608288.0,2028590.0,52.095616463186815,12.821428571428571,5828.729670329671,-273.0,7875.0,4286960.0,755971.0,12.313050438342096,2,1,0
12,2011-08-19 11:19:13.789405,1797,36642.0,25303183.0,2223107.0,81.40909408903728,20.390651085141904,14080.791875347802,-23.0,13307.0,14694895.0,194517.0,29.313477625850467,0,0,1
12,2011-08-19 11:19:43.769609,2086,44615.0,34592634.0,2255200.0,61.53314600287632,21.387823585810164,16583.237775647172,289.0,7973.0,9289451.0,32093.0,-19.87594808616096,0,0,1
12,2011-08-19 11:20:13.752124,2261,27411.0,16506311.0,1852411.0,42.31186226846528,12.123396727111897,7300.447147279965,175.0,-17204.0,-18086323.0,-402789.0,-19.22128373441104,5,1,0
12,2011-08-19 11:20:43.753895,1619,23657.0,14741303.0,1090382.0,34.890235646695494,14.612106238418777,9105.190240889438,-642.0,-3754.0,-1765008.0,-762029.0,-7.421626621769789,1,1,0
12,2011-08-19 11:21:13.750675,2001,30301.0,18028742.0,1762006.0,42.534922699650174,15.142928535732134,9009.866066966517,382.0,6644.0,3287439.0,671624.0,7.64468705295468,2,1,0
12,2011-08-19 11:21:43.795492,1796,18194.0,8384844.0,1127965.0,36.20317143541203,10.130289532293986,4668.621380846325,-205.0,-12107.0,-9643898.0,-634041.0,-6.331751264238143,0,0,1
12,2011-08-19 11:22:13.751301,1766,19841.0,10153484.0,1353854.0,46.052951718006796,11.234994337485844,5749.424688561721,-30.0,1647.0,1768640.0,225889.0,9.849780282594764,4,1,0
12,2011-08-19 11:22:43.770046,1798,108176.0,55293774.0,5886284.0,51.45101391601779,60.16462736373749,30752.93325917686,32.0,88335.0,45140290.0,4532430.0,5.398062198010997,0,0,1
12,2011-08-19 11:23:13.753405,2010,15854.0,6962752.0,1453068.0,39.48844758159204,7.8875621890547265,3464.0557213930347,212.0,-92322.0,-48331022.0,-4433216.0,-11.962566334425752,1,1,0
12,2011-08-19 11:23:43.754303,2066,20433.0,9406825.0,1525548.0,44.65444648354308,9.890125847047434,4553.158276863504,56.0,4579.0,2444073.0,72480.0,5.165998901951042,0,0,1
12,2011-08-19 11:24:13.778385,1959,37654.0,26679820.0,2135349.0,45.02625497498724,19.221031138335885,13619.10158244002,-107.0,17221.0,17272995.0,609801.0,0.3718084914441562,0,0,1
12,2011-08-19 11:24:44.020626,2629,41473.0,27133381.0,2491312.0,32.346560013313045,15.775199695701788,10320.799163179916,670.0,3819.0,453561.0,355963.0,-12.679694961674194,12,1,0
12,2011-08-19 11:25:13.777943,2059,28537.0,18183327.0,1804780.0,40.35167014618747,13.859640602234094,8831.144730451675,-570.0,-12936.0,-8950054.0,-686532.0,8.005110132874428,31,1,0
12,2011-08-19 11:25:43.776648,1990,25270.0,15284907.0,1640261.0,44.73319183467337,12.698492462311558,7680.857788944723,-69.0,-3267.0,-2898420.0,-164519.0,4.381521688485897,40,1,0
12,2011-08-19 11:26:13.766140,1948,22606.0,11603784.0,2625322.0,36.43356169045175,11.604722792607802,5956.767967145791,-42.0,-2664.0,-3681123.0,985061.0,-8.299630144221624,1,1,0
12,2011-08-19 11:26:43.861962,1868,113080.0,37820187.0,9054757.0,38.9179516761242,60.53533190578158,20246.35278372591,-80.0,90474.0,26216403.0,6429435.0,2.4843899856724505,1,1,0
12,2011-08-19 11:27:13.780367,2077,39087.0,26089249.0,2212083.0,40.26797230524795,18.818969667790082,12561.025036109773,209.0,-73993.0,-11730938.0,-6842674.0,1.3500206291237546,1,1,0
12,2011-08-19 11:27:43.777117,2036,123944.0,112668342.0,3986223.0,24.517148774066797,60.8762278978389,55338.08546168959,-41.0,84857.0,86579093.0,1774140.0,-15.750823531181155,12,1,0
12,2011-08-19 11:28:13.781421,2149,40773.0,19751336.0,5853262.0,29.67814252722196,18.973010702652395,9190.942764076315,113.0,-83171.0,-92917006.0,1867039.0,5.160993753155164,15,1,0
12,2011-08-19 11:28:43.752529,1987,34791.0,21654625.0,1746416.0,38.460485993960745,17.5093105183694,10898.1504781077,-162.0,-5982.0,1903289.0,-4106846.0,8.782343466738784,34,1,0
12,2011-08-19 11:29:13.752788,1973,306790.0,400682681.0,6162546.0,45.91862253471871,155.49417131272173,203082.960466295,-14.0,271999.0,379028056.0,4416130.0,7.4581365407579625,15,1,0
12,2011-08-19 11:29:43.783489,1869,25962.0,15241913.0,2845701.0,31.133218391118245,13.890850722311397,8155.116639914393,-104.0,-280828.0,-385440768.0,-3316845.0,-14.785404143600463,11,1,0
12,2011-08-19 11:30:13.755121,1893,24104.0,14330963.0,3910938.0,24.1798368483888,12.73322768092974,7570.503433703117,24.0,-1858.0,-910950.0,1065237.0,-6.953381542729446,17,1,0
12,2011-08-19 11:30:43.792390,1612,14538.0,6922060.0,1000001.0,22.422658276674937,9.018610421836229,4294.08188585608,-281.0,-9566.0,-7408903.0,-2910937.0,-1.7571785717138617,16,1,0
12,2011-08-19 11:31:13.755047,1890,24563.0,14987374.0,1400675.0,19.12754734920635,12.996296296296297,7929.827513227513,278.0,10025.0,8065314.0,400674.0,-3.2951109274685884,30,1,0
12,2011-08-19 11:31:43.777328,1857,507654.0,251301740.0,68288637.0,35.20093957458266,273.37318255250403,135326.7312870221,-33.0,483091.0,236314366.0,66887962.0,16.073392225376313,3,1,0
12,2011-08-19 11:32:13.785256,2519,62421.0,20387904.0,5006310.0,103.72388263795158,24.780071456927352,8093.649861055975,662.0,-445233.0,-230913836.0,-63282327.0,68.52294306336891,0,0,1
12,2011-08-19 11:32:43.767268,2393,80402.0,45557408.0,23381310.0,111.9527223146678,33.59882992060176,19037.78019222733,-126.0,17981.0,25169504.0,18375000.0,8.22883967671622,11,1,0
12,2011-08-19 11:33:13.754471,2329,62995.0,34560272.0,14799718.0,91.31115839587805,27.048089308716186,14839.103477887506,-64.0,-17407.0,-10997136.0,-8581592.0,-20.641563918789743,15,1,0
12,2011-08-19 11:33:43.816829,2050,100748.0,26053064.0,7024523.0,83.73718030243901,49.14536585365854,12708.811707317072,-279.0,37753.0,-8507208.0,-7775195.0,-7.573978093439038,14,1,0
12,2011-08-19 11:34:13.815103,2569,37754.0,22046494.0,6352034.0,56.47272385247177,14.695990657843518,8581.741533670689,519.0,-62994.0,-4006570.0,-672489.0,-27.26445644996724,12,1,0
12,2011-08-19 11:34:43.752278,2645,40716.0,24776718.0,5658418.0,48.023227511153124,15.393572778827977,9367.379206049149,76.0,2962.0,2730224.0,-693616.0,-8.44949634131865,3,1,0
12,2011-08-19 11:35:13.760298,2219,57716.0,49688093.0,2400153.0,54.05218260883281,26.009914375844975,22392.110410094636,-426.0,17000.0,24911375.0,-3258265.0,6.028955097679685,0,0,1
12,2011-08-19 11:35:43.755415,2142,32677.0,22007601.0,1743961.0,28.095451907096173,15.255368814192344,10274.323529411764,-77.0,-25039.0,-27680492.0,-656192.0,-25.956730701736635,1,1,0
12,2011-08-19 11:36:13.768205,2262,21955.0,10163369.0,1360783.0,19.065223542882404,9.706012378426172,4493.089743589743,120.0,-10722.0,-11844232.0,-383178.0,-9.03022836421377,0,0,1
12,2011-08-19 11:36:43.751335,1708,12266.0,4900991.0,902579.0,24.294912167447308,7.181498829039812,2869.432669789227,-554.0,-9689.0,-5262378.0,-458204.0,5.229688624564904,9,1,0
12,2011-08-19 11:37:13.775266,2270,18944.0,9219408.0,1172364.0,15.131156804845814,8.345374449339207,4061.413215859031,562.0,6678.0,4318417.0,269785.0,-9.163755362601494,17,1,0
12,2011-08-19 11:37:43.807620,2438,25430.0,11693842.0,2698176.0,22.446519500820347,10.430680885972109,4796.489745693191,168.0,6486.0,2474434.0,1525812.0,7.3153626959745335,2,1,0
12,2011-08-19 11:38:13.753130,2061,156807.0,147827550.0,4551706.0,16.890224812712276,76.08296943231441,71726.12809315867,-377.0,131377.0,136133708.0,1853530.0,-5.556294688108071,2,1,0
12,2011-08-19 11:38:43.790672,2425,34508.0,17477362.0,3504015.0,17.698643066804124,14.230103092783505,7207.159587628866,364.0,-122299.0,-130350188.0,-1047691.0,0.8084182540918476,8,1,0
12,2011-08-19 11:39:13.751442,2111,29570.0,14905471.0,1775429.0,15.470015369493131,14.007579346281384,7060.857887257224,-314.0,-4938.0,-2571891.0,-1728586.0,-2.2286276973109924,18,1,0
12,2011-08-19 11:39:43.836702,2033,333182.0,425926941.0,10662447.0,15.651036787014263,163.88686669945892,209506.61141170684,-78.0,303612.0,411021470.0,8887018.0,0.18102141752113177,11,1,0
12,2011-08-19 11:40:13.775856,1781,25932.0,18955451.0,2123135.0,11.93514182257159,14.560359348680517,10643.150477259966,-252.0,-307250.0,-406971490.0,-8539312.0,-3.7158949644426738,15,1,0
13,2011-08-15 17:13:40.449530,3295,1261583.0,911441516.0,434351434.0,886.249135416085,382.87799696509865,276613.51016691956,0.0,0.0,0.0,0.0,0.0,0,0,1
13,2011-08-15 17:14:10.507047,2341,78296.0,15243369.0,5789465.0,818.418601989748,33.445536095685604,6511.4775736864585,-954.0,-1183287.0,-896198147.0,-428561969.0,-67.83053342633696,0,0,1
13,2011-08-15 17:14:40.452154,2182,41521.0,11033006.0,2729480.0,732.198144807516,19.028872593950503,5056.373052245646,-159.0,-36775.0,-4210363.0,-3059985.0,-86.22045718223205,0,0,1
13,2011-08-15 17:15:10.461914,2515,40078.0,11725400.0,2635844.0,579.1248526644134,15.93558648111332,4662.186878727634,333.0,-1443.0,692394.0,-93636.0,-153.07329214310255,0,0,1
13,2011-08-15 17:15:40.452370,2278,53315.0,25847294.0,16016473.0,624.3245486387182,23.40430201931519,11346.485513608428,-237.0,13237.0,14121894.0,13380629.0,45.199695974304746,0,0,1
13,2011-08-15 17:16:10.506918,1853,39944.0,14290341.0,2225869.0,648.2029371327577,21.55639503507825,7712.002698327037,-425.0,-13371.0,-11556953.0,-13790604.0,23.87838849403954,0,0,1
13,2011-08-15 17:16:40.451673,1715,24566.0,12022811.0,1423909.0,566.9704669965014,14.324198250728863,7010.3854227405245,-138.0,-15378.0,-2267530.0,-801960.0,-81.23247013625632,3,1,0
13,2011-08-15 17:17:10.460206,1991,23902.0,14621501.0,1492784.0,655.1106955585134,12.005022601707685,7343.797589151181,276.0,-664.0,2598690.0,68875.0,88.140228562012,0,0,1
13,2011-08-15 17:17:40.460115,1938,15115.0,4585087.0,1079285.0,585.90476150516,7.799277605779154,2365.8859649122805,-53.0,-8787.0,-10036414.0,-413499.0,-69.20593405335342,0,0,1
13,2011-08-15 17:18:10.451490,1676,17204.0,8093487.0,1142388.0,629.1714562303104,10.264916467780429,4829.049522673031,-262.0,2089.0,3508400.0,63103.0,43.26669472515039,0,0,1
13,2011-08-15 17:18:40.469098,1620,18085.0,9319118.0,1069560.0,619.3378359228395,11.16358024691358,5752.541975308642,-56.0,881.0,1225631.0,-72828.0,-9.833620307470824,2,1,0
13,2011-08-15 17:19:10.491257,2105,88283.0,38412048.0,3319544.0,517.1073944874109,41.939667458432304,18248.00380047506,485.0,70198.0,29092930.0,2249984.0,-102.23044143542859,0,0,1
13,2011-08-15 17:19:40.477178,2397,33450.0,20251248.0,1836474.0,383.4514054063413,13.954943679599499,8448.580725907384,292.0,-54833.0,-18160800.0,-1483070.0,-133.65598908106966,6,1,0
13,2011-08-15 17:20:10.476870,1735,36978.0,26812266.0,1726533.0,559.0730496910663,21.312968299711816,15453.755619596543,-662.0,3528.0,6561018.0,-109941.0,175.62164428472505,8,1,0
13,2011-08-15 17:20:40.454517,1747,20750.0,11141315.0,1116264.0,591.1045306628506,11.87750429307384,6377.398397252433,12.0,-16228.0,-15670951.0,-610269.0,32.031480971784276,13,1,0
13,2011-08-15 17:21:10.459827,1782,44409.0,39763461.0,1552172.0,508.9243198978676,24.920875420875422,22313.951178451178,35.0,23659.0,28622146.0,435908.0,-82.18021076498303,24,1,0
13,2011-08-15 17:21:40.455458,1859,28495.0,21215559.0,2800161.0,454.3424787805272,15.328133405056482,11412.350188273265,77.0,-15914.0,-18547902.0,1247989.0,-54.58184111734039,61,1,0
13,2011-08-15 17:22:10.458759,1667,13099.0,4149032.0,958692.0,568.3145074379124,7.857828434313137,2488.9214157168567,-192.0,-15396.0,-17066527.0,-1841469.0,113.97202865738524,15,1,0
13,2011-08-15 17:22:40.496277,1802,37692.0,10572182.0,1872629.0,514.2732886709213,20.916759156492787,5866.91564927858,135.0,24593.0,6423150.0,913937.0,-54.041218766991165,94,1,0
13,2011-08-15 17:23:10.450004,1761,151910.0,142114227.0,4370867.0,442.13642726405453,86.26348665530948,80700.867120954,-41.0,114218.0,131542045.0,2498238.0,-72.13686140686673,54,1,0
13,2011-08-15 17:23:40.453084,1781,18320.0,10709752.0,1009542.0,414.0592673290286,10.286355979786636,6013.336327905671,20.0,-133590.0,-131404475.0,-3361325.0,-28.077159935025918,20,1,0
13,2011-08-15 17:24:10.475061,1715,24382.0,15942511.0,1527573.0,414.03537379650146,14.216909620991254,9295.924781341108,-66.0,6062.0,5232759.0,518031.0,-0.023893532527154093,49,1,0
13,2011-08-15 17:24:40.465565,1694,42704.0,30931432.0,1866298.0,350.5699294811098,25.208972845336483,18259.404958677685,-21.0,18322.0,14988921.0,338725.0,-63.465444315391665,58,1,0
13,2011-08-15 17:25:10.449875,1682,110115.0,31755696.0,5203859.0,332.96529821521995,65.46670630202141,18879.724137931036,-12.0,67411.0,824264.0,3337561.0,-17.60463126588985,31,1,0
13,2011-08-15 17:25:40.504447,1704,13817.0,5801575.0,915490.0,410.0075642640845,8.10856807511737,3404.680164319249,22.0,-96298.0,-25954121.0,-4288369.0,77.04226604886458,63,1,0
13,2011-08-15 17:26:10.470181,1629,27895.0,18276844.0,1262058.0,350.15546391712707,17.124002455494168,11219.67096378146,-75.0,14078.0,12475269.0,346568.0,-59.85210034695746,52,1,0
13,2011-08-15 17:26:40.478910,1627,18585.0,9892911.0,1060070.0,341.71434028457287,11.422864167178856,6080.461585740627,-2.0,-9310.0,-8383933.0,-201988.0,-8.441123632554195,50,1,0
13,2011-08-15 17:27:10.500831,1455,14183.0,5910105.0,876598.0,435.82763669209623,9.747766323024054,4061.9278350515465,-172.0,-4402.0,-3982806.0,-183472.0,94.11329640752336,44,1,0
13,2011-08-15 17:27:40.459634,1884,14160.0,5631461.0,914556.0,385.33049106369424,7.515923566878981,2989.098195329087,429.0,-23.0,-278644.0,37958.0,-50.497145628401995,41,1,0
13,2011-08-15 17:28:10.453672,1654,66182.0,30862527.0,7533572.0,363.94017282406287,40.01330108827086,18659.327085852477,-230.0,52022.0,25231066.0,6619016.0,-21.39031823963137,46,1,0
13,2011-08-15 17:28:40.489522,1765,40809.0,17585012.0,1827805.0,296.8924056402266,23.121246458923512,9963.179603399434,111.0,-25373.0,-13277515.0,-5705767.0,-67.04776718383624,45,1,0
13,2011-08-15 17:29:10.449741,2085,24715.0,9127859.0,1751725.0,318.12184577410073,11.853717026378897,4377.870023980815,320.0,-16094.0,-8457153.0,-76080.0,21.229440133874107,54,1,0
13,2011-08-15 17:29:40.453919,2125,19326.0,10171523.0,961107.0,263.1204259383529,9.094588235294118,4786.599058823529,40.0,-5389.0,1043664.0,-790618.0,-55.00141983574781,72,1,0
13,2011-08-15 17:30:10.459877,1884,23651.0,13706905.0,2900607.0,314.1843718158174,12.553609341825902,7275.427282377919,-241.0,4325.0,3535382.0,1939500.0,51.063945877464505,42,1,0
13,2011-08-15 17:30:40.483223,1986,37499.0,30420077.0,1958916.0,309.8190771379658,18.881671701913394,15317.259315206446,102.0,13848.0,16713172.0,-941691.0,-4.365294677851637,50,1,0
13,2011-08-15 17:31:10.509021,1883,29448.0,19132666.0,1230796.0,331.4116429399894,15.638874137015401,10160.736059479554,-103.0,-8051.0,-11287411.0,-728120.0,21.592565802023614,58,1,0
13,2011-08-15 17:31:40.477266,1637,12640.0,4780851.0,888549.0,379.72275626511913,7.721441661576054,2920.4954184483813,-246.0,-16808.0,-14351815.0,-342247.0,48.311113325129725,41,1,0
13,2011-08-15 17:32:10.455981,1643,19588.0,9066226.0,1172155.0,373.3814049793062,11.922093730979915,5518.092513694462,6.0,6948.0,4285375.0,283606.0,-6.341351285812948,49,1,0
13,2011-08-15 17:32:40.540150,1812,19039.0,8342629.0,1712845.0,301.18561134437084,10.507174392935982,4604.099889624724,169.0,-549.0,-723597.0,540690.0,-72.19579363493534,35,1,0
13,2011-08-15 17:33:10.451309,1550,23688.0,9622211.0,1889037.0,315.9201271567742,15.282580645161291,6207.878064516129,-262.0,4649.0,1279582.0,176192.0,14.734515812403345,43,1,0
13,2011-08-15 17:33:40.450031,1679,17639.0,9527483.0,864474.0,311.986269884455,10.50565812983919,5674.498511018463,129.0,-6049.0,-94728.0,-1024563.0,-3.9338572723191874,47,1,0
13,2011-08-15 17:34:10.459319,1424,41246.0,18815213.0,1731931.0,395.329043798455,28.964887640449437,13212.93047752809,-255.0,23607.0,9287730.0,867457.0,83.34277391400002,32,1,0
13,2011-08-15 17:34:40.485991,1555,23094.0,5397891.0,1314279.0,397.6622134874598,14.85144694533762,3471.312540192926,131.0,-18152.0,-13417322.0,-417652.0,2.3331696890047624,57,1,0
13,2011-08-15 17:35:10.481338,1387,62510.0,55392558.0,2862748.0,417.3020430454217,45.06849315068493,39936.956020187456,-168.0,39416.0,49994667.0,1548469.0,19.639829557961946,35,1,0
13,2011-08-15 17:35:40.458768,1654,100646.0,17764210.0,5975041.0,316.1772313748489,60.85006045949214,10740.15114873035,267.0,38136.0,-37628348.0,3112293.0,-101.12481167057285,29,1,0
13,2011-08-15 17:36:10.596897,1327,13744.0,4713089.0,987191.0,370.98361314016574,10.357196684250189,3551.6872645064054,-327.0,-86902.0,-13051121.0,-4987850.0,54.80638176531687,48,1,0
13,2011-08-15 17:36:40.458324,1203,17168.0,7963989.0,1025068.0,461.9771411995013,14.27098919368246,6620.107231920199,-124.0,3424.0,3250900.0,37877.0,90.99352805933557,36,1,0
13,2011-08-15 17:37:10.466150,1572,39088.0,26727814.0,1784069.0,407.160243793257,24.865139949109416,17002.4262086514,369.0,21920.0,18763825.0,759001.0,-54.81689740624432,45,1,0
13,2011-08-15 17:37:40.460738,1899,20905.0,9729361.0,2450073.0,408.182399328594,11.008425487098473,5123.412848867825,327.0,-18183.0,-16998453.0,666004.0,1.0221555353369922,47,1,0
13,2011-08-15 17:38:10.537288,1433,14924.0,5471139.0,1132159.0,328.16418999651086,10.414515003489184,3817.9616189811586,-466.0,-5981.0,-4258222.0,-1317914.0,-80.01820933208313,45,1,0
13,2011-08-15 17:38:40.481386,1502,153968.0,132823652.0,125354607.0,400.9418455319574,102.508655126498,88431.1930758988,69.0,139044.0,127352513.0,124222448.0,72.77765553544657,53,1,0
13,2011-08-15 17:39:10.466323,1263,15699.0,3452509.0,1319722.0,370.2421859722882,12.429928741092636,2733.577988915281,-239.0,-138269.0,-129371143.0,-124034885.0,-30.699659559669215,48,1,0
13,2011-08-15 17:39:40.454649,1386,11919.0,5368084.0,742575.0,334.431193481241,8.5995670995671,3873.0764790764792,123.0,-3780.0,1915575.0,-577147.0,-35.810992491047216,51,1,0
13,2011-08-15 17:40:10.532383,1315,45318.0,19321862.0,1908884.0,407.9324361551331,34.46235741444867,14693.431178707224,-71.0,33399.0,13953778.0,1166309.0,73.50124267389208,43,1,0
13,2011-08-15 17:40:40.518477,1286,18952.0,11849760.0,1032725.0,382.5701899618973,14.737169517884915,9214.432348367029,-29.0,-26366.0,-7472102.0,-876159.0,-25.362246193235762,48,1,0
13,2011-08-15 17:41:10.469476,1236,27888.0,15585423.0,2426941.0,426.5777542815534,22.563106796116504,12609.565533980582,-50.0,8936.0,3735663.0,1394216.0,44.00756431965607,49,1,0
13,2011-08-15 17:41:40.480861,1416,21583.0,14245545.0,1119863.0,258.31412103107346,15.24223163841808,10060.41313559322,180.0,-6305.0,-1339878.0,-1307078.0,-168.26363325047993,48,1,0
13,2011-08-15 17:42:10.455128,1291,19072.0,12154752.0,1056481.0,346.146007746708,14.773044151820294,9414.9899302866,-125.0,-2511.0,-2090793.0,-63382.0,87.83188671563454,44,1,0
13,2011-08-15 17:42:40.468883,1371,16001.0,7864291.0,1461790.0,371.6148708796499,11.671043034281546,5736.171407731583,80.0,-3071.0,-4290461.0,405309.0,25.46886313294192,41,1,0
13,2011-08-15 17:43:10.453856,1378,15941.0,6338896.0,1631584.0,381.6386353018868,11.56821480406386,4600.069666182873,7.0,-60.0,-1525395.0,169794.0,10.023764422236866,52,1,0
13,2011-08-15 17:43:40.472757,1456,27488.0,11753891.0,7817618.0,266.33912075480765,18.87912087912088,8072.7273351648355,78.0,11547.0,5414995.0,6186034.0,-115.29951454707913,39,1,0
13,2011-08-15 17:44:10.482874,1460,30712.0,22912899.0,1561089.0,351.5657645965753,21.035616438356165,15693.766438356164,4.0,3224.0,11159008.0,-6256529.0,85.22664384176767,46,1,0
13,2011-08-15 17:44:40.547328,2096,30548.0,19253473.0,1937678.0,272.77198407204196,14.57442748091603,9185.817270992366,636.0,-164.0,-3659426.0,376589.0,-78.79378052453336,50,1,0
13,2011-08-15 17:45:10.460688,1501,24035.0,14833552.0,1657058.0,313.53111858760826,16.0126582278481,9882.446369087274,-595.0,-6513.0,-4419921.0,-280620.0,40.7591345155663,46,1,0
13,2011-08-15 17:45:40.450983,1785,17254.0,7330738.0,1330403.0,235.94957841792717,9.66610644257703,4106.856022408963,284.0,-6781.0,-7502814.0,-326655.0,-77.58154016968109,49,1,0
13,2011-08-15 17:46:10.454379,1543,42788.0,19496006.0,2030320.0,336.52966165327285,27.730395333765394,12635.130265716138,-242.0,25534.0,12165268.0,699917.0,100.58008323534568,54,1,0
13,2011-08-15 17:46:40.476219,1536,20884.0,12384833.0,1151681.0,272.5159519029948,13.596354166666666,8063.042317708333,-7.0,-21904.0,-7111173.0,-878639.0,-64.01370975027805,47,1,0
13,2011-08-15 17:47:10.477280,1409,11637.0,4422961.0,792978.0,303.5344993605394,8.259048970901349,3139.0780695528742,-127.0,-9247.0,-7961872.0,-358703.0,31.018547457544628,37,1,0
13,2011-08-15 17:47:40.513173,1381,8224.0,2840446.0,698483.0,298.55963370528605,5.955104996379435,2056.8037653874003,-28.0,-3413.0,-1582515.0,-94495.0,-4.974865655253382,43,1,0
13,2011-08-15 17:48:10.499286,1145,10085.0,2496482.0,610075.0,384.69205635196505,8.807860262008735,2180.3336244541483,-236.0,1861.0,-343964.0,-88408.0,86.132422646679,45,1,0
13,2011-08-15 17:48:40.495164,1189,10152.0,4976886.0,711477.0,387.2448309772918,8.538267451640033,4185.774600504626,44.0,67.0,2480404.0,101402.0,2.5527746253267765,39,1,0
13,2011-08-15 17:49:10.513430,1466,19442.0,7943795.0,1600367.0,318.81038286221013,13.26193724420191,5418.68690313779,277.0,9290.0,2966909.0,888890.0,-68.4344481150817,37,1,0
13,2011-08-15 17:49:40.457573,1841,24011.0,14277545.0,1335907.0,223.08543953666486,13.042368278109723,7755.3204780010865,375.0,4569.0,6333750.0,-264460.0,-95.72494332554527,44,1,0
13,2011-08-15 17:50:10.495399,1248,19219.0,13310656.0,1362058.0,361.42751864583335,15.399839743589743,10665.589743589744,-593.0,-4792.0,-966889.0,26151.0,138.34207910916848,39,1,0
13,2011-08-15 17:50:40.461626,1492,35467.0,29256468.0,1247522.0,311.9943494530831,23.771447721179623,19608.8927613941,244.0,16248.0,15945812.0,-114536.0,-49.433169192750256,44,1,0
13,2011-08-15 17:51:10.460001,1311,19973.0,12374227.0,1018812.0,284.349716583524,15.23493516399695,9438.769641495042,-181.0,-15494.0,-16882241.0,-228710.0,-27.644632869559075,51,1,0
13,2011-08-15 17:51:40.455492,1532,12660.0,4336832.0,991564.0,250.5012435502611,8.263707571801566,2830.8302872062663,221.0,-7313.0,-8037395.0,-27248.0,-33.848473033262906,54,1,0
13,2011-08-15 17:52:10.483486,1248,45343.0,19766026.0,1669318.0,334.6625150264423,36.33253205128205,15838.16185897436,-284.0,32683.0,15429194.0,677754.0,84.16127147618118,43,1,0
13,2011-08-15 17:52:40.653543,1345,44107.0,38810011.0,1354976.0,322.8815464773234,32.79330855018588,28855.026765799255,97.0,-1236.0,19043985.0,-314342.0,-11.780968549118882,45,1,0
13,2011-08-15 17:53:10.481048,1295,9720.0,4190269.0,658722.0,322.37855649034753,7.505791505791506,3235.7289575289574,-50.0,-34387.0,-34619742.0,-696254.0,-0.5029899869758765,62,1,0
13,2011-08-15 17:53:40.483057,1734,26138.0,17879626.0,1200118.0,260.94330415224914,15.073817762399077,10311.202998846598,439.0,16418.0,13689357.0,541396.0,-61.435252338098394,47,1,0
13,2011-08-15 17:54:10.454590,1663,26281.0,14435358.0,1506592.0,243.23628198135899,15.803367408298255,8680.311485267588,-71.0,143.0,-3444268.0,306474.0,-17.707022170890156,56,1,0
13,2011-08-15 17:54:40.451157,1233,94216.0,64560961.0,3324579.0,243.75621576804542,76.41200324412003,52360.87672343877,-430.0,67935.0,50125603.0,1817987.0,0.5199337866864369,56,1,0
13,2011-08-15 17:55:10.496156,997,73815.0,14718281.0,4750395.0,303.8523687542628,74.037111334002,14762.568706118354,-236.0,-20401.0,-49842680.0,1425816.0,60.09615298621736,46,1,0
13,2011-08-15 17:55:40.529192,1336,32303.0,24533145.0,19147464.0,248.8915738278443,24.17889221556886,18363.13248502994,339.0,-41512.0,9814864.0,14397069.0,-54.96079492641849,51,1,0
13,2011-08-15 17:56:10.452579,1174,97504.0,33692834.0,21396813.0,320.06759298381604,83.05281090289608,28699.17717206133,-162.0,65201.0,9159689.0,2249349.0,71.17601915597174,41,1,0
13,2011-08-15 17:56:40.458858,1195,17914.0,6152710.0,1569831.0,299.11799532552305,14.990794979079498,5148.71129707113,21.0,-79590.0,-27540124.0,-19826982.0,-20.949597658292987,45,1,0
13,2011-08-15 17:57:10.579641,1344,17862.0,10086957.0,1049942.0,306.0602713854167,13.290178571428571,7505.176339285715,149.0,-52.0,3934247.0,-519889.0,6.942276059893629,52,1,0
13,2011-08-15 17:57:40.478325,1483,25304.0,16934923.0,1125902.0,267.77360881928524,17.062710721510452,11419.36817262306,139.0,7442.0,6847966.0,75960.0,-38.28666256613144,54,1,0
13,2011-08-15 17:58:10.486920,1049,30608.0,8749096.0,1214215.0,331.0335194366063,29.17826501429933,8340.415633937084,-434.0,5304.0,-8185827.0,88313.0,63.259910617321054,35,1,0
13,2011-08-15 17:58:40.533812,1136,10817.0,5080257.0,608679.0,299.2901595977113,9.522007042253522,4472.057218309859,87.0,-19791.0,-3668839.0,-605536.0,-31.743359838895003,48,1,0
13,2011-08-15 17:59:10.593842,1471,37600.0,23812959.0,1706404.0,306.4010150516655,25.56084296397009,16188.279401767506,335.0,26783.0,18732702.0,1097725.0,7.11085545395423,55,1,0
13,2011-08-15 17:59:40.454234,1499,15876.0,6896519.0,986479.0,220.24000789859906,10.591060707138093,4600.74649766511,28.0,-21724.0,-16916440.0,-719925.0,-86.16100715306646,50,1,0
13,2011-08-15 18:00:10.457459,1422,24744.0,10837663.0,1278513.0,223.42181143459914,17.40084388185654,7621.422644163151,-77.0,8868.0,3941144.0,292034.0,3.181803536000075,58,1,0
13,2011-08-15 18:00:40.449599,1472,40225.0,33157226.0,1666351.0,281.2809467581522,27.326766304347824,22525.289402173912,50.0,15481.0,22319563.0,387838.0,57.85913532355306,36,1,0
13,2011-08-15 18:01:10.544380,1129,15883.0,8934822.0,871404.0,313.04583415677587,14.068201948627104,7913.925597874225,-343.0,-24342.0,-24222404.0,-794947.0,31.76488739862367,47,1,0
13,2011-08-15 18:01:40.473601,1296,188297.0,165009320.0,84208661.0,326.9604728287037,145.2908950617284,127322.00617283951,167.0,172414.0,156074498.0,83337257.0,13.914638671927833,44,1,0
13,2011-08-15 18:02:10.487718,1185,11544.0,5176316.0,713425.0,276.40328195358654,9.741772151898735,4368.199156118143,-111.0,-176753.0,-159833004.0,-83495236.0,-50.55719087511716,41,1,0
13,2011-08-15 18:02:40.480265,1205,33773.0,30084666.0,1061129.0,311.8346658307054,28.027385892116182,24966.527800829874,20.0,22229.0,24908350.0,347704.0,35.43138387711883,41,1,0
13,2011-08-15 18:03:10.466278,1164,12105.0,4169163.0,812264.0,433.38298069415805,10.399484536082474,3581.755154639175,-41.0,-21668.0,-25915503.0,-248865.0,121.54831486345267,42,1,0
13,2011-08-15 18:03:40.465641,1308,8788.0,3253872.0,646306.0,323.2188451383792,6.718654434250764,2487.669724770642,144.0,-3317.0,-915291.0,-165958.0,-110.16413555577884,42,1,0
13,2011-08-15 18:04:10.456721,1145,37746.0,10776841.0,1584604.0,318.2847164951965,32.96593886462882,9412.088209606987,-163.0,28958.0,7522969.0,938298.0,-4.934128643182703,41,1,0
13,2011-08-15 18:04:40.456806,1193,7915.0,2747332.0,528304.0,345.6118988717519,6.634534786253143,2302.8767812238057,48.0,-29831.0,-8029509.0,-1056300.0,27.327182376555413,39,1,0
13,2011-08-15 18:05:10.475679,979,10917.0,5740118.0,756726.0,261.10911573340144,11.1511746680286,5863.246169560776,-214.0,3002.0,2992786.0,228422.0,-84.50278313835048,38,1,0
13,2011-08-15 18:05:40.453186,1507,15443.0,7629573.0,868418.0,224.7999370311878,10.247511612475115,5062.755806237558,528.0,4526.0,1889455.0,111692.0,-36.30917870221364,51,1,0
13,2011-08-15 18:06:10.477413,1337,16509.0,11704188.0,710669.0,162.0498882026926,12.347793567688855,8754.067314884069,-170.0,1066.0,4074615.0,-157749.0,-62.75004882849518,36,1,0
13,2011-08-15 18:06:40.455208,1110,15081.0,8579464.0,1121310.0,241.04997391531532,13.586486486486486,7729.246846846847,-227.0,-1428.0,-3124724.0,410641.0,79.0000857126227,42,1,0
13,2011-08-15 18:07:10.461104,1337,12044.0,4308038.0,748580.0,260.9331810755423,9.008227374719521,3222.167539267016,227.0,-3037.0,-4271426.0,-372730.0,19.88320716022696,51,1,0
13,2011-08-15 18:07:40.453774,1279,10273.0,3291279.0,635723.0,222.95598269585616,8.032056293979672,2573.322126661454,-58.0,-1771.0,-1016759.0,-112857.0,-37.977198379686115,31,1,0
13,2011-08-15 18:08:10.450943,1178,45096.0,43465866.0,1218003.0,172.5821174066214,38.28183361629881,36898.01867572156,-101.0,34823.0,40174587.0,582280.0,-50.37386528923477,52,1,0
13,2011-08-15 18:08:40.601325,1270,18232.0,11812826.0,874440.0,174.17870610629922,14.355905511811024,9301.437795275591,92.0,-26864.0,-31653040.0,-343563.0,1.5965886996778238,38,1,0
13,2011-08-15 18:09:10.489844,1296,10862.0,4851352.0,705628.0,191.11933597145062,8.381172839506172,3743.3271604938273,26.0,-7370.0,-6961474.0,-168812.0,16.940629865151408,45,1,0
13,2011-08-15 18:09:40.482917,1414,12802.0,6539971.0,950248.0,167.59527132673267,9.053748231966054,4625.156294200849,118.0,1940.0,1688619.0,244620.0,-23.524064644717953,58,1,0
13,2011-08-15 18:10:10.460939,1114,29703.0,13246755.0,5387387.0,211.79533119928186,26.663375224416516,11891.162477558348,-300.0,16901.0,6706784.0,4437139.0,44.20005987254919,43,1,0
13,2011-08-15 18:10:40.582979,1113,18277.0,13368396.0,841386.0,252.77972343845465,16.42138364779874,12011.137466307278,-1.0,-11426.0,121641.0,-4546001.0,40.98439223917279,37,1,0
13,2011-08-15 18:11:10.569870,1229,24660.0,11565051.0,1614146.0,286.3699615093572,20.065093572009765,9410.13100081367,116.0,6383.0,-1803345.0,772760.0,33.59023807090256,31,1,0
13,2011-08-15 18:11:40.459746,1437,38610.0,33389670.0,1524758.0,227.97739696450938,26.86847599164927,23235.678496868477,208.0,13950.0,21824619.0,-89388.0,-58.39256454484783,50,1,0
13,2011-08-15 18:12:10.457303,1340,18785.0,10122916.0,1060176.0,321.9970117649254,14.01865671641791,7554.414925373134,-97.0,-19825.0,-23266754.0,-464582.0,94.01961480041601,51,1,0
13,2011-08-15 18:12:40.464964,1472,22953.0,14894231.0,1106317.0,242.4028293084239,15.593070652173912,10118.363451086956,132.0,4168.0,4771315.0,46141.0,-79.5941824565015,31,1,0
13,2011-08-15 18:13:10.459691,1272,27843.0,23681931.0,1070434.0,282.357282735849,21.889150943396228,18617.870283018867,-200.0,4890.0,8787700.0,-35883.0,39.954453427425136,46,1,0
13,2011-08-15 18:13:40.498390,1414,488249.0,318592140.0,289062329.0,572.2836757036775,345.2963224893918,225312.6874115983,142.0,460406.0,294910209.0,287991895.0,289.9263929678285,49,1,0
13,2011-08-15 18:14:10.557996,1475,79808.0,28290166.0,5415783.0,616.8315966054238,54.107118644067796,19179.773559322035,61.0,-408441.0,-290301974.0,-283646546.0,44.54792090174624,27,1,0
13,2011-08-15 18:14:40.484745,1358,43030.0,11372689.0,2758513.0,548.0637771590575,31.686303387334316,8374.586892488955,-117.0,-36778.0,-16917477.0,-2657270.0,-68.76781944636627,43,1,0
13,2011-08-15 18:15:10.493219,1395,45185.0,18103512.0,2553229.0,579.9644942444445,32.39068100358423,12977.427956989248,37.0,2155.0,6730823.0,-205284.0,31.900717085386987,37,1,0
13,2011-08-15 18:15:40.484278,1806,33338.0,14831179.0,2169163.0,377.1071972702104,18.45957918050941,8212.169988925803,411.0,-11847.0,-3272333.0,-384066.0,-202.8572969742341,40,1,0
13,2011-08-15 18:16:10.528313,1546,45801.0,17935818.0,2523654.0,360.3453543544631,29.6254851228978,11601.434670116429,-260.0,12463.0,3104639.0,354491.0,-16.76184291574731,37,1,0
13,2011-08-15 18:16:40.464805,1220,21403.0,11997739.0,7995287.0,483.4575549967213,17.54344262295082,9834.212295081967,-326.0,-24398.0,-5938079.0,5471633.0,123.11220064225819,35,1,0
13,2011-08-15 18:17:10.471928,1333,18872.0,8283735.0,1092439.0,457.634319975994,14.157539384846212,6214.354838709677,113.0,-2531.0,-3714004.0,-6902848.0,-25.82323502072728,43,1,0
13,2011-08-15 18:17:40.458723,1478,31614.0,16267797.0,10136152.0,364.6300639993234,21.389715832205685,11006.628552097429,145.0,12742.0,7984062.0,9043713.0,-93.0042559766706,37,1,0
