Scenario,Timestamp,Flow_Count,Total_Packets,Total_Bytes,Total_Source_Bytes,Avg_Duration,Avg_Packets_Per_Flow,Avg_Bytes_Per_Flow,Flow_Count_Change,Total_Packets_Change,Total_Bytes_Change,Total_Source_Bytes_Change,Avg_Duration_Change,Attack_Flow_Count,Attack_State,Target_Early_Warning,Flow_Count_Prev,Flow_Count_RollMean5,Flow_Count_RollStd5,Total_Packets_Prev,Total_Packets_RollMean5,Total_Packets_RollStd5,Total_Bytes_Prev,Total_Bytes_RollMean5,Total_Bytes_RollStd5,Total_Source_Bytes_Prev,Total_Source_Bytes_RollMean5,Total_Source_Bytes_RollStd5,Avg_Duration_Prev,Avg_Duration_RollMean5,Avg_Duration_RollStd5,Avg_Packets_Per_Flow_Prev,Avg_Packets_Per_Flow_RollMean5,Avg_Packets_Per_Flow_RollStd5,Avg_Bytes_Per_Flow_Prev,Avg_Bytes_Per_Flow_RollMean5,Avg_Bytes_Per_Flow_RollStd5,Flow_Count_Ratio5,Flow_Count_Z5,Total_Packets_Ratio5,Total_Packets_Z5,Total_Bytes_Ratio5,Total_Bytes_Z5,Total_Source_Bytes_Ratio5,Total_Source_Bytes_Z5,Avg_Duration_Ratio5,Avg_Duration_Z5,Avg_Packets_Per_Flow_Ratio5,Avg_Packets_Per_Flow_Z5,Avg_Bytes_Per_Flow_Ratio5,Avg_Bytes_Per_Flow_Z5
1,2011-08-10 09:46:53.047277,5886,1161975.0,776712271.0,718127093.0,1266.7665442674142,197.4133537206932,131959.27132178048,0.0,0.0,0.0,0.0,0.0,0,0,0,5886.0,5886.0,5886.0,1161975.0,1161975.0,1161975.0,776712271.0,776712271.0,776712271.0,718127093.0,718127093.0,718127093.0,1266.7665442674142,1266.7665442674142,1266.7665442674142,197.4133537206932,197.4133537206932,197.4133537206932,131959.27132178048,131959.27132178048,131959.27132178048,10.0,10.0,10.0,10.0,10.0,10.0,10.0,10.0,10.0,10.0,10.0,10.0,10.0,10.0
1,2011-08-10 09:47:23.048953,4903,152172.0,35765763.0,10017880.0,1166.9388019749133,31.036508260248823,7294.669182133388,-983.0,-1009803.0,-740946508.0,-708109213.0,-99.82774229250094,0,0,0,5886.0,4903.0,4903.0,1161975.0,152172.0,152172.0,776712271.0,35765763.0,35765763.0,718127093.0,10017880.0,10017880.0,1266.7665442674142,1166.9388019749133,1166.9388019749133,197.4133537206932,31.036508260248823,31.036508260248823,131959.27132178048,7294.669182133388,7294.669182133388,10.0,10.0,10.0,10.0,10.0,10.0,10.0,10.0,10.0,10.0,10.0,10.0,10.0,10.0
1,2011-08-10 09:47:53.059501,4266,79274.0,13815863.0,4975252.0,1218.2295638638068,18.58274730426629,3238.5989217065166,-637.0,-72898.0,-21949900.0,-5042628.0,51.290761888893485,0,0,0,4903.0,5394.5,695.0859659063763,152172.0,657073.5,714038.5489625193,35765763.0,406239017.0,523928300.30329245,10017880.0,364072486.5,500708826.33296937,1166.9388019749133,1216.8526731211637,70.58887352557043,31.036508260248823,114.22493099047102,117.64619565750648,7294.669182133388,69626.97025195694,88151.18554686745,0.790805449995219,-1.6235401883374787,0.12064708133869327,-0.8091993084120288,0.03400919759511923,-0.7490016358590164,0.013665553384243443,-0.7171777600365322,1.0011315180317684,0.019505775823506377,0.1626855638516764,-0.8129645259743616,0.04651356952610538,-0.7531194381379349
1,2011-08-10 09:48:23.049021,4470,164607.0,135669293.0,5555165.0,1105.6214932843402,36.8248322147651,30351.07225950783,204.0,85333.0,121853430.0,579913.0,-112.60807057946658,0,0,0,4266.0,5018.333333333333,816.1349970031509,79274.0,464473.6666666667,605152.5527520588,13815863.0,275431299.0,434260761.74857324,4975252.0,244373408.33333334,410290473.1110865,1218.2295638638068,1217.3116367020448,49.920201076420106,18.58274730426629,82.34420309506943,99.84716375423018,3238.5989217065166,47497.51314187347,73174.13732064217,0.8907339754232698,-0.6718659723527873,0.3543946876069752,-0.49552243529827195,0.4925703559928387,-0.3218389002894047,0.02273228105253814,-0.5820711398011748,0.9082485207147077,-2.2373736685172174,0.4472061278169425,-0.45589047468481486,0.6390033972694437,-0.23432378583749222
1,2011-08-10 09:48:53.047313,4604,59095.0,20018596.0,3962471.0,914.2338071494352,12.835577758470896,4348.087749782798,134.0,-105512.0,-115650697.0,-1592694.0,-191.38768613490487,0,0,0,4470.0,4881.25,720.5680051181844,164607.0,389507.0,516352.34660646215,135669293.0,240490797.5,361393083.37310505,5555165.0,184668847.5,355645966.1250463,1105.6214932843402,1189.3891008476187,69.13771053369018,36.8248322147651,70.96436037499336,84.64223150715435,30351.07225950783,43210.90292128205,60358.39922617713,0.9432010243275916,-0.3847659041621504,0.15171742741465455,-0.6398963850392314,0.08324059052613021,-0.6100620394895128,0.021457170787834153,-0.5081074824744758,0.7686583023983803,-3.9798149457107495,0.18087357781375935,-0.6867586260520836,0.10062478346503599,-0.6438675589435449
1,2011-08-10 09:49:23.057275,4646,43867.0,12915485.0,3315361.0,925.4259812557038,9.441885492897116,2779.9149806284977,42.0,-15228.0,-7103111.0,-647110.0,11.192174106268569,0,0,0,4604.0,4825.8,636.2288896301393,59095.0,323424.6,470955.65325548436,20018596.0,196396357.2,328139176.05079,3962471.0,148527572.2,318424243.45095825,914.2338071494352,1134.3580421079819,136.84701090417346,12.835577758470896,59.338603851688866,77.77545621581926,4348.087749782798,35438.339886982205,55085.533023387885,0.9627419287991704,-0.28260269681284234,0.13563284920194651,-0.5935964417616721,0.06576234500545003,-0.559155643676025,0.022321518832447464,-0.45603377942033074,0.8158147136112028,-1.5267564813458372,0.15911876720822557,-0.6415483853889806,0.07844371348923102,-0.5928675482269945
1,2011-08-10 09:49:53.101863,4580,79232.0,25792218.0,5368985.0,924.7253501543668,17.29956331877729,5631.48864628821,-66.0,35365.0,12876733.0,2053624.0,-0.7006311013370805,0,0,0,4646.0,4577.8,234.4849675352344,43867.0,99803.0,55112.35745728873,12915485.0,43637000.0,52256195.87695616,3315361.0,5565225.8,2636523.0084534064,925.4259812557038,1066.08992950564,139.3972167854089,9.441885492897116,21.744310206129647,11.773675470738514,2779.9149806284977,9602.468618751805,11731.209286163516,1.0004805801911396,0.009382264556724121,0.793883951384219,-0.37325567166931395,0.5910630428306254,-0.3414864342980075,0.9647380345286258,-0.07443166601269878,0.8673990106841238,-1.014113356135932,0.79559034772715,-0.3775156617847595,0.5864625930971948,-0.3384970701312836
1,2011-08-10 09:50:23.055359,4510,62225.0,25065580.0,4671152.0,868.2276999984479,13.797117516629712,5557.778270509978,-70.0,-17007.0,-726638.0,-697833.0,-56.497650155918905,0,0,0,4580.0,4513.2,152.73899305678285,79232.0,85215.0,46813.70776279067,25792218.0,41642291.0,52819091.20494973,5368985.0,4635446.8,961112.6857734737,924.7253501543668,1017.6472391415306,137.66473237393342,17.29956331877729,18.99692121783534,10.60834383058599,5631.48864628821,9269.83251158277,11836.116287302228,0.999290968713773,-0.0209507731846132,0.7302118171683303,-0.49109547392596925,0.6019260563737956,-0.3138393831063602,1.007702644759077,0.037149858209670504,0.853171577146926,-1.0853872053165714,0.7262817673292211,-0.4901616862872964,0.5995554141420425,-0.3136209674667328
1,2011-08-10 09:50:53.055934,4566,64239.0,21323228.0,4505121.0,976.27398539159,14.06898817345598,4670.001752080596,56.0,2014.0,-3742352.0,-166031.0,108.04628539314216,0,0,0,4510.0,4562.0,71.26008700527929,62225.0,81805.2,47961.452951302126,25065580.0,43892234.4,51562078.14055187,4671152.0,4574626.8,943697.8203295269,868.2276999984479,947.6468663684587,91.37694307542839,13.797117516629712,18.039795260308022,10.867771198815966,5557.778270509978,9733.668381343463,11583.419665288786,1.0008768084171413,0.056132404099471955,0.7852679291780866,-0.3662566273343627,0.48580866960830776,-0.4377055233980226,0.9848062359972183,-0.07365260203285118,1.0302086357672504,0.3132860222647998,0.7798862442541862,-0.36537455692104415,0.479778185276079,-0.43714781779307893
1,2011-08-10 09:51:23.058368,4103,54437.0,29524764.0,3305766.0,898.5542061133317,13.26760906653668,7195.896660979771,-463.0,-9802.0,8201536.0,-1199355.0,-77.71977927825833,0,0,0,4566.0,4581.2,50.05197298808483,64239.0,61731.6,12638.137631786038,21323228.0,21023021.4,5145839.511393463,4505121.0,4364618.0,772191.6404892635,976.27398539159,921.7773647899087,38.45892789060783,14.06898817345598,13.4886264520462,2.8177034644127827,4670.001752080596,4597.454279858016,1157.8368995965445,0.8956168689424395,-9.554068929596125,0.8818336151986846,-0.5771894730480585,1.4044015576181643,1.6521585216904244,0.757400991335324,-1.3712295555661624,0.9748061087583282,-0.6038431113324025,0.9836145372341002,-0.07843883794817316,1.5651915653635249,2.2442214287910103
1,2011-08-10 09:51:53.048034,4803,42403.0,12683222.0,3124137.0,848.10401422132,8.828440557984592,2640.6874869872995,700.0,-12034.0,-16841542.0,-181629.0,-50.45019189201173,0,0,0,4103.0,4481.0,216.78099547700202,54437.0,60800.0,13046.170204315378,29524764.0,22924255.0,6307058.901574435,3305766.0,4233277.0,902539.8572162893,898.5542061133317,918.641444582688,39.84217739184175,13.26760906653668,13.575032713659358,2.7992345887645085,7195.896660979771,5167.016062097411,1614.7802611360726,1.0718589600533202,1.4853700588005425,0.6974177631578833,-1.4101456375230546,0.5532664856502425,-1.6237414553784368,0.7379949386728057,-1.228909716431724,0.9232154930759363,-1.770421070763094,0.6503439618566051,-1.6956750152455362,0.5110662431180584,-1.5645030075678272
1,2011-08-10 09:52:23.053904,4434,172122.0,154824482.0,5710146.0,894.4773929709066,38.81867388362652,34917.56472710871,-369.0,129719.0,142141260.0,2586009.0,46.37337874958666,0,0,0,4803.0,4512.4,254.70826449096623,42403.0,60507.2,13528.716576230221,12683222.0,22877802.4,6399383.929834036,3124137.0,4195032.2,953758.5135091586,848.10401422132,903.1770511758111,50.20796307408822,8.828440557984592,13.45234372667685,3.029637987364458,2640.6874869872995,5139.170563369171,1666.603492457747,0.982625653753882,-0.30780312588746983,2.8446531982970154,8.25021349002887,6.76745429010262,10.0,1.361168574582097,1.5885717176200587,0.9903677156161473,-0.1732724785487468,2.8856439197105104,8.37272646249185,6.794396935565109,10.0
1,2011-08-10 09:52:53.052430,4426,52538.0,28106918.0,3388677.0,848.5938862568911,11.870311793944872,6350.410754631722,-8.0,-119584.0,-126717564.0,-2321469.0,-45.88350671401554,0,0,0,4434.0,4483.2,253.38646372685338,172122.0,79085.2,52710.624433789126,154824482.0,48684255.2,59656047.19411953,5710146.0,4263264.4,1064512.5284729155,894.4773929709066,897.1274597391193,48.76403722379456,38.81867388362652,17.756165839646698,11.966098032347661,34917.56472710871,10996.38577953327,13472.989648164916,0.9872412562453187,-0.2257421298615019,0.6643215165416454,-0.5036404004916687,0.5773307588774614,-0.3449329643488074,0.7948549942152306,-0.8215848819126902,0.9459011392904109,-0.995273899461935,0.6685177363443989,-0.4918774716117872,0.5774998151165883,-0.34483623503221544
1,2011-08-10 09:53:23.051106,4284,32978.0,9747108.0,3412966.0,843.7509863765173,7.697945845004669,2275.235294117647,-142.0,-19560.0,-18359810.0,24289.0,-4.842899880373807,0,0,0,4426.0,4466.4,253.94940440961852,52538.0,77147.8,53654.82178425315,28106918.0,49292522.8,59369838.529301696,3388677.0,4006769.4,1095710.9671331213,848.5938862568911,893.200696990808,52.33292371665557,11.870311793944872,17.37080469510973,12.155006238621858,6350.410754631722,11154.91227635762,13397.451056843456,0.9591617409992479,-0.7182533088562457,0.42746520315549597,-0.8232214464826034,0.19774009213421717,-0.6660859416096028,0.8517999563438813,-0.5419343401788332,0.9446376264798815,-0.9449063247656428,0.4431542452796478,-0.7957921747974342,0.2039671167060373,-0.6627885367570382
1,2011-08-10 09:53:53.048878,4123,36520.0,11294536.0,2613592.0,859.1180261084162,8.85762794081979,2739.397526073248,-161.0,3542.0,1547428.0,-799374.0,15.3670397318989,0,0,0,4284.0,4410.0,257.58784909230474,32978.0,70895.6,57236.88429063873,9747108.0,46977298.8,60938222.76950916,3412966.0,3788338.4,1080279.7954473647,843.7509863765173,866.6960971877934,27.324774470528205,7.697945845004669,16.096596229419468,12.898845651500677,2275.235294117647,10675.95898476503,13726.019058757258,0.9349206349204229,-1.1141829904253033,0.5151236466014742,-0.6005847527521977,0.24042540308852328,-0.585556341788394,0.689904576634442,-1.087446423556884,0.9912563687491414,-0.2773333440418099,0.5502795630843109,-0.56121055198426,0.2565949841117045,-0.5782129126236091
1,2011-08-10 09:54:23.053635,4194,1041377.0,880544952.0,28458066.0,872.6207952682403,248.30162136385312,209953.49356223177,71.0,1004857.0,869250416.0,25844474.0,13.502769159824084,0,0,0,4123.0,4414.0,251.71710311379314,36520.0,67312.2,59056.829149557016,11294536.0,43331253.2,62761589.21811723,2613592.0,3649903.6,1195758.1025883958,859.1180261084162,858.8088611868103,20.724495155235502,8.85762794081979,15.214600004276088,13.285619889326883,2739.397526073248,9784.659157783724,14146.735435319943,0.9501585863160511,-0.8739970279241261,10.0,10.0,10.0,10.0,7.7969363355240375,10.0,1.016082663680632,0.6664545494259864,10.0,10.0,10.0,10.0
1,2011-08-10 09:54:53.071763,4374,49483.0,21812349.0,7355127.0,871.2644932432555,11.312985825331504,4986.819615912208,180.0,-991894.0,-858732603.0,-21102939.0,-1.3563020249847568,0,0,0,4194.0,4292.2,138.1564330749747,1041377.0,267107.0,436618.4810838863,880544952.0,216903599.2,375867911.46856266,28458066.0,8716689.4,11096466.207663964,872.6207952682403,863.7122173961943,20.457150716144454,248.30162136385312,63.10923616544979,104.31362136859826,209953.49356223177,51247.22037283262,89751.49931470722,1.0190578258233496,0.5920824544957447,0.18525534710808708,-0.4984305736664134,0.10056241150653991,-0.51904204707913,0.8437982199985236,-0.12270234275661686,1.0087439724643703,0.36917535347343783,0.17926038267193808,-0.4965434970050237,0.0973090750997247,-0.5154276096793782
1,2011-08-10 09:55:23.062914,4139,59141.0,37271356.0,5138640.0,842.9651159449143,14.288717081420632,9004.918096158492,-235.0,9658.0,15459007.0,-2216487.0,-28.299377298341252,0,0,0,4374.0,4280.2,124.71246930439618,49483.0,242579.2,446618.624326953,21812349.0,190301172.6,385932338.9838505,7355127.0,9045685.6,11009082.678023757,871.2644932432555,859.069637450664,13.007239919235598,11.312985825331504,57.60809855379078,106.61476676607953,4986.819615912208,45261.071350593316,92080.83899630292,0.967010887341487,-1.132204348020958,0.24380078753660558,-0.41072671404251887,0.19585457877520193,-0.39651980708049345,0.5680763434890993,-0.35489292925369814,0.9812535319551952,-1.2381198166949814,0.2480331314499246,-0.40631689948738225,0.1989550363579772,-0.39374264667473463
1,2011-08-10 09:55:53.057170,4102,34933.0,9396837.0,2364468.0,790.6241377530472,8.516089712335447,2290.7940029254023,-37.0,-24208.0,-27874519.0,-2774172.0,-52.340978191867066,0,0,0,4139.0,4222.8,105.37884038078971,59141.0,243899.8,445925.4360268093,37271356.0,192134060.2,384990075.2788283,5138640.0,9395678.2,10810300.534281906,842.9651159449143,857.9438833882687,14.318089957083556,14.288717081420632,58.091779611285936,106.36057529340329,9004.918096158492,45791.97281889867,91807.65695191489,0.9713933882729535,-1.1463401908992288,0.14322684971451333,-0.4686137706381843,0.04890771053408468,-0.4746543740579622,0.2516548512698104,-0.6504176435893194,0.921533625986961,-4.701726685074695,0.14659715658864692,-0.4661096441207306,0.050026104181733914,-0.47382952860627886
1,2011-08-10 09:56:23.058122,4391,49424.0,23916944.0,4170867.0,790.7842358802095,11.255750398542473,5446.810293782737,289.0,14491.0,14520107.0,1806399.0,0.160098127162314,0,0,0,4102.0,4186.4,110.2737502763008,34933.0,244290.8,445695.05588597234,9396837.0,192064006.0,385031589.65365374,2364468.0,9185978.6,10964437.885310594,790.6241377530472,847.3185136635748,33.86018391100774,8.516089712335447,58.2554083847521,106.26425149408269,2290.7940029254023,45795.08456066022,91805.81349398014,1.0488725396519565,1.8553826226595294,0.20231625587209917,-0.4372200171990571,0.12452590414051866,-0.43670978308884423,0.4540471060971119,-0.457397967178865,0.9332785996379807,-1.6696388280193803,0.19321382701516457,-0.4422903970521498,0.11893875393040856,-0.43949585250963163
1,2011-08-10 09:56:53.056437,4015,47011.0,25550251.0,2527136.0,797.6461027723536,11.708841843088418,6363.698879202989,-376.0,-2413.0,1633307.0,-1643731.0,6.861866892144121,0,0,0,4391.0,4240.0,134.2739736508902,49424.0,246871.6,444226.1229180472,23916944.0,194588487.6,383588734.27907324,4170867.0,9497433.6,10751112.154316954,790.7842358802095,833.6517556179333,40.95437373196323,11.255750398542473,58.73503287629662,105.99061458704718,5446.810293782737,46336.56711420212,91495.83952109759,0.9469339622639276,-1.6756784198799395,0.19042692638602338,-0.4499073550360989,0.1313040217082195,-0.44067570680274254,0.266086198275711,-0.6483327026963602,0.9568097198813577,-0.8791650210634172,0.1993502219969701,-0.4436825960108308,0.13733643373965837,-0.4368818128149044
1,2011-08-10 09:57:23.077300,3452,50465.0,48098765.0,1595241.0,810.3537114956547,14.619061413673233,13933.593568945538,-563.0,3454.0,22548514.0,-931895.0,12.707608723301064,0,0,0,4015.0,4204.2,168.98135991877905,47011.0,47998.4,8661.315477451388,25550251.0,23589547.4,9946543.32367582,2527136.0,4311247.6,2058062.9066225775,797.6461027723536,818.6568171187561,36.61496618087995,11.708841843088418,11.416476972143695,2.0484158616414607,6363.698879202989,5618.608177596366,2425.1429596454946,0.82108367822634,-4.451378544693294,1.0513892129737439,0.2847835304488316,2.0389863435870756,2.4640939874720647,0.3700184141592795,-1.3196907593350253,0.989857647978412,-0.22676808116814332,1.2805230061833741,1.563444464543328,2.4799012724364475,3.4286578274796717
1,2011-08-10 09:57:53.065211,3843,29606.0,10949659.0,1705357.0,712.6617566422067,7.703877179287016,2849.247723132969,391.0,-20859.0,-37149106.0,110116.0,-97.691954853448,0,0,0,3452.0,4019.8,346.833821880162,50465.0,48194.8,8714.366827253656,48098765.0,28846830.6,14620901.787725136,1595241.0,3159270.4,1450751.9096457472,810.3537114956547,806.4746607692358,21.92015227396523,14.619061413673233,12.077692089812041,2.492179753618801,13933.593568945538,7407.962968203031,4366.23825326827,0.9560177123237583,-0.5097542074791609,0.6142986380273263,-2.1331211284177893,0.3795792734332485,-1.2240812406677561,0.5397945677584292,-1.002179208128717,0.8836753233654835,-4.279756041392643,0.63786004158424,-1.7550158259728081,0.3846195958811244,-1.0440830253952982
1,2011-08-10 09:58:23.056309,3932,39483.0,18617035.0,2444046.0,656.2131708715666,10.04145473041709,4734.749491353001,89.0,9877.0,7667376.0,738689.0,-56.44858577064008,0,0,0,3843.0,3960.6,346.66309293029735,29606.0,42287.8,9421.009802560391,10949659.0,23582491.2,15539086.627098259,1705357.0,2472613.8,1031648.9401730549,712.6617566422067,780.4139889086944,38.71526467544857,7.703877179287016,10.760724109385317,2.75741916237164,2849.247723132969,6176.828893597927,4661.2581293539915,0.9927788718878471,-0.08250085048905952,0.9336735417779848,-0.2977175545701515,0.7894431017533889,-0.3195462075190992,0.9884463153930465,-0.027691396644296123,0.8408526502559917,-3.208058089621743,0.9331579015882351,-0.26084876340989016,0.7665340214069457,-0.30937557247971503
1,2011-08-10 09:58:53.048704,4409,75640.0,48651231.0,10148730.0,641.5954006461783,17.155817645724653,11034.527330460422,477.0,36157.0,30034196.0,7704684.0,-14.617770225388313,0,0,0,3932.0,3926.6,337.5445155827598,39483.0,43197.8,8727.18486683644,18617035.0,25426530.8,13894903.856973568,2444046.0,2488529.4,1030176.2247988386,656.2131708715666,753.5317955323983,66.52785381632476,10.04145473041709,11.065797113001647,2.521262527161821,4734.749491353001,6665.619991283446,4263.011011563496,1.122854377832954,1.4291448319511955,1.7510150979910608,3.7173728407286974,1.9134042069160295,1.6714545447066187,4.078203777700997,7.435815752295964,0.8514509997444976,-1.6825493152624476,1.5503463030256763,2.415464658955235,1.6554390056571615,1.0248407351811215
1,2011-08-10 09:59:23.051967,3949,35467.0,14048097.0,4940818.0,782.9332904322613,8.981261078754114,3557.3808559128893,-460.0,-40173.0,-34603134.0,-5207912.0,141.337889786083,0,0,0,4409.0,3930.2,343.7741991482199,75640.0,48441.0,17182.331521069515,48651231.0,30373388.2,17226609.280206796,10148730.0,3684102.0,3638217.1608864935,641.5954006461783,723.6940284855921,78.09348854127379,17.155817645724653,12.245810562438082,3.725492184179395,11034.527330460422,7783.1633986189845,4583.94997415012,1.0047834715787989,0.054687059257288194,0.7321690303668229,-0.7550779697208215,0.46251333264163136,-0.9476787297171474,1.3411186769530266,0.3454208323545443,1.0818567787128932,0.758568518995046,0.7334149938240244,-0.8762733409214678,0.45706105264906044,-0.9218648908769226
1,2011-08-10 09:59:53.073419,4247,32257.0,10817877.0,2284222.0,660.1964444666824,7.595243701436308,2547.1808335295505,298.0,-3210.0,-3230220.0,-2656596.0,-122.73684596557894,0,0,0,3949.0,3917.0,340.9596750350398,35467.0,46132.2,18169.734827452463,14048097.0,28072957.4,18733771.91170039,4940818.0,4166838.4,3606316.9944955995,782.9332904322613,720.7514660175735,74.81888014643208,8.981261078754114,11.700294409571223,4.012423725698568,3557.3808559128893,7221.8997939609635,4957.7632020104,1.0842481490934173,0.9678563893666271,0.6992296053515615,-0.7636435056297761,0.3853486772291401,-0.9210681373366749,0.548190685772695,-0.5220329779310798,0.9159834916654465,-0.8093548236964563,0.6491497935790402,-1.0230850447872712,0.3527023229620522,-0.9429088824845135
1,2011-08-10 10:00:23.074882,4019,26517.0,8223557.0,1837216.0,655.7597314426474,6.597909927842747,2046.1699427718336,-228.0,-5740.0,-2594320.0,-447006.0,-4.43671302403493,0,0,0,4247.0,4076.0,240.45997587956288,32257.0,42490.6,18894.435829098973,10817877.0,20616779.8,15988658.07160654,2284222.0,4304634.6,3494934.9570965227,660.1964444666824,690.720012611779,58.138555575145745,7.595243701436308,10.295530867123835,3.9643288858069385,2547.1808335295505,4944.617246877766,3506.912777017529,0.9860157016680604,-0.2370456862572092,0.6240674407986562,-0.8454129112126495,0.39887688959068185,-0.7751258888954856,0.4267995244009793,-0.7059984320995345,0.9493857416438715,-0.6013269649147559,0.6408518426447194,-0.9327230522135942,0.41381766082368765,-0.8264954073280671
1,2011-08-10 10:00:53.047463,3794,44975.0,24353396.0,2938650.0,651.8132172569847,11.854243542435425,6418.92356352135,-225.0,18458.0,16129839.0,1101434.0,-3.9465141856627497,0,0,0,4019.0,4111.2,208.59578135715006,26517.0,41872.8,19462.99961978983,8223557.0,20071559.4,16440811.781271342,1837216.0,4331006.4,3470832.5573242903,655.7597314426474,679.3396075718672,58.33862273704899,6.597909927842747,10.074337416834982,4.170572895899661,2046.1699427718336,4784.001690805539,3642.6359086454718,0.9228449114611493,-1.5206443674686831,1.0740862803538078,0.15938961417054873,1.2133285468591943,0.260439487840721,0.678514351768217,-0.40115919653392484,0.9594806632661559,-0.4718381926580785,1.1766772394827085,0.42677736838591096,1.3417477623088336,0.44882934054293516
1,2011-08-10 10:01:23.069908,3439,77918.0,61865203.0,2922663.0,792.1368936783949,22.657167781331783,17989.30008723466,-355.0,32943.0,37511807.0,-15987.0,140.32367642141023,0,0,0,3794.0,4083.6,244.30677436370846,44975.0,42971.2,19449.37984101136,24353396.0,21218831.6,16513922.035991346,2938650.0,4429927.2,3410125.537792512,651.8132172569847,678.4596168489509,58.80598987852996,11.854243542435425,10.43689517923865,4.2451282963398045,6418.92356352135,5120.836505239209,3714.1096086907064,0.8421490841412376,-2.638485984173823,1.8132609747923771,1.7968079335007212,2.9155800925438324,2.461339669123608,0.6597541828678357,-0.441996689944647,1.1675520163694357,1.9330900995344777,2.1708724088971545,2.87865801600176,3.5129612259297884,3.464750623374403
1,2011-08-10 10:01:53.061749,3490,27310.0,11424243.0,1511570.0,713.623686865616,7.825214899713467,3273.422063037249,51.0,-50608.0,-50440960.0,-1411093.0,-78.51320681277889,0,0,0,3439.0,3889.6,300.07798986263543,77918.0,43426.8,20408.96852366476,61865203.0,23861626.0,22110561.073757622,2922663.0,2984713.8,1187408.499594256,792.1368936783949,708.5679154553942,72.22115754509655,22.657167781331783,11.537165206360076,6.523469738288208,17989.30008723466,6511.7910565940565,6635.704252500981,0.897264500205446,-1.331653815001861,0.6288743356636771,-0.7896920406002558,0.47877051630932443,-0.562508701543606,0.5064371666053876,-1.2406377421951922,1.0071351966395,0.07000402073305033,0.6782614931024313,-0.5690147199259682,0.5026915075418413,-0.4880218994593959
1,2011-08-10 10:02:23.057812,3742,63641.0,46327443.0,2675260.0,680.5125334981293,17.007215392838056,12380.396312132549,252.0,36331.0,34903200.0,1163690.0,-33.111153367486736,0,0,0,3490.0,3797.8,344.31192253536614,27310.0,41795.4,21501.101606660504,11424243.0,23336855.2,22430525.330883626,1511570.0,2298864.2,638673.7087031904,713.623686865616,694.7059947420651,59.99618735470586,7.825214899713467,11.305955970551945,6.655848374199451,3273.422063037249,6454.999298018929,6668.445307790439,0.9853072831636775,-0.16206235203518576,1.5226795293261575,1.016022360139527,1.9851622081453375,1.0249687629181492,1.1637312025651618,0.589339744020872,0.9795691107427609,-0.23657272019279252,1.5042704425553772,0.856578921408387,1.9179547108440793,0.8885724843825833
1,2011-08-10 10:02:53.057955,4150,887800.0,815373459.0,23765174.0,650.812504939759,213.9277108433735,196475.53228915663,408.0,824159.0,769046016.0,21089914.0,-29.700028558370263,0,0,0,3742.0,3696.8,236.92340534442766,63641.0,48072.2,22574.585017225432,46327443.0,30438768.4,23087714.932369392,2675260.0,2377071.8,660017.7432279281,680.5125334981293,698.7692125483545,57.71950834763553,17.007215392838056,13.188350308832298,6.674938231051742,12380.396312132549,8421.642393739528,6677.827314810265,1.1225925124428904,1.9128544912616252,10.0,10.0,10.0,10.0,9.997667718745388,10.0,0.9313697473381338,-0.8308578673076857,10.0,10.0,10.0,10.0
1,2011-08-10 10:03:23.079089,4259,35289.0,13460814.0,2451210.0,626.9700876881897,8.285747828128669,3160.5574078422164,109.0,-852511.0,-801912645.0,-21313964.0,-23.842417251569373,0,0,0,4150.0,3723.0,284.0228864017828,887800.0,220328.8,373615.7510674569,815373459.0,191868748.8,349092727.7791828,23765174.0,6762663.4,9522800.2277219,650.812504939759,697.7797672477768,58.675595236075445,213.9277108433735,54.65431049193844,89.21035099053785,196475.53228915663,47307.51486301649,83578.46160633425,1.1439699167335096,1.8871718641711135,0.16016517132576333,-0.4952676632912895,0.07015636514121053,-0.511061734041195,0.36246222161522923,-0.45275058773667154,0.8985214491962453,-1.2067995096340247,0.1516028242493192,-0.5197666206717213,0.06680878116286283,-0.5282097397665899
1,2011-08-10 10:03:53.053441,4143,63064.0,36886714.0,26691571.0,612.2646656526671,15.221819937243543,8903.382573014724,-116.0,27775.0,23425900.0,24240361.0,-14.705422035522588,0,0,0,4259.0,3816.0,374.7285684332061,35289.0,218391.6,374775.5750022938,13460814.0,189690232.4,350430877.0858419,2451210.0,6665175.4,9574091.720558574,626.9700876881897,692.8111413340179,64.32136637454167,8.285747828128669,53.940611349077095,89.65154479387533,3160.5574078422164,46655.84163188066,83988.67563847057,1.0856918238990865,0.8726316260496533,0.28876568512708234,-0.4144549708156646,0.1944576351312436,-0.4360446764015293,4.0046314460081565,2.091727986791379,0.8837396357005156,-1.252250693977464,0.2821959105812357,-0.43188091739437373,0.1908310355488414,-0.449494634507288
1,2011-08-10 10:04:23.047644,3961,79061.0,63931212.0,3716456.0,596.5190432587731,19.95985862156021,16140.169654127743,-182.0,15997.0,27044498.0,-22975115.0,-15.745622393893996,0,0,0,4143.0,3956.8,326.8649568246801,63064.0,215420.8,376223.54698862205,36886714.0,184694534.6,352878198.0274403,26691571.0,11418957.0,12656133.426680181,612.2646656526671,656.8366957288722,40.92761498082344,15.221819937243543,52.45354178025944,90.35905049182566,8903.382573014724,44838.658129036674,84857.75940281223,1.0010614638088857,0.012849343168468544,0.3670072713498401,-0.3624435554112818,0.3461456622875077,-0.34222381341510155,0.325463700406263,-0.6085982772402262,0.9081694843433274,-1.4737641686887224,0.38052451643392077,-0.3596062926898415,0.35996103201124374,-0.3381952184087188
1,2011-08-10 10:04:53.054187,3962,49325.0,29295608.0,2481521.0,698.4512605212014,12.449520444220092,7394.146390711761,1.0,-29736.0,-34635604.0,-1234935.0,101.93221726242837,0,0,0,3961.0,4051.0,203.16864915631044,79061.0,225771.0,370421.82644047844,63931212.0,195195928.4,347167783.768851,3716456.0,11859934.2,12256740.52601627,596.5190432587731,633.4157670075036,33.0569054750895,19.95985862156021,54.8804705246288,89.01367028797743,16140.169654127743,47412.00764725478,83465.83294419029,0.9780301160204942,-0.43805971230870683,0.21847358606729733,-0.4763380216968719,0.15008308954050908,-0.4778678441846974,0.20923564651817375,-0.765163721961258,1.1026742574152322,1.9673799642479801,0.22684791739178425,-0.47667903078998114,0.1559551421176685,-0.4794520086237038
1,2011-08-10 10:05:23.049905,3987,75196.0,35976847.0,15100884.0,729.8729335500376,18.860295961876098,9023.53824931026,25.0,25871.0,6681239.0,12619363.0,31.421673028836157,0,0,0,3962.0,4095.0,130.25935666968402,49325.0,222907.8,372040.1129108257,29295608.0,191789561.4,349071967.5191428,2481521.0,11821186.4,12293287.195845166,698.4512605212014,637.003512412118,39.743510211140304,12.449520444220092,53.968931534905195,89.52036297170956,7394.146390711761,46414.75766297062,84016.99822867247,0.9736263736261359,-0.8291151035932172,0.33734126845269513,-0.3970319190699865,0.18758501107871034,-0.4463627243039943,1.277442338613322,0.26678768239535294,1.1457910660258506,2.3367191433823367,0.34946580236313296,-0.39218602792899787,0.19441097408785968,-0.44504350550457317
1,2011-08-10 10:05:53.048318,3867,37904.0,25061882.0,1892443.0,646.7068876470132,9.801913628135503,6480.96250323248,-120.0,-37292.0,-10914965.0,-13208441.0,-83.16604590302438,0,0,0,3987.0,4062.4,133.4121433753313,75196.0,60387.0,18217.22079516903,35976847.0,35910239.0,18261043.877711702,15100884.0,10088328.4,10695597.606442975,729.8729335500376,652.8155981341737,58.099305609162954,18.860295961876098,14.95544855860572,4.773035998737643,9023.53824931026,8924.358855001341,4680.842855554762,0.9519003544700295,-1.4646342908142354,0.627684766588825,-1.2341619093709928,0.6979035143709291,-0.5940710220427667,0.18758737076798565,-0.7662858777580449,0.9906425175721743,-0.10514257309973608,0.655407531848307,-1.0797184288476953,0.7262104324278408,-0.521999226884696
1,2011-08-10 10:06:23.049634,4491,50004.0,17444038.0,3432379.0,594.7147628882209,11.134268537074147,3884.221331551993,624.0,12100.0,-7617844.0,1539936.0,-51.99212475879233,0,0,0,3867.0,3984.0,99.98999949994982,37904.0,60910.0,17332.603483029863,25061882.0,38230452.6,15171157.709907534,1892443.0,9976575.0,10797774.638299918,646.7068876470132,656.7629581259384,56.55425476510852,9.801913628135503,15.25868171860709,4.264438804808022,6480.96250323248,9588.439874079395,3813.9520173848946,1.1272590361442953,5.0705070760119755,0.8209489410605677,-0.6292188020499805,0.45628646311134696,-1.3701271186723885,0.3440438226545683,-0.6060689558001708,0.905524216201723,-1.0971446002485636,0.7297005561605524,-0.967164349014841,0.40509419494321225,-1.495618853232744
1,2011-08-10 10:06:53.051054,4862,33342.0,9546941.0,2210880.0,570.2586464952694,6.857671740024681,1963.583093377211,371.0,-16662.0,-7897097.0,-1221499.0,-24.456116392951454,0,0,0,4491.0,4053.6,248.76655723790523,50004.0,58298.0,17901.57097854652,17444038.0,34341917.4,17855825.19463407,3432379.0,5324736.6,5513736.393451336,594.7147628882209,653.2529775730493,60.41898627492856,11.134268537074147,14.44117143857321,4.6478372199089035,3884.221331551993,8584.607625786846,4615.607482370776,1.1994276692319914,3.2496329449285493,0.5719235651308695,-1.3940675949561192,0.27799673759625315,-1.3886211435051035,0.4152092706332178,-0.564745279389549,0.8729522345432065,-1.3736465338685353,0.47486949162812175,-1.6316190387290597,0.22873300434590388,-1.4344860471123413
1,2011-08-10 10:07:23.052414,4358,33849.0,16360774.0,1814993.0,556.644536935062,7.767094997705369,3754.193207893529,-504.0,507.0,6813833.0,-395887.0,-13.614109560207453,0,0,0,4862.0,4233.8,427.2337767546007,33342.0,49154.2,16244.37863385174,9546941.0,23465063.2,10284170.929588767,2210880.0,5023621.4,5662626.172646199,570.2586464952694,648.0008982203485,67.32981065359574,6.857671740024681,11.820734062266105,4.447742756993904,1963.583093377211,5749.29031363674,2818.31761504277,1.0293353488589376,0.29070735217419036,0.6886288455513326,-0.9421843915965166,0.6972397159364991,-0.690798436610979,0.3612917565802231,-0.5666325662639632,0.8590181563990974,-1.356848629115383,0.6570738294368917,-0.9113924264786115,0.6529837602718209,-0.7079035716534123
1,2011-08-10 10:07:53.064410,3355,72939.0,63084159.0,2560438.0,656.217058676304,21.740387481371087,18803.02801788376,-1003.0,39090.0,46723385.0,745445.0,99.572521741242,0,0,0,4358.0,4313.0,400.09436386932515,33849.0,46059.0,17619.86100966574,16360774.0,20878096.4,10075593.941387687,1814993.0,4890315.8,5744682.552917971,556.644536935062,619.6395535031206,70.555173323346,7.767094997705369,10.88424897296316,4.763959967000548,3754.193207893529,5021.299677073094,2756.6585674269722,0.777880825411366,-2.3944351295848247,1.583599296554385,1.525551193919912,3.021547452956487,4.188940408428871,0.523573140204974,-0.40557120059080626,1.0590302942498329,0.5184241417002059,1.9974173260256654,2.2788055695951384,3.744653621000422,4.999432466411444
1,2011-08-10 10:08:23.058475,3375,32948.0,16563872.0,2039536.0,644.3305234106667,9.76237037037037,4907.813925925926,20.0,-39991.0,-46520287.0,-520902.0,-11.886535265637235,0,0,0,3355.0,4186.6,585.6417847114395,72939.0,45607.6,16691.23144947487,63084159.0,26299558.8,21286665.72544866,2560438.0,2382226.6,656806.8505083977,656.217058676304,604.908378528374,44.75937934721838,21.740387481371087,11.460267276862158,5.986666238003258,18803.02801788376,6977.197630787795,6804.1734302108325,0.806143409926717,-1.3858300776788157,0.722423455739817,-0.7584581184630046,0.6298155845869171,-0.4573608157129456,0.8561469341329658,-0.5217524752288162,1.0651704394922321,0.8807571833290383,0.8518449119619032,-0.2836130892732843,0.7034076122867515,-0.3041344736560372
1,2011-08-10 10:08:53.049134,3656,45676.0,32006436.0,2304457.0,616.4959086493436,12.49343544857768,8754.495623632385,281.0,12728.0,15442564.0,264921.0,-27.83461476132311,0,0,0,3375.0,4088.2,685.5732637727349,32948.0,44616.4,17395.37626209732,16563872.0,24599956.8,21744522.69907516,2039536.0,2411645.2,632218.8224556119,644.3305234106667,604.4331056811046,44.21388039794616,9.76237037037037,11.452358625309131,5.989430167552977,4907.813925925926,6662.567915326485,6868.919940580539,0.8942811017071342,-0.6304213172213818,1.0237491146752982,0.060912738191739695,1.3010769189643454,0.34061355599748405,0.9555539098371514,-0.1695428800801414,1.0199572175214098,0.272828416311691,1.0909050140882697,0.17381901015135615,1.3139821964879852,0.30454972927356505
1,2011-08-10 10:09:23.048085,3459,34709.0,18330888.0,1865914.0,606.8325767247759,10.03440300664932,5299.476149176063,-197.0,-10967.0,-13675548.0,-438543.0,-9.663331924567728,0,0,0,3656.0,3921.2,664.2941366593566,45676.0,43750.8,17166.440099797597,32006436.0,27512436.4,21520531.724426195,2304457.0,2186060.8,280157.44234655215,616.4959086493436,608.7893348333291,44.089823786370054,12.49343544857768,11.724192007609837,6.002213917318823,8754.495623632385,7636.6227737425625,6720.142893971946,0.8821279200242573,-0.695776124599931,0.7933340647485122,-0.5267137477214093,0.6662764334459307,-0.42664133570541724,0.8535508253018395,-1.142738873251063,0.9967858206483106,-0.044381173260977354,0.8558716028601719,-0.2815276203007796,0.6939554703941723,-0.3477822810378931
1,2011-08-10 10:09:53.060409,4017,68603.0,35491326.0,3487216.0,590.3626725825243,17.078167786905652,8835.281553398057,558.0,33894.0,17160438.0,1621302.0,-16.469904142251607,0,0,0,3459.0,3640.6,418.32678613734487,34709.0,44024.2,16968.97135067235,18330888.0,29269225.8,19991519.476283543,1865914.0,2117067.6,313061.6722943933,606.8325767247759,616.1041208792304,38.81795567149555,10.03440300664932,12.359538260934766,5.505913427441056,5299.476149176063,8303.801384902332,6158.216476695666,1.1033895511725806,0.899775038253278,1.5583020247954182,1.448455506940595,1.2125816460782506,0.3112369826306318,1.6471916154212545,4.3766085767009875,0.9582189967161245,-0.6631325079013692,1.3817804051388753,0.857011209365658,1.0640044413226186,0.08630423605712823
1,2011-08-10 10:10:23.051856,4818,29993.0,10695327.0,2019046.0,455.629252371731,6.225197177251972,2219.8686176836864,801.0,-38610.0,-24795999.0,-1468170.0,-134.73342021079327,0,0,0,4017.0,3572.4,275.5663259543877,68603.0,50975.0,18780.2992920757,35491326.0,33095336.2,18691804.373464543,3487216.0,2451512.2,636164.6925817719,590.3626725825243,622.8477480087229,27.05148902254275,17.078167786905652,14.22175281877482,5.125818102072305,8835.281553398057,9320.019054003238,5615.037077918951,1.3486731608998577,4.520145905641802,0.5883864639529066,-1.117234591083018,0.3231671959869681,-1.1983866700316925,0.8235920669699295,-0.6798022666817694,0.731525888674512,-6.181489510298771,0.4377236235322601,-1.560054508514433,0.23818284113163324,-1.264488611168664
1,2011-08-10 10:10:53.053550,4370,30875.0,9367988.0,2166645.0,463.20041603981696,7.065217391304348,2143.704347826087,-448.0,882.0,-1327339.0,147599.0,7.571163668085944,0,0,0,4818.0,3865.0,587.3521090453322,29993.0,42385.8,15809.441884517586,10695327.0,22617569.8,10618935.663578918,2019046.0,2343233.8,658665.9223488497,455.629252371731,582.7301867478084,73.70304100646058,6.225197177251972,11.118714757950999,4.011447798672556,2219.8686176836864,6003.387173963224,2810.649729887204,1.1306597671407166,0.8597909026324174,0.7284279168966794,-0.7280965440830626,0.41419074121747596,-1.2477316201701583,0.9246388473911563,-0.2681007078220644,0.7948797343486242,-1.6217752900574622,0.6354347192526522,-1.0104823916635604,0.3570824745608623,-1.373235086924424
1,2011-08-10 10:11:23.052831,3858,39593.0,22460066.0,2526077.0,521.8503331047175,10.262571280456196,5821.686365992742,-512.0,8718.0,13092078.0,359432.0,58.649917064900535,0,0,0,4370.0,4064.0,547.0031992593827,30875.0,41971.2,16142.496653242302,9367988.0,21178393.0,12037391.640444662,2166645.0,2368655.6,646351.8971966902,463.20041603981696,546.5041652736384,80.09321828921045,7.065217391304348,10.579284162137794,4.401792184187386,2143.704347826087,5450.565258343257,3307.862528925378,0.9493110236218136,-0.3765974317490976,0.9433373360780503,-0.1473254138492992,1.0605179533687943,0.10647431256566266,1.0664602317027427,0.24355370608913834,0.954888116621158,-0.3078142281608658,0.9700629194000531,-0.07195089371719517,1.0680885541330483,0.11219363090337951
1,2011-08-10 10:11:53.068178,3848,79078.0,60039391.0,30635617.0,491.927296764553,20.5504158004158,15602.75233887734,-10.0,39485.0,37579325.0,28109540.0,-29.923036340164455,0,0,0,3858.0,4104.4,515.9121049171068,39593.0,40754.6,16022.254111077473,22460066.0,19269119.0,10556570.518585665,2526077.0,2412979.6,648444.3021754146,521.8503331047175,527.5750501647132,69.95910371334907,10.262571280456196,10.133111328513497,4.270365284311595,5821.686365992742,4864.003406815327,2795.9488117005317,0.9375304551211048,-0.496983880695529,1.940345384324667,2.3918856694141155,3.1158347716883164,3.862075465533125,10.0,10.0,0.9324309339686115,-0.5095513165193482,2.028045990234122,2.4394410725784517,3.2078004544593703,3.840824584169239
1,2011-08-10 10:12:23.056821,3924,29273.0,12527680.0,2570091.0,544.8069556409276,7.459989806320081,3192.579001019368,76.0,-49805.0,-47511711.0,-28065526.0,52.879658876374606,0,0,0,3848.0,4182.2,413.39956458612755,79078.0,49628.4,22722.580086775775,60039391.0,27610819.6,20971287.999905426,30635617.0,8166920.2,12573391.93447445,491.927296764553,504.5939941726686,54.60189306016022,20.5504158004158,12.236313887266792,6.311443233476647,15602.75233887734,6924.658644755584,5593.9456356597975,0.9382621586722446,-0.624577339015513,0.5898437185159991,-0.8958225660230223,0.4537235830551006,-0.7192280989163862,0.3146952507262162,-0.44513280339685357,1.0796936981644272,0.7364755911157884,0.6096598922223911,-0.7567720889662364,0.4610449647849167,-0.6671640889651504
1,2011-08-10 10:12:53.064879,3680,37954.0,21323439.0,2039354.0,518.2664871347826,10.31358695652174,5794.41277173913,-244.0,8681.0,8795759.0,-530737.0,-26.54046850614509,0,0,0,3924.0,4163.6,424.63019204950547,29273.0,41762.4,21273.220649444196,12527680.0,23018090.4,21325528.088712677,2570091.0,7983495.2,12665083.704746867,544.8069556409276,495.4828507843493,37.984267492195265,7.459989806320081,10.312678291149679,5.920412058402948,3192.579001019368,5796.118134279845,5680.643256887943,0.8838505139780756,-1.1388733280239316,0.9088079229162858,-0.1790231983561607,0.9263774113946481,-0.07946585861556954,0.2554462611814434,-0.46933295812108516,1.0459826940797665,0.5998177101747416,1.0000881113854538,0.00015348008938315024,0.9997057750545785,-0.0003002058857765998
1,2011-08-10 10:13:23.055919,3618,49886.0,25839204.0,2504812.0,611.6018702493091,13.788280818131565,7141.847429519072,-62.0,11932.0,4515765.0,465458.0,93.33538311452652,0,0,0,3680.0,3936.0,258.7778970468694,37954.0,43354.6,20454.273986136468,21323439.0,25143712.8,20294966.036360636,2039354.0,7987556.8,12662695.791735684,518.2664871347826,508.01029773695956,31.2942424849874,10.31358695652174,11.130356247003633,5.480753336378285,5794.41277173913,6511.026965090934,5332.3025132102775,0.9192073170729372,-1.2288530188541396,1.1506506806659236,0.3193171267983672,1.0276606404762942,0.034269148258437646,0.31358925672991766,-0.4329840098960851,1.2039162847143383,3.3102438111015027,1.238799595529987,0.4849560648900409,1.0968849411635373,0.11830170228812432
1,2011-08-10 10:13:53.066960,5115,26047.0,8619689.0,1682005.0,402.4243596715543,5.09227761485826,1685.1786901270773,1497.0,-23839.0,-17219515.0,-822807.0,-209.1775105777548,0,0,0,3618.0,3785.6,129.9338293132326,49886.0,47156.8,19288.23762555664,25839204.0,28437956.0,18336388.748935394,2504812.0,8055190.2,12624678.845724478,611.6018702493091,537.690588578858,45.376228706250366,13.788280818131565,12.474968932369077,5.041178465357771,7141.847429519072,7510.655581429531,4745.0485016385155,1.3511728655955857,10.0,0.5523487598819141,-1.09443902599109,0.3031050825171823,-1.0808162540266084,0.20881009116333463,-0.5048195900966119,0.7484311018618214,-2.980993193153805,0.4081996229455141,-1.464477277838723,0.22437171720316146,-1.2276959633372824
1,2011-08-10 10:14:23.048374,4607,72922.0,40585433.0,3459301.0,436.7089313831127,15.82852181462991,8809.514434556111,-508.0,46875.0,31965744.0,1777296.0,34.284571711558385,0,0,0,5115.0,4037.0,615.139008680152,26047.0,44447.6,21446.784171524152,8619689.0,25669880.6,20393687.38322659,1682005.0,7886375.8,12722361.898814037,402.4243596715543,513.8053938922253,76.5335463859364,5.09227761485826,11.44091019924949,6.03980466737343,1685.1786901270773,6683.354046256398,5425.019953454419,1.1411939559075697,0.926619824065573,1.6406285153753717,1.3276769035520672,1.5810526598242143,0.7313808493636001,0.4386426779205728,-0.3479758581944352,0.8499500717072384,-1.0073551553371147,1.3835019712229486,0.7264492572674608,1.318127750465253,0.39191752409048264
1,2011-08-10 10:14:53.050004,4671,34114.0,14123462.0,4403097.0,447.1906545769643,7.303361164632841,3023.648469278527,64.0,-38808.0,-26461971.0,943796.0,10.481723193851622,0,0,0,4607.0,4188.8,649.5280594400829,72922.0,43216.4,18998.722254402768,40585433.0,21779089.0,12541223.04868415,3459301.0,2451112.6,669805.0052490924,436.7089313831127,502.7617208159372,84.09062776559085,15.82852181462991,10.496531402092312,4.408110380515791,8809.514434556111,5324.7064653921525,2892.1722731771374,1.1151165011456465,0.7423851718044816,0.7893762553104657,-0.4791059039715226,0.6484872714372948,-0.6104370339544549,1.7963666785442651,2.914257708889586,0.8894683824582438,-0.6608473228814602,0.6957880545645057,-0.7243852719408207,0.5678526110181126,-0.7956158135715232
1,2011-08-10 10:15:23.054869,4578,52298.0,25089429.0,2882047.0,470.8154157177807,11.423765836609872,5480.434469200524,-93.0,18184.0,10965967.0,-1521050.0,23.624761140816418,0,0,0,4671.0,4338.2,659.2311430750218,34114.0,44184.6,18217.807326896916,14123462.0,22098245.4,12264173.988358628,4403097.0,2817713.8,1108902.6128561224,447.1906545769643,483.23846060314463,83.21581564944603,7.303361164632841,10.465205673754863,4.435555018921165,3023.648469278527,5290.920359043985,2924.1167342965864,1.0552763819093045,0.3637570865979957,1.1836250639362769,0.4453554620714902,1.135358420809283,0.2438960506300127,1.022831701360159,0.058015193808860846,0.9742921023487398,-0.14928706506402367,1.0915949663719784,0.21610827924574966,1.0358187417868725,0.06481071974100361
1,2011-08-10 10:15:53.071089,4259,161623.0,112693794.0,21440903.0,519.3444828215543,37.94857947875088,26460.15355717305,-319.0,109325.0,87604365.0,18558856.0,48.52906710377357,0,0,0,4578.0,4517.8,548.0280102330537,52298.0,47053.4,18120.505175075526,25089429.0,22851443.4,12320208.731007133,2882047.0,2986252.4,1021632.0892465323,470.8154157177807,473.7482463197442,80.89582260940412,11.423765836609872,10.68724144977249,4.453816992893437,5480.434469200524,5228.124698536263,2913.9547532772012,0.942715480986112,-0.4722386359220416,3.434884620452434,6.322649335272528,4.931583183931393,7.292275038643416,7.179869658706677,10.0,1.0962457103639383,0.5636414221461399,3.5508301794760984,6.120893172385846,5.061117529307618,7.286327570718364
1,2011-08-10 10:16:23.053105,3742,46357.0,18237584.0,2660818.0,659.8436861036879,12.388295029396044,4873.753073222875,-517.0,-115266.0,-94456210.0,-18780085.0,140.49920328213364,0,0,0,4259.0,4646.0,306.79797913284875,161623.0,69400.8,54622.68077181803,112693794.0,40222361.4,42311722.54771461,21440903.0,6773470.6,8258361.882667544,519.3444828215543,455.29676883419324,43.44435092225709,37.94857947875088,15.519301181896353,13.192479324569646,26460.15355717305,9091.785924067059,10080.449564021703,0.8054240206627624,-2.9465643892185027,0.6679605998778015,-0.42187237379035375,0.4534190277550438,-0.5195906967674958,0.3928293421691385,-0.4979985932357285,1.449260638927433,4.708251197740751,0.7982508286551616,-0.23733265561627953,0.5360611340749812,-0.418436977840593
1,2011-08-10 10:16:53.060454,3808,21003.0,7323970.0,1640702.0,519.3238401557248,5.515493697478991,1923.311449579832,66.0,-25354.0,-10913614.0,-1020116.0,-140.51984594796306,0,0,0,3742.0,4371.4,386.2412458554884,46357.0,73462.8,51243.32771883515,18237584.0,42145940.4,40703894.81818278,2660818.0,6969233.2,8117903.645875801,659.8436861036879,506.78063412062,91.29711701070045,12.388295029396044,16.97850466480391,12.109913789469863,4873.753073222875,9729.500800686219,9583.350441583349,0.8711168046847987,-1.458673836738131,0.28589980234894,-1.023739135128742,0.17377640480884846,-0.8554948010637233,0.2354207346656157,-0.6563925161525036,1.02475076036764,0.1373888513204347,0.3248515582522202,-0.9465807243273658,0.19767832789982231,-0.8145574346559995
1,2011-08-10 10:17:23.056453,3667,62052.0,52404695.0,2396669.0,500.70860742650666,16.92173438778293,14290.8903736024,-141.0,41049.0,45080725.0,755967.0,-18.615232729218175,0,0,0,3808.0,4211.6,427.481344622195,21003.0,63079.0,56382.923350070625,7323970.0,35493647.8,43635128.246894434,1640702.0,6605513.4,8351850.074251677,519.3238401557248,523.3036158751423,82.4968153334815,5.515493697478991,14.915899041373725,13.185280600406818,1923.311449579832,8352.260203690963,10222.14118600141,0.8706904739289412,-1.2739737227130696,0.9837188287702566,-0.01821473486969695,1.47645278093958,0.38755580376238685,0.36282857287065673,-0.5039415653515681,0.9568223727791257,-0.2738894629692638,1.1344763288964976,0.1521268607810432,1.71102073272159,0.5809575569200162
1,2011-08-10 10:17:53.094899,4145,48352.0,27836942.0,2518589.0,408.328614040772,11.665138721351026,6715.788178528347,478.0,-13700.0,-24567753.0,121920.0,-92.37999338573462,0,0,0,3667.0,4010.8,392.0774158249872,62052.0,68666.6,54134.354427663944,52404695.0,43149894.4,42285652.95926546,2396669.0,6204227.8,8530418.822831864,500.70860742650666,534.0072064450508,73.08798710191876,16.92173438778293,16.839573686003742,12.479748794206408,14290.8903736024,10605.708584555738,9993.144637186777,1.0334596589206557,0.342279342250003,0.7041560234524396,-0.37526262601218696,0.6451219032415524,-0.3621311562754214,0.405947215542279,-0.4320583639029893,0.7646500068010305,-1.7195519727107087,0.692721736201304,-0.41462653211739864,0.6332239024846854,-0.38925889169578487
1,2011-08-10 10:18:23.049694,3897,31933.0,14100008.0,2208428.0,485.8585441290736,8.194251988709263,3618.169874262253,-248.0,-16419.0,-13736934.0,-310161.0,77.52993008830157,0,0,0,4145.0,3924.2,261.57924229571427,48352.0,67877.4,54460.4237983872,27836942.0,43699397.0,42009231.485379435,2518589.0,6131536.2,8567275.07618847,408.328614040772,521.5098461096492,89.9838895734653,11.665138721351026,16.887848262951977,12.454002069956786,6715.788178528347,10852.779326421301,9848.97945486241,0.9930686509349694,-0.10398378617958663,0.47045113690270296,-0.6600095535992468,0.3226590975614606,-0.704592489636511,0.360175317891787,-0.45791785195548634,0.9316382955231657,-0.3961964986084834,0.4852158700525713,-0.698056433964831,0.33338647782632186,-0.7345542231369575
1,2011-08-10 10:18:53.048117,70309,267964.0,67902118.0,10305704.0,25.77820312921532,3.811233270278343,965.7670852949124,66412.0,236031.0,53802110.0,8097276.0,-460.0803409998583,0,0,0,3897.0,3851.8,184.4822484685179,31933.0,41939.4,15839.9352366081,14100008.0,23980639.8,17541751.65274076,2208428.0,2285041.2,396628.3307961664,485.8585441290736,514.812658371153,91.42000115920455,8.194251988709263,10.93698276494365,4.340762784132065,3618.169874262253,6284.382589839142,4806.448404010762,10.0,10.0,6.389314105590295,10.0,2.831539048428558,2.5038251064931485,4.510073603924513,10.0,0.050072978412625806,-5.349315784682095,0.34847209251769423,-1.641589243040958,0.1536773217557206,-1.1065583269561328
1,2011-08-10 10:19:23.049999,6482,39030.0,17713744.0,2557130.0,263.669190488738,6.021289725393397,2732.7590249922864,-63827.0,-228934.0,-50188374.0,-7748574.0,237.8909873595227,0,0,0,70309.0,17165.2,29708.796730934762,267964.0,86260.8,102773.15592945435,67902118.0,33913546.6,25659562.418567583,10305704.0,3814018.4,3644524.0871905,25.77820312921532,387.9995617762585,206.8473824565405,3.811233270278343,9.221570413120109,5.227946228688978,965.7670852949124,5502.78539225355,5377.060288794692,0.3776244960734289,-0.3595971959670648,0.45246508263312585,-0.45956358518774837,0.5223205997570304,-0.6313358870172167,0.670455601367838,-0.34487037811538046,0.6795605368237616,-0.6010729737565894,0.6529570837710649,-0.6121487381703815,0.49661377469649887,-0.5151562784284255
1,2011-08-10 10:19:53.059772,5057,39671.0,19520052.0,2472324.0,338.2445573937117,7.844769626260629,3860.006327862369,-1425.0,641.0,1806308.0,-84806.0,74.57536690497369,0,0,0,6482.0,17700.0,29431.00545343295,39030.0,89866.2,100195.38385175208,17713744.0,35991501.4,23278160.976583544,2557130.0,3997304.0,3529118.8527788273,263.669190488738,336.86863184286113,197.66352323445048,6.021289725393397,9.322729618702992,5.1425021393749,2732.7590249922864,5664.674907336041,5253.105764471759,0.2857062146892494,-0.42958097439123816,0.44144517070933853,-0.500973179306022,0.5423517008379095,-0.7075923831169182,0.6184978675627372,-0.43211352850846346,1.0040844573218926,0.006960948223166209,0.8414670323250832,-0.28740094842908837,0.6814170964802911,-0.3435431648223823
1,2011-08-10 10:20:23.059514,5216,49322.0,27944509.0,3533321.0,309.7543775715108,9.45590490797546,5357.459547546012,159.0,9651.0,8424457.0,1060997.0,-28.49017982220096,0,0,0,5057.0,17978.0,29271.446274483944,39671.0,85390.0,102227.93934389923,19520052.0,29414572.8,22097097.5805938,2472324.0,4012435.0,3520692.6296371636,338.2445573937117,304.3758218363022,176.18379304797367,7.844769626260629,7.5073366663985315,2.904416783808718,3860.006327862369,3578.498098188034,2089.5602232920705,0.2901323840249032,-0.43598802328821923,0.5776086192762551,-0.3528193978229897,0.9500226024020311,-0.06652746111285883,0.8805927074208054,-0.1360851543718477,1.0176707719481202,0.030528095928287587,1.259555196057586,0.6708982855934225,1.4971251627204314,0.8513568690326617
1,2011-08-10 10:20:53.052648,5676,46577.0,24343954.0,2938184.0,304.0913097429528,8.205954897815364,4288.927766032417,460.0,-2745.0,-3600555.0,-595137.0,-5.663067828557985,0,0,0,5216.0,18192.2,29148.57464268193,49322.0,85584.0,102140.96304862188,27944509.0,29436086.2,22095229.91761005,3533321.0,4215381.4,3441407.5796264303,309.7543775715108,284.66097454244994,166.914862704521,9.45590490797546,7.065489903723417,2.195222361844115,5357.459547546012,3306.832371991567,1613.858045430924,0.312001846945377,-0.4293932088765754,0.5442255561787186,-0.38189379496481957,0.8270105554997322,-0.23046296503760458,0.6970149842194585,-0.37112645638405944,1.0682578117027315,0.11640865819590161,1.1614134346621205,0.5195213994696954,1.2969897725562902,0.6085388964789696
1,2011-08-10 10:21:23.053161,6101,60686.0,35911364.0,3456369.0,331.31073130404855,9.94689395181118,5886.143910834289,425.0,14109.0,11567410.0,518185.0,27.21942156109577,0,0,0,5676.0,18548.0,28940.57344801585,46577.0,88512.8,100413.31115793333,24343954.0,31484875.4,20751768.42044901,2938184.0,4361332.6,3349253.9095046595,304.0913097429528,248.30752766522573,127.21192552768025,8.205954897815364,7.067830485544638,2.196732461998562,4288.927766032417,3440.9839503456,1673.0024100408666,0.32893034289409484,-0.43008822967372573,0.6856183512441061,-0.2771226212850687,1.140590951806657,0.2133065727371019,0.7925029611362361,-0.2701985649496009,1.3342758248932167,0.6524797364230567,1.4073475546347003,1.310611790357298,1.7105990599698657,1.4615400108284957
1,2011-08-10 10:21:53.053506,5914,58185.0,33617538.0,2864008.0,299.2724777957389,9.838518769022658,5684.399391274941,-187.0,-2501.0,-2293826.0,-592361.0,-32.038253508309595,0,0,0,6101.0,5706.4,595.9029283364868,60686.0,47057.2,8804.771303102498,35911364.0,25086724.6,7267051.40935358,3456369.0,2991465.6,492629.8785779753,331.31073130404855,309.4140333001924,29.29036687681614,9.94689395181118,8.294962621851207,1.5375994812468041,5886.143910834289,4425.059315453475,1245.5757040716985,1.03638020468228,0.3483788887884557,1.236473908349812,1.2638374827609304,1.3400528979378996,1.1739029930378366,0.9573929247255923,-0.25872892721797297,0.9672233499002891,-0.3462420101038228,1.1860835565333612,1.0038740029464255,1.2845928124448485,1.0110506103352541
1,2011-08-10 10:22:23.047316,8091,44827.0,22296716.0,4745115.0,224.9136815376344,5.540353479174391,2755.742924236806,2177.0,-13358.0,-11320822.0,1881107.0,-74.35879625810455,0,0,0,5914.0,5592.8,446.491545272696,58185.0,50888.2,8603.853479687894,33617538.0,28267483.4,6690813.597080467,2864008.0,3052841.2,441446.4843173525,299.2724777957389,316.5346907615925,17.23690849533504,9.838518769022658,9.058408430577058,0.9689657223039702,5684.399391274941,5015.387388710006,892.3923354382787,1.4466814475751952,5.595178736181045,0.8808918374004018,-0.7044750371805685,0.788776124301182,-0.8923828639622151,1.5543274900771118,3.8334744077006477,0.7105498642053243,-5.3153968557319216,0.6116254881885275,-3.630732095875215,0.5494576411863279,-2.5321199821386786
1,2011-08-10 10:22:53.050431,8190,39337.0,16823691.0,2121861.0,215.74964835531136,4.803052503052503,2054.174725274725,99.0,-5490.0,-5473025.0,-2623254.0,-9.164033182323038,0,0,0,8091.0,6199.6,1107.9608747604764,44827.0,51919.4,7101.071771214367,22296716.0,28822816.2,5845050.91972955,4745115.0,3507399.4,753852.5390948476,224.9136815376344,293.8685155903771,40.443657090690245,5.540353479174391,8.597525201159812,1.843726052180485,2755.742924236806,4794.534707984894,1295.4405137382398,1.3210529711592163,1.7964533273149164,0.7576551346895235,-1.7719015390047932,0.5836935184702736,-2.0528692332684066,0.6049670305583104,-1.8379435342402866,0.7341706814734461,-1.9315480560514506,0.5586552397480513,-2.0580458206151206,0.428440891637147,-2.1153885135182504
1,2011-08-10 10:23:23.049663,8765,71784.0,46830151.0,3056504.0,172.17482339954364,8.189845978322875,5342.858071876783,575.0,32447.0,30006460.0,934643.0,-43.57482495576773,0,0,0,8190.0,6794.4,1238.5068833074768,39337.0,49922.4,9128.679247291879,16823691.0,26598652.6,7986418.854010906,2121861.0,3225107.4,973880.8275409008,215.74964835531136,275.06756974713716,51.54021871238371,4.803052503052503,7.666954720175218,2.394196277311327,2054.174725274725,4133.8777435306365,1711.9444233803579,1.2900329683266676,1.5911094452183032,1.4379116388634874,2.3948261744965005,1.7606211752244922,2.533237834106261,0.9477216169607249,-0.17312528928794294,0.6259364691998908,-1.996358356951924,1.068200644997093,0.21839949501402736,1.2924567206267437,0.7062030237863802
1,2011-08-10 10:23:53.112531,6407,31601.0,9019333.0,1913768.0,270.3824767132824,4.932261588887155,1407.7310753862962,-2358.0,-40183.0,-37810818.0,-1142736.0,98.20765331373872,0,0,0,8765.0,7412.2,1309.547517274574,71784.0,54963.8,12971.02947725961,46830151.0,31095892.0,11813504.931587854,3056504.0,3248771.4,966576.1234314396,172.17482339954364,248.6842724784554,64.98023636739251,8.189845978322875,7.6637329362767215,2.393300306797047,5342.858071876783,4344.6638046995095,1798.5031235660338,0.8643857424245346,-0.7675933761389974,0.5749420527692668,-1.8011523326623464,0.29004901997987387,-1.8687560658623845,0.5890743805489052,-1.3811673676157095,1.0872520164523858,0.33392005704339656,0.6435847424818818,-1.1412990415330682,0.3240138106574014,-1.6329872830514147
1,2011-08-10 10:24:23.119004,3432,50187.0,37623185.0,2041457.0,588.4998804035547,14.623251748251748,10962.466491841493,-2975.0,18586.0,28603852.0,127689.0,318.11740369027234,0,0,0,6407.0,7473.4,1238.1552002879123,31601.0,49146.8,15944.276628305763,9019333.0,25717485.8,14813718.435214933,1913768.0,2940251.2,1118066.5627542713,270.3824767132824,236.49862156030213,49.47462582201153,4.932261588887155,6.660806463691917,2.243342895421717,1407.7310753862962,3448.9812376099107,1947.8597598305164,0.4592287312333798,-3.264049611112545,1.0211651623299782,0.0652397110417209,1.4629418012549267,0.8036941738880334,0.6943138055687212,-0.8038825504144305,2.4883860908720408,7.114783648945365,2.1954176008217225,3.549366125553284,3.1784650992868637,3.8573029789790794
1,2011-08-10 10:24:53.076611,3540,29233.0,9680907.0,2407859.0,540.2112122169491,8.257909604519774,2734.719491525424,108.0,-20954.0,-27942278.0,366402.0,-48.288668186605605,0,0,0,3432.0,6977.0,2168.0194879197925,50187.0,47547.2,15194.400159267141,37623185.0,26518615.2,15442723.388474433,2041457.0,2775741.0,1190272.1657129312,588.4998804035547,294.3441020818653,168.09579524606391,14.623251748251748,7.617753059537735,4.148924404692449,10962.466491841493,4504.594657723222,3907.057667096544,0.5073813960154067,-1.585317853067919,0.614820641383707,-1.2053256336564802,0.36506080453250817,-1.0903328238441867,0.8674653002567599,-0.30907384932390763,1.8353050337827597,1.4626606797255883,1.0840348248223277,0.15429457912121156,0.6070955766988009,-0.45299438017063975
1,2011-08-10 10:25:23.047532,3705,30805.0,13398507.0,2105898.0,448.45677278380566,8.314439946018894,3616.331174089069,165.0,1572.0,3717600.0,-301961.0,-91.75443943314345,0,0,0,3540.0,6066.8,2511.5178080196843,29233.0,44428.4,17341.10039184184,9680907.0,23995453.4,17231969.416176952,2407859.0,2308289.8,455889.62645157106,540.2112122169491,357.4036082177282,192.8550825726149,8.257909604519774,8.161264284606812,3.983449635370058,2734.719491525424,4500.3899711809445,3909.4208579191177,0.6107008637171802,-0.9403875188371943,0.6933628039722184,-0.7856133516422277,0.5583769048514833,-0.6149585194859877,0.9123195882943291,-0.4439491233334728,1.2547628576523873,0.4721325637415932,1.0187686190584737,0.038453018211537834,0.8035595131191056,-0.22613548891796997
1,2011-08-10 10:25:53.071899,3669,39432.0,22429253.0,2578227.0,458.5919429738348,10.747342600163533,6113.178795312074,-36.0,8627.0,9030746.0,472329.0,10.135170190029156,0,0,0,3705.0,5169.8,2359.9768431067287,30805.0,42722.0,18357.360376697325,13398507.0,23310416.6,17651329.97705753,2105898.0,2305097.2,457574.3616584664,448.45677278380566,403.94503310342714,177.59972183058068,8.314439946018894,8.863541773200089,3.5267333344283958,3616.331174089069,4812.821260943814,3723.0300210523833,0.7096986343764342,-0.6359384433720443,0.9229904966995712,-0.1792196662531133,0.9621987193484993,-0.04992052163464745,1.1184894936317646,0.596908006405882,1.1352830345491103,0.30769704652031954,1.2125336433170308,0.5341489270082898,1.2701861265697583,0.3492739857091833
1,2011-08-10 10:26:23.103899,3836,29234.0,11113095.0,2202459.0,444.677265511731,7.620959332638165,2897.052919708029,167.0,-10198.0,-11316158.0,-375768.0,-13.91467746210384,0,0,0,3669.0,4150.6,1266.0032780368306,39432.0,36251.6,8730.186069032929,22429253.0,18430237.0,11987447.374629226,2578227.0,2209441.8,274652.1056739842,458.5919429738348,461.2284570182854,121.47895512428687,10.747342600163533,9.375041097568221,3.5895011417382663,6113.178795312074,4966.885405630872,3766.136018636434,0.9242037295810425,-0.2484985666763807,0.8064195787220205,-0.8038316645840468,0.6029816654012642,-0.6104003439036011,0.9968395637305311,-0.02542416335336044,0.9641149819451355,-0.1362473976622897,0.8128987651906994,-0.4886700672818139,0.583273557393353,-0.5495904756705245
1,2011-08-10 10:26:53.072758,3853,26475.0,10559914.0,1984944.0,432.7051094243447,6.871269140929146,2740.69919543213,17.0,-2759.0,-553181.0,-217515.0,-11.97215608738628,0,0,0,3836.0,3636.4,155.4680031389124,29234.0,35778.2,9101.685102217973,11113095.0,18848989.4,11607048.110161768,2202459.0,2267180.0,222313.057082694,444.677265511731,496.087414777975,64.8162117328756,7.620959332638165,9.912780646318422,2.890967301354971,2897.052919708029,5264.749774495218,3460.7850664831376,1.0595644043556651,1.3932127230390436,0.7399757394167192,-1.0221403943904734,0.560237675129681,-0.7141415561759459,0.8755123104473395,-1.2695430655474957,0.8722356111717339,-0.9778773497881571,0.6931727217012457,-1.0520739902217753,0.5205753953794293,-0.7293289038684242
1,2011-08-10 10:27:23.047801,3396,54913.0,31032410.0,2580239.0,444.19137244581856,16.169905771495877,9137.929917550058,-457.0,28438.0,20472496.0,595295.0,11.48626302147386,0,0,0,3853.0,3720.6,128.8111020060023,26475.0,31035.8,4945.879871159054,10559914.0,13436335.2,5211729.23419802,1984944.0,2255877.4,237571.00229774087,432.7051094243447,464.92846058213297,43.09122854379099,6.871269140929146,8.362384124853902,1.4555389995148558,2740.69919543213,3620.396315213346,1440.095235119115,0.9127560070953844,-2.5199691248845486,1.769343790074631,4.827695096120402,2.3095888527699127,3.376245006079576,1.1437851188189567,1.3653248791428076,0.9553972494794036,-0.48123687433880746,1.9336478124107617,5.3640071780146625,2.5240137051153324,3.831367167794641
1,2011-08-10 10:27:53.090384,3355,36921.0,19559587.0,2510777.0,366.8773907630402,11.004769001490311,5829.981222056632,-41.0,-17992.0,-11472823.0,-69462.0,-77.31398168277832,0,0,0,3396.0,3691.8,183.69186155080678,54913.0,36171.8,11541.501449115562,31032410.0,17706635.8,8845758.27406016,2580239.0,2290353.4,274740.32852268533,444.19137244581856,445.72449262790695,9.300377873803154,16.169905771495877,9.944783358249122,3.7716348505843444,9137.929917550058,4901.038400418272,2727.3627375982514,0.9087707893166183,-1.8335052906250406,1.0207122675675244,0.06491356460881822,1.1046472757970207,0.20947341568599107,1.0962399951029387,0.8022979414243472,0.8231035018945844,-8.477838527236788,1.1065871023982994,0.2810414276440157,1.1895400006573893,0.34060112680723104
1,2011-08-10 10:28:23.056230,3829,49043.0,34265679.0,3165725.0,417.94854369417607,12.808305040480544,8948.98903107861,474.0,12122.0,14706092.0,654948.0,51.07115293113583,0,0,0,3355.0,3621.8,236.5009513722955,36921.0,37395.0,11147.899914330801,19559587.0,18938851.8,8518676.992516607,2510777.0,2371329.2,266320.46503536444,366.8773907630402,429.4086162237539,36.13982954387894,11.004769001490311,10.482849169343407,3.671474282263926,5829.981222056632,5343.768410011786,2645.1107165521107,1.0572091225354638,0.876106412244208,1.3114854927128945,1.0448604750232164,1.809279641757374,1.79920276510826,1.335000218442888,2.9828567620385833,0.9733119641815022,-0.31710366855345956,1.2218343345734657,0.6333847636459042,1.674658844554455,1.3629753183885058
1,2011-08-10 10:28:53.080600,3256,74044.0,53321148.0,2533293.0,342.7933530605037,22.74078624078624,16376.273955773955,-573.0,25001.0,19055469.0,-632432.0,-75.15519063367236,0,0,0,3829.0,3653.8,254.61480711066437,49043.0,39317.2,12350.657480471913,34265679.0,21306137.0,11011130.348451179,3165725.0,2488828.8,448032.80231435323,417.94854369417607,421.27993636782213,32.30185226508905,12.808305040480544,10.895041657406809,3.821229141875728,8948.98903107861,5910.930457165093,3113.8281205847375,0.8911270458150716,-1.5623600391219206,1.8832470267465162,2.811736950434018,2.502619221870206,2.9075135782497763,1.0178655116816389,0.09924317989735643,0.8136949412193107,-2.429785842024755,2.087260145833315,3.099982790999213,2.7705069573133354,3.3609252320067817
1,2011-08-10 10:29:23.070075,3140,101426.0,83441903.0,44401371.0,377.6796391242039,32.30127388535032,26573.85445859873,-116.0,27382.0,30120755.0,41868078.0,34.88628606370014,0,0,0,3256.0,3537.8,281.550528324848,74044.0,48279.2,18116.61845378263,53321148.0,29747747.6,16199836.748471614,2533293.0,2554995.6,418632.51886858005,342.7933530605037,400.90315387757664,43.90410306547938,22.74078624078624,13.919007039036421,5.964213802709239,16376.273955773955,8606.774664378278,5071.631370758304,0.8875572389618159,-1.4128902629499338,2.1008218860295513,2.9335938235703347,2.8049822165359504,3.3144874379716085,10.0,10.0,0.9420720078410595,-0.5289600090043477,2.32065935396393,3.082093877131245,3.0875508532341995,3.542662800338837
1,2011-08-10 10:29:53.047958,2948,21977.0,10369296.0,1434709.0,384.7421725647897,7.454884667571235,3517.400271370421,-192.0,-79449.0,-73072607.0,-42966662.0,7.062533440585867,0,0,0,3140.0,3395.2,261.86962404983376,101426.0,63269.4,25191.64637930475,83441903.0,44324145.4,25011354.14390513,44401371.0,11038281.0,18652510.10015283,377.6796391242039,389.89805981754847,40.7206576828277,32.30127388535032,19.005007987920656,8.67737693381654,26573.85445859873,13373.4057170116,8331.972095613237,0.8682846371345229,-1.7077200214454427,0.3473559098078953,-1.639130661738749,0.23394237850325256,-1.3575774108286038,0.1299757634363539,-0.5148675405312506,0.9867763197996979,-0.12661601128329594,0.3922589599497778,-1.331061610796975,0.2630145488591481,-1.1829138807160862
1,2011-08-10 10:30:23.060548,3205,27192.0,11800298.0,2276263.0,374.446026951014,8.48424336973479,3681.840249609984,257.0,5215.0,1431002.0,841554.0,-10.296145613775709,0,0,0,2948.0,3305.6,329.4499962057997,21977.0,56682.2,31451.363431494316,10369296.0,40191522.6,29125332.857518684,1434709.0,10809175.0,18788907.665391658,384.7421725647897,378.00821984134274,27.407415750127477,7.454884667571235,17.26200376713573,10.141063891124272,3517.400271370421,12249.299787775668,9361.764702825503,0.9695667957402682,-0.30535741738740857,0.4797273218047204,-0.9376445655283925,0.2936016661384209,-0.9747948543245859,0.2105861918231502,-0.4541462522442031,0.9905764142038647,-0.12997186318750942,0.4914981762080263,-0.8655660284536718,0.300575568677323,-0.9151543336246206
1,2011-08-10 10:30:53.081116,3572,48170.0,30499844.0,3076004.0,325.5087158017917,13.485442329227324,8538.590145576707,367.0,20978.0,18699546.0,799741.0,-48.937311149222296,0,0,0,3205.0,3275.6,330.6543512491579,27192.0,54736.4,33230.216780814684,11800298.0,38639664.8,30665467.592933517,2276263.0,10762272.2,18815076.292062666,374.446026951014,379.5219470789375,26.842143933885396,8.48424336973479,16.757898640784624,10.582889352218155,3681.840249609984,11819.67159328634,9770.380795633022,1.0904872389787854,0.8964043536077875,0.8800359541365366,-0.19760328508572614,0.7893402843391126,-0.2654393178689282,0.2858136221457026,-0.40851645141840487,0.8576808753914589,-2.012254736736863,0.8047215595159608,-0.3092214424940745,0.7224050243854462,-0.33581919848772046
1,2011-08-10 10:31:23.085239,3168,48034.0,33440564.0,2379114.0,348.7762020852273,15.162247474747474,10555.733585858588,-404.0,-136.0,2940720.0,-696890.0,23.267486283435574,0,0,0,3572.0,3224.2,226.78227443960787,48170.0,54561.8,33269.87980441074,30499844.0,37886497.8,30845470.652111508,3076004.0,10744328.0,18824173.043014996,325.5087158017917,361.0339815004606,25.56268879286353,13.485442329227324,16.893326098533983,10.523879582728695,8538.590145576707,11737.591816185959,9802.19816177977,0.9825693195208168,-0.24781478243229307,0.8803595189308109,-0.196207501751611,0.8826512330733299,-0.1441357095874189,0.2214297627548228,-0.4443867988721047,0.9660481283084327,-0.4795183915932917,0.8975288457354611,-0.16449053887531975,0.8993099905980283,-0.12057073432115371
1,2011-08-10 10:31:53.076571,3374,126315.0,126818919.0,3920878.0,324.2473304919976,37.43775933609958,37587.11292234736,206.0,78281.0,93378355.0,1541764.0,-24.528871593229667,0,0,0,3168.0,3206.6,227.1118667089011,48034.0,49359.8,31445.5547128674,33440564.0,33910381.0,29615294.25618839,2379114.0,10713492.2,18841104.78631264,348.7762020852273,362.23055130540536,24.617970911006182,15.162247474747474,15.37761834532623,10.004063661931673,10555.733585858588,10573.483742202887,9452.98939563686,1.0522048275428642,0.7370816964567805,2.5590662847093677,2.447252106146112,3.7398258368138064,3.1371809848077366,0.36597571798297474,-0.36052101387040636,0.8951407586206656,-1.54290623500913,2.4345616137003168,2.2051180134442157,3.55484661808473,2.8576811048375954
1,2011-08-10 10:32:23.063767,3818,43198.0,28781881.0,2549364.0,299.23722564222106,11.31430068098481,7538.470665269775,444.0,-83117.0,-98037038.0,-1371514.0,-25.010104849776557,0,0,0,3374.0,3253.4,233.96324497664494,126315.0,54337.6,41960.13824214522,126818919.0,42585784.2,48245658.5450199,3920878.0,2617393.6,932910.1239126609,324.2473304919976,351.544089578964,27.646095542021293,37.43775933609958,16.404915435476077,12.19926397519729,37587.11292234736,12776.135434952614,14203.009892963542,1.1735415257880453,2.413199560700003,0.7949927858425696,-0.2654805362106981,0.6758565455746615,-0.286117002364452,0.9740086473811195,-0.07292192276216412,0.8512082396258153,-1.8920163194598663,0.689689668002045,-0.4172886794173705,0.5900431083914183,-0.3687714652847855
1,2011-08-10 10:32:53.056357,3464,24294.0,10966229.0,1514295.0,339.34205843042724,7.013279445727482,3165.7704965357966,-354.0,-18904.0,-17815652.0,-1035069.0,40.10483278820618,0,0,0,3818.0,3427.4,270.6839485451646,43198.0,58581.8,38824.698623427044,28781881.0,46268301.2,45813249.30658268,2549364.0,2840324.6,677989.5291943937,299.23722564222106,334.4431001944503,28.411716360470226,11.31430068098481,17.176798638158793,11.598711734342178,7538.470665269775,13580.349513732484,13650.797724548605,1.0106786485379557,0.13521304161764086,0.41470217712667734,-0.8831440092444058,0.23701386728242357,-0.7705646889125505,0.5331415289646823,-1.9558260753313166,1.014648106754524,0.17242739486941058,0.4082995669367029,-0.8762627629982627,0.2331140662715881,-0.7629282352098076
1,2011-08-10 10:33:23.047468,3107,19707.0,7911236.0,1566708.0,350.1918764747345,6.342774380431284,2546.261989056968,-357.0,-4587.0,-3054993.0,52413.0,10.849818044307256,0,0,0,3464.0,3479.2,240.59343299433843,24294.0,58002.2,39427.410822927974,10966229.0,46101487.4,45971374.7099971,1514295.0,2687931.0,889205.9901487597,339.34205843042724,327.42230649033297,18.74973618293898,7.013279445727482,16.882605853357337,11.88932624134601,3165.7704965357966,13477.135563117647,13745.970490671736,0.8930213842260023,-1.5470081430161533,0.3397629745078577,-0.97128366283006,0.17160478861252534,-0.8307398166993472,0.5828676405755949,-1.2609260536047713,1.0695419021000765,1.214394152591114,0.37569877749614333,-0.8864952696298731,0.18893198611320905,-0.7952056627415119
1,2011-08-10 10:33:53.052056,2910,20721.0,8287869.0,1380746.0,387.9282410223368,7.120618556701031,2848.0649484536084,-197.0,1014.0,376633.0,-185962.0,37.73636454760225,0,0,0,3107.0,3386.2,282.05354101659736,19707.0,52309.6,43086.84430658548,7911236.0,41583765.8,48904253.786983475,1566708.0,2386071.8,976434.1568870054,350.1918764747345,332.35893862492156,21.208195535625237,6.342774380431284,15.454072263598126,12.794218423523253,2546.261989056968,12278.6699318137,14523.429225096705,0.8593703856828129,-1.6883319325896697,0.39612231789192814,-0.7331379335936005,0.19930539816574286,-0.6808384592683867,0.5786690911815812,-1.0295889312241018,1.1671966537929042,2.6201805948766603,0.46076001423992297,-0.6513452741219418,0.23195223621689817,-0.649337345691279
1,2011-08-10 10:34:23.048421,2653,28387.0,16512341.0,2214552.0,396.5703140410856,10.699962306822464,6224.026008292499,-257.0,7666.0,8224472.0,833806.0,8.642073018748818,0,0,0,2910.0,3334.6,347.87181547231086,20721.0,46847.0,45431.99178442365,8287869.0,36553226.8,51191497.21598029,1380746.0,2186398.2,1075288.155731122,387.9282410223368,340.18934641234347,32.82908249682338,7.120618556701031,13.845746479988838,13.33412755040412,2848.0649484536084,10737.136204332703,15147.657866488205,0.7955976728840654,-1.9593424062614038,0.6059512882361602,-0.40632160895769054,0.45173415442491116,-0.3914885652874379,1.0128767943552088,0.02618256311105477,1.165734077866263,1.717409179269031,0.7727977918355105,-0.23591976010722313,0.5796728186963269,-0.29794112303159737
1,2011-08-10 10:34:53.058950,3382,38818.0,22985136.0,2256491.0,315.0492776306919,11.477823772915436,6796.314606741573,729.0,10431.0,6472795.0,41939.0,-81.52103641039366,0,0,0,2653.0,3190.4,459.10706812246065,28387.0,27261.4,9537.995717127176,16512341.0,14491911.2,8696425.04343532,2214552.0,1845133.0,508684.8846815081,396.5703140410856,354.653943122161,39.33680680861528,10.699962306822464,8.498187074133416,2.3198469554731003,6224.026008292499,4464.5188215217295,2265.1945329644964,1.0600551654961572,0.41733184545195423,1.4239180673039011,1.2116382039516798,1.5860665776091698,0.9766340487705679,1.2229421944109171,0.8086695956329701,0.8883287039086563,-1.0068093651614949,1.350620275999895,1.2844108920495378,1.5222949837231348,1.0294020011460805
1,2011-08-10 10:35:23.050545,3194,60716.0,50492216.0,2674993.0,341.951512564809,19.0093926111459,15808.45835942392,-188.0,21898.0,27507080.0,418502.0,26.902234934117075,0,0,0,3382.0,3103.2,334.6366686422781,38818.0,26385.4,7740.096142809616,22985136.0,13332562.2,6397702.99099165,2256491.0,1786558.4,415680.2952964447,315.0492776306919,357.8163535198552,34.04794499825113,11.477823772915436,8.53089169251954,2.3700817832401575,6796.314606741573,4316.08760981609,2024.9912105941328,1.0292601185869332,0.2713390626560198,2.3011210745335564,4.435422941340071,3.7871352289659668,5.808280542613969,1.4972883058286808,2.1373026579631493,0.9556620573656325,-0.4659559029302705,2.228300779575752,4.421155838715388,3.6626824542363403,5.675269447826537
1,2011-08-10 10:35:53.075910,3960,45700.0,29605998.0,2498043.0,293.5519686030303,11.54040404040404,7476.262121212121,766.0,-15016.0,-20886218.0,-176950.0,-48.399543961778704,0,0,0,3194.0,3049.2,279.0227589283748,60716.0,33669.8,16945.05885796614,50492216.0,21237759.6,17510725.44400554,2674993.0,2018698.0,533128.7700095903,341.951512564809,358.3382443467316,33.71231964622687,19.0093926111459,10.930114325603222,5.029503926619454,15808.45835942392,6844.625182393715,5366.241755586175,1.2987012987008728,3.264249853649173,1.3572994196579322,0.7099532731539435,1.3940264207529687,0.4778921596800379,1.2374525560534557,0.8991167368277203,0.8192035687883968,-1.9217388901635712,1.0558356203388843,0.12134193025467574,1.0922821808332266,0.11770564346281354
1,2011-08-10 10:36:23.065323,3869,59698.0,34139433.0,3539548.0,318.3011460059447,15.429826828637893,8823.83897647971,-91.0,13998.0,4533435.0,1041505.0,24.749177402914427,0,0,0,3960.0,3219.8,498.023292627967,45700.0,38868.4,15517.560997139244,29605998.0,25576712.0,16006253.975492842,2498043.0,2204965.0,497218.47163187526,293.5519686030303,347.0102627723907,44.82009696053624,11.54040404040404,11.969640257597773,4.333282068435474,7476.262121212121,7830.625208824745,4802.297917081577,1.2016274302747991,1.3035534875748496,1.5359006287883852,1.3423243513486893,1.3347858395559211,0.5349609604539808,1.6052626685684346,2.684097788281848,0.9172672400579863,-0.6405411570413075,1.2890802476335639,0.7985140398420688,1.1268370968048034,0.2068205231753611
1,2011-08-10 10:36:53.049246,3396,40154.0,27044958.0,2298079.0,320.1397583074205,11.823910482921084,7963.768551236749,-473.0,-19544.0,-7094475.0,-1241469.0,1.8386123014757916,0,0,0,3869.0,3411.6,532.3666969298524,59698.0,46663.8,13819.204036410256,34139433.0,30747024.8,12899186.909529364,3539548.0,2636725.4,538190.1250986834,318.3011460059447,333.0848437691123,39.41988817706595,15.429826828637893,13.631481911985148,3.5270605739004304,8823.83897647971,9025.780014429964,3913.6572707266923,0.9954273654587305,-0.02930311022446648,0.8604957161654031,-0.47106909941034125,0.8795959341080701,-0.2870000121686021,0.8715655411064039,-0.6292319093329788,0.9611357715464646,-0.32838970529842143,0.8673972909473475,-0.512486641688906,0.8823357691527816,-0.27136036441835587
1,2011-08-10 10:37:23.053611,3317,98055.0,59565377.0,4269282.0,348.70391391468195,29.56135061802834,17957.605366294843,-79.0,57901.0,32520419.0,1971203.0,28.56415560726145,0,0,0,3396.0,3560.2,334.6702855050042,40154.0,49017.2,10541.883380114657,27044958.0,32853548.2,10658892.569585232,2298079.0,2653430.8,522888.634327269,320.1397583074205,317.79873262237925,17.20867998696499,11.823910482921084,13.85627154720487,3.32345755738868,7963.768551236749,9373.728523018815,3672.1776558585793,0.9316892309418202,-0.726685369250198,2.0004202606431623,4.651711485681603,1.8130576532369798,2.5060604209691766,1.6089667761450568,3.0902396684886777,1.0972476543131096,1.7959065607540177,2.1334274891471883,4.72552418525176,1.9157377261561304,2.337543999152384
1,2011-08-10 10:37:53.059849,3240,50316.0,34864365.0,2999764.0,292.9989785509259,15.52962962962963,10760.606481481482,-77.0,-47739.0,-24701012.0,-1269518.0,-55.70493536375602,0,0,0,3317.0,3547.2,344.44259318499076,98055.0,60864.6,22602.00729581199,59565377.0,40169596.4,14168286.729591038,4269282.0,3055989.0,827163.5976963294,348.70391391468195,324.5296598791773,21.826580623475554,29.56135061802834,17.472976916227452,7.412340836693664,17957.605366294843,11605.986674929469,4900.62628205827,0.9133964817318129,-0.8918757612364135,0.826687434074966,-0.4667107598869823,0.8679291833761118,-0.374444101905406,0.981601700791462,-0.0679732523972137,0.9028419117658056,-1.44460013552897,0.8887798400465017,-0.2621772701972095,0.9271599893118047,-0.17250452182873932
1,2011-08-10 10:38:23.053771,2942,248254.0,262394076.0,5237252.0,272.44902357953777,84.38273283480625,89189.0129163834,-298.0,197938.0,227529711.0,2237488.0,-20.54995497138816,0,0,0,3240.0,3556.4,333.0770181204357,50316.0,58784.6,23092.32456466733,34864365.0,37044026.2,12997157.90887784,2999764.0,3120943.2,802138.7859243153,292.9989785509259,314.73915307640067,23.00538678005732,15.52962962962963,16.777024319924198,7.3953610818623225,10760.606481481482,10596.416299340981,4301.810360818111,0.8272410302550818,-1.8446184112768704,4.223112856088088,8.204864757959083,7.083303380235704,10.0,1.6780991079876104,2.6383324645763713,0.8656343544031114,-1.83827074499285,5.02966027947904,9.141637271985067,8.416903450831946,10.0
1,2011-08-10 10:38:53.057708,2886,85197.0,59064195.0,3116453.0,288.6842636410256,29.52079002079002,20465.764033264037,-56.0,-163057.0,-203329881.0,-2120799.0,16.235240061487843,0,0,0,2942.0,3352.8,335.8164677320059,248254.0,99295.4,86102.90937477049,262394076.0,83601641.8,100703732.90549473,5237252.0,3668785.0,1136201.0843373777,272.44902357953777,310.51856407170214,29.01500772367661,84.38273283480625,31.34549007880464,30.41658314609584,89189.0129163834,26938.96645837524,35020.30997126121,0.8607730851822772,-1.3900449943721462,0.8580155777608947,-0.1637389503139238,0.7064956348740031,-0.24365975413272045,0.849450976276887,-0.4861216976589268,0.9296843958528533,-0.7525174777777831,0.9417874771021607,-0.0599903036179408,0.7597085829141206,-0.1848413800569765
1,2011-08-10 10:39:23.052486,2907,70168.0,60643342.0,2608030.0,297.5743377395941,24.137598899208808,20861.142758857928,21.0,-15029.0,1579147.0,-508423.0,8.890074098568505,0,0,0,2886.0,3156.2,228.73172058112473,85197.0,104395.2,83898.1749008877,59064195.0,88586594.2,98229698.57474571,3116453.0,3584166.0,1163655.6810809344,288.6842636410256,304.5951875987183,30.034225653204476,29.52079002079002,34.16368271723506,29.201816150737688,20465.764033264037,29267.351469732104,33883.351605465665,0.9210442937706986,-1.0894859679531248,0.6721381825984272,-0.4079611986844,0.6845656789004312,-0.28446847140365805,0.7276532392751897,-0.8388529492618076,0.9769502272329049,-0.23376164046837566,0.7065280139229612,-0.3433376802979989,0.7127786325466288,-0.2480925974724985
1,2011-08-10 10:39:53.053447,2831,25158.0,12124727.0,1679199.0,292.75170596079124,8.886612504415401,4282.842458495232,-76.0,-45010.0,-48518615.0,-928831.0,-4.822631778802872,0,0,0,2907.0,3058.4,203.74322074611925,70168.0,110398.0,79088.58389489561,60643342.0,95306271.0,94026561.1465704,2608030.0,3646156.2,1083511.187170503,297.5743377395941,300.0821034851531,28.78384032533004,24.137598899208808,36.62642040049261,27.304376090511187,20861.142758857928,31846.82631125634,32310.52193757375,0.9256473973316356,-1.1161107553229612,0.22788456312614153,-1.0777788120884577,0.12721856466296955,-0.884660068236836,0.46053951281626376,-1.8153547681741427,0.9755720269879403,-0.254670587428751,0.24262847439094135,-1.0159473266522063,0.13448255146797206,-0.8530962113832716
1,2011-08-10 10:40:23.055248,3533,40592.0,22513343.0,2909310.0,248.1580181466176,11.489385791112367,6372.30200962355,702.0,15434.0,10388616.0,1230111.0,-44.59368781417365,0,0,0,2831.0,2961.2,160.96800924407944,25158.0,95818.6,88134.45671132229,12124727.0,85818141.0,100692119.23981336,1679199.0,3128139.6,1307183.503331011,292.75170596079124,288.8916618943749,9.715480159691692,8.886612504415401,32.49147277777002,30.06745993027678,4282.842458495232,29111.873729696417,34297.74858053422,1.1930973929484017,3.5522586300325965,0.423633824748009,-0.6266175802375444,0.2623378080399108,-0.628696649528551,0.9300448100206267,-0.16740541740495551,0.8590002789228669,-4.192653690196749,0.3536123422087395,-0.6984988766813274,0.21889013633372137,-0.6630047936434554
1,2011-08-10 10:40:53.048018,3101,1441622.0,1281837666.0,43709835.0,277.55992878748793,464.8893905191874,413362.6784908094,-432.0,1401030.0,1259324323.0,40800525.0,29.40191064087034,0,0,0,3533.0,3019.8,289.69760095658705,40592.0,93873.8,89486.46454185092,22513343.0,83347936.6,102391786.92684889,2909310.0,3110048.8,1310027.1523388876,248.1580181466176,279.9234698135133,20.110815223340374,11.489385791112367,31.683424010066567,30.685205748834733,6372.30200962355,28234.212835324834,34934.97495327403,1.0268891979597896,0.28029227626185227,10.0,10.0,10.0,10.0,10.0,10.0,0.9915564742442229,-0.11752586852693747,10.0,10.0,10.0,10.0
1,2011-08-10 10:41:23.066530,2833,21319.0,9050134.0,1934077.0,291.9764083243911,7.525238263325097,3194.5407695022946,-268.0,-1420303.0,-1272787532.0,-41775758.0,14.416479536903182,0,0,0,3101.0,3051.6,287.742593301725,1441622.0,332547.4,620442.9540882868,1281837666.0,287236654.6,556417868.360892,43709835.0,10804565.4,18402815.016001645,277.55992878748793,280.9456508551033,19.762807651353192,464.8893905191874,107.7847555469428,199.81207193727167,413362.6784908094,93068.94595021002,179215.33431515947,0.9283654476337239,-0.7597067833819712,0.06410815420598669,-0.5016229098085829,0.03150758740246099,-0.49995971807930606,0.17900553408654452,-0.4820180169331115,1.0392629586351478,0.5581574067475369,0.06981727819550382,-0.5017690688608198,0.03432445416553094,-0.5014883660717248
1,2011-08-10 10:41:53.065523,2730,41886.0,28020173.0,3764845.0,279.1467439285714,15.342857142857143,10263.799633699631,-103.0,20567.0,18970039.0,1830768.0,-12.829664395819693,0,0,0,2833.0,3041.0,296.21951319925216,21319.0,319771.8,627427.8153542446,9050134.0,277233842.4,561967117.4964764,1934077.0,10568090.2,18533437.967840236,291.9764083243911,281.60407979177637,20.136398040799783,7.525238263325097,103.38564519544983,202.193853772873,3194.5407695022946,89614.70129745768,181120.86563003517,0.8977310095360416,-1.04989707342391,0.13098716021863052,-0.44289684518227124,0.10107053582430887,-0.4434666400237601,0.3562464862383555,-0.3670795031016474,0.9912737916793918,-0.12203452961666378,0.14840413399464863,-0.4354375091492982,0.1145325430437014,-0.4381102165547452
1,2011-08-10 10:42:23.052949,3338,50377.0,30777067.0,3146617.0,240.2696836402037,15.09197124026363,9220.211803475137,608.0,8491.0,2756894.0,-618228.0,-38.87706028836772,0,0,0,2730.0,3005.6,325.37793410125704,41886.0,314115.4,630361.2338340612,28020173.0,270709208.6,565290040.2692329,3764845.0,10799453.2,18416074.73313723,279.1467439285714,277.91856102957183,18.06219963156524,15.342857142857143,101.62669684417948,203.0918685003749,10263.799633699631,87495.23267242602,182185.4308892188,1.110593558690075,1.0215812603184586,0.16037736449725112,-0.4183924801273981,0.11369050635243147,-0.42444077289195936,0.2913681777888532,-0.4155519735283088,0.8645326988929443,-2.0844015765105977,0.14850400247933962,-0.4260866091905104,0.10537959065718064,-0.42964478820782886
1,2011-08-10 10:42:53.076787,3343,84836.0,59281492.0,3244504.0,265.35567583308404,25.37720610230332,17733.021836673648,5.0,34459.0,28504425.0,97887.0,25.08599219288033,0,0,0,3338.0,3107.0,336.18372952896124,50377.0,319159.2,627565.8342976456,30777067.0,274439676.6,563214709.2808591,3146617.0,11092936.8,18245296.90372323,240.2696836402037,267.4221565654544,22.087980152559652,15.09197124026363,102.86776859134912,202.40124900830318,9220.211803475137,88482.706541422,181634.19721852406,1.075957515287713,0.7019970904896732,0.26581091818753694,-0.3733842526055417,0.2160091891027975,-0.38201804934165307,0.2924837721963763,-0.4301619667476285,0.9922725896765521,-0.09355679958075784,0.2466973518485631,-0.3828561477181597,0.20041228992438165,-0.3895174245168658
1,2011-08-10 10:43:23.048659,2801,40968.0,32275416.0,1929640.0,277.64166335237417,14.626204926811852,11522.818993216708,-542.0,-43868.0,-27006076.0,-1314864.0,12.285987519290131,0,0,0,3343.0,3069.0,282.4349482624306,84836.0,328008.0,622950.976471263,59281492.0,281793306.4,559329737.8300974,3244504.0,11159975.6,18208288.739135817,265.35567583308404,270.8616881027476,19.528997007632313,25.37720610230332,105.64533265358732,200.92365871243703,17733.021836673648,90754.85050683202,180417.2334890148,0.9126751384812927,-0.9488910690685242,0.1248993926977387,-0.4607746208633494,0.11453577947726583,-0.44610159897451007,0.17290718807664773,-0.5069304277980206,1.0250311341411622,0.3471747804881953,0.1384462953477837,-0.4530035353207932,0.12696642580386536,-0.43915999586835003
1,2011-08-10 10:43:53.062611,2919,151271.0,115522659.0,101703459.0,297.47477135560126,51.82288454950326,39576.10791366907,118.0,110303.0,83247243.0,99773819.0,19.833108003227096,0,0,0,2801.0,3009.0,304.909002818877,40968.0,47877.2,23244.200388484005,32275416.0,31880856.4,17946556.920632996,1929640.0,2803936.6,830048.9010013893,277.64166335237417,270.8780350157249,19.53603847062824,14.626204926811852,15.592695535112208,6.365291863088167,11522.818993216708,10386.878607313483,5204.857451090997,0.9700897308072549,-0.29517003160830546,3.159562380423184,4.448154734168463,3.6235745222954554,4.660604425121666,10.0,10.0,1.0981871281561615,1.3614191218195146,3.3235359742312056,5.691834685349664,3.8102022185759834,5.608074684203231
1,2011-08-10 10:44:23.047827,2912,87392.0,67137500.0,56347363.0,267.1837729206731,30.01098901098901,23055.460164835164,-7.0,-63879.0,-48385159.0,-45356096.0,-30.29099843492816,0,0,0,2919.0,3026.2,294.7553222589915,151271.0,73867.6,46820.41978987373,115522659.0,53175361.4,37066646.6048605,101703459.0,22757813.0,44137084.41606735,297.47477135560126,271.97770762196694,21.11176108807558,51.82288454950326,24.45222479234784,15.94642748311126,39576.10791366907,17663.19203614684,12687.788052862135,0.9622629039716601,-0.3874399930233277,1.1830897443533945,0.28885687186693587,1.262567817733722,0.376676604949992,2.475956850511075,0.761027839613536,0.9823737954695189,-0.22707412617389314,1.2273316340177527,0.3485899411752146,1.3052827664247781,0.4249967059838693
1,2011-08-10 10:44:53.071865,3019,26581.0,13125577.0,1847873.0,272.4783598966545,8.804571050016563,4347.657171248758,107.0,-60811.0,-54011923.0,-54499490.0,5.294586975981417,0,0,0,2912.0,3062.6,257.9753864228172,87392.0,82968.8,43343.20675376939,67137500.0,60998826.8,34466904.12061836,56347363.0,33274316.6,44740556.765963554,267.1837729206731,269.5851134203873,20.77131446398871,30.01098901098901,27.385851165974213,15.1825776801996,23055.460164835164,20221.524142373943,12098.76124356247,0.9857637301635912,-0.16900837170710253,0.3203734415828562,-1.300960501615282,0.21517753190623662,-1.3889628622421548,0.055534513968049454,-0.7024151211257996,1.0107322189958792,0.13929048549835218,0.32150072664655305,-1.2238554286448091,0.2150014578840812,-1.3120241528503644
1,2011-08-10 10:45:23.050777,2568,17348.0,5958758.0,1415925.0,336.7150583640966,6.755451713395638,2320.388629283489,-451.0,-9233.0,-7166819.0,-431948.0,64.23669846744207,0,0,0,3019.0,2998.8,207.3094305621478,26581.0,78209.6,48781.766381507754,13125577.0,57468528.8,38948838.81388468,1847873.0,33014567.8,44962415.987895556,272.4783598966545,276.0268486716774,12.915946587306347,8.804571050016563,26.1283711279248,16.645276108783914,4347.657171248758,19247.01321592867,13339.064024745918,0.8563425370145203,-2.0780530766485112,0.22181420183711176,-1.2476300985909,0.10368732460052119,-1.3224982404773908,0.0428878853897945,-0.7027790234516479,1.2198634298918707,4.698703984062942,0.2585485210716857,-1.1638689131231637,0.12055837460344414,-1.2689514463115659
1,2011-08-10 10:45:53.050682,2755,78667.0,57420683.0,4350034.0,280.2914346068966,28.55426497277677,20842.35317604356,187.0,61319.0,51461925.0,2934109.0,-56.423623757200005,0,0,0,2568.0,2843.8,172.40852647129216,17348.0,64712.0,55380.3712383729,5958758.0,46803982.0,45136889.125904836,1415925.0,32648852.0,45271470.57968279,336.7150583640966,290.29872517787993,28.36388229713542,6.755451713395638,22.404020250143265,18.79928640529059,2320.388629283489,16164.486574450635,15398.304401367835,0.9687741753987732,-0.5150557331297142,1.2156477932995238,0.25198458746210733,1.2268332852533788,0.23521118104497132,0.13323696649425837,-0.6250916446416502,0.9655276110295803,-0.35281808272209625,1.274515227744434,0.327153094522541,1.289391598059502,0.3037910200799178
1,2011-08-10 10:46:23.058743,3052,25988.0,12618964.0,2541037.0,238.545243535059,8.515072083879422,4134.653997378768,297.0,-52679.0,-44801719.0,-1808997.0,-41.74619107183759,0,0,0,2755.0,2834.6,176.44347536818205,78667.0,72251.8,53885.674447853016,57420683.0,51833035.4,44509923.77960137,4350034.0,33132930.8,44872056.02226588,280.2914346068966,290.82867942878437,28.091723286584635,28.55426497277677,25.189632259336246,18.38603821523417,20842.35317604356,18028.39341101601,15259.404708894948,1.076695124532182,1.2321226361310473,0.35968654068133443,-0.8585547174466599,0.24345408102416477,-0.8810186149537189,0.07669218927050063,-0.6817582369040557,0.8202259969778933,-1.8611686922330057,0.3380387611806191,-0.9069142563150895,0.2293412343027811,-0.9105033701306482
1,2011-08-10 10:46:53.064069,3242,448160.0,248607261.0,191591602.0,518.868912041641,138.2356570018507,76683.30074028377,190.0,422172.0,235988297.0,189050565.0,280.323668506582,0,0,0,3052.0,2861.2,200.70550565443446,25988.0,47195.2,33059.805076557845,12618964.0,31252296.4,28670866.798841752,2541037.0,13300446.4,24090013.94729638,238.545243535059,279.04277386467595,35.886727873837174,8.515072083879422,16.52806976621148,11.681000710447744,4134.653997378768,10940.102627757948,10110.766436644239,1.1330910107643182,1.8973071952183858,9.495880937044245,10.0,7.954847791601004,7.58103918256077,10.0,7.401039949169875,1.8594601281143057,6.6828644565592965,8.363690312832762,10.0,7.009376726111403,6.502296193318008
1,2011-08-10 10:47:23.053792,3255,153417.0,58694266.0,8863373.0,584.8951518350231,47.132718894009216,18032.03256528418,13.0,-294743.0,-189912995.0,-182728229.0,66.02623979338205,0,0,0,3242.0,2927.2,265.4142045935034,448160.0,119348.8,185403.66837713865,248607261.0,67546248.6,103268161.0896627,191591602.0,40349294.2,84554440.13740787,518.868912041641,329.3798016888695,111.64484733809033,138.2356570018507,38.173003364383824,56.64409730369752,76683.30074028377,21665.67074284767,31658.756863622843,1.1119841486741213,1.2350507031106681,1.2854507125333368,0.1837514882968768,0.868949308311402,-0.08571841026891386,0.2196661224374031,-0.37237454530871245,1.7757468698269978,2.2886443596460513,1.2347134031573286,0.15817562563367674,0.8322859134760981,-0.11477513767252717
1,2011-08-10 10:47:53.064203,3559,106959.0,37867129.0,6107848.0,541.0888121952796,30.053104804720427,10639.822703006465,304.0,-46458.0,-20827137.0,-2755525.0,-43.80633963974344,0,0,0,3255.0,2974.4,304.0004934206556,153417.0,144716.0,178069.7787006543,58694266.0,76659986.4,99195135.2064228,8863373.0,41752394.2,83810759.65999946,584.8951518350231,391.86316007654324,151.9767724471803,47.132718894009216,45.83863293318235,54.21756481930246,18032.03256528418,24402.54582165475,30351.87329867109,1.1965438407742077,1.9230231945352354,0.7390958843527963,-0.2120348566472445,0.49396211476499813,-0.39107620872004417,0.1462873714676702,-0.42529797301207556,1.3808106178907125,0.981897757893352,0.6556282960679115,-0.29115155173016616,0.43601281525160707,-0.45343900138283755
1,2011-08-10 10:48:23.076514,3135,75298.0,21481540.0,4788087.0,624.0197235642743,24.01850079744817,6852.165869218501,-424.0,-31661.0,-16385589.0,-1319761.0,82.93091136899466,0,0,0,3559.0,3172.6,295.7385669810444,106959.0,162638.2,166156.80975121062,37867129.0,83041660.6,94420988.99939442,6107848.0,42690778.8,83270753.92528065,541.0888121952796,432.7379108427798,160.6712585768018,30.053104804720427,50.49816355144731,50.919812096727355,10639.822703006465,26066.43263639935,29038.30718062311,0.9881485217168922,-0.12713931897249903,0.4629785622319943,-0.5256492353865931,0.2586838924557826,-0.6519749607832939,0.11215740575807909,-0.45517411592082274,1.4420269357670121,1.1905166761911568,0.47563117364659396,-0.5200267177572908,0.2628731735101268,-0.6616868761551506
1,2011-08-10 10:48:53.051828,3590,75976.0,30866142.0,5071451.0,493.75004267075207,21.163231197771587,8597.811142061282,455.0,678.0,9384602.0,283364.0,-130.2696808935222,0,0,0,3135.0,3248.6,192.34682217286968,75298.0,161964.4,166588.72994683642,21481540.0,75853832.0,98153173.92943414,4788087.0,42778389.4,83220545.52951373,624.0197235642743,501.48356863425545,152.4631019017255,24.01850079744817,49.59101071638159,51.44616671645177,6852.165869218501,23268.395175034337,30313.54939907722,1.1050914239976897,1.7749188478476423,0.469090738458572,-0.5161717724088599,0.4069160540234803,-0.45834167351881333,0.11855170498775254,-0.45309650591784967,0.984578705169644,-0.05072391855465151,0.42675539158458614,-0.5525733272750645,0.3695059791354186,-0.48396127552846585
1,2011-08-10 10:49:23.051615,3555,80543.0,47771433.0,4363286.0,550.7562070939522,22.65625879043601,13437.815189873418,-35.0,4567.0,16905291.0,-708165.0,57.00616442320012,0,0,0,3590.0,3356.2,204.94072313720702,75976.0,171962.0,157648.25033123582,30866142.0,79503267.6,95518105.65182517,5071451.0,43284472.2,82921838.00009622,493.75004267075207,552.5245284613941,52.14723502608567,21.163231197771587,52.120642539160016,49.182677355170874,8597.811142061282,24161.02660397084,29668.110568237087,1.0592336571118948,0.9700365889015349,0.4683767343948055,-0.5798922589240181,0.6008738312536981,-0.33220753681680304,0.10080487939968458,-0.4693719668871165,0.9967995604224795,-0.033910165448339115,0.43468878521554877,-0.5990805164051761,0.5561773268220469,-0.3614389729818998
1,2011-08-10 10:49:53.052172,3764,46162.0,17893563.0,3459796.0,500.76738617056327,12.264080765143463,4753.869022316684,209.0,-34381.0,-29877870.0,-903490.0,-49.988820923388914,0,0,0,3555.0,3418.8,209.09854136268197,80543.0,98438.6,33374.878086668665,47771433.0,39336102.0,14479095.368999472,4363286.0,5838809.0,1809032.3738567568,550.7562070939522,558.9019874718563,48.84773027014057,22.65625879043601,29.004762896877082,10.681499694465252,13437.815189873418,11511.929493888769,4392.801863177789,1.1009711009707788,1.6508962604363586,0.46894206134584937,-1.5663457965073415,0.4548890736555442,-1.4809308491682178,0.5925516659305005,-1.3150748623298956,0.8959842644948255,-1.190118782973201,0.4228298920533874,-1.5672595243194873,0.4129515408203215,-1.5384396296630847
1,2011-08-10 10:50:23.061582,3510,45288.0,26080610.0,2477636.0,500.5851749433049,12.902564102564105,7430.373219373219,-254.0,-874.0,8187047.0,-982160.0,-0.1822112272583922,0,0,0,3764.0,3520.6,232.0588287482315,46162.0,76987.6,21592.94667941354,17893563.0,31175961.4,12151967.979252465,3459796.0,4758093.6,969842.6552454848,500.76738617056327,542.0764343389643,52.040594956938406,12.264080765143463,22.03103527110393,6.419521156224871,4753.869022316684,8856.29678529527,3357.2512825822123,0.9969891495764935,-0.04567807248331211,0.5882505754173322,-1.4680534560954832,0.8365615310262734,-0.41930256964958207,0.5207203153800926,-2.351368634557295,0.9234586549640745,-0.7972864151379239,0.5856540077760917,-1.421986304736477,0.8389932496062631,-0.4247294723869713
1,2011-08-10 10:50:53.052631,4171,50346.0,26703658.0,3422886.0,410.7771640148646,12.070486693838408,6402.219611603932,661.0,5058.0,623048.0,945250.0,-89.8080109284403,0,0,0,3510.0,3510.8,231.06427677164,45288.0,64653.4,17399.272680201215,26080610.0,28818657.6,11662844.626053162,2477636.0,4032051.2,1061289.4510716726,500.5851749433049,533.9757068885693,55.28411701497047,12.902564102564105,18.600927130672666,5.5899057348558285,7430.373219373219,8214.406888568621,3235.6114111827887,1.1880483080775925,2.8572136256683933,0.7787061469311625,-0.8222987398938632,0.926610058339428,-0.1813450892825399,0.8489192795964493,-0.5739859181535015,0.7692806221609942,-2.228461799220112,0.648918551661085,-1.168255914396816,0.7793891510916808,-0.5600756848306693
1,2011-08-10 10:51:23.053356,3764,74019.0,54946066.0,3600874.0,484.4920241392136,19.66498405951116,14597.785866099894,-407.0,23673.0,28242408.0,177988.0,73.714860124349,0,0,0,4171.0,3718.0,270.8975821228397,50346.0,59663.0,17159.636388921426,26703658.0,29863081.2,11059764.966268659,3422886.0,3759011.0,991473.4680960012,410.7771640148646,491.3271949786874,50.49953604483057,12.070486693838408,16.211324309950715,5.237693293769356,6402.219611603932,8124.417637045706,3288.7899226672057,1.0123722431412017,0.16980587142697823,1.240618138544806,0.8366144640027255,1.839932913553475,2.267949172202209,0.9579312218027558,-0.15949695588292628,0.9860883523030791,-0.13535116111305595,1.213039951722359,0.6593856408143363,1.7967793530868152,1.9683130820962633
1,2011-08-10 10:51:53.085995,3367,38462.0,15541324.0,4937286.0,514.7978154746064,11.423225423225423,4615.777843777843,-397.0,-35557.0,-39404742.0,1336412.0,30.305791335392826,0,0,0,3764.0,3752.8,261.3516787778502,74019.0,59271.6,16710.97903475426,54946066.0,34679066.0,15822887.315340037,3600874.0,3464895.6,671205.5881651405,484.4920241392136,489.47559127237963,50.55818368724385,19.66498405951116,15.91167488229863,4.916583140276664,14597.785866099894,9324.412581853428,4408.656601002917,0.8971967597524788,-1.4761718838104547,0.6489111142604443,-1.2452651611087828,0.44814713291297986,-1.2094974588769436,1.4249450979129064,2.1936503896295587,1.0517333747641033,0.500853123173309,0.7179147077229174,-0.9129204836161307,0.49502076439220183,-1.0680429809396716
1,2011-08-10 10:52:23.050657,2982,100069.0,84342813.0,3941975.0,624.8553392451374,33.55767940979209,28283.974849094568,-385.0,61607.0,68801489.0,-995311.0,110.05752377053102,0,0,0,3367.0,3715.2,306.53988321261016,38462.0,50855.4,13632.976226781748,15541324.0,28233044.2,15720545.171377582,4937286.0,3579695.6,879914.8745100927,514.7978154746064,482.28391294851053,41.38785971912233,11.423225423225423,13.66506820885651,3.395280468090488,4615.777843777843,7560.005112634314,4105.803928466131,0.8026485788111535,-2.391858417617634,1.967716309379103,3.6098940672482884,2.9873793418281123,3.5691999347553875,1.1012039682927226,0.41172096357810134,1.2956172131550083,3.444764413060727,2.4557271792896858,5.85890072470635,3.741263984309021,5.047481588872993
1,2011-08-10 10:52:53.056784,3403,34702.0,12066451.0,2565727.0,615.8591028066412,10.197472818101676,3545.827505142521,421.0,-65367.0,-72276362.0,-1376248.0,-8.996236438496226,0,0,0,2982.0,3558.8,444.0615948266647,100069.0,61636.8,25309.038182040742,84342813.0,41522894.2,28048363.94575045,3941975.0,3676131.4,889855.5890581978,624.8553392451374,507.10150356342535,77.06690035737716,33.55767940979209,17.923787937786237,9.343198913571513,28283.974849094568,12266.026277989891,9725.043051736278,0.9562211981564133,-0.3508522281924975,0.5630078135139955,-1.0642364125520911,0.29059754221082207,-1.050201831984674,0.697942135583075,-1.2478478684111256,1.21446909243565,1.411210243794292,0.5689351409940989,-0.8269453738841753,0.28907711631963895,-0.8966745675526441
1,2011-08-10 10:53:23.067683,3361,39392.0,16978561.0,2442503.0,649.9491648140435,11.720321332936626,5051.639690568283,-42.0,4690.0,4912110.0,-123224.0,34.09006200740225,0,0,0,3403.0,3537.4,449.5456595274845,34702.0,59519.6,27376.89338292415,12066451.0,38720062.4,30564609.6585532,2565727.0,3693749.6,860585.0597666755,615.8591028066412,530.1562891360926,90.67161309945604,10.197472818101676,17.38276968089375,9.774983587045865,3545.827505142521,11489.117135143752,10343.430722999581,0.950132865946472,-0.39239618103536134,0.6618324047876555,-0.7352039443800988,0.4384951869292442,-0.7113292675051669,0.6612529988497323,-1.4539487826331083,1.225957662167757,1.321172874086083,0.6742493599938076,-0.5792795759659292,0.43968911023768037,-0.6223735254745328
1,2011-08-10 10:53:53.051710,3868,35738.0,13856274.0,2505727.0,483.22071575,9.239400206825232,3582.283867631851,507.0,-3654.0,-3122287.0,63224.0,-166.7284490640435,0,0,0,3361.0,3375.4,276.9536062231385,39392.0,57328.8,28700.80350268954,16978561.0,36775043.0,31804735.73388433,2442503.0,3497673.0,1032284.7692428733,649.9491648140435,577.9906892959284,73.3888173420454,11.720321332936626,17.312736608713397,9.82369156822925,5051.639690568283,11219.001150936621,10525.516765173194,1.1459382591689442,1.7786372480065809,0.6233865003279221,-0.7522716218720491,0.3767847123931303,-0.7206086914780636,0.7163983025285666,-0.9609228282303722,0.8360354668304308,-1.2913407924662401,0.5336764727097749,-0.8218230738408234,0.3193050628515591,-0.725543215946641
1,2011-08-10 10:54:23.050329,3232,37595.0,15693860.0,2476434.0,574.7624438174505,11.632116336633665,4855.773514851485,-636.0,1857.0,1837586.0,-29293.0,91.54172806745056,0,0,0,3868.0,3396.2,314.7597496504297,35738.0,49672.6,28237.640496330358,13856274.0,28557084.6,31239296.385710467,2505727.0,3278643.6,1117573.7570107454,483.22071575,577.7364276180857,73.79481400860905,9.239400206825232,15.227619838176206,10.294741339212768,3582.283867631851,9015.900751243014,10790.980267726163,0.9516518461807457,-0.5216677169868057,0.7568558923833109,-0.4277127900105224,0.5495610010554088,-0.4117642228934426,0.7553227194319014,-0.7178135626106029,0.9948523519385971,-0.04030071544387873,0.7638827643114412,-0.34925632249719357,0.5385788562702939,-0.38551893648006375
1,2011-08-10 10:54:53.080695,4208,45561.0,22926738.0,2799838.0,451.2769597811312,10.827233840304183,5448.369296577946,976.0,7966.0,7232878.0,323404.0,-123.48548403631936,0,0,0,3232.0,3369.2,323.5578773573613,37595.0,49499.2,28326.215308438157,15693860.0,28587591.8,31223478.443169676,2476434.0,2786473.2,647528.2865462422,574.7624438174505,589.7293532866546,65.4047449519162,11.632116336633665,15.269398020857858,10.27584909444884,4855.773514851485,9063.89988545774,10767.02231342958,1.2489611777272798,2.592426451948116,0.9204391182079525,-0.13903022190284273,0.801982138278608,-0.1813011900741106,1.0047963138493488,0.02063971609840301,0.7652272305343601,-2.1168554912215156,0.709080595371553,-0.43229169086582864,0.6011065176612103,-0.3357967025265518
1,2011-08-10 10:55:23.070505,3698,77082.0,38971256.0,14021048.0,496.57939046998376,20.844240129799893,10538.468361276366,-510.0,31521.0,16044518.0,11221210.0,45.30243068885261,0,0,0,4208.0,3614.4,409.8186184155142,45561.0,38597.6,4285.972153432193,22926738.0,16304376.8,4142346.7191690756,2799838.0,2558045.8,142539.77535415316,451.2769597811312,555.0136773938533,85.17696616938693,10.827233840304183,10.723308906960277,1.0379371050558268,5448.369296577946,4496.778774954417,877.9068334455909,1.0231297034083047,0.20399268418555366,1.9970671751610984,8.979153065465633,2.390232787063655,5.471989849402757,5.481155966793087,10.0,0.8947155911559678,-0.6860339074178613,1.9438253909039684,9.751006264049343,2.343559443032829,6.8819256852151005
1,2011-08-10 10:55:53.097124,3172,63658.0,40798517.0,2722673.0,652.7486474224464,20.0687263556116,12862.07976040353,-526.0,-13424.0,1827261.0,-11298375.0,156.16925695246266,0,0,0,3698.0,3673.4,392.65099006624285,77082.0,47073.6,17176.573386446908,38971256.0,21685337.8,10243166.460264212,14021048.0,4849110.0,5129248.3597500725,496.57939046998376,531.1577349265218,80.44770413582108,20.844240129799893,12.852662369299917,4.576987768265848,10538.468361276366,5895.306946181186,2687.9909386092545,0.8635051995424229,-1.2769609976384717,1.3523078753271187,0.9655243584896203,1.8813872016326165,1.8659444102704734,0.5614789105629692,-0.4145708787834193,1.2289167689735632,1.5114279991027386,1.5614450747563902,1.576596737873552,2.1817489535015717,2.5918140995759114
1,2011-08-10 10:56:23.079636,3603,55941.0,27907859.0,3968992.0,597.2291849131279,15.526228143213988,7745.728281987233,431.0,-7717.0,-12890658.0,1246319.0,-55.51946250931849,0,0,0,3172.0,3635.6,436.8532934521621,63658.0,51926.8,17877.403941847824,40798517.0,26449329.0,12741385.786568066,2722673.0,4905144.0,5097818.968949743,652.7486474224464,531.7176314482024,81.4842180566168,20.0687263556116,14.522343373834914,5.491936772915534,12862.07976040353,7457.394960148235,4016.3645045637545,0.9910331169542879,-0.07462459477484784,1.0773049754654422,0.22454043176835334,1.055144310088169,0.1144718497996959,0.8091489261069602,-0.18363774894753995,1.1232074123353275,0.8039784270691889,1.0691269130930108,0.18279248482013083,1.0386640808725822,0.07178963002767678
1,2011-08-10 10:56:53.047820,3890,59475.0,35501625.0,3112397.0,581.901538303599,15.289203084832906,9126.38174807198,287.0,3534.0,7593766.0,-856595.0,-15.327646609528983,0,0,0,3603.0,3582.6,417.24429295078556,55941.0,55967.4,15417.608449431973,27907859.0,29259646.0,10646883.515541831,3968992.0,5197797.0,4965933.514856629,597.2291849131279,554.519325280828,80.46573458025212,15.526228143213988,15.779708961112664,4.632465140041332,7745.728281987233,8290.083843019313,3395.752184013599,1.0858036063191299,0.7367386569275892,1.0626721984583694,0.22750610196803905,1.2133306397486832,0.5862728742066394,0.5987915649649264,-0.41994118402131025,1.0493800878947805,0.34029656431112526,0.9689154040510207,-0.1058844181975858,1.100879306034495,0.2462776609522672
1,2011-08-10 10:57:23.068265,3878,38989.0,13448299.0,2967208.0,535.3189136299638,10.053893759669933,3467.843991748324,-12.0,-20486.0,-22053326.0,-145189.0,-46.58262467363511,0,0,0,3890.0,3714.2,381.23247500704963,59475.0,60343.4,11508.930197893987,35501625.0,33221199.0,7581008.434793924,3112397.0,5324989.6,4886311.735109173,581.901538303599,555.9471441780577,80.97645672366528,15.289203084832906,16.511126310752513,4.068235115933381,9126.38174807198,9144.20548966341,2800.973911001216,1.0441010177155123,0.4296590944843867,0.6461187138941351,-1.85546350814655,0.40481076555966566,-2.6082150112444094,0.5572232479101931,-0.4825278712896774,0.962895338585551,-0.25474355612068295,0.6089162889217095,-1.5872318992099002,0.3792395080871692,-2.0265670721238633
1,2011-08-10 10:57:53.059681,3467,38609.0,16869286.0,2785265.0,598.9608728742429,11.136140755696568,4865.672339198154,-411.0,-380.0,3420987.0,-181943.0,63.64195924427906,0,0,0,3878.0,3648.2,292.64517764692596,38989.0,59029.0,13772.025177874028,13448299.0,31325511.2,11145741.804696096,2967208.0,5358463.6,4865216.090206026,535.3189136299638,572.7555349478241,59.76163603556919,10.053893759669933,16.35645829462566,4.343724077940845,3467.843991748324,8748.100428697488,3505.68103200776,0.9503316704125458,-0.6191798595704078,0.654068339290846,-1.482715848705029,0.5385159045704576,-1.2970177717475095,0.5197879854964397,-0.5288970833546331,1.04575309416741,0.43849766613456315,0.6808405924083697,-1.2018068929005252,0.556197585848023,-1.1074675802078595
1,2011-08-10 10:58:23.053879,3175,50427.0,33667066.0,2378471.0,626.1806527685039,15.88251968503937,10603.80031496063,-292.0,11818.0,16797780.0,-406794.0,27.219779894261023,0,0,0,3467.0,3602.0,300.9343782288772,38609.0,51334.4,11765.478689793974,16869286.0,26905117.2,11723223.313342705,2785265.0,3111307.0,503420.5599941389,598.9608728742429,593.2318314286761,42.051556829270794,11.136140755696568,14.414838419805,3.99167402779744,4865.672339198154,7613.541224281845,3694.282934048947,0.8814547473623316,-1.418913992185446,0.9823237439221851,-0.07712393383424791,1.25132575151912,0.5767994534663461,0.764460402011116,-1.4557132907097212,1.05554122282923,0.78353392414974,1.1018173927025128,0.36768565134476533,1.3927553555683876,0.8094288239587112
1,2011-08-10 10:58:53.077446,3248,49437.0,29117538.0,3770891.0,585.5374643306651,15.220751231527094,8964.759236453201,73.0,-990.0,-4549528.0,1392420.0,-40.64318843783883,0,0,0,3175.0,3602.6,299.8638024170322,50427.0,48688.2,9587.052998705918,33667066.0,25478827.0,9902799.27995247,2378471.0,3042466.6,586524.989765664,626.1806527685039,587.9182324978875,33.44972160094451,15.88251968503937,13.577597085690552,2.7575632551531175,10603.80031496063,7161.885335193265,2956.5788100738955,0.9015710875476318,-1.1825368622040662,1.0153794964693497,0.07810533644708123,1.1428131287205647,0.3674426692022646,1.2394190292836735,1.241932420119095,0.9959505114204348,-0.07117452861204125,1.121019509884208,0.595871787227391,1.2517317461645778,0.6097838133441355
1,2011-08-10 10:59:23.065195,3691,75359.0,48174361.0,5517578.0,572.1780751809808,20.416960173394745,13051.845299376862,443.0,25922.0,19056823.0,1746687.0,-13.359389149684262,0,0,1,3248.0,3531.6,339.19360253401163,49437.0,47387.4,8762.75543422251,29117538.0,25720762.8,9991359.90423723,3770891.0,3002846.4,509987.80448860966,585.5374643306651,585.579888381395,33.042285245100295,15.220751231527094,13.516501703353175,2.7065083476964746,8964.759236453201,7405.691526086458,3065.0329306732515,1.045135349416399,0.4699381085277008,1.5902750520180136,3.192100956139332,1.8729755946429396,2.2473015100254434,1.8374492947757828,4.930964187509626,0.9771136040234659,-0.4055958327517876,1.510521037171858,2.549579598882454,1.7624073664694422,1.8421184701752464
1,2011-08-10 10:59:53.061367,3957,74971.0,51881681.0,3745075.0,509.9445962145565,18.946424058630274,13111.367450088452,266.0,-388.0,3707320.0,-1772503.0,-62.23347896642434,0,0,1,3691.0,3491.8,295.4855326407727,75359.0,50564.2,14941.41536802977,48174361.0,28255310.0,13925590.204283204,5517578.0,3483882.6,1244512.4346942513,572.1780751809808,583.6351957568713,33.594417868222116,20.416960173394745,14.54205312106554,4.138714416990244,13051.845299376862,8190.784236347434,3981.649539999918,1.133226416174714,1.5743579587159613,1.4826893335600786,1.6334998658976938,1.8361745455986858,1.6966154147443637,1.0749716422706088,0.20987528345923584,0.8737385954806497,-2.1935370283593234,1.3028713277000559,1.0641881736076615,1.6007462865281972,1.2358152480039424
1,2011-08-10 11:00:23.052361,4024,117988.0,93880630.0,78979980.0,509.1297189550199,29.321073558648116,23330.17644135189,67.0,43017.0,41998949.0,75234905.0,-0.8148772595366154,0,0,1,3957.0,3507.6,322.20304157472054,74971.0,57760.6,16551.052377416858,51881681.0,35941986.4,14311019.457348682,3745075.0,3639456.0,1211971.3501181921,509.9445962145565,578.5603322737899,43.24757158817772,18.946424058630274,16.32055918085761,3.6040018722389475,13111.367450088452,10119.488928015458,3417.623366775195,1.1472231725393012,1.6027160931646314,2.042707312597133,3.6388864361382756,2.612004493997583,4.048533633307906,10.0,10.0,0.8799941692393913,-1.6054222414685666,1.796572852187702,3.607244067858053,2.305469832252179,3.8654603201048228
1,2011-08-10 11:00:53.058818,3737,33827.0,13665265.0,1849139.0,512.5727523133529,9.051913299438052,3656.747390955312,-287.0,-84161.0,-80215365.0,-77130841.0,3.4430333583330253,0,0,1,4024.0,3619.0,393.13801647767525,117988.0,73636.4,27821.305411500667,93880630.0,51344255.2,25623183.898360718,78979980.0,18878399.0,33616266.500601605,509.1297189550199,560.5941014899453,50.67521721521352,29.321073558648116,19.95754574144792,5.655796616101529,23330.17644135189,13812.389748446207,5600.283282721345,1.032605692179875,0.3001490444931331,0.45937878549195155,-1.4308961930859758,0.2661498340324547,-1.4705038354898032,0.09794999035670345,-0.5065779687252074,0.9143384686890645,-0.9476298635623401,0.4535584393117757,-1.9282221728119289,0.26474400574791224,-1.8134158300210397
1,2011-08-10 11:01:23.058097,6742,49031.0,24820667.0,3451681.0,271.20652222026104,7.272471076831801,3681.499110056363,3005.0,15204.0,11155402.0,1602542.0,-241.36623009309187,0,0,1,3737.0,3731.4,304.8971957890079,33827.0,70316.4,31965.216326500846,13665265.0,47343895.0,30221677.1878532,1849139.0,18772532.6,33681988.983086534,512.5727523133529,537.8725213989151,37.73265766612546,9.051913299438052,18.591424464327655,7.432154572054264,3656.747390955312,12422.979163645145,7222.229712175357,1.8068285362057654,9.874147881876528,0.6972911013646789,-0.6658925684276572,0.5242633078668326,-0.745267307965708,0.18386869121750785,-0.45486778134430816,0.5042208170709199,-7.067246668155753,0.39117341925007953,-1.522970664325715,0.29634591361383583,-1.2103575214245865
1,2011-08-10 11:01:53.060853,3304,33186.0,14513278.0,2205989.0,550.1174971322639,10.044188861985472,4392.638619854722,-3438.0,-15845.0,-10307389.0,-1245692.0,278.91097491200287,0,0,1,6742.0,4430.2,1300.0268074159085,49031.0,70235.2,32031.961229372082,24820667.0,46484520.8,30922492.534390047,3451681.0,18708690.6,33717815.73395807,271.20652222026104,475.0063329768342,117.01819721506602,7.272471076831801,17.001768433388598,9.014847788428126,3681.499110056363,11366.327138365774,8177.92805378511,0.7457902577760043,-0.8662898284672342,0.4724981206004899,-1.1566322690858573,0.31221743819719017,-1.0339154505233883,0.1179125277746589,-0.4894356660054853,1.1581266584038044,0.6418759299183369,0.5907731834336486,-0.7717911310230224,0.3864606892254114,-0.8527451541081319
1,2011-08-10 11:02:23.050593,3087,46299.0,27812207.0,2666854.0,570.6026797544542,14.998056365403304,9009.461289277617,-217.0,13113.0,13298929.0,460865.0,20.485182622190337,0,0,1,3304.0,4352.8,1364.9390828897822,33186.0,61800.6,35689.15685891159,14513278.0,39752304.2,33976069.82379683,2205989.0,18046372.8,34072367.013491966,550.1174971322639,470.59421736709083,112.77747957247762,10.044188861985472,14.927214171106744,9.223548998755188,4392.638619854722,9634.485802461348,8635.812310227688,0.7091986767136763,-0.9273673938027938,0.7491674838108248,-0.4343504124034472,0.699637607422012,-0.3514266735947535,0.14777784043118072,-0.45137805641474876,1.2125152810964919,0.8867768881304459,1.004745841553539,0.0076805787336783615,0.9351263237084235,-0.07237587973553115
1,2011-08-10 11:02:53.058196,3219,424497.0,371371777.0,11895228.0,555.884562936005,131.87232059645854,115368.6787822305,132.0,378198.0,343559570.0,9228374.0,-14.718116818449287,0,0,1,3087.0,4178.8,1478.719615072445,46299.0,56066.2,35345.74627448112,27812207.0,34938409.4,33530096.57959474,2666854.0,17830728.6,34188721.61714548,570.6026797544542,482.72583407507045,121.02933446976951,14.998056365403304,14.137540632461349,8.958633734254539,9009.461289277617,8814.10457029918,8414.954543103233,0.7703168373693954,-0.6490750445292016,7.571353150382806,10.0,10.0,10.0,0.6671195702008498,-0.1736099017233618,1.151553373976678,0.6044710497735033,9.327811959340181,10.0,10.0,10.0
1,2011-08-10 11:03:23.077273,3035,93231.0,75346928.0,3277729.0,625.5191197051071,30.71861614497529,24826.00593080725,-184.0,-331266.0,-296024849.0,-8617499.0,69.63455676910212,0,0,1,3219.0,4017.8,1542.2463162543138,424497.0,117368.0,171839.08081108905,371371777.0,90436638.8,157170311.79527062,11895228.0,4413778.2,4224960.759302388,555.884562936005,492.07680287126743,125.3098465738409,131.87232059645854,34.64779004002343,54.42567307986719,115368.6787822305,27221.8050384749,49325.93030075563,0.7553885210810006,-0.6372522920893143,0.794347692727142,-0.14046280907737643,0.8331460456710383,-0.09600865855414087,0.7426129840416538,-0.26888988199444974,1.2711818887903936,1.0648988924756335,0.8865966951601835,-0.07219339096110147,0.9119897044195866,-0.04857078402900192
1,2011-08-10 11:03:53.051857,3499,94105.0,73586090.0,4131006.0,562.3969777476422,26.894827093455277,21030.6058873964,464.0,874.0,-1760838.0,853277.0,-63.12214195746492,0,0,1,3035.0,3877.4,1604.8817090365262,93231.0,129248.8,166592.62275142918,75346928.0,102772971.4,151972824.59874985,3277729.0,4699496.2,4052969.0768498355,625.5191197051071,514.6660763496182,139.3248202856277,30.71861614497529,38.98113060913089,52.713887780463615,24826.00593080725,31455.65674644529,47678.58536635701,0.9024088306594876,-0.23578061726862895,0.728091866230087,-0.21095652028023731,0.7160062514257518,-0.1920532929295841,0.879031671522577,-0.14026512149997905,1.0927414950980898,0.34258720951391874,0.689944767442572,-0.2292812012990181,0.6685794563730524,-0.21865268818157516
1,2011-08-10 11:04:23.063189,3775,45265.0,25805268.0,2486101.0,528.3779409152318,11.990728476821191,6835.832582781457,276.0,-48840.0,-47780822.0,-1644905.0,-34.01903683241039,3,1,0,3499.0,3228.8,184.67863980440043,94105.0,138263.6,162331.65585245533,73586090.0,112526056.0,147209592.63462007,4131006.0,4835361.2,4011859.7680696673,562.3969777476422,572.9041674550945,30.384742733168757,26.894827093455277,42.90560181245557,50.4446432536062,21030.6058873964,34925.47810191329,45744.04213107002,1.169165014865842,2.957569974391958,0.3273818995021081,-0.5728925729959083,0.22932704581772598,-0.5890973981243489,0.5141500080697176,-0.5855788426848134,0.9222797998859468,-1.465413972052208,0.27946766785731914,-0.6128474966033481,0.19572624210996212,-0.6140612899630995
1,2011-08-10 11:04:53.055923,3505,28551.0,10247379.0,2069657.0,523.0139592194008,8.145791726105564,2923.645934379458,-270.0,-16714.0,-15557889.0,-416444.0,-5.363981695830944,0,0,1,3775.0,3323.0,310.1354542776481,45265.0,140679.4,160456.00884603855,25805268.0,114784454.0,145405592.45351845,2486101.0,4891383.6,3967675.8930539684,528.3779409152318,568.556256211688,35.57302773316647,11.990728476821191,43.29490973542272,50.13418808781329,6835.832582781457,35414.11689449865,45347.683571384514,1.0547697863373293,0.5868403547195803,0.2029508229349841,-0.6988108504405668,0.0892749727240938,-0.7189343493333462,0.4231230198343061,-0.7111787041224483,0.9198983451582132,-1.280247982618181,0.18814663838536086,-0.7011007727311768,0.08255594635012754,-0.7164747656619168
1,2011-08-10 11:05:23.060902,3641,209126.0,156992368.0,18961869.0,625.4244205558912,57.43641856632793,43117.925844548205,136.0,180575.0,146744989.0,16892212.0,102.41046133649036,0,0,1,3505.0,3406.6,286.01538420162444,28551.0,137129.8,163238.049318166,10247379.0,111271488.4,148217128.67599642,2069657.0,4771944.2,4059313.0016603805,523.0139592194008,559.0385121046772,40.86176975487959,8.145791726105564,41.924456807563175,51.183750206848096,2923.645934379458,34196.95382351901,46305.14835586563,1.0688076087591531,0.8195363359683547,1.5250222781627225,0.44105035744253684,1.410894832606553,0.30847230686775834,3.9736149890436683,3.495646872807269,1.1187501522930225,1.624645942841516,1.3699979186038351,0.3030641892353226,1.2608703707080635,0.19265615893224863
1,2011-08-10 11:05:53.048890,3682,118164.0,82923916.0,5409137.0,490.0604740230853,32.09234111895709,22521.432916892994,41.0,-90962.0,-74068452.0,-13552732.0,-135.36394653280593,0,0,1,3641.0,3491.0,278.9946236041164,209126.0,94055.6,70557.16588554275,156992368.0,68395606.6,57270850.85971759,18961869.0,6185272.4,7185704.539422916,625.4244205558912,572.9464836286545,50.271065226377246,57.43641856632793,27.037276401537053,19.49978971784028,43117.925844548205,19746.803235982552,15995.058659237386,1.0547121168716544,0.6846010060406674,1.2563207294408705,0.3416860597704292,1.2124158278903254,0.25367720545284816,0.8745188004977758,-0.10801103715604923,0.8553337668092825,-1.6487816446831547,1.1869664917856035,0.2592368835924389,1.1405103219873778,0.17346792781581197
1,2011-08-10 11:06:23.062250,3882,48075.0,26614091.0,5495742.0,558.2614381555899,12.384080370942812,6855.76790314271,200.0,-70089.0,-56309825.0,86605.0,68.20096413250462,14,1,0,3682.0,3620.4,118.50653990393148,118164.0,99042.2,71360.80632742315,82923916.0,69911004.2,57600065.51248371,5409137.0,6611554.0,7031667.590893522,490.0604740230853,545.8547544922503,51.34471633548253,32.09234111895709,27.31202139633341,19.574161470480778,22521.432916892994,19285.8886331997,15844.602113539817,1.0722572091478642,2.2074731083184194,0.48539915308827464,-0.7142183871374385,0.38068529131498297,-0.7516816658935263,0.8312330202551471,-0.15868383787724136,1.0227289101362824,0.24163506098726056,0.45342965248818684,-0.7626350200053451,0.35548104801043445,-0.7845019168663245
1,2011-08-10 11:06:53.047798,3387,43189.0,24718087.0,2580651.0,589.489690731621,12.751402421021552,7297.929436079126,-495.0,-4886.0,-1896004.0,-2915091.0,31.22825257603108,28,1,0,3882.0,3697.0,141.89256499197495,48075.0,89836.2,75031.63677876152,26614091.0,60516604.4,60603038.057446904,5495742.0,6884501.2,6937161.047654689,558.2614381555899,545.0276465738398,51.0440488549648,12.384080370942812,24.409872051830916,20.695097288802618,6855.76790314271,16450.921036348962,16699.433532580482,0.9161482282929629,-2.184751540824905,0.4807527477787297,-0.6217004186852998,0.40845132084112773,-0.59070499677039,0.37484937906612603,-0.6204051153540745,1.0815775941572827,0.871052456736796,0.5223871060619802,-0.5633445191172889,0.4436182886024204,-0.5481019210868358
1,2011-08-10 11:07:23.065806,3307,28735.0,13601523.0,1637087.0,588.9307671775023,8.689144239491986,4112.949198669489,-80.0,-14454.0,-11116564.0,-943564.0,-0.5589235541186781,13,1,0,3387.0,3619.4,187.37742660203793,43189.0,89421.0,75345.02889043176,24718087.0,60299168.2,60760458.91043825,2580651.0,6903411.2,6922286.975569744,589.489690731621,557.2499965371176,53.32614549420884,12.751402421021552,24.56200684067099,20.583471944729975,7297.929436079126,16543.340407008498,16634.06853268775,0.9136873514944704,-1.6672232384844548,0.3213450979076467,-0.8054413263050172,0.22556734041316343,-0.7685532011671106,0.23714174812591196,-0.7607780807969972,1.0568519889388956,0.5940945167925388,0.3537636112351498,-0.7711460264346616,0.24861660931106824,-0.7472850784467548
1,2011-08-10 11:07:53.061607,3246,29605.0,12946356.0,1878761.0,514.4344610073937,9.12045594577942,3988.402957486137,-61.0,870.0,-655167.0,241674.0,-74.4963061701086,10,1,0,3307.0,3579.8,232.97360365501123,28735.0,89457.8,75307.90204022414,13601523.0,60969997.0,60084465.28999305,1637087.0,6816897.2,7000067.775405428,588.9307671775023,570.433358128738,50.836185527509855,8.689144239491986,24.670677343348274,20.476290382265315,4112.949198669489,16781.2010598665,16397.443424313977,0.9067545672940089,-1.4327803440464464,0.330938163022114,-0.7947744974761092,0.21233978410725524,-0.7992688420911727,0.2756035399800366,-0.7054411983481108,0.9018309565451325,-1.1015558413590862,0.36968810456551154,-0.7594257117137586,0.237670887992902,-0.7801702845585391
1,2011-08-10 11:08:23.075470,3565,63006.0,45309331.0,2707796.0,553.4872743957924,17.673492286115007,12709.489761570829,319.0,33401.0,32362975.0,829035.0,39.052813388398704,15,1,0,3246.0,3500.8,270.91456217782496,29605.0,53553.6,37085.853526648054,12946356.0,32160794.6,29054670.556349117,1878761.0,3400275.6,1905395.5468681837,514.4344610073937,548.2353662190384,44.680466492008684,9.12045594577942,15.007484819238574,9.726805874842695,3988.402957486137,8955.296482454089,7734.877213710087,1.0183386654476068,0.23697507983207916,1.176503540378216,0.2548788581394715,1.4088374234385366,0.45254467348027594,0.796346037362383,-0.3634308903147163,1.0095796595757125,0.11754371851904871,1.1776451882384147,0.27408868861027413,1.419214850839481,0.4853591305188321
1,2011-08-10 11:08:53.047762,4300,52420.0,21813302.0,3088354.0,485.4921651637209,12.190697674418605,5072.860930232559,735.0,-10586.0,-23496029.0,380558.0,-67.99510923207146,10,1,0,3565.0,3477.4,255.99277333550387,63006.0,42522.0,14210.957145808068,45309331.0,24637877.6,13131199.857576437,2707796.0,2860007.4,1541645.548792784,553.4872743957924,560.9207262935798,30.919447764135736,17.673492286115007,12.123715052670155,3.608242328545758,12709.489761570829,6992.907851389656,3539.504406240567,1.2365560476214308,3.2133719607728453,1.2327736230656783,0.6965048095243186,0.8853563750150296,-0.21510415123034457,1.079841261949182,0.14811874245594991,0.8655272347856764,-2.4395183802380496,1.0055249253592589,0.018563781373542598,0.7254293976180076,-0.5424620796547909
1,2011-08-10 11:09:23.066639,3366,73730.0,52357135.0,3515641.0,541.2612338357101,21.904337492572783,15554.70439691028,-934.0,21310.0,30543833.0,427287.0,55.769068671989146,14,1,0,4300.0,3561.0,430.1610163648054,52420.0,43391.0,14757.743746928032,21813302.0,23677719.8,13126089.780583296,3088354.0,2378529.8,602624.6518430893,485.4921651637209,546.366871695206,45.954791922397696,12.190697674418605,12.085038513365314,3.6057893728430446,5072.860930232559,6636.326456807625,3645.009846571571,0.9452401010949325,-0.45331862391308286,1.69920029499201,2.0558020602785776,2.2112405857594446,2.184916885333504,1.4780731357664718,1.8869311046639325,0.9906552938602493,-0.11110131600653379,1.8125169784552533,2.7232037041426174,2.34387269796707,2.446736309502338
1,2011-08-10 11:09:53.052131,3140,90874.0,68971744.0,3636540.0,551.8558610324841,28.94076433121019,21965.52356687898,-226.0,17144.0,16614609.0,120899.0,10.594627196774011,40,1,0,3366.0,3556.8,432.38142883338827,73730.0,49499.2,20031.39774703687,52357135.0,29205529.4,18424304.797913194,3515641.0,2565527.8,795291.3814590251,541.2612338357101,536.7211803160238,39.20671118544717,21.904337492572783,13.915625527675559,5.727700574970344,15554.70439691028,8287.681448973855,5445.394089411302,0.8828160143947135,-0.9639636954889751,1.835868054433166,2.065497401753618,2.3615988279260574,2.158356314453942,1.417462714689741,1.3466915711259715,1.0281984040699133,0.38602270525797006,2.079731469603916,2.623240968037018,2.6503822211453367,2.5118185926156382
1,2011-08-10 11:10:23.049995,3763,110950.0,99088670.0,4299422.0,540.2135447310657,29.484453893170343,26332.35981929312,623.0,20076.0,30116926.0,662882.0,-11.642316301418418,11,1,0,3140.0,3523.4,461.9413382671035,90874.0,61927.0,22986.401371245447,68971744.0,40279573.6,22817288.195082884,3636540.0,2965418.4,709833.7621046245,551.8558610324841,529.3061990870203,29.055862897730425,28.94076433121019,17.9659495460192,7.868279380651684,21965.52356687898,11858.196322615753,7492.01842766855,1.0680024975872544,0.5186805772748136,1.79162562371822,2.132695727715021,2.4600228141441893,2.577392015089389,1.4498534169748183,1.8793183294701827,1.0206068730384008,0.3753922463793675,1.6411297279893688,1.4639165424160645,2.2206041376689187,1.9319444601499285
1,2011-08-10 11:10:53.048877,4028,48156.0,26680326.0,2661601.0,488.3339389019365,11.955312810327706,6623.715491559086,265.0,-62794.0,-72408344.0,-1637821.0,-51.87960582912922,5,1,0,3763.0,3626.8,441.7461940979256,110950.0,78196.0,23176.710465465014,99088670.0,57508036.4,28765517.312706646,4299422.0,3449550.6,600474.2383625668,540.2135447310657,534.4620158317546,28.026157598260195,29.484453893170343,22.038749135497383,7.4015874062788285,26332.35981929312,16326.987694977151,8249.827879300761,1.1106209330536256,0.9082138235924546,0.6158371272187757,-1.2961287170049645,0.4639408275814474,-1.0716897619074772,0.7715790572835776,-1.3122121644196736,0.91369250654989,-1.6458937250476213,0.5424678477114225,-1.3623342899731858,0.4056912159979398,-1.1761787452272663
1,2011-08-10 11:11:23.054743,3781,173592.0,180149055.0,4272966.0,521.2306595641364,45.91166358106321,47645.87542978048,-247.0,125436.0,153468729.0,1611365.0,32.89672066219998,13,1,0,4028.0,3719.4,472.97653218738225,48156.0,75226.0,26344.831713260104,26680326.0,53782235.4,31788171.12812082,2661601.0,3440311.6,614921.770159103,488.3339389019365,521.4313487329835,31.85400144216505,11.955312810327706,20.895113240339924,8.590906383938052,6623.715491559086,15109.832840974801,9299.173493040544,1.016561811044519,0.13023901992554926,2.3076064126764373,3.733787373197979,3.349601474541908,3.9752780709114752,1.242028774370321,1.35408183675878,0.9996151187105756,-0.006300281275653756,2.197244066149845,2.9119803219580396,3.153302616331491,3.498810148359098
1,2011-08-10 11:11:53.077010,3764,61043.0,36346112.0,22617065.0,518.4688768626462,16.21758767268863,9656.246546227418,-17.0,-112549.0,-143802943.0,18344099.0,-2.761782701490233,12,1,0,3781.0,3615.6,356.2489298229571,173592.0,99460.4,47422.11044228205,180149055.0,85449386.0,59106830.29936703,4272966.0,3677234.0,671061.3260342192,521.2306595641364,528.5790476130666,25.058316960768977,45.91166358106321,27.639306421668845,12.428343838386311,47645.87542978048,23624.435740884386,15339.976043841114,1.041044363314238,0.41656265486420685,0.6137417504856143,-0.810115780206733,0.42535252389057543,-0.8307546480042907,6.150564527576976,10.0,0.9808729256351415,-0.40346567432462727,0.5867581271644176,-0.9190056934845953,0.4087397748728421,-0.9105743812594923
1,2011-08-10 11:12:23.052798,3674,63230.0,37070426.0,4910375.0,490.6856193731628,17.21012520413718,10089.936309199782,-90.0,2187.0,724314.0,-17706690.0,-27.78325748948339,6,1,0,3764.0,3695.2,330.03590713739305,61043.0,96923.0,49439.552435271864,36346112.0,82247181.4,61723645.027500324,22617065.0,7497518.8,8478199.977863109,518.4688768626462,524.0205762184537,24.234048328564405,16.21758767268863,26.501956457692017,13.313084617406842,9656.246546227418,22444.744170747814,16311.735380647226,0.9942628274515604,-0.06423543481621859,0.6523735336297818,-0.6814988878410959,0.4507197130526834,-0.7319197591113094,0.6549333360791305,-0.3051524859940939,0.9363861681028139,-1.3755422285191947,0.649390743319732,-0.6979472841859528,0.4495456144405301,-0.7574183600480314
1,2011-08-10 11:12:53.047453,4795,62549.0,34511380.0,4035983.0,454.22127168154327,13.044629822732013,7197.368091762252,1121.0,-681.0,-2559046.0,-874392.0,-36.46434769161954,10,1,0,3674.0,3802.0,133.10334330887972,63230.0,91394.2,51775.63877153034,37070426.0,75866917.8,65000762.676691234,4910375.0,7752285.8,8351364.021597551,490.6856193731628,511.78652788658945,22.00689078352538,17.21012520413718,24.155828632277412,13.80055844391469,10089.936309199782,20069.626719211974,17237.28919290008,1.2611783271958807,7.460368577580979,0.6843869742281163,-0.5571191526440507,0.45489366117361896,-0.6362315778616205,0.5206184477873609,-0.4449935112862078,0.8875209622190563,-2.615783245742485,0.5400199687110524,-0.8051267529423578,0.3586199281360872,-0.7467681538203217
1,2011-08-10 11:13:23.053415,4023,73101.0,48469171.0,4961088.0,464.96983482326624,18.17076808351976,12048.01665423813,-772.0,10552.0,13957791.0,925105.0,10.748563141722968,13,1,0,4795.0,4008.4,458.90881447189565,62549.0,81714.0,51729.95256618737,34511380.0,62951459.8,65645605.42973601,4035983.0,7699598.0,8379377.6938315835,454.22127168154327,494.588073276685,27.221049751358898,13.044629822732013,20.86786381818975,14.16715022663737,7197.368091762252,16242.6283737058,17619.167045331953,1.0036423510625179,0.031814599196072366,0.8945957852999377,-0.16649928277006798,0.7699451474832996,-0.220613226204474,0.6443307819447196,-0.32681543905294225,0.9401153403111083,-1.0880637860357365,0.8707536258124425,-0.19037673006448944,0.7417528971937317,-0.23807094334682286
1,2011-08-10 11:13:53.063689,4060,43434.0,15029149.0,2618773.0,510.70119225689655,10.698029556650246,3701.760837438424,37.0,-29667.0,-33440022.0,-2342315.0,45.73135743363031,18,1,0,4023.0,4007.4,458.86087216061554,73101.0,86703.0,48804.57399158398,48469171.0,67309228.8,63317795.360800125,4961088.0,8159495.4,8091915.368115673,464.96983482326624,489.91525246095097,30.384583997029665,18.17076808351976,22.11095487282816,13.443836554905625,12048.01665423813,17327.488606241608,17036.188418388407,1.013125717422515,0.11463169599144563,0.500951524168708,-0.88657673781684,0.22328511658716257,-0.8256775129660697,0.3209479105779016,-0.6847232265715406,1.0424276233297307,0.6840949277861917,0.48383390123567527,-0.848933655859155,0.2136351621148828,-0.7998108164908024
1,2011-08-10 11:14:23.050269,3537,63693.0,43392920.0,3007792.0,535.823502956743,18.00763358778626,12268.28385637546,-523.0,20259.0,28363771.0,389019.0,25.12231069984648,20,1,0,4060.0,4063.2,441.0654146495739,43434.0,60671.4,10745.14794221066,15029149.0,34285247.6,12083423.903917233,2618773.0,7828656.8,8321111.709674587,510.70119225689655,487.809358999503,27.937959900007886,10.698029556650246,15.068228067945565,3.111594859449443,3701.760837438424,8538.665687773198,3208.025073707539,0.8704961606613334,-1.1930203151767687,1.0498027077008105,0.2812059932771913,1.2656440608584083,0.7537327559159329,0.3842028175254789,-0.5793534527838383,1.0984280909546684,1.7185987855723097,1.195073070661744,0.9446620307812573,1.4367916844362918,1.1625900929417456
1,2011-08-10 11:14:53.060988,3784,31687.0,16054373.0,1989850.0,461.49813629334034,8.373942917547568,4242.698995771671,247.0,-32006.0,-27338547.0,-1017942.0,-74.32536666340269,27,1,0,3537.0,4017.8,488.67545467314056,63693.0,61201.4,10833.054707698748,43392920.0,35694609.2,12775049.577592598,3007792.0,3906802.2,1072683.9180159364,535.823502956743,491.28028421832244,33.268730771066345,18.00763358778626,15.426237250965091,3.3692103938026774,12268.28385637546,9061.073149802807,3621.540294564208,0.9418089501715013,-0.47843614358716485,0.5177495939635284,-2.7244762254382615,0.4497702414962985,-1.5373902136903579,0.5093295995379544,-1.7870615638068317,0.9393784996413851,-0.8951994029777743,0.542837684963055,-2.0931593777273,0.468233610481727,-1.3304764719205247
1,2011-08-10 11:15:23.081284,3576,49444.0,21973063.0,2948569.0,497.28950742170025,13.82662192393736,6144.592561521253,-208.0,17757.0,5918690.0,958719.0,35.79137112835991,18,1,0,3784.0,4039.8,471.50259808404087,31687.0,54892.8,16862.77495550461,16054373.0,31491398.6,15397391.631577251,1989850.0,3322697.2,1179433.8969331942,461.49813629334034,485.44278760235795,35.85901094394282,8.373942917547568,13.65900079364717,4.3687323781088025,4242.698995771671,7891.6256871171845,4116.501842225095,0.8851923362540508,-0.9836637208017008,0.9007374373323842,-0.3231259394955631,0.6977480828685709,-0.6181784439696671,0.887402258622904,-0.3172099775772269,1.0244039465017698,0.3303693969008656,1.0122718441714915,0.03836836769671471,0.778621896823023,-0.4243975085047411
1,2011-08-10 11:15:53.047355,4538,39725.0,18154444.0,2448261.0,375.5651734777435,8.75385632437197,4000.53856324372,962.0,-9719.0,-3818619.0,-500308.0,-121.72433394395676,25,1,0,3576.0,3796.0,243.3361871978796,49444.0,52271.8,16387.011127719215,21973063.0,28983735.2,15798379.841965154,2948569.0,3105214.4,1113435.9776177616,497.28950742170025,494.0564347503893,31.376989146672496,13.82662192393736,13.815399213888238,4.355216217086465,6144.592561521253,7681.070581068985,4187.207110293716,1.195468914646682,3.0492793058911563,0.7599700029461247,-0.7656551827670316,0.6263666112986017,-0.68546846628122,0.7884354136706307,-0.5900235067000225,0.7601665458860566,-3.776374486251029,0.6336303561129331,-1.162179473087134,0.520830855675647,-0.878994499406601
1,2011-08-10 11:16:23.051568,3766,59791.0,31304283.0,6369515.0,505.49141092565054,15.876526818906,8312.342804036112,-772.0,20066.0,13149839.0,3921254.0,129.92623744790706,15,1,0,4538.0,3899.0,413.17066691622864,39725.0,45596.6,11988.657944073348,18154444.0,22920789.8,11748936.414476125,2448261.0,2602649.0,413346.02611591725,375.5651734777435,476.17550248128475,62.31687532330627,8.75385632437197,11.932016862058681,4.024486495387777,4000.53856324372,6071.574962870103,3593.554324802926,0.9658886894072927,-0.32190087692416985,1.311303913011029,1.1839857360361081,1.3657593509277763,0.7135533723436029,2.447320018949923,9.113105635479425,1.061565343640198,0.47043290106895524,1.3305819964149943,0.9801275169857713,1.369058745855524,0.6235519596015211
1,2011-08-10 11:16:53.049688,4826,70257.0,49044703.0,3632984.0,378.1250787291753,14.558019063406547,10162.599046829671,1060.0,10466.0,17740420.0,-2736531.0,-127.36633219647524,26,1,0,3766.0,3840.2,405.3766150137442,59791.0,48868.0,13399.678540920046,31304283.0,26175816.6,11260317.422926446,6369515.0,3352797.4,1736291.0267068194,505.49141092565054,475.1335462150356,61.63510093561696,15.876526818906,12.967716314509833,4.28541227762728,8312.342804036112,6993.691356189639,3420.820773440363,1.2567053799278016,2.431812698332747,1.4376892854219236,1.5962323226397188,1.8736646787172246,2.030927330115761,1.083568008016231,0.1613707585250976,0.7958290500440647,-1.57391593445462,1.1226355288166396,0.3710967919768332,1.453109456686846,0.9263588771568687
1,2011-08-10 11:17:23.047818,3826,745993.0,791260460.0,13867617.0,465.9223125146367,194.97987454260323,206811.41139571357,-1000.0,675736.0,742215757.0,10234633.0,87.7972337854614,28,1,0,4826.0,4098.0,548.8369521087299,70257.0,50180.8,15389.095301543663,49044703.0,27306173.2,13484692.98254728,3632984.0,3477835.8,1727724.5812851717,378.1250787291753,443.59386136952196,63.1449839323126,14.558019063406547,12.27779340963389,3.4715760900227557,10162.599046829671,6572.5543942804825,2652.44826817391,0.933626159101773,-0.49559345258082876,10.0,10.0,10.0,10.0,3.987427181007222,6.013563337897023,1.0503353474620434,0.35360609432881973,10.0,10.0,10.0,10.0
1,2011-08-10 11:17:53.056906,4099,44115.0,24715300.0,2476092.0,452.1653249197365,10.762381068553308,6029.592583556965,273.0,-701878.0,-766545160.0,-11391525.0,-13.75698759490018,25,1,0,3826.0,4106.4,543.1213492397443,745993.0,193042.0,309319.12393190304,791260460.0,182347390.6,340601674.1104336,13867617.0,5853389.2,4729093.7497770665,465.9223125146367,444.47869661378127,63.48865643993569,194.97987454260323,49.59897973464503,81.31522462048208,206811.41139571357,47086.29687426887,89318.94662619138,0.9981979349305966,-0.013624947740213961,0.22852539861791618,-0.48146715956943537,0.13553964177209346,-0.462804802741195,0.4230185137868501,-0.7141531504126363,1.0172935809151211,0.12107089261065435,0.21698795269409074,-0.4776055018832446,0.1280540833282605,-0.4596640000977375
1,2011-08-10 11:18:23.062546,4013,83430.0,69650589.0,3498199.0,461.7793418317967,20.789932718664343,17356.23947171692,-86.0,39315.0,44935289.0,1022107.0,9.614016912060151,27,1,0,4099.0,4211.0,459.3332123850832,44115.0,191976.2,309946.1516928384,24715300.0,182895838.0,340280931.24958587,2476092.0,5758893.8,4805747.076584869,452.1653249197365,435.4538601133885,56.97829001782772,10.762381068553308,48.986131563568215,81.66303465847881,6029.592583556965,47063.29687867601,89332.13877971524,0.9529802897171804,-0.43105962003369164,0.43458512044721986,-0.35020986518835917,0.38082107149972433,-0.3327992802421773,0.6074428738380276,-0.4704148520455487,1.060455272369139,0.4620265316791595,0.4244044600921652,-0.34527493329726605,0.3687850325585779,-0.3325461341546249
1,2011-08-10 11:18:53.070301,3591,37439.0,24270862.0,2033439.0,472.58761251879696,10.425786688944584,6758.803118908382,-422.0,-45991.0,-45379727.0,-1464760.0,10.808270687000288,26,1,0,4013.0,4106.0,424.5874468233844,83430.0,200717.2,305158.2753362589,69650589.0,193195067.0,334783078.1350732,3498199.0,5968881.4,4645180.226265674,461.7793418317967,452.6966937841992,46.38399985229363,20.789932718664343,51.39334684242668,80.34740373825514,17356.23947171692,49734.43706037065,87910.97376398598,0.8745737944469374,-1.2129421250011934,0.18652611734320632,-0.5350606986491864,0.1256287874058399,-0.5045780866255284,0.340673379772632,-0.8472098408039072,1.0439387320620368,0.4288314676938178,0.20286257520272907,-0.509880322784676,0.13589785103436489,-0.48885403154375445
1,2011-08-10 11:19:23.117134,3501,30510.0,14029933.0,2168090.0,520.4082209894316,8.7146529562982,4007.4073121965152,-90.0,-6929.0,-10240929.0,134651.0,47.82060847063463,29,1,0,3591.0,4071.0,464.9188101163475,37439.0,196246.8,307890.3808146659,24270862.0,191788382.8,335647026.2459258,2033439.0,5101666.2,4946657.607028004,472.58761251879696,446.1159341028285,38.72252661349411,10.425786688944584,50.3031988164344,80.98421993923546,6758.803118908382,49423.7291233451,88096.52342105813,0.8599852616062736,-1.2260205171223972,0.15546750316438204,-0.5382980772619994,0.07315319517882707,-0.5295993585528086,0.4249768438397635,-0.5930420969165315,1.1665313457920838,1.9185805623229915,0.17324252057858835,-0.5135388831407849,0.08108265772894808,-0.5155291042993871
1,2011-08-10 11:19:53.048949,3438,45564.0,23491486.0,3009392.0,497.8015470561373,13.25305410122164,6832.892961023851,-63.0,15054.0,9461553.0,841302.0,-22.606673933294303,21,1,0,3501.0,3806.0,259.01158275258916,30510.0,188297.4,312436.0889690882,14029933.0,184785428.8,339710467.3246603,2168090.0,4808687.4,5096502.353453653,520.4082209894316,474.5725625548797,26.67126370947252,8.7146529562982,49.13452559501273,81.66828607598833,4007.4073121965152,48192.69077641847,88822.32043582697,0.9033105622698625,-1.4207858818039696,0.24197891208269345,-0.45684031083272614,0.1271284546219588,-0.47479827180553685,0.6258240034484253,-0.35304514257326003,1.0489471712716691,0.8709367787525069,0.26972996972005214,-0.4393562448459588,0.14178276520652722,-0.46564644576332703
1,2011-08-10 11:20:23.067761,4048,32069.0,13509314.0,2633758.0,479.8425442870553,7.922183794466403,3337.281126482213,610.0,-13495.0,-9982172.0,-375634.0,-17.959002769081962,28,1,0,3438.0,3728.4,305.47634933002854,45564.0,48211.6,20576.219096325738,23491486.0,31231634.0,21924526.60425389,3009392.0,2637042.4,610408.339477452,497.8015470561373,480.9484094631798,27.86990764091013,13.25305410122164,12.78916150673642,4.757166586487418,6832.892961023851,8196.987089480526,5245.741315117367,1.0857204162640581,1.0462348417476546,0.6651718673514121,-0.7845270272652652,0.4325522641562718,-0.8083330746380375,0.9987545137689099,-0.005380660432672913,0.9977006573774586,-0.03967954219057121,0.6194451285703223,-1.0230833044761203,0.40713509610923415,-0.9264097619515682
1,2011-08-10 11:20:53.048736,4211,41116.0,17660713.0,3624008.0,457.6229659304203,9.763951555450012,4193.947518404179,163.0,9047.0,4151399.0,990250.0,-22.219578356635,22,1,0,4048.0,3718.2,290.49216856914,32069.0,45802.4,21842.0657745553,13509314.0,28990436.8,23287564.601193007,2633758.0,2668575.6,604054.5103975469,479.8425442870553,486.48385333664356,23.056876930879355,7.922183794466403,12.221122051919039,5.207898441846643,3337.281126482213,7658.524798065577,5646.694667826293,1.1325372492063008,1.696431275327178,0.8976822175256997,-0.21455846019194588,0.6091909936313895,-0.48651389675241463,1.3580308536134402,1.581698975099447,0.9406745214476988,-1.2517257862585471,0.7989406793558593,-0.47181613148468676,0.5476181939716324,-0.6135584591462389
1,2011-08-10 11:21:23.047795,3717,34311.0,15919355.0,2463794.0,490.1172354067797,9.230831315577078,4282.850417002959,-494.0,-6805.0,-1741358.0,-1160214.0,32.494269476359364,26,1,0,4211.0,3757.8,348.44181723783026,41116.0,37339.6,6251.689635610521,17660713.0,18592461.6,5093326.108178036,3624008.0,2693737.4,648254.9479896934,457.6229659304203,485.65257815636835,24.21601296806384,9.763951555450012,10.015925819276173,2.0486302256772384,4193.947518404179,5026.066407403028,1646.8972819347434,0.9891425834262096,-0.11709271959179027,0.9188904005398849,-0.48444503430691344,0.8562263213172374,-0.5248253387325741,0.9146377816931966,-0.3547113689036669,1.0091931093341475,0.18436797403911917,0.9216153834616311,-0.3832289953919475,0.8521277018333425,-0.4512825411470119
1,2011-08-10 11:21:53.088370,3545,57781.0,34210730.0,4787758.0,505.6873552265162,16.29929478138223,9650.41748942172,-172.0,23470.0,18291375.0,2323964.0,15.570119819736531,24,1,0,3717.0,3783.0,337.7550887847604,34311.0,36714.0,6394.1409509018495,15919355.0,16922160.2,4022425.180628749,2463794.0,2779808.4,561421.5918827133,490.1172354067797,489.15850273396484,23.094606717865418,9.230831315577078,9.776934744602674,2.0585399549570775,4282.850417002959,4530.875867021944,1339.1235724858911,0.9370869680145554,-0.7046525956296235,1.573813803998432,3.2947350022093818,2.0216526492876485,4.298046333654267,1.722333812646943,3.5765450225496096,1.0337903816434466,0.7157018386916009,1.6671170674134945,3.1684398536472,2.1299231699681545,3.823053919431988
1,2011-08-10 11:22:23.064358,3342,49363.0,33538867.0,2710644.0,553.1185896184919,14.770496708557747,10035.56762417714,-203.0,-8418.0,-671863.0,-2077114.0,47.43123439197569,21,1,0,3545.0,3791.8,329.0314574626587,57781.0,42168.2,10248.50646191922,34210730.0,20958319.6,8273396.693272921,4787758.0,3303742.0,941528.9327106836,505.6873552265162,486.2143295813818,18.619618240742838,16.29929478138223,11.293863109619476,3.422635187734421,9650.41748942172,5659.477902466984,2585.535829044387,0.8813755999786693,-1.3670425419723897,1.1706214635673051,0.7020340014160408,1.6002650804122673,1.5206024643093943,0.820476901646678,-0.629930721610919,1.1376024028201213,3.593213306979582,1.3078338708275326,1.0157768524035473,1.773232053755494,1.6925272017312807
1,2011-08-10 11:22:53.066312,3846,33607.0,12481415.0,2457163.0,557.1362873569943,8.738169526781071,3245.297711908476,504.0,-15756.0,-21057452.0,-253481.0,4.01769773850242,35,1,0,3342.0,3772.6,356.49305743590776,49363.0,42928.0,10694.329665762132,33538867.0,22967795.8,10068014.194203887,2710644.0,3243992.4,973804.4164677623,553.1185896184919,497.2777380938527,35.765493483457334,14.770496708557747,11.597351631086699,3.6961382529489777,10035.56762417714,6300.012835097642,3258.1365627570594,1.0194560780360973,0.20589461272465437,0.7828689899366199,-0.8715833802879936,0.5434311201948251,-1.0415540341646483,0.7574502948897166,-0.8079953086000888,1.1203724692994883,1.6736396853898987,0.7534624976451474,-0.7735592956380513,0.5151255714636434,-0.9375650972110592
1,2011-08-10 11:23:23.052196,3729,39354.0,19378934.0,2707522.0,485.26141675489407,10.553499597747386,5196.817913649772,-117.0,5747.0,6897519.0,250359.0,-71.87487060210026,19,1,0,3846.0,3732.2,327.7692786092094,33607.0,43235.6,10319.457582644545,12481415.0,22762216.0,10316850.637544397,2457163.0,3208673.4,1004198.3729677714,557.1362873569943,512.7364867078405,42.428992121295835,8.738169526781071,11.760548777549634,3.506445817164294,3245.297711908476,6281.616152182895,3279.238805088443,0.9991425968594934,-0.009762965014806438,0.9102221317617679,-0.3761438010586689,0.8513641202596444,-0.3279374800375402,0.8438135211891616,-0.499056176041109,0.9464148336111132,-0.647554150561797,0.8973645530042088,-0.34423722549751695,0.8273058696595178,-0.33080794141905595
1,2011-08-10 11:23:53.066720,3119,33760.0,17477920.0,1722728.0,583.7159151721705,10.823982045527412,5603.693491503687,-610.0,-5594.0,-1901014.0,-984794.0,98.45449841727644,29,1,0,3729.0,3635.8,196.23124114167427,39354.0,42883.2,10439.324748277544,19378934.0,23105860.2,10131392.252069158,2707522.0,3025376.2,993015.365844114,485.26141675489407,518.2641768727352,34.516228043330344,10.553499597747386,11.91845838600911,3.410518256357166,5196.817913649772,6482.1902312320135,3147.654112633749,0.8578579679848017,-2.63362753550669,0.7872546824863633,-0.8739262567250264,0.7564280164735006,-0.5554952429021383,0.5694260436107085,-1.311810717946626,1.1262902998491082,1.8962598756554008,0.9081696385604151,-0.32091203092688186,0.8644753226314645,-0.27909570375030157
1,2011-08-10 11:24:23.050995,3002,39900.0,21497596.0,1882640.0,559.4516841215857,13.291139240506327,7161.0912724850095,-117.0,6140.0,4019676.0,159912.0,-24.26423105058484,28,1,0,3119.0,3516.2,292.82878956824305,33760.0,42773.0,10554.70807270386,17477920.0,23417573.2,9875759.01886093,1722728.0,2877163.0,1141928.2015023185,583.7159151721705,536.9839128258134,40.326843278149546,10.823982045527412,12.237088531999175,3.1620188348691456,5603.693491503687,6746.358846132159,2967.1805333047046,0.8537625846081413,-1.7559748846976357,0.9328314590980074,-0.2722008017852961,0.9180112651468086,-0.1944131277740968,0.6543390138132595,-0.8709155257673877,1.041840678571722,0.5571418308208858,1.0861357425554896,0.3333473844463752,1.0614750024140154,0.13977323647739148
1,2011-08-10 11:24:53.068633,3476,51842.0,32642913.0,2267299.0,487.4392553489644,14.914269275028769,9390.9415995397,474.0,11942.0,11145317.0,384659.0,-72.01242877262132,39,1,0,3002.0,3407.6,369.9990540528486,39900.0,39196.8,6416.297273350108,21497596.0,20874946.4,7826106.763793751,1882640.0,2296139.4,465499.91790130426,559.4516841215857,547.7367786048274,36.919584139882005,13.291139240506327,11.635457423823993,2.3871089093412894,7161.0912724850095,6248.493602744817,2535.5343937633493,1.0200727784948291,0.18486533749366116,1.322607967997354,1.9707939737330238,1.56373637443208,1.5036808154014256,0.9874396127691547,-0.06195575743606171,0.8899151460846938,-1.6332124171760085,1.2817948388698068,1.3735493328354245,1.5029128933432812,1.239363190861508
1,2011-08-10 11:25:23.059501,3483,44555.0,24164307.0,4467555.0,480.1151422937123,12.792133218489807,6937.785529715762,7.0,-7287.0,-8478606.0,2200256.0,-7.324113055252042,39,1,0,3476.0,3434.4,368.9109648682222,51842.0,39692.6,7416.128626176871,32642913.0,20695755.6,7465611.069008034,2267299.0,2207470.4,405113.39206155745,487.4392553489644,534.6009117509218,45.266696376127754,14.914269275028769,11.6642119371182,2.4347051930793007,9390.9415995397,6119.568397817328,2300.3086681058744,1.014150943395931,0.13173910408769893,1.1225014234391015,0.6556520585196468,1.167597234285082,0.4646038171475318,2.023834611780071,5.578893821551503,0.898081413143019,-1.2036612745775703,1.096699312937345,0.4632681131639587,1.1337050390986942,0.35569884304779686
1,2011-08-10 11:25:53.090169,3382,46096.0,30051096.0,2533579.0,532.6786436924897,13.629804849201657,8885.59905381431,-101.0,1541.0,5886789.0,-1933976.0,52.56350139877736,34,1,0,3483.0,3361.8,296.21563091775374,44555.0,41882.2,6757.080005446143,24164307.0,23032334.0,5920279.950299712,4467555.0,2609548.8,1106093.1524559858,480.1151422937123,519.1966827382655,48.65876017095924,12.792133218489807,12.475004675459946,1.8120923966488316,6937.785529715762,6858.065961378787,1646.7265951257923,1.0060086858227717,0.0681935654014838,1.100610760657246,0.6236125658721068,1.3047351605790365,1.1855456260382884,0.9708877641989294,-0.06868300362525097,1.0259669628128087,0.2770716086184513,1.0925691174225203,0.6372744432017099,1.295642110159378,1.2312505903746644
1,2011-08-10 11:26:23.050635,3539,47876.0,32872479.0,2376146.0,529.3012088349816,13.528115286804182,9288.63492512009,157.0,1780.0,2821383.0,-157433.0,-3.377434857508092,27,1,0,3382.0,3292.4,219.35427964825118,46096.0,43230.6,6799.005868507546,30051096.0,25166766.4,6191436.401625217,2533579.0,2574760.2,1104976.207524859,532.6786436924897,528.6801281257846,44.8641897208077,13.629804849201657,13.0902657257508,1.490248829352301,8885.59905381431,7595.822189411694,1539.200930776215,1.074899769165024,1.124208747576363,1.107456292533504,0.6832469466626644,1.306186042240214,1.2445759110078711,0.9228610881898823,-0.17974522767770248,1.0011747759659468,0.013843573528201591,1.0334484852479815,0.29380969951834957,1.2228610272192644,1.0997997089656222
1,2011-08-10 11:26:53.054560,3798,36779.0,18314794.0,2382088.0,472.4017459628752,9.68378093733544,4822.220642443392,259.0,-11097.0,-14557685.0,5942.0,-56.899462872106426,97,1,0,3539.0,3376.4,216.75400803676706,47876.0,46053.8,4385.804053990563,32872479.0,28245678.2,5152589.087332463,2376146.0,2705443.8,1013901.7939184348,529.3012088349816,517.7971868583467,33.28076737959249,13.528115286804182,13.631092374006153,0.7868560057430585,9288.63492512009,8332.810476134973,1189.3104679309902,1.124866721952042,1.9450620720542369,0.7986094524230183,-2.1147319592536094,0.6484104885114779,-1.9273580779835282,0.8804795723348603,-0.3189222091720773,0.9123296880544803,-1.3640142481192776,0.7104185542085778,-5.01656135664435,0.5787027865632574,-2.9517858695012613
1,2011-08-10 11:27:23.062656,3322,114301.0,90465587.0,3943008.0,500.9070432116195,34.40728476821192,27232.26580373269,-476.0,77522.0,72150793.0,1560920.0,28.50529724874434,29,1,0,3798.0,3535.6,157.14420129295996,36779.0,45429.6,5548.550288138339,18314794.0,27609117.8,6270097.6689602295,2382088.0,2805333.4,934030.3273987521,472.4017459628752,500.38719922660465,28.462907768937526,9.68378093733544,12.909620713371975,1.9582940378489961,4822.220642443392,7865.036350126652,1969.459918348376,0.9395859260094639,-1.3592611005762254,2.516002782326886,10.0,3.27665619942409,10.0,1.4055398905527587,1.2180274736564392,1.0010388834582844,0.018263909970713435,2.66524366048238,10.0,3.4624462737913095,9.833776901556803
1,2011-08-10 11:27:53.052281,3756,34214.0,18283467.0,2516168.0,452.5435982119276,9.10915867944622,4867.802715654952,434.0,-80087.0,-72182120.0,-1426840.0,-48.36344499969192,29,1,0,3322.0,3504.8,184.46327547781007,114301.0,57921.4,31800.436982846633,90465587.0,39173652.6,29215410.315389026,3943008.0,3140475.2,991573.6179639004,500.9070432116195,503.08075679913566,27.554006967135102,34.40728476821192,16.808223812008606,9.968388479466077,27232.26580373269,11433.30119096525,9008.519710342793,1.0716731339873682,1.361788677708133,0.5906970480685794,-0.7455054788331111,0.4667286756915795,-0.7150399523567955,0.8012061359376438,-0.6296125559309992,0.8995446398911149,-1.834112862265437,0.5419465364565321,-0.772348022716949,0.4257565364849419,-0.7288099139941537
1,2011-08-10 11:28:23.067406,2838,88655.0,75456757.0,3348535.0,572.2166843854827,31.238548273431995,26588.004580690627,-918.0,54441.0,57173290.0,832367.0,119.67308617355512,27,1,0,3756.0,3559.4,214.37537171979957,34214.0,55853.2,33192.860974914474,18283467.0,37997484.6,30076416.603492033,2516168.0,2750197.8,670803.5105412911,452.5435982119276,497.56644798277875,35.04083382150694,9.10915867944622,16.07162890419989,10.463135709232285,4867.802715654952,11019.304628153088,9309.307880895325,0.7973253919197625,-3.3651253602934603,1.5872859567580446,0.9882185215908023,1.985835583442805,1.2454699272801926,1.2175615150299368,0.8919708835709332,1.1500306877688378,2.1303784259481766,1.9437076638401556,1.4495577415095378,2.412856843321932,1.6723799611876777
1,2011-08-10 11:28:53.055363,3376,30015.0,16789505.0,1707425.0,450.7994997026066,8.890699052132701,4973.19460900474,538.0,-58640.0,-58667252.0,-1641110.0,-121.4171846828761,27,1,0,2838.0,3450.6,391.65903538665185,88655.0,64365.0,35445.611554887866,75456757.0,47078616.8,33712314.25463497,3348535.0,2913189.0,703235.8144714471,572.2166843854827,505.4740561213774,47.27203273257948,31.238548273431995,19.593377589045957,12.247124202444338,26588.004580690627,14559.785733528352,11421.57540941465,0.978380571494529,-0.1904717962810769,0.4663248659985945,-0.9690903469617878,0.3566269814452153,-0.8984583962768343,0.5861016913080475,-1.714594130713112,0.89183508874977,-1.1565941478952506,0.45376041018315555,-0.8738931980377297,0.34157059039351795,-0.8393405271063284
1,2011-08-10 11:29:23.060617,3070,21954.0,8075005.0,1654557.0,545.5632303947882,7.15114006514658,2630.294788273616,-306.0,-8061.0,-8714500.0,-52868.0,94.76373069218158,34,1,0,3376.0,3418.0,389.23771656919723,30015.0,60792.8,38307.3029225499,16789505.0,43862022.0,36090040.390377894,1707425.0,2779444.8,873810.1234965293,450.7994997026066,489.77371429490233,50.31811443330167,8.890699052132701,18.66589434211166,12.975236029868409,4973.19460900474,13696.697670305282,12064.437749551393,0.8981860737270632,-0.8940551883471956,0.361128291508199,-1.0138745627308632,0.18410015388711445,-0.9916036838113741,0.5952832738394371,-1.2873366532980737,1.113908759229941,1.1087362220762067,0.38311264028908376,-0.8874408334130641,0.19203861044373904,-0.9172746473363208
1,2011-08-10 11:29:53.048245,3465,28712.0,12819914.0,2129885.0,519.1852836655123,8.286291486291486,3699.83088023088,395.0,6758.0,4744909.0,475328.0,-26.37794672927589,18,1,0,3070.0,3272.4,345.2286199028163,21954.0,57827.8,41102.407164301214,8075005.0,41814064.2,38134771.31515879,1654557.0,2633938.6,1006950.3950779403,545.5632303947882,504.4060111812849,54.46975037249035,7.15114006514658,18.15936616767389,13.454138313250592,2630.294788273616,13258.312499471325,12499.506543165588,1.0588558855882353,0.5578911738362247,0.4965085996700463,-0.7083721370286877,0.3065933495170747,-0.7603074359718177,0.8086312262556156,-0.5005744100840088,1.0293003496302235,0.27132991032432346,0.4563095104379737,-0.7338318107615163,0.2790574502130744,-0.7647087175986171
1,2011-08-10 11:30:23.050650,3123,48486.0,22244705.0,15638691.0,510.6903571729107,15.525456292026895,7122.86423310919,-342.0,19774.0,9424791.0,13508806.0,-8.494926492601621,50,1,0,3465.0,3301.0,356.116553953903,28712.0,40710.0,27161.75438921426,12819914.0,26284929.6,27771222.069682486,2129885.0,2271314.0,696189.7599830958,519.1852836655123,508.0616592720635,54.78863962095128,8.286291486291486,12.935167511289801,10.26007843313014,3699.83088023088,8551.825514770964,10127.792905175183,0.9460769463795983,-0.4998363542025657,1.1910095799557556,0.2862848948773172,0.8462912147194793,-0.14548242025008568,6.885305598433327,10.0,1.0051739741660655,0.04797888611554459,1.2002516610067895,0.2524628634534119,0.8329057019235877,-0.14109305897550994
1,2011-08-10 11:30:53.057451,3251,47243.0,33512366.0,1771320.0,573.7923141175023,14.531836358043678,10308.325438326669,128.0,-1243.0,11267661.0,-13867371.0,63.10195694459162,23,1,0,3123.0,3174.4,250.89699081496286,48486.0,43564.4,27058.149277066237,22244705.0,27077177.2,27541445.272330917,15638691.0,4895818.6,6044117.245912104,510.6903571729107,519.6910110642601,45.43023761577059,15.525456292026895,14.218427033805938,10.061241414352832,7122.86423310919,9002.837818261813,9971.730070442247,1.0241305443545161,0.3053045783884562,1.0844405064685596,0.13595164851565608,1.237660992224847,0.23365472422992314,0.3618026207098441,-0.5169487077890873,1.1041028262954666,1.190865509214741,1.0220424750551191,0.031150164408091575,1.1450084569351668,0.13091886872613936
1,2011-08-10 11:31:23.051447,3415,28279.0,13062804.0,1850635.0,485.61042966061495,8.28081991215227,3825.125622254759,164.0,-18964.0,-20449562.0,79315.0,-88.18188445688736,45,1,0,3251.0,3257.0,166.12194316225433,47243.0,35282.0,11894.88240799379,33512366.0,18688299.0,9786295.989163788,1771320.0,4580375.6,6184583.588663356,573.7923141175023,520.006137010664,45.88881691573118,14.531836358043678,10.877084650728275,3.8569796790930986,10308.325438326669,5746.90198978902,3049.6811168995705,1.0485108996005377,0.951108547079343,0.801513519641721,-0.588740582697408,0.6989830374610337,-0.5748339316763994,0.40403564284116783,-0.44137823684746486,0.9338551895777385,-0.7495444350300586,0.761308767679446,-0.6731341500127731,0.6655978523821181,-0.6301564963248967
1,2011-08-10 11:31:53.055110,3258,44005.0,21725319.0,5726634.0,546.1484912034991,13.506752608962554,6668.29926335175,-157.0,15726.0,8662515.0,3875999.0,60.53806154288418,47,1,0,3415.0,3264.8,173.84245741476167,28279.0,34934.8,12110.43858413064,13062804.0,17942958.8,10103829.373336645,1850635.0,4609017.6,6168262.183003501,485.61042966061495,526.9683230022657,33.816711620938754,8.28081991215227,10.755108822732186,3.9441615494657736,3825.125622254759,5517.288192439024,3163.590068069854,0.9979171771621544,-0.039115875955074084,1.2596322291811815,0.7489571857360079,1.2107991353131793,0.37434917596504586,1.2424847325382309,0.18118821263459997,1.0363971938406524,0.5671801686592788,1.2558452759825731,0.697649868298478,1.2086189864957353,0.36383066267957026
1,2011-08-10 11:32:23.064325,3081,31773.0,18215628.0,2013103.0,506.76683544985394,10.312560856864655,5912.245374878286,-177.0,-12232.0,-3509691.0,-3713531.0,-39.38165575364519,24,1,0,3258.0,3302.4,137.76356557523863,44005.0,39345.0,10039.53348019718,21725319.0,20673021.6,8485472.792453777,5726634.0,5423433.0,5945454.149913513,546.1484912034991,527.0853751640079,33.89808145258081,13.506752608962554,12.026231331495381,3.490337801429885,6668.29926335175,6324.8890874546505,2727.737524794126,0.9329578488369268,-1.6071012613090137,0.8075486084635708,-0.7542183125276583,0.8811304100799662,-0.2896000800551017,0.3711861103474496,-0.57360294335961,0.9614511411765255,-0.599400875886669,0.8575056118369919,-0.49097553636146973,0.9347587432962621,-0.15127691312871347
1,2011-08-10 11:32:53.053088,3711,27997.0,13504375.0,2138124.0,511.9138597620588,7.544327674481272,3639.012395580706,630.0,-3776.0,-4711253.0,125021.0,5.147024312204849,36,1,0,3081.0,3225.6,131.34230087829036,31773.0,39957.2,9294.749603943084,18215628.0,21752164.4,7525917.426800498,2013103.0,5400076.6,5961834.1319678305,506.76683544985394,524.6016855208761,35.056767334843,10.312560856864655,12.431485205610015,3.0355475127979092,5912.245374878286,6767.3719863841325,2348.5419242410153,1.1504836309520243,3.695686741822082,0.7006747219524717,-1.2867694676707448,0.6208290242602249,-1.095918136256564,0.39594327236024757,-0.5471391064889157,0.975814363335117,-0.36192229697816275,0.6068725939898022,-1.6099756333624973,0.537729033205477,-1.332043323779751
1,2011-08-10 11:33:23.066567,3181,27965.0,11037098.0,2168768.0,514.8585344885256,8.79126060987111,3469.69443571204,-530.0,-32.0,-2467277.0,30644.0,2.9446747264668147,31,1,0,3711.0,3343.2,237.1396213204426,27997.0,35859.4,9109.27564628495,13504375.0,20004098.4,8352581.823939244,2138124.0,2699963.2,1697933.5187845314,511.9138597620588,524.8463860387059,34.93946271138601,7.544327674481272,10.835259482100891,3.0996033479438228,3639.012395580706,6070.601618878436,2706.2617642418973,0.9514836085184999,-0.6839852366135722,0.7798513081646437,-0.8666331228234069,0.5517418370627492,-1.073560318116223,0.8032583555212898,-0.31284805566489843,0.9809699527007419,-0.28586162392931086,0.8113567214133002,-0.6594388514021532,0.5715569318403908,-0.9610700699878619
1,2011-08-10 11:33:53.083278,3528,24546.0,10112929.0,1667330.0,493.36413835544215,6.957482993197279,2866.476473922902,347.0,-3419.0,-924169.0,-501438.0,-21.494396133083452,37,1,0,3181.0,3329.2,245.84995424039224,27965.0,32003.8,6897.872077677297,11037098.0,15509044.8,4358003.005632982,2168768.0,2779452.8,1652279.4937528037,514.8585344885256,513.0596301129106,21.75131860982046,8.79126060987111,9.687144332466378,2.363925361774284,3469.69443571204,4702.875418355509,1478.889038597355,1.059714045415998,0.8086232946978904,0.7669714221435965,-1.0811740078702885,0.6520665283009562,-1.2382083704451774,0.5998770693281784,-0.6730839450618898,0.961611690722781,-0.9054849551820109,0.7182181614824421,-1.154715534700973,0.6095157151589262,-1.2417422108781662
1,2011-08-10 11:34:23.072470,3526,33678.0,18934829.0,1769069.0,468.5355384191719,9.551332955190016,5370.059273964833,-2.0,9132.0,8821900.0,101739.0,-24.82859993627028,18,1,0,3528.0,3351.8,260.46823222804517,24546.0,31257.2,7570.999683000925,10112929.0,14919069.8,4933618.853355114,1667330.0,2742791.8,1679844.0830909044,493.36413835544215,514.6103718518759,19.460917472315124,6.957482993197279,9.42247694867538,2.6208601162535112,2866.476473922902,4511.145588689138,1670.820598880413,1.051972074705814,0.6687955706122942,1.0774477560369746,0.31974641412745963,1.2691695429965746,0.8139581348626224,0.644988438422486,-0.5796507008009663,0.9104665666418467,-2.3675571049454356,1.0136753855915854,0.04916554136802589,1.1903981302283992,0.5140669715532137
1,2011-08-10 11:34:53.049208,3343,30087.0,16990939.0,1597672.0,478.5219716171104,9.0,5082.542327250972,-183.0,-3591.0,-1943890.0,-171397.0,9.986433197938538,24,1,0,3526.0,3405.4,263.892591786891,33678.0,29191.8,3581.3624083580416,18934829.0,14360971.8,4049886.012364665,1769069.0,1951278.8,223529.77702987226,468.5355384191719,499.08778129501053,18.96307234528976,9.551332955190016,8.631393017920873,1.385808272235402,5370.059273964833,4251.497590811754,1314.7149142691692,0.9816761613904441,-0.23645983988120195,1.0306661459724638,0.24996074061384252,1.1831329548324854,0.6493928945087524,0.8187820213082821,-1.5819225729050983,0.9587932014174027,-1.0845188639447418,1.0427053872151464,0.26598699776741286,1.195471059006139,0.6321102220860954
1,2011-08-10 11:35:23.048692,3207,21866.0,9280138.0,1355117.0,490.380484356096,6.818210165263486,2893.7131275335205,-136.0,-8221.0,-7710801.0,-242555.0,11.85851273898561,39,1,0,3343.0,3457.8,202.16750480728226,30087.0,28854.6,3349.436415279459,16990939.0,14116034.0,3786973.965982634,1597672.0,1868192.6,267657.05624198436,478.5219716171104,493.4388085284618,20.265874268701776,9.0,8.368880846547942,1.0778266179595224,5082.542327250972,4085.5569812862914,1084.985247070225,0.9274683324654613,-1.2405554504807124,0.7577994496544482,-2.0865002745289676,0.6574182238438926,-1.2769815803962605,0.7253625777128114,-1.9169141557625702,0.9938020193780864,-0.15091005360366144,0.8147099103772283,-1.43870141450152,0.7082787342796427,-1.0984885342634814
1,2011-08-10 11:35:53.049151,3426,27221.0,10974418.0,1938476.0,486.0876069492119,7.945417396380619,3203.274372446001,219.0,5355.0,1694280.0,583359.0,-4.292877406884145,19,1,0,3207.0,3357.0,166.93861147141143,21866.0,27628.4,4622.286155140129,9280138.0,13271186.6,4381997.689987461,1355117.0,1711591.2,297625.9469636769,490.380484356096,489.1321334472692,17.45072503424808,6.818210165263486,8.223657344704383,1.2516072840871195,2893.7131275335205,3936.4971276768547,1206.1060743519897,1.0205540661301695,0.41332558951709664,0.9852543035426956,-0.08813820398091786,0.826935701439086,-0.5241373370068051,1.1325578210497922,0.7623152561617518,0.9937756563291107,-0.17446418368909083,0.9661659116343043,-0.22230611122113858,0.8137372563855056,-0.6079255969456814
1,2011-08-10 11:36:23.070392,3113,31657.0,16306004.0,2633957.0,581.404127839062,10.169290073883714,5238.0353356890455,-313.0,4436.0,5331586.0,695481.0,95.3165208898501,24,1,0,3426.0,3406.0,135.32738082148302,27221.0,27479.6,4620.716535343855,10974418.0,13258650.6,4390069.002676318,1938476.0,1665532.8,215745.23296245877,486.0876069492119,483.37794793940645,9.99974241732074,7.945417396380619,8.054488702006285,1.2122537923402712,3203.274372446001,3883.213115023647,1237.3643739715124,0.9139753376391915,-2.1651198613261093,1.1520182244282613,0.9040589198766402,1.2298388796820694,0.6941470391791658,1.5814500921266748,4.488739735762821,1.2027940668711283,9.802870493949893,1.262561839597353,1.7445203170288766,1.3488920593676454,1.0949258352378388
1,2011-08-10 11:36:53.095435,3874,36681.0,19113282.0,2852330.0,412.7289591543624,9.468508002065049,4933.733092410945,761.0,5024.0,2807278.0,218373.0,-168.67516868469954,25,1,0,3113.0,3323.0,165.66079801812793,31657.0,28901.8,4586.269802355736,16306004.0,14497265.6,4147613.354740843,2633957.0,1858858.2,484033.2302580318,581.404127839062,500.9859458361305,45.71427400355984,10.169290073883714,8.696850118143573,1.330794818970879,5238.0353356890455,4357.524887376875,1204.2854666962617,1.1658140234724148,3.3260735586724572,1.2691597063158258,1.6961932758518743,1.3184060034052214,1.1129331509948384,1.5344527086573891,2.052486767221315,0.8238334080703729,-1.9306220781930115,1.0887284329786133,0.5798473756746074,1.1322329120143706,0.4784648000563468
1,2011-08-10 11:37:23.053750,3417,66356.0,50809898.0,2707087.0,483.9728258115306,19.419373719637107,14869.738952297335,-457.0,29675.0,31696616.0,-145243.0,71.24386665716816,34,1,0,3874.0,3392.6,294.9343994857208,36681.0,29502.4,5478.04132879628,19113282.0,14532956.2,4195832.919192147,2852330.0,2075510.4,648341.3279497336,412.7289591543624,489.8246299831686,60.151000177597766,9.468508002065049,8.680285127518578,1.3179531836562082,4933.733092410945,4270.259651066098,1125.8250136418812,1.0071921240343669,0.08273026151735374,2.24917294864139,6.727514048911221,3.496184623469793,8.645945274433053,1.3042994147367313,0.9741421266437695,0.9880532667930007,-0.0972852347303139,2.237181547854444,8.148308086466553,3.482162717806053,9.414855037670586
1,2011-08-10 11:37:53.078246,3502,74020.0,63845141.0,4101821.0,452.1344491207881,21.136493432324382,18231.051113649344,85.0,7664.0,13035243.0,1394734.0,-31.83837669074245,34,1,0,3417.0,3407.4,293.6772037458861,66356.0,36756.2,17426.945736416354,50809898.0,21296748.0,16967988.131256636,2707087.0,2297393.4,633597.8706597926,483.9728258115306,490.91480082205254,59.94397895763818,19.419373719637107,10.764159871446001,5.011515210618175,14869.738952297335,6227.698976075371,4939.667058646335,1.0277631038325328,0.3221223806037515,2.0138099150618944,2.138286339076002,2.997882164920203,2.5075685267378187,1.7854238634097228,2.8479066669226167,0.9210039061009232,-0.6469432355837309,1.9635989880110742,2.0697001052360857,2.9274136697492446,2.4299921421952955
1,2011-08-10 11:38:23.089205,3371,29115.0,12616254.0,2052585.0,508.6621928970632,8.636902996143577,3742.584989617324,-131.0,-44905.0,-51228887.0,-2049236.0,56.52774377627503,27,1,0,3502.0,3466.4,272.1990080804897,74020.0,47187.0,21433.95986512992,63845141.0,32209748.6,23569839.866883997,4101821.0,2846734.2,785013.1565362591,452.1344491207881,483.265593774991,62.418348253616415,21.136493432324382,13.62781652485818,6.153723996416145,18231.051113649344,9295.166573298537,6773.467653302804,0.9724786522037351,-0.3504788671802936,0.6170131604043356,-0.8431479816942176,0.39169054551391314,-0.8312951938010057,0.7210314893466342,-1.0116380768751079,1.0525520530494137,0.4068771416134667,0.6337701259593154,-0.8110395478916848,0.4026377537297651,-0.8197546467905407
1,2011-08-10 11:38:53.058974,3261,32740.0,15805351.0,2545626.0,484.7053183989574,10.039865072063783,4846.780435449249,-110.0,3625.0,3189097.0,493041.0,-23.956874498105776,21,1,0,3371.0,3455.4,275.3330710248998,29115.0,47565.8,21005.33933789217,12616254.0,32538115.8,23208705.5070989,2052585.0,2869556.0,753013.6859575136,508.6621928970632,487.7805109645612,63.48090637606583,8.636902996143577,13.766113644810769,5.999941741907157,3742.584989617324,9403.028696732801,6655.47324894381,0.9437402326790114,-0.7060539414159711,0.6883096678705984,-0.7058110207843482,0.48574880909361073,-0.720969327431119,0.8871149404298083,-0.4301781043834524,0.9936955403148099,-0.04844279549724254,0.7293173171731777,-0.6210474588610762,0.5154488614006685,-0.684586668875263
1,2011-08-10 11:39:23.138336,3198,965239.0,810267710.0,26218557.0,537.3701881053784,301.8258286429018,253367.01375859912,-63.0,932499.0,794462359.0,23672931.0,52.66486970642097,22,1,0,3261.0,3485.0,234.2039709313282,32740.0,47782.4,20804.909115398706,15805351.0,32437985.2,23297155.8293073,2545626.0,2851889.8,760917.4935471133,484.7053183989574,468.4407490765403,37.05821474562974,10.039865072063783,13.740228644446784,6.019585577189322,4846.780435449249,9324.777716684841,6718.684936636506,0.9176470588232661,-1.2254275572591675,10.0,10.0,10.0,10.0,9.193397655126784,10.0,1.1471465476980276,1.8600312913105677,10.0,10.0,10.0,10.0
1,2011-08-10 11:39:53.047482,3123,30368.0,13147064.0,1973523.0,521.1813874559718,9.72398334934358,4209.754723022735,-75.0,-934871.0,-797120646.0,-24245034.0,-16.188800649406517,34,1,0,3198.0,3349.8,121.51008188624888,965239.0,233494.0,409539.6064185978,810267710.0,190668870.8,347068976.2702849,26218557.0,7525135.2,10477607.13052625,537.3701881053784,493.36899486674355,31.75540095065078,301.8258286429018,72.21169277261414,128.47708587998278,253367.01375859912,59011.433849922476,108827.93255874522,0.9322944653409361,-1.8665117863261047,0.1300590165057769,-0.49598621675770416,0.0689523357684877,-0.5114885482064879,0.26225748076924915,-0.5298549688721877,1.056372396477172,0.8758318823174075,0.13465940176514854,-0.4863724063694693,0.07133795009504237,-0.5035626225584809
1,2011-08-10 11:40:23.088737,3264,171197.0,71082625.0,36364331.0,480.96041193750006,52.45006127450981,21777.765012254906,141.0,140829.0,57935561.0,34390808.0,-40.22097551847179,33,1,0,3123.0,3291.0,148.9076895261058,30368.0,226296.4,413508.40091381455,13147064.0,183136304.0,351246800.32745403,1973523.0,7378422.4,10566695.214917772,521.1813874559718,500.8107071956318,33.32404437804618,9.72398334934358,70.27261469855543,129.54181867638263,4209.754723022735,56879.437004067564,110006.91270777279,0.9917958067453686,-0.18132038772306092,0.7565166745913733,-0.13324856249168188,0.3881405458526672,-0.3190169387892975,4.928469668529684,2.7431385130781933,0.9603636763873382,-0.5956748536385154,0.7463798166434473,-0.13758146678820216,0.38287588906158043,-0.3190860567558874
1,2011-08-10 11:40:53.047495,3189,31164.0,15745189.0,1696385.0,443.4345842314205,9.772342427093132,4937.343681404829,-75.0,-140033.0,-55337436.0,-34667946.0,-37.52582770607955,57,1,0,3264.0,3243.4,91.61495511106952,171197.0,245731.8,406791.0884356982,71082625.0,184583800.8,350646698.3067536,36364331.0,13830924.4,16339316.55083006,480.96041193750006,506.57589975897406,23.981433599996176,52.45006127450981,76.53532826699252,127.31016086236102,21777.765012254906,57588.77978378866,109706.42321985138,0.9832274773382921,-0.5937895175897252,0.12682119286148508,-0.5274643572579549,0.08530103363219943,-0.48150634988239993,0.12265159948383492,-0.742658933269981,0.8753566532508333,-2.632924977634811,0.12768407280981087,-0.5244120766727686,0.08573447292930166,-0.479930295392732
1,2011-08-10 11:41:23.050589,3215,47553.0,29514562.0,2316685.0,498.1192932780716,14.790979782270606,9180.268118195956,26.0,16389.0,13769373.0,620300.0,54.68470904665105,32,1,0,3189.0,3207.0,58.36522937506043,31164.0,246141.6,406519.2558776275,15745189.0,185209587.8,350265652.67272633,1696385.0,13759684.4,16404156.890354626,443.4345842314205,493.5303780258456,36.85098896599822,9.772342427093132,76.76241615318243,127.15969341212079,4937.343681404829,57827.73152214617,109561.02491641112,1.0024945431864662,0.13706790987583006,0.193193673885275,-0.4885097006567868,0.15935763558780514,-0.4445055477519943,0.16836759715215557,-0.6975670542829479,1.009298141422566,0.12452624423012339,0.19268517750355768,-0.48735125657763967,0.15875200144553567,-0.4440216166384445
1,2011-08-10 11:41:53.055653,3042,47374.0,35278482.0,1812959.0,530.348081973044,15.573307034845495,11597.13412228797,-173.0,-179.0,5763920.0,-503726.0,32.22878869497248,27,1,0,3215.0,3197.8,50.86944072823534,47553.0,249104.2,404624.8032964613,29514562.0,187951430.0,348658022.59837204,2316685.0,13713896.2,16443555.72714559,498.1192932780716,496.21317300166845,36.53481583521044,14.790979782270606,77.7126390952238,126.5527518463761,9180.268118195956,58694.42905869552,109053.0964913723,0.9512790043151693,-3.0627425378879756,0.19017744381668317,-0.4985611320821463,0.18769999249274133,-0.4378873799094186,0.1321986818013104,-0.7237447543266764,1.0687908157774604,0.9343117842554921,0.2003960644749514,-0.49101525769521764,0.19758492089071047,-0.4318748981156459
1,2011-08-10 11:42:23.049077,3148,36657.0,18131492.0,2130650.0,555.1972055447903,11.64453621346887,5759.686149936468,106.0,-10717.0,-17146990.0,317691.0,24.849123571746304,19,1,0,3042.0,3166.6,86.25137680062595,47374.0,65531.2,59656.75977372556,35278482.0,32953584.4,23235118.267359365,1812959.0,8832776.6,15392378.159130711,530.348081973044,494.8087517752016,34.643185461867205,15.573307034845495,20.462134773612537,18.0891516788666,11597.13412228797,10340.45313143328,7080.1912781496985,0.9941261921300467,-0.2156487315301531,0.5593824010547562,-0.48400550263738074,0.5502130445026794,-0.6379176653824928,0.24122086366364112,-0.43541852537090364,1.122044029237183,1.7431553410213096,0.5690772904064877,-0.4874522982721041,0.5570051985852932,-0.6469835067356089
1,2011-08-10 11:42:53.049707,3388,63489.0,34302242.0,4219712.0,529.7363134849469,18.73937426210153,10124.628689492323,240.0,26832.0,16170750.0,2089062.0,-25.460892059843445,22,1,0,3148.0,3171.6,83.78126282172845,36657.0,66789.0,58790.038344093635,18131492.0,33950470.0,22259324.741857022,2130650.0,8864202.0,15375023.778918404,555.1972055447903,501.61191539296533,43.36022213867833,11.64453621346887,20.84624534643759,17.82255647726153,5759.686149936468,10650.439416816025,6771.8893194404245,1.0682305460962707,2.582916426765704,0.9505906661276414,-0.05613195862682202,1.0103613293129667,0.015803354507808526,0.4760396931387619,-0.30208018321040464,1.0560680423009743,0.6486220942637958,0.8989328269805174,-0.11821374149695336,0.9506301377110837,-0.0776460899640151
1,2011-08-10 11:43:23.072016,3236,237383.0,232737446.0,6254962.0,490.7533893569221,73.35692212608159,71921.3368355995,-152.0,173894.0,198435204.0,2035250.0,-38.98292412802476,29,1,0,3388.0,3196.4,125.79069917924554,63489.0,45247.4,12396.887887691813,34302242.0,26594393.4,9119726.499797164,4219712.0,2435278.2,1027656.4384137013,529.7363134849469,511.36709570245466,43.0381078649319,18.73937426210153,14.104107943955938,3.497489039351595,10124.628689492323,8319.812152263508,2860.678442331741,1.0123889375544324,0.314808648477715,5.246334596020871,10.0,8.751372610739827,10.0,2.568479445182073,3.716887918199676,0.9596890247344217,-0.4789640476237091,5.201103282275734,10.0,8.644586622790968,10.0
1,2011-08-10 11:43:53.064644,3278,57875.0,40341104.0,13885966.0,506.0084254533252,17.655582672361195,12306.62111043319,42.0,-179508.0,-192396342.0,7631004.0,15.255036096403046,15,1,0,3236.0,3205.8,126.85109380688607,237383.0,86491.2,84892.90717839742,232737446.0,69992844.8,91231577.07897387,6254962.0,3346993.6,1878310.899428187,490.7533893569221,520.830856727555,26.32204316352875,73.35692212608159,26.82102388375363,26.136477188168275,71921.3368355995,21716.610783102446,28147.27209657312,1.022521679455667,0.5691712844774168,0.6691432191945461,-0.33708587620711833,0.5763603996275917,-0.32501620326405417,4.148787735955036,5.610877519375716,0.9715407966257366,-0.5631185687820895,0.6582739998377722,-0.35067622713863145,0.5666916091717371,-0.3343126694616552
1,2011-08-10 11:44:23.050261,3302,34364.0,18948533.0,6833803.0,478.1389975729861,10.40702604482132,5738.501817080557,24.0,-23511.0,-21392571.0,-7052163.0,-27.86942788033906,24,1,0,3278.0,3218.4,131.05266117100928,57875.0,88555.6,83828.12401455731,40341104.0,72158153.2,90152778.90470858,13885966.0,5660849.8,4933329.459021017,506.0084254533252,522.4086831626057,24.813511936414375,17.655582672361195,27.393944461771746,25.836524150913004,12306.62111043319,22341.88138154989,27832.125806051306,1.025975640069281,0.6379115025392214,0.388049993450438,-0.6464608463692761,0.262597255607146,-0.590216084811346,1.2072044377506712,0.23776097050545736,0.9152585188237474,-1.784095927302768,0.3799024291286136,-0.657476923640004,0.2568495338006405,-0.5965544881540742
1,2011-08-10 11:44:53.052742,3987,31434.0,14261524.0,2091109.0,419.1395766676699,7.884123401053424,3577.0062703787307,685.0,-2930.0,-4687009.0,-4742694.0,-58.999420905316185,15,1,0,3302.0,3270.4,88.10675343016092,34364.0,85953.6,85608.95224098938,18948533.0,68892163.4,92097657.76623297,6833803.0,6665018.6,4440685.164227948,478.1389975729861,511.96686628259414,30.880636361757517,10.40702604482132,26.36068826376691,26.521659813605872,5738.501817080557,21170.15492050841,28512.570965866817,1.2191169275925822,8.133315235135633,0.3657089406377351,-0.6368446123079111,0.2070122826190707,-0.5931816370256269,0.31374391063214735,-1.0300008739293756,0.8186849662952518,-3.0060031316866005,0.299086401761033,-0.6966594471036148,0.16896457696270173,-0.6170312972194021
1,2011-08-10 11:45:23.119921,2964,73397.0,85301298.0,1406788.0,494.4397883451417,24.762820512820515,28779.115384615383,-1023.0,41963.0,71039774.0,-684321.0,75.3002116774718,42,1,0,3987.0,3438.2,311.76946611238657,31434.0,84909.0,86389.1585819656,14261524.0,68118169.8,92645534.07195963,2091109.0,6657110.4,4450802.642258663,419.1395766676699,484.75534050717005,41.41304926537024,7.884123401053424,25.608605701283825,27.090514641333222,3577.0062703787307,20733.61894459686,28822.51865182772,0.8620789948226217,-1.5209956443506862,0.8644195550530466,-0.13325746180381348,1.252254695780156,0.1854717377596801,0.21132111614072072,-1.1796349607035377,1.0199780116436046,0.23385015132986114,0.9669726185292516,-0.031220713213828605,1.3880411066450016,0.27913925695414743
1,2011-08-10 11:45:53.065515,3285,65472.0,54043374.0,3263333.0,446.8405658575343,19.930593607305937,16451.559817351597,321.0,-7925.0,-31257924.0,1856545.0,-47.59922248760745,22,1,0,2964.0,3353.4,379.2068037364346,73397.0,86890.6,85887.16861848456,85301298.0,78317981.0,90780424.80774577,1406788.0,6094525.6,4981993.644591761,494.4397883451417,477.69603547920906,34.21072295470324,24.762820512820515,26.813294951427622,26.841463099103184,28779.115384615383,24464.516283621473,28308.707537176484,0.9796027911967019,-0.18037651045776257,0.7534992277645596,-0.24938067402294203,0.6900506538849616,-0.2673991342451703,0.53545316144049,-0.5682850685836223,0.9354077335147716,-0.9019239278172254,0.7433101244239833,-0.25642049833323827,0.672466180267988,-0.28305624535300866
1,2011-08-10 11:46:23.048908,3031,49769.0,37679232.0,2007967.0,499.6768198050148,16.41999340151765,12431.287363906302,-254.0,-15703.0,-16364142.0,-1255366.0,52.83625394748054,38,1,0,3285.0,3363.2,376.0341739789122,65472.0,52508.4,18751.923349352724,54043374.0,42579166.6,28818020.463024095,3263333.0,5496199.8,5135196.821547652,446.8405658575343,468.9134707793314,35.62791237948977,19.930593607305937,16.12802924767249,6.929004196528394,16451.559817351597,13370.56087997189,10027.588339656126,0.9012250237866017,-0.8834303448647357,0.9478292996929835,-0.14608634799557313,0.8849217823817153,-0.1700302283526734,0.36533733726346695,-0.6792792800780538,1.0656055987760158,0.8634620153194758,1.0181029032340818,0.04213652431460578,0.9297506271802344,-0.09366893456833959
1,2011-08-10 11:46:53.064956,3375,315899.0,176508129.0,148797455.0,560.8115544106666,93.59970370370372,52298.70488888889,344.0,266130.0,138828897.0,146789488.0,61.13473460565183,24,1,0,3031.0,3313.8,405.12430191239207,49769.0,50887.2,18520.94076174318,37679232.0,42046792.2,28894188.585263055,2007967.0,3120600.0,2181926.0248497035,499.6768198050148,467.64714964966936,34.05775497987067,16.41999340151765,15.880911393503784,6.882784393954238,12431.287363906302,13395.494130666513,10024.436021645497,1.0184682237911102,0.15106474657519614,6.207828294738045,10.0,4.197897622259041,4.653577185710608,10.0,10.0,1.1992194431840133,2.735482852975049,5.893849627301465,10.0,3.904201246981755,3.8808378520463225
1,2011-08-10 11:47:23.052044,3492,105342.0,18376990.0,7189725.0,626.7165557310997,30.166666666666668,5262.597365406644,117.0,-210557.0,-158131139.0,-141607730.0,65.90500132043303,29,1,0,3375.0,3328.4,405.90737859763397,315899.0,107194.2,117768.78591418016,176508129.0,73558711.4,63088851.61745894,148797455.0,31513330.4,65567266.43884138,560.8115544106666,484.18166101720544,54.41116569208171,93.59970370370372,32.51944692528026,34.697023713098105,52298.70488888889,22707.53474502818,18862.774479109685,1.0491527460638597,0.40304761289340724,0.9827210800584268,-0.015727427141430383,0.24982751397137715,-0.8746667594236135,0.2281486884674049,-0.3709717778563808,1.294383092521827,2.6195890659261747,0.9276500530606436,-0.06780928179893463,0.23175555710901902,-0.9248341170033437
1,2011-08-10 11:47:53.095780,3292,77899.0,25625349.0,5747140.0,661.8231970085055,23.663122721749698,7784.127885783718,-200.0,-27443.0,7248359.0,-1442585.0,35.106641277405856,22,1,0,3492.0,3229.4,225.30490451830673,105342.0,121975.8,110282.92251160194,18376990.0,74381804.6,62141554.78557821,7189725.0,32533053.6,65032755.599715404,626.7165557310997,525.6970568298914,69.48090175550699,30.166666666666668,36.97595557840291,32.07361797924573,5262.597365406644,23044.652964033765,18445.84994782446,1.0193844057716543,0.2778457048396637,0.6386430751017772,-0.3996702208844951,0.3445109881079707,-0.7846030851374091,0.17665541238957044,-0.41188341710246124,1.2589440789306223,1.9591878737507278,0.6399597346696027,-0.41507112995024886,0.33778455670095003,-0.8273148226519688
1,2011-08-10 11:48:23.049204,3575,70266.0,14728809.0,4463655.0,613.7569598290909,19.654825174825174,4119.946573426573,283.0,-7633.0,-10896540.0,-1283485.0,-48.06623717941466,30,1,0,3292.0,3295.0,169.56857020097524,77899.0,122876.2,109804.48861362635,25625349.0,62446614.8,65176690.951267384,5747140.0,33401124.0,64540510.97887551,661.8231970085055,559.1737385625643,88.4028434818139,23.663122721749698,36.756016020188746,32.18189267510175,7784.127885783718,18845.65546426743,19188.793523735654,1.0849772382394278,1.651249401150747,0.5718438558484021,-0.4791261328589328,0.23586240899002264,-0.7321299241116522,0.133637867995101,-0.4483613247107914,1.0976140642901846,0.6174373935962585,0.5347376376018216,-0.5313917058104822,0.21861519124331,-0.7674119205371128
1,2011-08-10 11:48:53.056634,3492,71185.0,27375245.0,4216106.0,533.9869918628293,20.38516609392898,7839.417239404353,-83.0,919.0,12646436.0,-247549.0,-79.76996796626156,21,1,0,3575.0,3353.0,210.05594492897092,70266.0,123835.0,109197.18100528052,14728809.0,54583701.8,68719087.05669765,4463655.0,33641188.4,64402470.334690854,613.7569598290909,592.5570173568756,63.34157556699893,19.654825174825174,36.7008623336926,32.218153050411686,4119.946573426573,16379.332815482427,20331.873123976402,1.0414554130626181,0.6617284745087326,0.574837485363584,-0.48215530396754,0.5015278205260897,-0.39593740204306377,0.12532571530677555,-0.4568936912991359,0.9011571481235656,-0.9246695392218296,0.5554410658808768,-0.5064131458351466,0.4786163959006762,-0.4200260115732741
1,2011-08-10 11:49:23.152418,3311,54698.0,20822413.0,3653305.0,553.873757103594,16.520084566596193,6288.859257022048,-181.0,-16487.0,-6552832.0,-562801.0,19.886765240764703,27,1,0,3492.0,3445.2,111.38536708204781,71185.0,128118.2,105937.03140403735,27375245.0,52522904.4,69502799.0375623,4216106.0,34082816.2,64138351.13132323,533.9869918628293,599.4190517684385,51.51917116232688,20.38516609392898,37.49389687217486,31.637720067061785,7839.417239404353,15460.958790582037,20655.90895983923,0.9610472541504236,-1.2048261231651878,0.4269338782468031,-0.6930551010059849,0.3964444319648096,-0.456103809328135,0.107189059101284,-0.4744355079801724,0.9240176058278456,-0.8840455627761578,0.4406072973016456,-0.6629369076045302,0.40675739080634943,-0.444042407012571
1,2011-08-10 11:49:53.049431,4009,60999.0,28883057.0,3711170.0,424.6183107585433,15.215515091045148,7204.554003492142,698.0,6301.0,8060644.0,57865.0,-129.2554463450507,24,1,0,3311.0,3432.4,124.38770035659708,54698.0,75878.0,18535.93085064784,20822413.0,21385761.2,5184908.360462169,3653305.0,5053986.2,1419003.558100526,553.873757103594,598.0314923070239,52.89401761209597,16.520084566596193,22.077973044753357,5.185726306785785,6288.859257022048,6258.989664208667,1611.90826857721,1.1679874140539657,4.6355065520333305,0.8039089064023721,-0.8027112379672676,1.3505741848459432,1.445984244807696,0.7343055269917435,-0.946309255064511,0.7100266728760133,-3.2785027376242524,0.6891717396118398,-1.3233359314403075,1.1510729990000508,0.5866117555917212
1,2011-08-10 11:50:23.058149,3588,565027.0,560881269.0,13310157.0,505.41129598550725,157.476867335563,156321.4239130435,-421.0,504028.0,531998212.0,9598987.0,80.79298522696394,37,1,0,4009.0,3535.8,290.4078166992104,60999.0,67009.4,9142.209049239631,28883057.0,23486974.6,5757915.209574847,3711170.0,4358275.2,847937.282344607,424.6183107585433,557.6118433125126,89.82158279545115,15.215515091045148,19.08774272962905,3.336390537892375,7204.554003492142,6647.380991825767,1544.3484269265607,1.0147632784656895,0.1797472278574587,8.432055801126284,10.0,10.0,10.0,3.053996452541592,10.0,0.9063855117964988,-0.5811581771532512,8.250156634962842,10.0,10.0,10.0
1,2011-08-10 11:50:53.048055,3594,41524.0,15341130.0,2727097.0,516.8877545609349,11.55370061213133,4268.539232053422,6.0,-523503.0,-545540139.0,-10583060.0,11.476458575427673,28,1,0,3588.0,3595.0,256.4712459516699,565027.0,164435.0,224041.58586632973,560881269.0,130538158.6,240635039.72812888,13310157.0,5870878.6,4172630.6941542937,505.41129598550725,526.3294631079129,69.36069003636393,157.476867335563,45.85049165239171,62.43780518423032,156321.4239130435,36354.84019727772,67078.12854596991,0.999721835882893,-0.0038990725696577445,0.2525253139538404,-0.5486079717063422,0.11752218787618167,-0.4787209241436758,0.46451258590153777,-0.7534291506804867,0.9820612198066817,-0.1361247781977351,0.2519864061539821,-0.5492952697250367,0.11741323050494214,-0.47834222064252235
1,2011-08-10 11:51:23.047549,3418,36061.0,14175679.0,2433115.0,563.936600623464,10.550321825629023,4147.36073727326,-176.0,-5463.0,-1165451.0,-293982.0,47.04884606252904,29,1,0,3594.0,3598.8,256.24148766349674,41524.0,158686.6,227405.26688997334,15341130.0,130660622.8,240561512.05872762,2727097.0,5523567.0,4385867.7986751655,516.8877545609349,506.9556220542818,49.5289596619489,11.55370061213133,44.230266739852944,63.38542686318938,4268.539232053422,36384.55872900309,67060.30726825848,0.9497610314546655,-0.7055844143268715,0.22724666102871807,-0.5392381701490232,0.10849235750007462,-0.4842210327126762,0.4404970556164159,-0.7046386580401555,1.1123983561661115,1.1504578120950906,0.2385317250615697,-0.5313515516174895,0.11398683623355796,-0.4807195091244104
1,2011-08-10 11:51:53.060743,3588,90500.0,49872336.0,6535345.0,492.207843766165,25.222965440356745,13899.759197324414,170.0,54439.0,35696657.0,4102230.0,-71.72875685729895,25,1,0,3418.0,3584.0,265.9069386082319,36061.0,151661.8,231293.31504325845,14175679.0,128020709.6,242046168.88736755,2433115.0,5166968.8,4586637.474948009,563.936600623464,512.9455438064086,55.111733171739374,10.550321825629023,42.26329788619295,64.45396494159513,4147.36073727326,35646.14742857687,67472.26248449573,1.001116071428292,0.015042856801410018,0.5967224442806258,-0.26443392879107086,0.38956459588316483,-0.32286556717353015,1.2648315197877718,0.29833973307766404,0.9595713418478788,-0.37628466474179734,0.5968054245951323,-0.26437989441010956,0.3899372078055437,-0.32230115651226576
1,2011-08-10 11:52:23.086475,4002,51313.0,26616819.0,17245312.0,479.67087206146925,12.82183908045977,6650.879310344828,414.0,-39187.0,-23255517.0,10709967.0,-12.53697170469576,34,1,0,3588.0,3639.4,219.64016026219298,90500.0,158822.2,228072.80688565221,49872336.0,133830694.2,239161193.23028278,6535345.0,5743376.8,4529597.601315313,492.207843766165,500.6123611389229,50.35774299569859,25.222965440356745,44.003874060945066,63.698049926028496,13899.759197324414,37168.327416637345,66726.10937976817,1.0996318074404847,1.6508820589344835,0.3230845561892461,-0.47138105356813065,0.19888426312892876,-0.44829127063589386,3.0026433230012,2.5392841069723375,0.9581682541142839,-0.4158544015530352,0.29137977857154646,-0.48952887908196496,0.17893942968678145,-0.45735392622104787
1,2011-08-10 11:52:53.078679,3941,46959.0,23868743.0,2859333.0,478.7210091563055,11.91550367926922,6056.519411316925,-61.0,-4354.0,-2748076.0,-14385979.0,-0.9498629051637408,21,1,0,4002.0,3638.0,216.697946460048,51313.0,156885.0,229150.00920248727,26616819.0,133377446.6,239411824.42808378,17245312.0,8450205.2,6587849.927160714,479.67087206146925,511.6228733995081,32.40718473134587,12.82183908045977,43.52513885882799,63.97689038608187,6650.879310344828,37057.59247800788,66788.69721456604,1.083287520615425,1.3982596741149322,0.29932115881059185,-0.4797119597881576,0.1789563648761589,-0.457407247372174,0.33837438645868617,-0.8486641714392542,0.9356911781024959,-1.0152645012191681,0.2737614167675124,-0.49407895551518305,0.1634353180096913,-0.4641664586912982
1,2011-08-10 11:53:23.047525,3432,31281.0,11922864.0,2311409.0,568.8415196046037,9.11451048951049,3474.027972027972,-509.0,-15678.0,-11945879.0,-547924.0,90.1205104482982,23,1,0,3941.0,3708.6,251.1071484446462,46959.0,53271.4,21586.162565403225,23868743.0,25974941.4,14389528.182815054,2859333.0,6360040.4,6312563.71559488,478.7210091563055,506.2848160336677,35.71546297946201,11.91550367926922,14.412866127569227,6.097550929353466,6056.519411316925,7004.611577662569,4006.7767661500984,0.9254165992555343,-1.1015218073724882,0.5872006367394026,-1.0187266927769572,0.45901408655343495,-0.9765488639705321,0.3634267794902686,-0.6413608768808232,1.1235602996350822,1.7515299635106898,0.6323870913810599,-0.8689317561389519,0.4959629714666855,-0.8811530593520109
1,2011-08-10 11:53:53.048750,3636,84642.0,72433952.0,3867292.0,562.9208713462596,23.278877887788777,19921.328932893288,204.0,53361.0,60511088.0,1555883.0,-5.920648258344158,24,1,0,3432.0,3676.2,278.5429948858914,31281.0,51222.8,23390.394036869406,11922864.0,25291288.2,15085424.349115804,2311409.0,6276902.8,6374802.385497407,568.8415196046037,516.6755690424015,45.725969916327955,9.11451048951049,13.92502810304506,6.469704874954861,3474.027972027972,6845.709325657479,4155.409706110461,0.9890647951686554,-0.14432242324501438,1.6524282155602261,1.428757461174922,2.8639882408204103,3.125047244876684,0.6161146863704818,-0.3779898817697993,1.0895054944991474,1.0113574930716398,1.6717293289358988,1.4457923451049515,2.910045984311068,3.1466499170960636
1,2011-08-10 11:54:23.074912,3489,43555.0,22270959.0,3398676.0,571.4051508693035,12.483519633132705,6383.192605331041,-147.0,-41087.0,-50162993.0,-468616.0,8.484279523043938,26,1,0,3636.0,3719.8,242.79044462252125,84642.0,60939.0,25511.67463143128,72433952.0,36942942.8,24136843.304664925,3867292.0,6563738.2,6188145.292394882,562.9208713462596,516.4724231869607,45.46502457117954,23.278877887788777,16.47073931547701,7.265173090286085,19921.328932893288,10000.502964781486,6763.816374354738,0.9379536534219748,-0.9506140176063608,0.7147311245671785,-0.6814135195414267,0.6028474537226093,-0.6078667212113998,0.5177957889910965,-0.511471862803513,1.106361395526729,1.2082414603148959,0.7579210254784635,-0.5488127581057379,0.6382871569369988,-0.5348031583419499
1,2011-08-10 11:54:53.070973,3824,27474.0,9471904.0,1920149.0,487.13040705883895,7.184623430962343,2476.9623430962342,335.0,-16081.0,-12799055.0,-1478527.0,-84.27474381046454,25,1,0,3489.0,3700.0,259.6757593615577,43555.0,51550.0,19943.459454167314,22270959.0,31422667.4,23590673.56236262,3398676.0,5936404.4,6348654.241492959,571.4051508693035,532.3118846075884,48.586690314088244,12.483519633132705,13.922850154032204,5.430670374973879,6383.192605331041,8497.189646382812,6511.10259839194,1.0335135135132343,0.47751858049588664,0.5329582929194854,-1.2072128235990651,0.3014353899185529,-0.9304848096843241,0.32345320005490186,-0.6326152358008288,0.9151221701860526,-0.9299147000082576,0.5160310820673143,-1.2407725486121957,0.29150371430751415,-0.9246094977481203
1,2011-08-10 11:55:23.049434,3295,80158.0,53268082.0,28151392.0,585.5147534719272,24.327162367223064,16166.337481031867,-529.0,52684.0,43796178.0,26231243.0,98.38434641308822,28,1,0,3824.0,3664.4,216.5416818998175,27474.0,46782.2,22676.553545457835,9471904.0,27993684.4,25622400.98737513,1920149.0,2871371.8,788738.6844646075,487.13040705883895,533.8037916070623,46.641791029720736,7.184623430962343,12.795407024132718,6.241084777866182,2476.9623430962342,7662.406252933091,7052.088104659572,0.8991922279224704,-1.7059071341710381,1.7134294667629633,1.4718197777758772,1.9028607038236096,0.986418002452362,9.804161202669746,10.0,1.0968726012756256,1.108683022716802,1.9012417752276023,1.8477165030892786,2.1098251577096225,1.2058742179466975
1,2011-08-10 11:55:53.054501,3472,34717.0,14934749.0,2126597.0,547.2852173513825,9.99913594470046,4301.483006912443,177.0,-45441.0,-38333333.0,-26024795.0,-38.22953612054471,29,1,0,3295.0,3535.2,202.51345634303473,80158.0,53422.0,27158.71117155627,53268082.0,33873552.2,27726095.71862508,28151392.0,7929783.6,11331703.992971336,585.5147534719272,555.1625404701865,38.92543054136544,24.327162367223064,15.277738761723487,8.018756978755967,16166.337481031867,9684.36986687608,7877.564281666248,0.9821226521834743,-0.3120780275096097,0.6498633521769936,-0.6887292950627694,0.4408970429738396,-0.6830677998156737,0.2681784405819094,-0.5121195014977019,0.9858107805452467,-0.2023695822768246,0.6544905695794189,-0.6582819295246517,0.44416756753834535,-0.6833186842398418
1,2011-08-10 11:56:23.059790,3277,36071.0,16743200.0,2487486.0,617.5332142114738,11.007323771742447,5109.307293256027,-195.0,1354.0,1808451.0,360889.0,70.24799686009135,33,1,0,3472.0,3543.2,198.16079329676245,34717.0,54109.2,26493.74593559799,14934749.0,34475929.2,27156844.437164944,2126597.0,7892821.2,11354889.607683508,547.2852173513825,550.8512800195423,38.218972668409165,9.99913594470046,15.454663852761481,7.8569015276805185,4301.483006912443,9849.860873852975,7721.629753109896,0.9248701738538821,-1.3433535240242989,0.6666334006046908,-0.6808474741113341,0.48564898433542436,-0.6529745840327545,0.31515803246626184,-0.4760359093533039,1.1210525174570618,1.7447338202605431,0.712233140487452,-0.5660424869504399,0.518718726963795,-0.6139317387870183
1,2011-08-10 11:56:53.053520,3589,38177.0,14026106.0,3513216.0,570.1885905185288,10.6372248537197,3908.081916968515,312.0,2106.0,-2717094.0,1025730.0,-47.34462369294499,23,1,0,3277.0,3471.4,219.96886143270933,36071.0,44395.0,20790.446544026334,16743200.0,23337778.8,17344473.309008338,2487486.0,7616860.0,11493107.30802918,617.5332142114738,561.7737485925852,48.8545371522749,11.007323771742447,13.000353029552215,6.621289657392736,5109.307293256027,6887.456545925522,5377.114620130201,1.0338768220311592,0.5346211242514446,0.8599391823403343,-0.299079675216803,0.6010043252273862,-0.5368668528645216,0.46124203411904635,-0.3570526133635905,1.0149790586441791,0.1722427929169224,0.8182258457690408,-0.3568984741268888,0.567420192186895,-0.5540842699916838
1,2011-08-10 11:57:23.047407,3642,65964.0,38833508.0,3970891.0,536.8190100420098,18.11202635914333,10662.687534321802,53.0,27787.0,24807402.0,457675.0,-33.36958047651899,35,1,0,3589.0,3491.4,226.42062626890333,38177.0,43319.4,20982.99321593601,14026106.0,21688808.2,17855647.867816754,3513216.0,7639768.0,11482707.175510215,570.1885905185288,561.5304365224304,48.79757384455005,10.6372248537197,12.631094073669614,6.708230095219706,3908.081916968515,6392.434408253017,5546.408816207817,1.0431345592023133,0.6651337489919231,1.5227357719635655,1.0791882629405305,1.7904860258757787,0.9601835747949434,0.5197659143576087,-0.3195132422974967,0.9559927211881606,-0.5064068668379916,1.4339237956801518,0.8170459580034961,1.6680167293627546,0.7699131577876847
1,2011-08-10 11:57:53.057069,2977,27821.0,7282458.0,1810410.0,672.2460128149144,9.345314074571716,2446.2405105811217,-665.0,-38143.0,-31551050.0,-2160481.0,135.42700277290453,17,1,0,3642.0,3455.0,166.20619723705414,65964.0,51017.4,20775.882684016473,38833508.0,27561129.0,17660435.07552588,3970891.0,8049916.4,11261835.604153417,536.8190100420098,571.4681571190645,32.0402544219277,18.11202635914333,14.816574659305811,6.254925126385554,10662.687534321802,8029.57944649813,5304.562279596118,0.8616497829230502,-2.8759457104681196,0.5453237522884242,-1.1165061120529234,0.264229306426453,-1.1482543274430717,0.22489798776046913,-0.554039911371006,1.1763490308939062,3.1453512935819337,0.6307337754392168,-0.8747124023562827,0.304653628110956,-1.0525541301291053
1,2011-08-10 11:58:23.053609,3305,25284.0,7541773.0,1780202.0,613.5619202290469,7.650226928895613,2281.9282904689862,328.0,-2537.0,259315.0,-30208.0,-58.68409258586746,19,1,0,2977.0,3391.4,270.71996601655144,27821.0,40550.0,14727.655074723101,7282458.0,18364004.2,11989635.214171544,1810410.0,2781720.0,923094.926496069,672.2460128149144,588.8144089876619,56.03730604203931,9.345314074571716,11.820205000775541,3.57381489203177,2446.2405105811217,5285.560052407982,3157.2200627101606,0.9745237954824041,-0.31914897623176625,0.6235265104808725,-1.0365533360568593,0.4106823826581351,-0.9026322324809604,0.6399644824065683,-1.0849566726594546,1.042029391371198,0.44162564171764035,0.6472160954692794,-1.1668142298053987,0.4317287605934889,-0.9513533115457666
1,2011-08-10 11:58:53.077609,3488,37103.0,15938154.0,2136058.0,580.410107090883,10.637327981651376,4569.424885321101,183.0,11819.0,8396381.0,355856.0,-33.1518131381639,23,1,0,3305.0,3358.0,268.58332040542444,25284.0,38663.4,16192.944954516994,7541773.0,16885409.0,12936721.844886163,1780202.0,2712441.0,994770.2289073007,613.5619202290469,602.0697495631948,51.4051650119168,7.650226928895613,11.350423197614571,4.001798390414357,2281.9282904689862,4881.64910911929,3431.8300503096666,1.0387135199520432,0.4840211216514934,0.9596414179818392,-0.09636295339623409,0.9439009739118549,-0.07322218189103649,0.7875039493946594,-0.5794131983956976,0.9640246956619395,-0.4213514822269183,0.9371745701032332,-0.17819368849093006,0.9360412399949298,-0.09097892938198526
1,2011-08-10 11:59:23.112817,3359,104048.0,91695980.0,3999941.0,565.2557578993748,30.97588568026198,27298.594819886872,-129.0,66945.0,75757826.0,1863883.0,-15.154349191508231,16,1,0,3488.0,3400.2,269.25025533878835,37103.0,38869.8,16158.18036475696,15938154.0,16724399.8,12943941.992209522,2136058.0,2642155.4,1026545.6049426562,580.410107090883,594.6451281390766,51.29415248410867,10.637327981651376,11.276424039596357,4.013133738867625,4569.424885321101,4773.672627532304,3431.369664254938,0.987883065701727,-0.1530174964848455,2.676833943061125,4.033758661473905,5.482766562420972,5.7920207186591695,1.5138931646488314,1.322674407705292,0.9505766231825937,-0.572957516906707,2.746959990928455,4.908747855812904,5.718572878759147,6.5644114147750665
1,2011-08-10 11:59:53.053225,3472,49415.0,25116566.0,3048469.0,543.3321527353111,14.232430875576036,7234.033986175115,113.0,-54633.0,-66579414.0,-951472.0,-21.9236051640637,27,1,0,3359.0,3354.2,247.7169755991763,104048.0,52044.0,33257.582691771444,91695980.0,32258374.6,35626948.08712041,3999941.0,2739500.4,1145931.7647310346,565.2557578993748,593.6585616152457,51.92568391322171,30.97588568026198,15.344156204904815,9.609226791391118,27298.594819886872,9451.775208115976,10539.175072226628,1.0351201478739982,0.47554270237068225,0.9494850511105806,-0.07904964183251917,0.7786060615713725,-0.200460858520235,1.112782827116944,0.2696221620774417,0.9152266771931662,-0.9692006938814911,0.927547314077723,-0.11569352595664384,0.765362466509221,-0.21042835010730157
1,2011-08-10 12:00:23.052492,3454,32428.0,12760563.0,2721284.0,568.300056545165,9.388535031847134,3694.430515344528,-18.0,-16987.0,-12356003.0,-327185.0,24.967903809853965,26,1,0,3472.0,3320.2,206.5930782964498,49415.0,48734.2,32336.661032023945,25116566.0,29514986.2,35522034.96174752,3048469.0,2555016.0,956766.0051547531,543.3321527353111,594.9611901539059,50.196203047587204,14.232430875576036,14.568237108191358,9.485693621284097,7234.033986175115,8766.044498486639,10552.224638047504,1.0402987771817842,0.6476499653456774,0.6654054031870706,-0.5042635658595358,0.4323418250488628,-0.47166282050119795,1.065075130644974,0.17378125801314045,0.9551884491780055,-0.5311384525027594,0.6444523768715805,-0.5460541192449966,0.4214478395565878,-0.4806203579911695
1,2011-08-10 12:00:53.082827,3754,56162.0,38900883.0,2691680.0,509.62043525865744,14.960575386254662,10362.515450186467,300.0,23734.0,26140320.0,-29604.0,-58.6796212865076,23,1,0,3454.0,3415.6,79.58203314820919,32428.0,49655.6,31650.133969700913,12760563.0,30610607.2,34740766.150939845,2721284.0,2737190.8,861520.9542274545,568.300056545165,574.1719988999562,25.76603902509754,9.388535031847134,14.57688129964644,9.479761981213185,3694.430515344528,9015.68249943932,10378.674404013804,1.0990748331183104,4.2522160669799725,1.1310305383481194,0.20557258955770796,1.2708301650416134,0.23863249773999942,0.9833731722319099,-0.05282610919291027,0.8875745181481172,-2.505296354473292,1.026322097140985,0.04047507599116367,1.1493877974107625,0.12976926516031276
1,2011-08-10 12:01:23.049845,3343,24788.0,7326187.0,1790059.0,572.5691198007778,7.414896799282082,2191.500747831289,-411.0,-31374.0,-31574696.0,-901621.0,62.94868454212036,42,1,0,3754.0,3505.4,147.72880558646085,56162.0,55831.2,28568.304547172815,38900883.0,36882429.2,32278329.171875175,2691680.0,2919486.4,687196.9621197276,509.62043525865744,553.3837019058783,27.884256646116775,14.960575386254662,16.03895099111825,8.673868663238936,10362.515450186467,10631.799931382815,9673.144072887575,0.9536714782903652,-1.0993116701525985,0.44398114316008896,-1.0866308131355669,0.19863623841783173,-0.9156682814224787,0.6131417498639485,-1.64352792904696,1.0346692861170097,0.6880376313306982,0.4623055961032526,-0.9942569487352111,0.20612697398135177,-0.8725497232288302
1,2011-08-10 12:01:53.064542,3207,38931.0,21689484.0,1931556.0,602.6868402213908,12.139382600561271,6763.169317118803,-136.0,14143.0,14363297.0,141497.0,30.117720420612955,22,1,0,3343.0,3476.4,165.1977602753816,24788.0,53368.2,31012.880569208904,7326187.0,35160035.8,33866051.32991451,1790059.0,2850286.6,794805.2892580564,572.5691198007778,551.8155044478572,26.15092991208526,7.414896799282082,15.394464754644392,9.274480543011258,2191.500747831289,10156.215103884853,10094.976714774748,0.9225060407315261,-1.6307727147709783,0.7294793528730457,-0.46552270330971723,0.6168788940766665,-0.39775974083229504,0.6776707998416718,-1.1559190815874232,1.0921890294172558,1.9452973925825432,0.7885550289178035,-0.3509719103551305,0.6659143438711885,-0.3361122945236456
1,2011-08-10 12:02:23.076780,3278,30958.0,7939280.0,2947965.0,612.7257602406955,9.44417327638804,2421.989017693716,71.0,-7973.0,-13750204.0,1016409.0,10.038920019304785,25,1,0,3207.0,3446.0,202.07300660900395,38931.0,40344.8,12640.618287885174,21689484.0,21158736.6,12171674.222277049,1931556.0,2436609.6,546255.2438243369,602.6868402213908,559.3017209122604,34.8658849982697,12.139382600561271,11.627164138704249,3.1982835038900377,6763.169317118803,6049.13000333124,3199.416226240429,0.9512478235632759,-0.8313826909312829,0.767335567408916,-0.7425902583416835,0.3752246719683632,-1.0860836692297646,1.2098634922886287,0.9361107390383955,1.095519175661039,1.5322725733063753,0.8122507915871104,-0.6825507679286432,0.4003863392520135,-1.1336883759880696
1,2011-08-10 12:02:53.048199,3795,157836.0,111526576.0,6091223.0,547.7576163599473,41.5905138339921,29387.767061923583,517.0,126878.0,103587296.0,3143258.0,-64.96814388074824,24,1,0,3278.0,3407.2,214.09974311054813,30958.0,36653.4,12008.874210350346,7939280.0,17723279.4,13159373.103111638,2947965.0,2416508.8,519295.5263046138,612.7257602406955,573.1804424133372,40.30671800313197,9.44417327638804,10.66951261886665,2.9286780999492756,2421.989017693716,5086.72100963496,3466.4843747057603,1.1138177976047448,1.811305302678259,4.306176234673883,10.0,6.292660262411707,7.128249641148897,2.5206707296079363,7.0763448053362215,0.9556460336516289,-0.6307342128620784,3.898070635068231,10.0,5.777349889300646,7.010285760871003
1,2011-08-10 12:03:23.057397,3877,44159.0,23296500.0,2895939.0,513.5578268189322,11.389992262058293,6008.898632963632,82.0,-113677.0,-88230076.0,-3195284.0,-34.19978954101509,22,1,0,3795.0,3475.4,277.6225855365562,157836.0,61735.0,54997.24421277865,111526576.0,37476482.0,43347898.55357788,6091223.0,3090496.6,1747713.515637097,547.7576163599473,569.0719543762938,41.94231041949768,41.5905138339921,17.109908379295643,13.9766103407181,29387.767061923583,10225.38831895077,11232.084774387658,1.1155550440233886,1.4465681861668,0.7152992629788497,-0.319579648972955,0.6216298530902661,-0.32712040198381437,0.9370464927869518,-0.11132121955873162,0.9024479643894807,-1.3235829643335815,0.6656956898246982,-0.40924916538341577,0.5876450307345998,-0.3753968894182099
1,2011-08-10 12:03:53.048513,3338,41793.0,21538148.0,2962633.0,542.7172434718394,12.5203714799281,6452.411024565608,-539.0,-2366.0,-1758352.0,66694.0,29.159416652907225,38,1,0,3877.0,3500.0,311.82366812030546,44159.0,59334.4,55560.39625758635,23296500.0,34355605.4,43779289.77722942,2895939.0,3131348.4,1738423.4065977945,513.5578268189322,569.8594326883488,40.56126303476806,11.389992262058293,16.39579175445637,14.203261436805374,6008.898632963632,9354.664955506203,11386.484302230845,0.9537142857140132,-0.5195243868947718,0.7043637417754169,-0.3157176906851981,0.6269180167030327,-0.2927744480374518,0.9461205275018261,-0.09705081015342897,0.952370378271328,-0.669165286903778,0.7636332338608434,-0.27285425192645624,0.6897533001186746,-0.2548858676573004
1,2011-08-10 12:04:23.049798,3166,33410.0,16448819.0,2130938.0,553.1371260957044,10.552747946936195,5195.457675300063,-172.0,-8383.0,-5089329.0,-831695.0,10.419882623864964,22,1,0,3338.0,3499.0,312.4603974906298,41793.0,62735.4,53395.32630577338,21538148.0,37197997.6,42011327.763056815,2962633.0,3365863.2,1584525.5943797433,542.7172434718394,563.889057422561,42.22556501412511,12.5203714799281,17.41688669058557,13.565395087633615,6452.411024565608,10206.847010853067,10863.806701567219,0.9048299514144313,-1.065735058501039,0.5325541879066599,-0.5492128624154253,0.442196356289888,-0.49389485419325524,0.6331029734066433,-0.7793658899422236,0.9809325412750821,-0.2546308456264656,0.6058917494154927,-0.5060035995118791,0.5090169050026084,-0.4612922038487299
1,2011-08-10 12:04:53.048497,3175,25638.0,8596535.0,1848012.0,601.5399672541732,8.074960629921259,2707.570078740157,9.0,-7772.0,-7852284.0,-282926.0,48.402841158468846,31,1,0,3166.0,3490.8,322.41851683797944,33410.0,61631.2,54063.566342778526,16448819.0,36149864.6,42556809.52040701,2130938.0,3405739.6,1541325.5582627824,553.1371260957044,553.9791145974239,36.23290840594091,10.552747946936195,17.099559759860558,13.73718170606152,5195.457675300063,9893.30468248932,11009.686045158824,0.9095336312590496,-0.9794722806125784,0.41599060216253436,-0.6657570418457435,0.2378026887547457,-0.6474481971395792,0.542616939944557,-1.010641516744654,1.0858531511431184,1.3126424222582818,0.47223207748331386,-0.6569469140311549,0.27367701345862255,-0.6526738886353822
1,2011-08-10 12:05:23.047521,3638,34227.0,15916479.0,2387538.0,537.3064111836173,9.40819131390874,4375.0629466739965,463.0,8589.0,7319944.0,539526.0,-64.23355607055589,26,1,0,3175.0,3470.2,342.1033469581999,25638.0,60567.2,54864.564134785716,8596535.0,36281315.6,42448765.11151501,1848012.0,3185749.0,1693938.9213583765,601.5399672541732,551.7419560001192,31.76923253860025,8.074960629921259,16.8257172305672,13.940087369632263,2707.570078740157,9950.420894698607,10961.87324292559,1.04835456169643,0.49049505505133933,0.5651078471515844,-0.48009494680919323,0.43869630240199997,-0.4797509785384938,0.7494432235559045,-0.4712159275258348,0.9738364199776887,-0.4543875839149722,0.5591554395231229,-0.5321003892906041,0.43968621960549487,-0.5086136123332974
1,2011-08-10 12:05:53.052038,3483,129353.0,88318088.0,16559501.0,545.6447540562733,37.13838644846397,25356.901521676715,-155.0,95126.0,72401609.0,14171963.0,8.338342872655971,22,1,0,3638.0,3438.8,310.5924982996251,34227.0,35845.4,7369.384255147688,15916479.0,17159296.2,5749127.442083942,2387538.0,2445012.0,482084.3798473305,537.3064111836173,549.6517149648532,32.43378253542154,9.40819131390874,10.389252726550529,1.72397120407269,4375.0629466739965,4947.88007164869,1483.052322790027,1.0128533209256099,0.14230865279050708,3.6086359756062536,10.0,5.146952821992781,10.0,6.772768804406684,10.0,0.9927100001683269,-0.1235428184819422,3.5746927543671445,10.0,5.1248011581700235,10.0
1,2011-08-10 12:06:23.050575,3497,39407.0,20351018.0,2557113.0,549.3036251801544,11.26880183014012,5819.564769802688,14.0,-89946.0,-67967070.0,-14002388.0,3.658871123881113,41,1,0,3483.0,3360.0,202.9519647601445,129353.0,52884.2,43128.24794377829,88318088.0,30163613.8,32835030.318723492,16559501.0,5177724.4,6375862.699733156,545.6447540562733,556.0691004123215,26.053664773625524,37.13838644846397,15.538931563831664,12.1840779448945,25356.901521676715,8817.480649391307,9345.201038132513,1.0407738095234997,0.6750365790310836,0.7451563983193328,-0.3124912474434036,0.6746876596066218,-0.29884534001494656,0.49386811704385025,-0.4110206764818945,0.9878333911592312,-0.2596746097215544,0.7251979830868247,-0.35046802496288937,0.660003123477653,-0.3207973661942091
1,2011-08-10 12:06:53.059149,3652,26927.0,10637151.0,1649835.0,510.82263624945233,7.373220153340635,2912.6919496166483,155.0,-12480.0,-9713867.0,-907278.0,-38.4809889307021,23,1,0,3497.0,3391.8,210.94240920213937,39407.0,52407.0,43294.528193525985,20351018.0,29926187.8,32917181.625504453,2557113.0,5096620.4,6413551.776682914,549.3036251801544,557.3863767539845,25.367288380423457,11.26880183014012,15.288617633874065,12.274119511331811,5819.564769802688,8690.911398438722,9389.421922925218,1.0767144289164818,1.2335120328953149,0.5138054076745375,-0.5885270278522067,0.35544624230420685,-0.5859868873176775,0.3237115716917037,-0.5374222458967464,0.9164605694588037,-1.8355821010270412,0.482268595462939,-0.6448851563308331,0.33514229015607766,-0.6153967194416256
1,2011-08-10 12:07:23.070967,3487,28401.0,9592458.0,1847031.0,509.1912545709779,8.144823630628046,2750.919988528821,-165.0,1474.0,-1044693.0,197196.0,-1.6313816784744404,22,1,0,3652.0,3489.0,192.00651030629786,26927.0,51110.4,44095.36035457718,10637151.0,28763854.2,33607423.87694231,1649835.0,5000399.8,6472506.296741469,510.82263624945233,548.9234787847341,33.03793224283659,7.373220153340635,14.652712075154955,12.657203633691703,2912.6919496166483,8234.358253302042,9653.657280835401,0.9994267698478075,-0.010416313471866601,0.5556794703230545,-0.5150065634431812,0.33349000913792703,-0.5704512273894724,0.36937666464189517,-0.4871943966416128,0.9276179180700244,-1.2026244233601668,0.5558577544072881,-0.5141647896609371,0.33407824919754325,-0.5680166702891415
1,2011-08-10 12:07:53.047476,3337,29094.0,12511145.0,2682738.0,628.8323593224453,8.718609529517531,3749.219358705424,-150.0,693.0,2918687.0,835707.0,119.64110475146742,20,1,0,3487.0,3551.4,85.73972241617209,28401.0,51663.0,43711.98368868675,9592458.0,28963038.8,33460644.997504856,1847031.0,5000203.6,6472625.757762152,509.1912545709779,530.4537362480951,19.173664900051648,8.144823630628046,14.666684675296313,12.648162288078781,2750.919988528821,8243.028235259773,9647.470230810144,0.939629441909968,-2.5005912540376936,0.5631496428778708,-0.5163115030590718,0.43196934846491314,-0.4916789201531175,0.5365257526713512,-0.3580410310639126,1.185461269005282,5.1309242954879375,0.5944499197973613,-0.4702718869218435,0.45483519547677675,-0.4658017873123322
1,2011-08-10 12:08:23.055351,3381,35683.0,19371015.0,2166065.0,559.7026258799172,10.553978112984325,5729.374445430346,44.0,6589.0,6859870.0,-516673.0,-69.12973344252816,21,1,0,3337.0,3491.2,111.52667842270955,29094.0,50636.4,44280.43077703758,12511145.0,28281972.0,33825256.39835335,2682738.0,5059243.6,6444120.061380457,628.8323593224453,548.7589258758607,48.54511352981063,8.718609529517531,14.52876831841807,12.723371978006798,3749.219358705424,8117.859517666057,9714.03049876113,0.9684349220895485,-0.9881043850452584,0.7046906968109758,-0.33769770839162705,0.6849244812207579,-0.26344092990921997,0.42814008797678765,-0.44896410564085976,1.0199426368975586,0.22543360614680086,0.7264193275680956,-0.31240069157704703,0.7057740323001889,-0.24587992312151774
1,2011-08-10 12:08:53.053351,3561,37338.0,19264699.0,2219457.0,501.31196760151647,10.48525695029486,5409.912664981746,180.0,1655.0,-106316.0,53392.0,-58.39065827840068,17,1,0,3381.0,3470.8,122.21783830522672,35683.0,31902.4,5373.859767431544,19371015.0,14492557.4,5022998.031412492,2166065.0,2180556.4,443592.0507539522,559.7026258799172,551.5705002405894,48.72641465905248,10.553978112984325,9.211886651322143,1.6427682310755276,5729.374445430346,4192.354102416784,1493.4759808862686,1.0259882447847684,0.7380264718313573,1.1703821656050588,1.0114889921284551,1.3292822286838069,0.9500584252982575,1.0178397586964498,0.08769453810969452,0.9088810358457178,-1.0314432734218075,1.1382312164741761,0.7751369146966633,1.2904235980118615,0.8152515193726884
1,2011-08-10 12:09:23.052353,3023,28819.0,9717929.0,1839467.0,624.0780941700298,9.533245120740986,3214.663910023156,-538.0,-8519.0,-9546770.0,-379990.0,122.7661265685133,21,1,0,3561.0,3483.6,128.82080577299035,37338.0,31488.6,4687.324642055368,19264699.0,14275293.6,4720640.686099741,2219457.0,2113025.2,394972.05558684457,501.31196760151647,541.9721687248618,53.752198753092316,10.48525695029486,9.05517767535309,1.4197300090009937,5409.912664981746,4110.423681452597,1389.510106994613,0.8677804569982582,-3.575509384781365,0.9152201114053685,-0.5695359728334973,0.6807516028952286,-0.9654123037619619,0.8705371805314953,-0.6926014033918175,1.1514947264491333,1.5274896162069458,1.0527949269992054,0.33673123905267166,0.7820760483956565,-0.6446586943985927
1,2011-08-10 12:09:53.066744,3251,35334.0,10976935.0,2187387.0,619.5542426573362,10.868655798215933,3376.47954475546,228.0,6515.0,1259006.0,347920.0,-4.523851512693568,32,1,0,3023.0,3357.8,206.78781395431156,28819.0,31867.0,4286.218788165092,9717929.0,14091449.2,4911778.971293964,1839467.0,2150951.6,345365.22954127437,624.0780941700298,564.6232603089773,60.75138959970129,9.533245120740986,9.48718266883316,1.0640675493546652,3214.663910023156,4170.818073533898,1329.7123940396823,0.9681934600032853,-0.5164714397681117,1.1087959330968993,0.8088714485532353,0.7789784318280053,-0.6340908697647499,1.016939200305576,0.10549817087375737,1.0972878487457316,0.9041930186190318,1.145614686304661,1.2982945762440672,0.8095485070855148,-0.5973761937832517
1,2011-08-10 12:10:23.106715,3057,22930.0,9336199.0,2687416.0,606.2246509735035,7.5008177952240755,3054.039581288845,-194.0,-12404.0,-1640736.0,500029.0,-13.329591683832746,30,1,0,3251.0,3310.6,196.60823990871577,35334.0,33253.6,3996.2582874508034,10976935.0,14368344.6,4625424.635182185,2187387.0,2219022.8,301205.88184246444,619.5542426573362,586.6958579262489,55.38870166136552,10.868655798215933,10.031949102350737,0.8876439154690329,3376.47954475546,4295.929984779226,1184.1809804960683,0.9233975714369228,-1.289874728121544,0.68954940216997,-2.5833165069475017,0.6497755489522432,-1.0879315948041155,1.2110808415307852,1.5550599381886436,1.0332860591776603,0.3525771946469658,0.7476929675329745,-2.8515165373917872,0.7109146545937213,-1.048733617532929
1,2011-08-10 12:10:53.057835,3388,41020.0,23677322.0,7848292.0,524.3289091487603,12.107438016528926,6988.583825265643,331.0,18090.0,14341123.0,5160876.0,-81.89574182474314,20,1,0,3057.0,3254.6,225.03066457708232,22930.0,32020.8,6032.325148731574,9336199.0,13733355.4,5134088.399798364,2687416.0,2219958.4,303008.2339575884,606.2246509735035,582.1743162564605,51.90207221185799,7.5008177952240755,9.788390755492046,1.3726624131046548,3054.039581288845,4156.8940292959105,1299.6040415553673,1.0409881398632579,0.5928080968436737,1.2810423224903413,1.491829398800027,1.7240740744246665,1.9368514574837739,3.5353329143465015,10.0,0.9006390259869886,-1.1145105511484734,1.2369181326868053,1.6894520001478464,1.6812032676348208,2.178886572696854
1,2011-08-10 12:11:23.048593,2986,36953.0,25128083.0,1458567.0,599.7837069233087,12.375418620227729,8415.29906229069,-402.0,-4067.0,1450761.0,-6389725.0,75.45479777454841,37,1,0,3388.0,3256.0,226.03318340456855,41020.0,33088.2,7201.266638586524,23677322.0,14594616.8,6496650.382477318,7848292.0,3356403.8,2529078.381436801,524.3289091487603,575.0995729102293,57.806043558482656,12.107438016528926,10.099082736200966,1.7209021663060604,6988.583825265643,4408.735905262969,1730.9342454530147,0.9170761670758855,-1.1945148757894648,1.1168029690342445,0.5366833633531524,1.7217364007803202,1.6213687946654367,0.4345624325654737,-0.7504064776837064,1.0429214959891644,0.4270164933131834,1.225400260821872,1.3227572881671656,1.9087782174121473,2.3146824713591707
1,2011-08-10 12:11:53.056128,2995,50267.0,40293040.0,1848470.0,557.8413687595994,16.783639398998332,13453.435726210351,9.0,13314.0,15164957.0,389903.0,-41.94233816370934,24,1,0,2986.0,3141.0,171.83858705193,36953.0,33011.2,7146.313714077997,25128083.0,15767293.6,7922976.915498145,1458567.0,3204225.8,2635255.946430439,599.7837069233087,594.7939207745877,40.594069065906474,12.375418620227729,10.477115070187539,2.0102269380325968,8415.29906229069,5009.813184724758,2511.38693732931,0.9535179879016384,-0.8496345466052327,1.5227256203954562,2.4146435057845617,2.5554823181576323,3.095521627991261,0.5768850622200219,-0.5144683581252991,0.9378733528953966,-0.9102943573871283,1.6019332884062687,3.137220085134144,2.685416647316921,3.3621352472516453
1,2011-08-10 12:12:23.055029,2880,22135.0,7453609.0,1656423.0,601.2723104142361,7.685763888888889,2588.0586805555554,-115.0,-28132.0,-32839431.0,-192047.0,43.43094165463674,18,1,0,2995.0,3135.4,177.02344477498949,50267.0,37300.8,9905.35146776825,40293040.0,21882315.8,12540376.735718368,1848470.0,3206026.4,2634093.136595703,557.8413687595994,581.5465756925016,39.43976832987564,16.783639398998332,11.92719392583901,3.336606230885808,13453.435726210351,7057.567547962198,4252.468942855015,0.9185430886008424,-1.4427467521219608,0.5934189079054446,-1.5310713657508852,0.34062249480925594,-1.150580010798492,0.5166591890821609,-0.588287247125477,1.0339194409273433,0.5001483415482467,0.644389949223019,-1.2711808772690918,0.36670689482844054,-1.0510385678219347
1,2011-08-10 12:12:53.080146,3920,93999.0,93267447.0,26398909.0,472.4478195581633,23.97933673469388,23792.71607142857,1040.0,71864.0,85813838.0,24742486.0,-128.82449085607288,26,1,0,2880.0,3061.2,193.4468919367898,22135.0,34661.0,12080.50514258485,7453609.0,21177650.6,13377422.01436704,1656423.0,3099833.6,2695414.927485301,601.2723104142361,577.8901892438817,35.705942630573546,7.685763888888889,11.290615543973598,3.8527532418182195,2588.0586805555554,6899.883375122216,4433.839971639669,1.2805435776815366,4.439461349816776,2.7119529153803206,4.9118806953546486,4.404050702394722,5.388915466864784,8.516234226250077,8.643966152453181,0.8175390902127999,-2.9530762084538633,2.1238290011007503,3.293416523462248,3.448278003829838,3.8099779884602922
1,2011-08-10 12:13:23.047300,3369,27422.0,9549181.0,1776574.0,552.0813155013357,8.139507272187593,2834.425942416148,-551.0,-66577.0,-83718266.0,-24622335.0,79.63349594317242,20,1,0,3920.0,3233.8,429.60819359039624,93999.0,48874.8,27189.04075542234,93267447.0,37963900.2,33028962.933434304,26398909.0,7842132.2,10715536.532128569,472.4478195581633,551.1348229608136,54.395911692143216,23.97933673469388,14.58631933186756,6.158481780460913,23792.71607142857,11047.61867315016,8111.634993679377,1.0418083987874815,0.3147053571529169,0.5610662345421248,-0.7890237906139024,0.2515331920506945,-0.8602970446655038,0.22654221513888784,-0.566052682645758,1.0017173520889782,0.017400067598120007,0.5580233838598834,-1.0468184024002514,0.25656442589791817,-1.0125200082514507
1,2011-08-10 12:13:53.065751,2969,42256.0,18030373.0,2044911.0,602.5198310151567,14.232401481980466,6072.877399797912,-400.0,14834.0,8481192.0,268337.0,50.43851551382102,24,1,0,3369.0,3230.0,427.98422868138886,27422.0,46155.2,28803.29570031904,9549181.0,35138272.0,35096362.5136554,1776574.0,6627788.6,11053378.432923509,552.0813155013357,556.6853042313286,52.354466037856156,8.139507272187593,13.792733182999294,6.781873443968093,2834.425942416148,10216.787096580261,8813.680480869612,0.9191950464393439,-0.6098355558650517,0.9155198114188453,-0.1353733975642472,0.5131263426955087,-0.48745504589951755,0.30853594213913216,-0.4146132902090346,1.0823347166421684,0.8754654617203216,1.0318768073097522,0.06482991794949958,0.5944018743260312,-0.47016790610646403
1,2011-08-10 12:14:23.054392,3551,34875.0,17672719.0,2233532.0,580.2819579738102,9.821177133201916,4976.828780625176,582.0,-7381.0,-357654.0,188621.0,-22.23787304134646,24,1,0,2969.0,3226.6,430.4675365227945,42256.0,47215.8,28475.50827816805,18030373.0,33718730.0,35740101.684554994,2044911.0,6745057.4,10987741.515150899,602.5198310151567,557.2325290496982,52.92871317235171,14.232401481980466,14.164129755349842,6.735541556057583,6072.877399797912,9748.302764081707,8993.7908451312,1.1005392673398933,0.7535992205583396,0.7386298654263882,-0.433382957713916,0.5241217270045462,-0.4489637758063304,0.3311360997461637,-0.41059624434913194,1.0413641123255655,0.43548062180579966,0.6933837307441383,-0.6447815049997468,0.5105328487500546,-0.5305297916772264
1,2011-08-10 12:14:53.052942,3334,27686.0,9331038.0,2521048.0,551.3917282621476,8.304139172165566,2798.751649670066,-217.0,-7189.0,-8341681.0,287516.0,-28.89022971166264,18,1,0,3551.0,3337.8,427.48649101463195,34875.0,44137.4,28892.131615718794,17672719.0,29194665.8,36129408.40332406,2233532.0,6822069.8,10946112.2451686,580.2819579738102,561.7206468925403,53.93510960265926,9.821177133201916,12.771637302190559,6.7781691989437896,4976.828780625176,8052.981374964671,8919.38164490152,0.9988615255554559,-0.008889169786329521,0.6272684843239378,-0.5694076234599814,0.31961448245110585,-0.5497911169276843,0.3695429794635053,-0.39292688615525445,0.9816120011103129,-0.1915063991951542,0.6502016127635459,-0.6591010047465384,0.3475422976104917,-0.5890800432670609
1,2011-08-10 12:15:23.079189,3181,54525.0,28363202.0,2972182.0,567.5060501999371,17.14083621502672,8916.441999371267,-153.0,26839.0,19032164.0,451134.0,16.114321937789555,39,1,0,3334.0,3428.6,346.4784264568325,27686.0,45247.6,27925.800405718317,9331038.0,29570151.6,35855689.28692779,2521048.0,6994994.8,10850516.802426048,551.3917282621476,551.7445304621226,49.195330492275964,8.304139172165566,12.895312358845894,6.666900785325511,2798.751649670066,8095.119968787573,8887.549540712549,0.9277839351336034,-0.7146188076738267,1.2050362892175233,0.3322160820894484,0.9591835166648249,-0.03366131356007788,0.42490124510171184,-0.37074849735272936,1.0285666986559607,0.3203864996896162,1.3292300129464691,0.6368062150990496,1.1014589078048713,0.09241265287144075
1,2011-08-10 12:15:53.049789,3223,40006.0,21738842.0,2176078.0,517.6147736053366,12.412659013341608,6744.909090909091,42.0,-14519.0,-6624360.0,-796104.0,-49.89127659460053,26,1,0,3181.0,3280.8,218.40146519655764,54525.0,37352.8,11370.280634180426,28363202.0,16589302.6,7812184.381158969,2972182.0,2309649.4,459262.58156321774,567.5060501999371,570.7561765904775,21.412413868405615,17.14083621502672,11.52761225491246,3.9876723443321747,8916.441999371267,5119.865154376113,2547.2282866558107,0.9823823457690251,-0.2646502391717771,1.0710308196440141,0.2333451640607644,1.3104132539001367,0.6591676730543378,0.9421681056873823,-0.29083884767044416,0.906892986592807,-2.4818034673367735,1.07677624279696,0.22194570711536812,1.3173997532225399,0.637965566355192
1,2011-08-10 12:16:23.064203,3127,29374.0,8228802.0,2031777.0,628.2066617444835,9.393668052446436,2631.5324592260954,-96.0,-10632.0,-13510040.0,-144301.0,110.59188813914692,26,1,0,3223.0,3251.6,213.36307084405044,40006.0,39869.6,9923.210130800318,21738842.0,19027234.8,6916606.394238434,2176078.0,2389550.2,369269.45544752356,517.6147736053366,563.8628682112776,31.904684778117588,12.412659013341608,12.382242603143265,3.5092096735968097,6744.909090909091,5901.961784074702,2253.4777284525776,0.9616804034933689,-0.5839810961967619,0.7367518109035271,-1.0576819256726209,0.43247492799111303,-1.5612328047169413,0.8502759222216797,-0.9688675700686052,1.1141124857825935,2.016750642693093,0.7586402845396673,-0.8516374989876319,0.4458741949712939,-1.4512809616684788
1,2011-08-10 12:16:53.049960,3204,24482.0,7349699.0,1723225.0,590.4540420190386,7.64107365792759,2293.91354556804,77.0,-4892.0,-879103.0,-308552.0,-37.7526197254449,27,1,0,3127.0,3283.2,167.90235257435555,29374.0,37293.2,10783.71372487319,8228802.0,17066920.6,8481686.664889934,2031777.0,2386923.4,372367.66339749563,628.2066617444835,569.000234357143,40.575349602942836,9.393668052446436,11.41449591723646,3.5385036336273776,2631.5324592260954,5213.692795960339,2674.4425733065755,0.9758771929821589,-0.47170274141605256,0.6564735662265332,-1.1880137331955611,0.43064001832878973,-1.1456709006033647,0.7219439886508295,-1.782373888066409,1.037704391607319,0.5287399337604458,0.6694184055661861,-1.0663892562897508,0.4399786553102945,-1.091733761469893
1,2011-08-10 12:17:23.064357,3177,380623.0,465424145.0,5240495.0,558.102998972301,119.80579162732136,146497.99968523765,-27.0,356141.0,458074446.0,3517270.0,-32.351043046737686,28,1,0,3204.0,3213.8,76.22138807449954,24482.0,35214.6,12266.113801853411,7349699.0,15002316.6,9493425.228328675,1723225.0,2284862.0,479456.6468136732,590.4540420190386,571.0346511661886,41.526287753272165,7.64107365792759,10.978475222181595,3.8997920594464537,2293.91354556804,4677.109748948912,2984.961129948723,0.9885493807950125,-0.48280411744205826,10.0,10.0,10.0,10.0,2.2935717780767493,6.1645469296176305,0.9773539974002358,-0.311408818202327,10.0,10.0,10.0,10.0
1,2011-08-10 12:17:53.049301,3138,31275.0,10346566.0,1880074.0,569.3645015736138,9.966539196940726,3297.1848311026133,-39.0,-349348.0,-455077579.0,-3360421.0,11.261502601312827,38,1,0,3177.0,3182.4,36.10817082051622,380623.0,105802.0,154061.03333581795,465424145.0,106220938.0,200999985.16039813,5240495.0,2828751.4,1424817.4366937706,558.102998972301,572.3769053082194,40.83535623577575,119.80579162732136,33.27880571321275,48.50397544278612,146497.99968523765,33416.95935606243,63275.94682769178,0.9860482654597204,-1.2296385828977778,0.2955993270448546,-0.48374983853021186,0.09740608767736546,-0.4769869605885403,0.6646303383181709,-0.665823828069767,0.9947370278086636,-0.0737694981069545,0.29948608380150515,-0.48062589309385306,0.09866800853933311,-0.4760066982004901
1,2011-08-10 12:18:23.070289,3351,33655.0,16650449.0,2349676.0,533.656580603402,10.043270665472994,4968.800059683676,213.0,2380.0,6303883.0,469602.0,-35.70792097021183,19,1,0,3138.0,3173.8,41.27590095932022,31275.0,101152.0,156329.8103929638,10346566.0,102617610.8,202897218.10236734,1880074.0,2610329.8,1479974.274028778,569.3645015736138,572.7485955829546,40.788367992859065,9.966539196940726,31.843946309595548,49.20181942285816,3297.1848311026133,32293.107922408693,63867.03383637715,1.055832125527426,4.293061953277473,0.3327170990192944,-0.43176026268012113,0.16225722729455713,-0.423698080259667,0.9001452613382414,-0.1761204938315916,0.9317466419263835,-0.958410863249989,0.3153902649977544,-0.4430867780786034,0.1538656505785123,-0.42783117081540917
1,2011-08-10 12:18:53.061672,3550,35711.0,13727421.0,2488490.0,469.9480980974648,10.05943661971831,3866.8791549295775,199.0,2056.0,-2923028.0,138814.0,-63.708482505937184,28,1,0,3351.0,3199.4,90.16263084007431,33655.0,99881.8,156975.30309160103,16650449.0,101599932.2,203416397.92024973,2349676.0,2645049.4,1469237.381405608,533.656580603402,575.9569569825678,35.67822602454061,10.043270665472994,31.370068640021834,49.446556680926335,4968.800059683676,31937.886116163612,64049.333462989205,1.1095830468209322,3.888528947408234,0.3575326035373776,-0.40879551583062407,0.13511250158098037,-0.43198341971649107,0.9408104060362726,-0.10655827436831251,0.8159430881062741,-2.9712480326016073,0.3206698950783883,-0.43098313513290537,0.12107498726950645,-0.43827164848568456
1,2011-08-10 12:19:23.057839,3323,34481.0,18355435.0,1740655.0,528.5571164143846,10.37646704784833,5523.7541378272645,-227.0,-1230.0,4628014.0,-747835.0,58.60901831691984,21,1,0,3550.0,3284.0,169.12273649631862,35711.0,101149.2,156287.7900867499,13727421.0,102699656.0,202799338.68172798,2488490.0,2736392.0,1435385.3479058533,469.9480980974648,544.305244253164,46.34230025021298,10.05943661971831,31.5032223534762,49.37342421577222,3866.8791549295775,32184.95545530431,63910.25410502057,1.0118757612664397,0.23060175590653556,0.34089246380593874,-0.42657331044859215,0.17872927441938072,-0.41589988186484816,0.6361131738435134,-0.693707095068738,0.9710674699426086,-0.3398218852627455,0.32937795794638663,-0.42789730792969966,0.17162534667782922,-0.41716625431758714
1,2011-08-10 12:19:53.052549,3391,32856.0,17748122.0,2089706.0,471.4463762415217,9.68917723385432,5233.890297847242,68.0,-1625.0,-607313.0,349051.0,-57.11074017286296,20,1,0,3323.0,3307.8,163.32391129287572,34481.0,103149.0,155121.15156870135,18355435.0,104900803.2,201561650.09135512,1740655.0,2739878.0,1432327.5140685553,528.5571164143846,531.9258591322332,38.54374555376287,10.37646704784833,32.05030103146036,49.05706179832392,5523.7541378272645,32830.923573756154,63547.89771161659,1.0251526694476616,0.5094171413167695,0.3185295058604512,-0.4531490340881566,0.16918957203942553,-0.4323872183051648,0.7627003830097542,-0.45392690820633114,0.8863009160895805,-1.5691127579903303,0.3023115827848599,-0.45581865234974606,0.15941952671812332,-0.43427138063866627
1,2011-08-10 12:20:23.064746,3408,38025.0,15743356.0,2591077.0,466.7274864421949,11.157570422535212,4619.529342723004,17.0,5169.0,-2004766.0,501371.0,-4.718889799326803,27,1,0,3391.0,3350.6,147.77787385127374,32856.0,33595.6,1672.9144628519116,17748122.0,15365598.6,3321923.1662298725,2089706.0,2109720.2,312406.95199612965,471.4463762415217,514.5945345860774,43.04977477627874,9.68917723385432,10.026978152766944,0.24557270512456014,5233.890297847242,4578.101696278075,951.7809569573517,1.0171312600725193,0.38842080010827634,1.1318446463226992,2.6477145713991295,1.0245846198273068,0.11371647720218823,1.2281614405550076,1.5408005389264248,0.9069810405520685,-1.1119000829046453,1.1127550346106545,4.603900358514622,1.009049088288624,0.0435264502216157
1,2011-08-10 12:20:53.059549,3721,34004.0,11954361.0,2688989.0,491.83030031953774,9.13840365493147,3212.674281107229,313.0,-4021.0,-3788995.0,97912.0,25.102813877342896,24,1,0,3408.0,3404.6,87.84816446575759,38025.0,34945.6,2019.6825988305454,15743356.0,16444956.6,1821238.4551392118,2591077.0,2251920.8,342145.56593358185,466.7274864421949,494.0671315597936,33.90341454901245,11.157570422535212,10.265184397885841,0.5549997186978739,4619.529342723004,4842.570598602154,639.2959394957859,1.0929330905242634,3.6016688785766062,0.973055263037379,-0.4662118694020268,0.7269317451406347,-2.4656823972326816,1.1940868435515135,1.2774334772026352,0.9954726167794454,-0.06597657698920611,0.8902327810032648,-2.030236598259472,0.663423323561649,-2.5495177065849632
1,2011-08-10 12:21:23.081731,3660,87001.0,65801940.0,3429945.0,506.3861948773224,23.770765027322405,17978.67213114754,-61.0,52997.0,53847579.0,740956.0,14.555894557784654,26,1,0,3721.0,3478.6,158.68616826933135,34004.0,35015.4,1969.331942568062,11954361.0,15505739.0,2691663.577485292,2688989.0,2319783.4,395822.00010940584,491.83030031953774,485.7018755030207,25.91118226882355,9.13840365493147,10.084210995777536,0.756427628350041,3212.674281107229,4491.345442886863,956.3772493014386,1.052147415626674,1.1431368088173532,2.484649611313808,10.0,4.243715181843315,10.0,1.47856261062994,2.804699081135326,1.042586451517893,0.7982777149613469,2.3572260670585417,10.0,4.002959104296272,10.0
1,2011-08-10 12:21:53.067056,3414,1607186.0,1602663628.0,39074541.0,514.6149548107792,470.7633274751025,469438.6725248975,-246.0,1520185.0,1536861688.0,35644596.0,8.228759933456786,22,1,0,3660.0,3500.6,177.56210181230247,87001.0,45273.4,23406.190426893852,65801940.0,25920642.8,22434206.72524691,3429945.0,2508074.4,642928.7637266737,506.3861948773224,492.9894948589923,25.493479815040224,23.770765027322405,12.826476677298356,6.164612177099584,17978.67213114754,7313.704038130456,6028.020251754985,0.9752613837625049,-0.48771668681335734,10.0,10.0,10.0,10.0,10.0,10.0,1.043865965048461,0.848274151188272,10.0,10.0,10.0,10.0
1,2011-08-10 12:22:23.065873,3572,2739541.0,2726372732.0,2638014971.0,485.2627835901456,766.9487681970885,763262.2430011198,158.0,1132355.0,1123709104.0,2598940430.0,-29.35217122063358,21,1,0,3414.0,3518.8,158.441471843714,1607186.0,359814.4,697668.5620223258,1602663628.0,342782281.4,704639605.3041104,39074541.0,9974851.6,16274267.786002912,514.6149548107792,490.20106253827123,20.99641691635722,470.7633274751025,104.9038487627492,204.60996694552134,469438.6725248975,100096.68771554451,206554.0004396282,1.0151187904964718,0.3357706753200343,7.613761428114029,3.410970093165591,7.953657116887373,3.382708596930601,10.0,10.0,0.9899260133718498,-0.23519627027615722,7.310968827505182,3.235643548133592,7.625249750223067,3.2106158867613064
1,2011-08-10 12:22:53.070844,3284,29970.0,11183891.0,1800216.0,515.139590611145,9.126065773447015,3405.5697320341046,-288.0,-2709571.0,-2715188841.0,-2636214755.0,29.876807020999365,21,1,0,3572.0,3555.0,141.73919711922414,2739541.0,901151.4,1228610.3783654522,2726372732.0,884507203.4,1234361643.6530712,2638014971.0,537159904.6,1174518167.195558,485.2627835901456,492.964344007996,18.69403522368411,766.9487681970885,256.355766955396,347.13476430166634,763262.2430011198,251702.35825619902,348757.2318509549,0.9237693389589525,-1.9119622906438223,0.03325745263226575,-0.7090786593867312,0.012644205674085751,-0.7075100857925358,0.0033513595943847367,-0.455812182010176,1.0449834696396305,1.186220435375461,0.03559922166681463,-0.7122009277249736,0.013530146303069918,-0.7119473543426806
1,2011-08-10 12:23:23.051022,3327,27150.0,9980158.0,1723457.0,545.6613335551548,8.160504959422903,2999.7469191463783,43.0,-2820.0,-1203733.0,-76759.0,30.521742944009816,24,1,0,3284.0,3530.2,179.66413108910302,29970.0,899540.4,1230029.544363996,11183891.0,883595310.4,1235165322.6365578,1800216.0,537001732.4,1174608204.8851097,515.139590611145,502.64676484178597,13.532279120187725,9.126065773447015,255.94946602557837,347.49450445597495,3405.5697320341046,251459.56633406124,348972.60035040835,0.9424395218398555,-1.1309992638324307,0.030182079648673886,-0.7092434519132473,0.01129494224622132,-0.7072860097263737,0.003209406778442639,-0.4557079315245856,1.0855761375999755,3.1786640172105347,0.031883266201366084,-0.713073035366047,0.011929341018433301,-0.7119751498124268
1,2011-08-10 12:23:53.055502,3309,28741.0,10562757.0,1943199.0,543.7198157401027,8.685705651254155,3192.1296464188576,-18.0,1591.0,582599.0,219742.0,-1.941517815052066,25,1,0,3327.0,3451.4,160.4331636539113,27150.0,898169.6,1231238.5100841753,9980158.0,883200469.8,1235513881.6816194,1723457.0,536808626.0,1174718080.8431053,545.6613335551548,513.4129714889093,21.715153129439067,8.160504959422903,255.7538862864767,347.66837646274354,2999.7469191463783,251416.98086166903,349010.47855452425,0.9587413803091619,-0.8875970326577852,0.031999524365999434,-0.7061414932030997,0.011959636980709405,-0.7062953526772844,0.00361991016142874,-0.45531386272366087,1.0590301490868916,1.3956541807071579,0.033961187363898374,-0.7106432375249061,0.012696555481171623,-0.711224637848432
1,2011-08-10 12:24:23.070121,3214,38030.0,15314461.0,2489074.0,519.7133712604232,11.832607342874924,4764.922526446795,-95.0,9289.0,4751704.0,545875.0,-24.006444479679544,17,1,0,3309.0,3381.2,117.34436501171646,28741.0,886517.6,1241070.6891842624,10562757.0,872152633.2,1244861855.300202,1943199.0,536511276.8,1174887020.4631054,543.7198157401027,520.8796956614655,24.88252836485746,8.685705651254155,252.736874411263,350.2407049084042,3192.1296464188576,248459.67236472332,351536.5062740883,0.9505501005557345,-1.424866034102963,0.04289818950012945,-0.6836738691796015,0.017559381714883984,-0.6882998049557645,0.0046393693993646914,-0.45453068550327874,0.997760856466945,-0.04687322702473675,0.04681789062396032,-0.6878248692729821,0.019177850800077393,-0.6932274329661521
1,2011-08-10 12:24:53.115609,3476,59200.0,30700367.0,2758700.0,553.3541626429804,17.03107019562716,8832.096375143843,262.0,21170.0,15385906.0,269626.0,33.64079138255727,24,1,0,3214.0,3341.2,135.97683626266314,38030.0,572686.4,1211315.8110436352,15314461.0,554682799.8,1214013387.4206326,2489074.0,529194183.4,1178866696.3541274,519.7133712604232,521.8993789513943,24.66513448136436,11.832607342874924,160.95073038481752,338.7661641822,4764.922526446795,155524.92236503318,339736.19720784604,1.0403447863040105,0.9913453180997606,0.10337245654864492,-0.42390794813253063,0.055347609500546124,-0.4316117418715499,0.005213020260872354,-0.44656065442183007,1.0602698239528952,1.2752731477736892,0.1058154265892532,-0.42483481352453084,0.05678894572545702,-0.43178450572973304
1,2011-08-10 12:25:23.089357,3408,27627.0,11532625.0,1712808.0,477.0598078764671,8.106514084507042,3383.986208920188,-68.0,-31573.0,-19167742.0,-1045892.0,-76.29435476651332,31,1,0,3476.0,3322.0,96.200311849823,59200.0,36618.2,13302.504696493872,30700367.0,15548326.8,8725647.902902042,2758700.0,2142929.2,456150.0081162445,553.3541626429804,535.5176547619611,16.98051495900835,17.03107019562716,10.96719078452521,3.673961770768002,8832.096375143843,4638.893039837996,2444.3735570628983,1.0258880192651938,0.8939679960015043,0.7544608964940727,-0.6759027871171601,0.7417277208245969,-0.46021818032153544,0.7992835227594076,-0.9429380518401479,0.8908386187335514,-3.4426427598439138,0.7391604872239694,-0.7786354017073887,0.7294814042614004,-0.5133858641578342
1,2011-08-10 12:25:53.057679,3455,53754.0,38723770.0,2521160.0,461.4396217455861,15.558321273516643,11208.037626628076,47.0,26127.0,27191145.0,808352.0,-15.620186130880995,25,1,0,3408.0,3346.8,99.86841342488177,27627.0,36149.6,13632.42191616155,11532625.0,15618073.6,8683331.205754591,1712808.0,2125447.6,473897.45651359006,477.0598078764671,527.9016982150257,31.086138174520197,8.106514084507042,10.763280446737214,3.826807191334052,3383.986208920188,4634.576335215212,2447.1136032523677,1.0323293892670513,1.0834256426863276,1.4869874078827572,1.2913626139408354,2.4794203812690445,2.6609253813429867,1.1861783842612723,0.8350169315345358,0.8741014156706838,-2.1379972029390686,1.4454999429832287,1.2530134354260034,2.4183521461202124,2.6862101059279127
1,2011-08-10 12:26:23.055499,3314,48056.0,30373074.0,7956764.0,499.1247787314424,14.500905250452623,9165.07966203983,-141.0,-5698.0,-8350696.0,5435604.0,37.685156985856224,19,1,0,3455.0,3372.4,109.46826024013997,53754.0,41470.4,14411.273757036166,38723770.0,21366796.0,12633774.485187292,2521160.0,2284988.2,437618.8532684006,461.4396217455861,511.05735585311197,40.46151121624686,15.558321273516643,12.242843709555961,3.995317639696727,11208.037626628076,6276.234476711552,3571.2735407430105,0.9826829557582188,-0.5334879705894184,1.1588024229329557,0.4569755672557525,1.4215081194204315,0.7128731014282058,3.4821904113115316,10.0,0.9766511977843914,-0.2949118004416816,1.184439301299724,0.5651769756416384,1.4602831834989751,0.8089117656124543
1,2011-08-10 12:26:53.052458,3456,51851.0,34219208.0,2841953.0,460.038693844618,15.00318287037037,9901.391203703704,142.0,3795.0,3846134.0,-5114811.0,-39.08608488682432,28,1,0,3314.0,3373.4,108.76488403893514,48056.0,45333.4,12623.964345649803,30373074.0,25328859.4,11449291.28529306,7956764.0,3487701.2,2529113.931267619,499.1247787314424,502.1383484513799,36.146722553173554,14.500905250452623,13.405883629395657,3.518968373303508,9165.07966203983,7470.824479835746,3267.8156440496637,1.0244856821008406,0.7594362898384713,1.1437703768082441,0.5162878966974773,1.3509968001164712,0.7764977218650997,0.8148499074404651,-0.2553258641362764,0.9161592522508677,-1.1646880168365634,1.1191491201932484,0.45391122370938014,1.325341162869894,0.7437894265219678
1,2011-08-10 12:27:23.083098,3360,115830.0,86914064.0,25186204.0,494.3746979297619,34.473214285714285,25867.280952380952,-96.0,63979.0,52694856.0,22344251.0,34.336004085143884,20,1,0,3456.0,3421.8,65.23189403967072,51851.0,48097.6,12128.410378126071,34219208.0,29109808.8,10387700.838380396,2841953.0,3558277.0,2499024.7520194254,460.038693844618,490.2034129682188,38.65756158786588,15.00318287037037,14.039998734894747,3.4495728143358853,9901.391203703704,8498.118215287128,3000.981650115289,0.9819393301768128,-0.9473893240240605,2.4082282691859387,5.584606546802844,2.985731187626351,5.56468231992447,7.07820217481663,8.654546931767195,1.0085092939995606,0.10790346804348154,2.4553573639276656,5.923404619835502,3.0438833983087776,5.787827038669417
1,2011-08-10 12:27:53.056484,3416,53778.0,40795586.0,2039487.0,524.883381772541,15.742974238875878,11942.50175644028,56.0,-62052.0,-46118478.0,-23146717.0,30.50868384277913,14,1,0,3360.0,3398.6,61.66684684660724,115830.0,59423.6,33209.2483248301,86914064.0,40352548.2,28010816.716887936,25186204.0,8043777.8,9893303.475700367,494.3746979297619,478.4075200255751,18.105905485869737,34.473214285714285,17.52842755291217,9.941357070048266,25867.280952380952,11905.15513073455,8360.028910201132,1.005119755193019,0.282161337728187,0.9049939754575471,-0.1700008366578623,1.0109791777660275,0.015816668413416383,0.25354840110078625,-0.6069045405053586,1.0971470133734191,2.5668896692667427,0.8981395616038703,-0.17959854990381363,1.0031370129405799,0.004467284276990238
1,2011-08-10 12:28:23.049201,3503,45180.0,18990110.0,11119397.0,469.6425069803026,12.897516414501856,5421.099057950329,87.0,-8598.0,-21805476.0,9079910.0,-55.24087479223846,24,1,0,3416.0,3400.2,62.07414920885268,53778.0,64653.8,28703.18259706105,40795586.0,46205140.4,23112591.506196316,2039487.0,8109113.6,9841986.590849739,524.883381772541,487.9722348047899,27.441145233483763,15.742974238875878,19.055719583785937,8.632418649622936,11942.50175644028,13616.85824023857,6933.645700829454,1.0302335156752456,1.6560839142952493,0.698798833169888,-0.6784543816403574,0.4109956129469958,-1.177498005479128,1.3712222504812361,0.30586135961602623,0.9624369451413923,-0.6679651183600509,0.6768317699636606,-0.7133809675506979,0.3981167287128159,-1.1820273974060458
1,2011-08-10 12:28:53.065593,3733,42562.0,19703757.0,2829183.0,425.10331095231714,11.401553710152692,5278.263327082776,230.0,-2618.0,713647.0,-8290214.0,-44.53919602798544,314,1,0,3503.0,3409.8,75.02799477530284,45180.0,62939.0,29754.038868702,18990110.0,42258408.4,26189554.471873865,11119397.0,9828761.0,9360948.737024376,469.6425069803026,489.6128118517332,25.644725130307815,12.897516414501856,18.52355861198298,8.97705828491976,5421.099057950329,12459.470526503019,7857.672859131069,1.094785617924484,4.307725415874778,0.6762420756605495,-0.6848482012784387,0.4662683178574232,-0.8612079073060387,0.2878473695718107,-0.7477423706333637,0.8682438462827248,-2.515507597336695,0.6155163782709363,-0.7933562058966392,0.4236346412838937,-0.9139101777537545
1,2011-08-10 12:29:23.053059,3387,43258.0,27068789.0,16154362.0,491.06264003336287,12.771774431650428,7991.966046648952,-346.0,696.0,7365032.0,13325179.0,65.95932908104572,30,1,0,3733.0,3493.6,143.77517170917437,42562.0,61840.2,30532.331014847685,19703757.0,40124545.0,27786036.577152334,2829183.0,8803244.8,9883581.676909385,425.10331095231714,474.80851829590813,37.435846330662805,11.401553710152692,17.90368830392299,9.420328013980951,5278.263327082776,11682.10725951161,8436.043925817788,0.9694870620560541,-0.7414353864580102,0.6995126147716098,-0.608607315011847,0.6746192137505859,-0.46986751650414854,1.8350463229194758,0.7437705722788852,1.0342330036427247,0.43418603638478964,0.7133599632729622,-0.5447701889054593,0.6841202421028264,-0.4374255569685761
1,2011-08-10 12:29:53.060549,3534,31406.0,14524295.0,1907147.0,445.1440898016412,8.886813808715337,4109.874080362196,147.0,-11852.0,-12544494.0,-14247215.0,-45.91855023172167,51,1,0,3387.0,3479.8,151.39583878033977,43258.0,60121.6,31462.831480974986,27068789.0,38694461.2,28344352.94701681,16154362.0,11465726.6,9666936.233151745,491.06264003336287,481.0133075336571,36.943612687721995,12.771774431650428,17.457406616179004,9.642329737442275,7991.966046648952,11300.222228100658,8578.816353184826,1.0155756077932594,0.35800191363436745,0.5223746540344815,-0.9126832725580626,0.37535850221374834,-0.8527330380474911,0.16633459583799948,-0.9887910056983567,0.9254298848469353,-0.9709179780072218,0.5090569294508066,-0.8888508316920775,0.3636985182593723,-0.8381515411585022
1,2011-08-10 12:30:23.056296,3623,47129.0,26047280.0,2946017.0,436.2620387637317,13.00828043058239,7189.42313000276,89.0,15723.0,11522985.0,1038870.0,-8.882051037909491,29,1,0,3534.0,3514.6,136.21049886114693,31406.0,43236.8,7989.3140631870565,14524295.0,24216507.4,10303160.7372616,1907147.0,6809915.2,6490968.137864023,445.1440898016412,471.16718590803293,38.99572266844904,8.886813808715337,12.340126520779215,2.494126280539514,4109.874080362196,6948.740853696907,3130.867129759212,1.030842770158473,0.7958270537552858,1.0900205380601458,0.4871757411482774,1.0756001916279638,0.17769038518238126,0.4326070022134783,-0.5952730190525152,0.9259177035472919,-0.8951019433638411,1.0541448183390942,0.2678909703765093,1.0346368185794077,0.0768739989053087
1,2011-08-10 12:30:53.073252,4345,267982.0,232140185.0,98986260.0,402.2201109928653,61.675949367088606,53426.97008055236,722.0,220853.0,206092905.0,96040243.0,-34.04192777086638,346,1,0,3623.0,3556.0,130.0692123448219,47129.0,41907.0,6134.065536024137,26047280.0,21266846.2,5234593.103226745,2946017.0,6991221.2,6335199.961869629,436.2620387637317,453.4429173062711,26.668598844954552,13.00828043058239,11.793187759120517,1.7502864496074109,7189.42313000276,5998.125128409402,1566.1453201544457,1.2218785151852583,6.066001214047826,6.3946834657692895,10.0,10.0,10.0,10.0,10.0,0.8870358222406742,-1.9207160679600532,5.229794574767147,10.0,8.907278347277718,10.0
1,2011-08-10 12:31:23.049558,3564,49635.0,30837600.0,2306673.0,493.5367978246352,13.926767676767676,8652.525252525253,-781.0,-218347.0,-201302585.0,-96679587.0,91.31668683176991,116,1,0,4345.0,3724.4,369.3207278233944,267982.0,86467.4,101638.51865213414,232140185.0,63896861.2,94187836.86636448,98986260.0,24564593.8,42019243.3294352,402.2201109928653,439.9584381087836,32.7759437022367,61.675949367088606,21.548874349637867,22.4914276459888,53426.97008055236,15599.29933292981,21201.774032708054,0.9569326602940186,-0.43431085210107,0.5740313690477501,-0.36238623396373404,0.4826152555988149,-0.35099289143783097,0.09390234655539062,-0.5297077966277405,1.1217805025971161,1.6346854937562216,0.6462874788796302,-0.3388894112237759,0.5546739675838767,-0.32765060459975737
1,2011-08-10 12:31:53.062135,3147,78492.0,49630312.0,3590360.0,497.1337104076898,24.94184938036225,15770.67429297744,-417.0,28857.0,18792712.0,1283687.0,3.596912583054575,92,1,0,3564.0,3690.6,376.0097073215024,49635.0,87882.0,100921.36786875324,30837600.0,66123629.8,93006029.71652912,2306673.0,24460091.8,42087407.83259119,493.5367978246352,453.6451354832472,38.76334397402536,13.926767676767676,22.053917142960863,22.233478827410536,8652.525252525253,16274.151718018304,20841.770832380975,0.8527068769303494,-1.445707356522463,0.8931521813340514,-0.09304273414339236,0.75056847529565,-0.17733600552856188,0.1467844041370278,-0.49586640933108556,1.095864744316106,1.1218994664769286,1.130948720698908,0.12989115467216536,0.9690627546206051,-0.024157132764295097
1,2011-08-10 12:32:23.049922,3513,75365.0,45574186.0,26050996.0,463.7384357597495,21.45317392541987,12973.010532308568,366.0,-3127.0,-4056126.0,22460636.0,-33.39527464794031,44,1,0,3147.0,3642.6,435.12676313920525,78492.0,94928.8,98220.50924170682,49630312.0,70635934.4,91166647.8662155,3590360.0,21947291.4,43070840.83492438,497.1337104076898,454.8593495581126,40.29330672486859,24.94184938036225,24.48793213270323,21.62099764996337,15770.67429297744,17829.893367284,20353.592283330083,0.9644210179539437,-0.297844239836474,0.7939108047294309,-0.19918243298714783,0.6451983170764143,-0.27490040477058475,1.186980002461716,0.0952780238428147,1.019520509382171,0.22036131861911556,0.8760712749564279,-0.14036161773266462,0.7275988849216545,-0.23862533784530296
1,2011-08-10 12:32:53.059289,3634,265702.0,299776937.0,14555490.0,381.58259324876167,73.1155751238305,82492.27765547606,121.0,190337.0,254202751.0,-11495506.0,-82.15584251098784,55,1,0,3513.0,3638.4,436.5361382520376,75365.0,103720.6,92938.40857955451,45574186.0,76845912.6,87367309.02222101,26050996.0,26776061.2,41590375.19629333,463.7384357597495,458.57821874973433,40.02968968970341,21.45317392541987,27.001204156044132,20.025623215145824,12973.010532308568,19602.520657673274,19214.019747505627,0.9987906772204819,-0.010079348797119832,2.5617090529749866,1.7428897532858387,3.9010134287871026,2.55165263638027,0.5436008638940517,-0.2938317132827678,0.8320992529655566,-1.9234629620137755,2.7078634974416853,2.302768331854275,4.208248474574662,3.273118161854908
1,2011-08-10 12:33:23.051154,3781,70037.0,33903100.0,8467727.0,423.0929782039144,18.523406506215288,8966.701930706162,147.0,-195665.0,-265873837.0,-6087763.0,41.51038495515269,37,1,0,3634.0,3640.6,436.46683722821604,265702.0,147435.2,109579.5654385442,299776937.0,131591844.0,125164234.39312969,14555490.0,29097955.8,40229195.2973415,381.58259324876167,447.6423296467403,53.01379615573955,73.1155751238305,39.022663094693755,26.51536470105486,82492.27765547606,34663.091562767935,32185.582115694488,1.0385650716911943,0.3216739234790186,0.47503581234331776,-0.7063196471919461,0.2576383077358503,-0.7804844928237916,0.29100762466619734,-0.5128173369494001,0.9451585566915794,-0.46307476963626104,0.474683300337321,-0.7731086039668855,0.25868154069492033,-0.7983820065671821
1,2011-08-10 12:33:53.047877,3514,164078.0,141977125.0,79309795.0,403.831900910074,46.69265793966989,40403.2797381901,-267.0,94041.0,108074025.0,70842068.0,-19.2610772938404,36,1,0,3781.0,3527.8,235.54553699869248,70037.0,107846.2,88956.7737932318,33903100.0,91944427.0,116445132.72080007,8467727.0,10994249.2,9696171.024955805,423.0929782039144,451.81690308895014,49.22958389797276,18.523406506215288,30.392154522519093,24.222293510261814,8966.701930706162,25771.037932798696,31845.42745358337,0.9960882136172696,-0.058587397476430214,1.5214073374861468,0.6321249928724114,1.544162377563134,0.42966757674589245,7.213752713555009,7.045620959466457,0.8937954692449321,-0.974718825114372,1.536339185941444,0.6729545825035979,1.5677785211269057,0.45947701052900974
1,2011-08-10 12:34:23.054114,3302,33692.0,15544791.0,6018516.0,452.7406029591157,10.20351302241066,4707.689582071472,-212.0,-130386.0,-126432334.0,-73291279.0,48.90870204904172,40,1,0,3514.0,3517.8,234.68425596959514,164078.0,130734.8,84863.51084359048,141977125.0,114172332.0,112401849.9593814,79309795.0,26394873.6,30747790.930213526,403.831900910074,433.8759237060379,46.49415241277609,46.69265793966989,36.945332575099535,23.058375627509403,40403.2797381901,32121.188829931663,30724.428150051604,0.9386548410935986,-0.9195333496382431,0.2577125600834647,-1.1435162066162414,0.13615199696542943,-0.8774547842018702,0.22801836793035446,-0.6626933832822994,1.0434794332234383,0.4057430509796374,0.27617867565256293,-1.1597442935063151,0.1465602536380762,-0.8922378998879189
1,2011-08-10 12:34:53.049439,4268,42643.0,25074214.0,2424667.0,397.2303964517338,9.99133083411434,5874.932989690722,966.0,8951.0,9529423.0,-3593849.0,-55.510206507381895,48,1,0,3302.0,3548.8,176.47861060197164,33692.0,121774.8,93666.76140819753,15544791.0,107355227.8,118180009.35736036,6018516.0,26880504.8,30313683.00186778,452.7406029591157,424.9973022163231,33.937456377399116,10.20351302241066,33.997665303509216,25.760203506472376,4707.689582071472,29908.591887750477,32540.915129407724,1.2026600541024564,4.075281404033729,0.35017918321360125,-0.8448226330271487,0.23356304591624183,-0.696234619098678,0.09020169145037782,-0.806759040084082,0.9346656893567983,-0.818178753734257,0.29388285179656615,-0.9319155596900177,0.19642960831254294,-0.738567394385889
1,2011-08-10 12:35:23.047329,3671,36801.0,16852106.0,2211888.0,380.9400931879597,10.024788885862163,4590.603650231545,-597.0,-5842.0,-8222108.0,-212779.0,-16.290303263774092,40,1,0,4268.0,3699.8,362.81565567103326,42643.0,115230.4,98726.48473079655,25074214.0,103255233.4,121176809.64450811,2424667.0,22155239.0,32254599.44642893,397.2303964517338,411.69569435471993,27.3517163559351,9.99133083411434,31.70529668524811,27.59989764515008,5874.932989690722,28488.976379226904,33601.975139337264,0.9922157954481344,-0.0793791545369087,0.3193688471097877,-0.7944109446807244,0.16320825051759555,-0.7130335222843186,0.09983588983174589,-0.6183102981366594,0.9252953052717955,-1.1244486731803243,0.31618656608283136,-0.7855285580165973,0.16113613873395183,-0.7112192848752283
1,2011-08-10 12:35:53.060446,3719,31249.0,15136862.0,2435800.0,370.67089013605806,8.402527561172358,4070.143049206776,48.0,-5552.0,-1715244.0,223912.0,-10.269203051901629,31,1,0,3671.0,3707.2,361.5130703031382,36801.0,69450.2,54813.342278137236,16852106.0,46670267.2,53783606.28914719,2211888.0,19686518.6,33432562.360584974,380.9400931879597,411.56719434255956,27.52948934373667,10.024788885862163,19.087139437654443,15.860022040844964,4590.603650231545,12908.641578178,15471.041019072814,1.003182995252211,0.03264059025603952,0.4499483082842029,-0.6969325060704458,0.32433630463551316,-0.5863014285519009,0.12372934237341486,-0.5159855357164482,0.9006327404866897,-1.485545325391966,0.44021932087717264,-0.6736820319853204,0.31530374629713315,-0.5712930705874598
1,2011-08-10 12:36:23.050667,3826,57065.0,34949446.0,3789176.0,417.972557307632,14.915054887611085,9134.721902770518,107.0,25816.0,19812584.0,1353376.0,47.30166717157397,39,1,0,3719.0,3694.8,359.406037790132,31249.0,61692.6,57393.58745800989,15136862.0,42917019.6,55523927.205584235,2435800.0,18480133.2,34041864.2356845,370.67089013605806,401.0827767289883,31.70780690445511,8.402527561172358,17.062963648645855,16.579489546977783,4070.143049206776,11929.329801878122,15931.080873105035,1.0355093645120073,0.3650467332333643,0.9249893828433082,-0.08062921669403482,0.8143493263451127,-0.14349801970057108,0.2050405134525762,-0.43155560160539486,1.0421104608762943,0.5326694661981786,0.8741186580398447,-0.12955216472854275,0.7657363870794824,-0.1754185997401662
1,2011-08-10 12:36:53.073755,3644,47282.0,26723172.0,9253805.0,404.9570889206916,12.97530186608123,7333.4720087815585,-182.0,-9783.0,-8226274.0,5464629.0,-13.015468386940483,36,1,0,3826.0,3757.2,347.0399112494146,57065.0,40290.0,10300.286889220139,34949446.0,21511483.8,8532568.518783316,3789176.0,3376009.4,1604507.1271517032,417.972557307632,403.91090800849986,32.631485739703116,14.915054887611085,10.707443038234095,2.4621845824757784,9134.721902770518,5675.618234794207,2043.086981408911,0.9698711806661957,-0.3261872664505085,1.1735418217919789,0.6788160441741544,1.242274696085818,0.6107994548801055,2.7410483513464143,3.6633028925425655,1.0025901278981233,0.03206047436837309,1.2118020911750147,0.9210758783347102,1.2921010021115649,0.811445518018663
1,2011-08-10 12:37:23.054540,3381,33611.0,15307544.0,3591180.0,438.5831182673765,9.941141674060928,4527.51966873706,-263.0,-13671.0,-11415628.0,-5662625.0,33.62602934668496,24,1,0,3644.0,3825.6,256.8857722802127,47282.0,43008.0,9909.597368220315,26723172.0,23747160.0,8027887.839885842,9253805.0,4023067.2,2990401.038571334,404.9570889206916,394.35420520081504,18.837183899674027,12.97530186608123,11.261800806968209,2.6268844281840233,7333.4720087815585,6200.774720136224,2069.3878468697494,0.8837829360098066,-1.7307303399944494,0.7815057663690295,-0.9482726341773337,0.6446052496382725,-1.051287233743915,0.892647281656145,-0.1444245084285867,1.1121552971469566,2.3479578104548247,0.8827310874675693,-0.50274732996819,0.7301538715853985,-0.8085748903616097
1,2011-08-10 12:37:53.050228,3559,40405.0,20252638.0,6626923.0,392.7115581019949,11.3529081202585,5690.541725203709,178.0,6794.0,4945094.0,3035743.0,-45.8715601653816,48,1,0,3381.0,3648.2,164.74131236578734,33611.0,41201.6,10777.934161992262,15307544.0,21793826.0,8777477.000965372,3591180.0,4256369.8,2877910.9751816527,438.5831182673765,402.62474956394357,27.5012397161736,9.941141674060928,11.251762974957527,2.6330414922287844,4527.51966873706,5931.2920559454915,2205.6727627486634,0.975549586096986,-0.5414549557636217,0.9806657993864079,-0.07391026777738972,0.9292832749972401,-0.1755843962713312,1.556942491228088,0.823706230124221,0.97537858397016,-0.3604634396084407,1.0089892707940165,0.03841380607220969,0.9594101372058697,-0.10915052078788678
1,2011-08-10 12:38:23.049550,3004,23159.0,8973217.0,1488357.0,478.91248355159786,7.709387483355526,2987.0895472703064,-555.0,-17246.0,-11279421.0,-5138566.0,86.20092544960295,20,1,0,3559.0,3625.8,168.4390097334997,40405.0,41922.4,10527.66578118053,20252638.0,22473932.4,8423454.610880334,6626923.0,5139376.8,2769052.010956911,392.7115581019949,404.9790425467506,25.62033523042811,11.3529081202585,11.517386821836794,2.5437971019789205,5690.541725203709,6151.279670939924,2090.365513020813,0.8285068122894731,-3.6915439064864266,0.5524254336583652,-1.7822944221443706,0.3992722252737576,-1.6027527924898544,0.28959873111463624,-1.3185089285261575,1.182561153137029,2.8857327719176036,0.6693695021225884,-1.4969744772576006,0.48560457450528977,-1.5137018401607159
1,2011-08-10 12:38:53.049080,3617,39237.0,16608637.0,2828468.0,407.4802161509538,10.84794028200166,4591.826651921482,613.0,16078.0,7635420.0,1340111.0,-71.43226740064404,26,1,0,3004.0,3482.8,311.9257924571204,23159.0,40304.4,12926.533556999735,8973217.0,21241203.4,10058043.555362524,1488357.0,4949888.2,3021244.9659197633,478.91248355159786,426.6273612298586,33.80629444804998,7.709387483355526,11.378758806273428,2.765232218945499,2987.0895472703064,5934.6689705526305,2393.996681018229,1.038532215458528,0.4302305331740648,0.9735165391371421,-0.08257434178259804,0.7819065938608734,-0.46058325105682296,0.5714205827921526,-0.7021675580530662,0.9551197442548843,-0.5663781077148738,0.9533500503646792,-0.19196164446623923,0.7737291961362963,-0.5609207102406849
1,2011-08-10 12:39:23.059831,3491,33243.0,16718535.0,2069044.0,431.1701534242338,9.5224863935835,4789.03895731882,-126.0,-5994.0,109898.0,-759424.0,23.689937273279952,19,1,0,3617.0,3441.0,264.8952623207948,39237.0,36738.8,9014.366211788927,16608637.0,17573041.6,6536907.945682908,2828468.0,4757746.6,3141666.0969089493,407.4802161509538,424.52889299852296,34.789193244396415,10.84794028200166,10.565335885151544,1.939982666583041,4591.826651921482,5026.089920382823,1609.3622732761412,1.0145306596916552,0.18875384769720793,0.9048471915250116,-0.3878031930218046,0.9513740068765328,-0.13072030493627082,0.4348789824157511,-0.8558206114409751,1.015643836106859,0.1909000987422908,0.901295187980256,-0.5375560869661246,0.9528359088635445,-0.14729496708115086
1,2011-08-10 12:39:53.064967,3687,43354.0,20787741.0,3112747.0,446.53405534255495,11.75861133713046,5638.117982099268,196.0,10111.0,4069206.0,1043703.0,15.363901918321176,23,1,0,3491.0,3410.4,243.56067005984937,33243.0,33931.0,6831.508618178211,16718535.0,15572114.2,4120418.815284774,2069044.0,3320794.4,2010639.566623046,431.1701534242338,429.7715058992314,33.0332322874691,9.5224863935835,9.874772790651997,1.4097289705801523,4789.03895731882,4517.203310090275,974.364004508742,1.0811048557350806,1.1356513345561754,1.2777106480798894,1.3793439380175287,1.3349337625587152,1.2658001610546312,0.9373501111661713,-0.10347324475934003,1.039003398811216,0.5074450267821616,1.1907728496873402,1.3363125710375987,1.2481435071793001,1.1504064875354143
1,2011-08-10 12:40:23.066283,3148,28092.0,11642559.0,2642763.0,408.3469355775096,8.923761118170267,3698.398665819568,-539.0,-15262.0,-9145182.0,-469984.0,-38.1871197650454,23,1,0,3687.0,3471.6,271.20250736304524,43354.0,35879.6,8005.987746695735,20787741.0,16668153.6,4717988.410005944,3112747.0,3225107.8,2005933.796785305,446.53405534255495,431.3616933142671,33.747121405648436,11.75861133713046,10.238266723265903,1.6456872977003763,5638.117982099268,4739.322972762717,1096.2662091241748,0.9067864961398472,-1.1932043075310494,0.7829518723731373,-0.9727219484208125,0.6984912234070124,-1.0651985895814584,0.8194340046555961,-0.29031107653366284,0.9466462643892285,-0.6819769146954086,0.8716085797042089,-0.798757823636192,0.7803643446698594,-0.9495178253955403
1,2011-08-10 12:40:53.063048,3330,57562.0,31412702.0,11472904.0,457.31559812702704,17.285885885885886,9433.243843843844,182.0,29470.0,19770143.0,8830141.0,48.96866254951749,30,1,0,3148.0,3389.4,298.9553478364334,28092.0,33417.0,8158.26013928481,11642559.0,14946137.8,4653467.501236469,2642763.0,2428275.8,649452.5037210252,408.3469355775096,434.4887688093701,29.75914115303337,8.923761118170267,9.752437322848257,1.5920501906061888,3698.398665819568,4340.894360885889,1023.740434515647,0.9824747742960458,-0.19869187967261503,1.7225364335517337,2.9595771142097584,2.1017270428217243,3.5385579023867,4.724712077598433,10.0,1.0525372137446884,0.767052691457232,1.772468287862318,4.731916495319332,2.1731106678939165,4.974258426514409
1,2011-08-10 12:41:23.051984,3144,23355.0,8517211.0,1551690.0,545.5982219109414,7.428435114503816,2709.0365776081426,-186.0,-34207.0,-22895491.0,-9921214.0,88.2826237839144,35,1,0,3330.0,3454.6,218.65337866130184,57562.0,40297.6,11261.327776964854,31412702.0,19434034.8,7439504.27442697,11472904.0,4425185.2,3958243.6251751245,457.31559812702704,430.1693917244558,22.342440230729338,17.285885885885886,11.667737003354329,3.330744117768061,9433.243843843844,5630.125220200596,2234.996233174449,0.9100908933014213,-1.4205131514555949,0.57956305090128,-1.50449399356395,0.43826261955649065,-1.4674128002757107,0.35064973099882907,-0.7259520818082206,1.2683334342373551,5.166348392981749,0.6366646001475323,-1.2727792162006428,0.48116808625992524,-1.3069769869107184
1,2011-08-10 12:41:53.063294,2975,28823.0,14067558.0,1812399.0,505.9173769741176,9.688403361344538,4728.590924369748,-169.0,5468.0,5550347.0,260709.0,-39.6808449368238,27,1,0,3144.0,3360.0,232.69615381437438,23355.0,37121.2,13626.713202391898,8517211.0,17815749.6,8937069.284812722,1551690.0,4169829.6,4124688.073671403,545.5982219109414,457.79299287645335,52.41764490333161,7.428435114503816,10.983835969854761,3.851507374864682,2709.0365776081426,5253.5672053379285,2584.8862594619854,0.8854166666664032,-1.6545181073575734,0.7764565800674339,-0.6089656307247153,0.7896135899889387,-0.41939829272326656,0.4346458186205018,-0.5715415463893831,1.1051225878189592,0.9180951220814464,0.8820600914882915,-0.33634431459952546,0.9000724154750177,-0.20309453812379558
1,2011-08-10 12:42:23.075742,4499,45229.0,17716962.0,4652380.0,976.908440023783,10.0531229162036,3937.977772838408,1524.0,16406.0,3649404.0,2839981.0,470.9910630496653,21,1,0,2975.0,3256.8,271.2944894390657,28823.0,36237.2,14077.123807803995,14067558.0,17285554.2,9095663.172456454,1812399.0,4118500.6,4158822.3208557623,505.9173769741176,472.7424375864301,53.57282255828207,9.688403361344538,11.017019363406968,3.8364545352979667,4728.590924369748,5241.477598748113,2587.7418102882434,1.3814173421759453,4.578788174296575,1.2481372732992273,0.6387526402953522,1.0249577071703029,0.04743005450184133,1.1296295549890167,0.12837273603219077,2.0664707932913493,9.410853831333192,0.9125084184459675,-0.25124667530492656,0.7513106177880474,-0.5037209742976667
1,2011-08-10 12:42:53.113343,3270,38742.0,18668846.0,3027239.0,501.0922377036697,11.847706422018348,5709.127217125382,-1229.0,-6487.0,951884.0,-1625141.0,-475.8162023201133,27,1,0,4499.0,3419.2,616.547402881565,45229.0,36612.2,14336.685101523359,17716962.0,16671398.4,8901674.24928535,4652380.0,4426427.2,4122578.2388174892,976.908440023783,578.8173145226758,228.42792648670746,10.0531229162036,10.675921679221597,3.8298476849703293,3937.977772838408,4901.449556895942,2633.8813357414215,0.9563640617685552,-0.24199274752020689,1.058171866208503,0.14855595871137256,1.1198128406552865,0.22439010281244112,0.683901228512241,-0.33939639685318373,0.8657174295417058,-0.3402608341900297,1.1097595858133373,0.30596118667833333,1.1647834280150733,0.3066492211585445
1,2011-08-10 12:43:23.062698,3098,64316.0,32873461.0,2974976.0,528.7186859070368,20.76049063912201,10611.188185926403,-172.0,25574.0,14204615.0,-52263.0,27.626448203367147,25,1,0,3270.0,3443.6,605.4455384260443,38742.0,38742.2,13522.38790673603,18668846.0,18076655.8,8452603.846804278,3027239.0,4503322.4,4084400.525855307,501.0922377036697,597.3663749479077,214.46326588228573,11.847706422018348,11.260710739991213,3.71698987031371,5709.127217125382,5303.595267157105,2556.6447474167603,0.8996399117200315,-0.5708193025880963,1.6601019043832914,1.8912192266913745,1.8185587734651671,1.7505617757768577,0.660618036141494,-0.37419111821310713,0.8850827701044568,-0.3200906633503849,1.8436216964129735,2.555772339453068,2.0007537625721454,2.075999383226796
1,2011-08-10 12:43:53.056493,3471,94215.0,74819321.0,32288119.0,443.1472927559781,27.143474503025065,21555.55200230481,373.0,29899.0,41945860.0,29313143.0,-85.57139315105871,20,1,0,3098.0,3397.2,624.9053528335334,64316.0,40093.0,15985.391534155184,32873461.0,18368807.6,9034027.336562565,2974976.0,2803736.8,1229545.6074426475,528.7186859070368,611.6469925039098,204.97351937823575,20.76049063912201,11.955631690638437,5.1670243307691,10611.188185926403,5539.184135573616,3040.7550093605523,1.021723772518244,0.11809788420798092,2.349911455865055,3.3857162575190514,4.073172446969284,6.248654259826419,10.0,10.0,0.7245147906983633,-0.822055942924894,2.270350509543443,2.939378999824948,3.8914669515799925,5.267233899943174
1,2011-08-10 12:44:23.054485,3086,34685.0,19432726.0,1841625.0,476.1078287757615,11.239468567725211,6297.059624108879,-385.0,-59530.0,-55386595.0,-30446494.0,32.960536019783376,21,1,0,3471.0,3462.6,608.6824295147698,94215.0,54265.0,25821.179727120012,74819321.0,31629229.6,25183661.11755344,32288119.0,8951022.6,13084940.662790608,443.1472927559781,591.1568066729171,217.93751669145755,27.143474503025065,15.898639568342688,7.733548127729763,21555.55200230481,9308.48722051295,7322.240774171199,0.8912377981860766,-0.6187134402739367,0.6391781074357203,-0.7582922316843002,0.6143913792955614,-0.48430224434281444,0.20574464866170705,-0.5433266977065364,0.8053833152231354,-0.5278989117761994,0.7069453030055637,-0.6024622751501187,0.6764858214803671,-0.4112713156096021
1,2011-08-10 12:44:53.062868,3806,53423.0,33819508.0,4303213.0,418.9001101763006,14.036521282186024,8885.840252233316,720.0,18738.0,14386782.0,2461588.0,-57.20771859946092,19,1,0,3086.0,3484.8,588.1298326050147,34685.0,55437.4,24475.200291320045,19432726.0,32702263.2,24348780.946281556,1841625.0,8956867.8,13080960.449213946,476.1078287757615,585.1948970332458,221.23507284877036,11.239468567725211,16.208852609618823,7.447998835040277,6297.059624108879,9622.180960460775,7107.426874268324,1.0921717171714036,0.5461379141009671,0.9636635195734115,-0.0823037187039614,1.0341641431104378,0.04588504050633474,0.48043725731890324,-0.35575788322788215,0.7158300803702778,-0.751665568731354,0.8659787104850561,-0.29166644292706645,0.923474655979332,-0.10360158764252611
1,2011-08-10 12:45:23.049276,3439,27085.0,10683699.0,2256568.0,452.4380774952021,7.875835998836871,3106.6295434719395,-367.0,-26338.0,-23135809.0,-2046645.0,33.53796731890151,27,1,0,3806.0,3346.2,300.8757218520682,53423.0,57076.2,23888.071117196385,33819508.0,35922772.4,22892592.25509424,4303213.0,8887034.4,13110583.60022576,418.9001101763006,473.5932310637494,43.93070387372789,14.036521282186024,17.005532282815306,6.810713424751755,8885.840252233316,10611.753456339758,6430.354388167543,1.0277329508095667,0.3084329949537065,0.4745410521373099,-1.2554885596605947,0.2974074183650703,-1.102499582343437,0.2539168746775639,-0.5057338866201063,0.9553305406794234,-0.4815573551671969,0.46313375361573067,-1.3404904469271093,0.29275364870220005,-1.1671400143476984
1,2011-08-10 12:45:53.049215,3178,36665.0,19982678.0,2640875.0,507.1731002545626,11.537130270610447,6287.815607300189,-261.0,9580.0,9298979.0,384307.0,54.7350227593605,17,1,0,3439.0,3380.0,299.6656470134723,27085.0,54744.8,26545.770966393746,10683699.0,34325743.0,24611193.875875104,2256568.0,8732900.2,13200915.736679541,452.4380774952021,463.8623990220558,41.6459081620657,7.875835998836871,16.211158198179014,7.732016313873924,3106.6295434719395,10091.25392160907,7005.968389657047,0.9402366863902544,-0.6740846073365374,0.6697439756835231,-0.6810802377104767,0.5821484475951475,-0.5827862342777145,0.30240526509165877,-0.4614850455467221,1.0933697176635222,1.039974949349707,0.7116783470285748,-0.6045031124128946,0.6230955693063128,-0.5428854517704328
1,2011-08-10 12:46:23.068194,3197,31198.0,15425135.0,2039705.0,493.4955909746637,9.758523615889898,4824.87801063497,19.0,-5467.0,-4557543.0,-601170.0,-13.677509279898857,16,1,0,3178.0,3396.0,282.48805284472286,36665.0,49214.6,26930.77961738642,19982678.0,31747586.4,25461850.82284734,2640875.0,8666080.0,13238140.545375919,507.1731002545626,459.55328189156097,33.59376097988921,11.537130270610447,14.3664861244767,7.4711501996686955,6287.815607300189,9226.579405883826,7190.129929081831,0.941401648998545,-0.7044545707165932,0.6339175773042831,-0.6689966000229668,0.4858679587686704,-0.6410551814777578,0.23536650942525336,-0.5005517940595208,1.0738593552032083,1.010375381976784,0.6792561194615776,-0.6167674835628886,0.5229324756645571,-0.6121866278722913
1,2011-08-10 12:46:53.049949,3685,236963.0,104518207.0,67724839.0,490.7565897880597,64.30474898236092,28363.149796472186,488.0,205765.0,89093072.0,65685134.0,-2.739001186604014,27,1,0,3197.0,3341.2,290.7571151322064,31198.0,36611.2,10079.69469776946,15425135.0,19868749.2,8644906.324415984,2039705.0,2616397.2,988467.1993202304,493.4955909746637,469.6229415352981,34.96461334967188,9.758523615889898,10.889495947049666,2.280730376951599,4824.87801063497,5880.444607549858,2131.9118787394646,1.1028971626957074,1.182430221329211,6.472418276374267,10.0,5.260432146377891,9.791830544296682,10.0,10.0,1.0450013114406767,0.6044296283446687,5.905208954495094,10.0,4.823300224621133,10.0
1,2011-08-10 12:47:23.075697,4196,105369.0,24509380.0,6782494.0,414.90175775953287,25.11177311725453,5841.129647283126,511.0,-131594.0,-80008827.0,-60942345.0,-75.85483202852686,18,1,0,3685.0,3461.0,282.60838628746086,236963.0,77066.8,89944.78395215713,104518207.0,36885845.4,38782632.69697698,67724839.0,15793040.0,29044352.35069231,490.7565897880597,472.55269373775775,36.23450300776549,64.30474898236092,21.502552029976805,24.034812788451887,28363.149796472186,10293.662642022518,10321.048765457906,1.2123663681013543,2.6007720777605625,1.3672424442172066,0.3146619376511484,0.6644657248387209,-0.31912391035188065,0.4294609524195468,-0.31023401352536,0.8780010425438477,-1.5910508270053696,1.1678508244546155,0.15016639068067533,0.5674491044069113,-0.43140315445853994
1,2011-08-10 12:47:53.047508,3224,71775.0,18924311.0,5723186.0,603.7375671783499,22.26271712158809,5869.823511166253,-972.0,-33594.0,-5585069.0,-1059308.0,188.835809418817,21,1,0,4196.0,3539.0,421.3816559842187,105369.0,87456.0,89530.11295648084,24509380.0,35023819.8,39188037.6189788,6782494.0,16288896.2,28819446.827435195,414.90175775953287,471.7530232544042,37.72794112065873,25.11177311725453,23.717602396990507,23.68249102286105,5841.129647283126,9684.72052103248,10512.91139659125,0.9109918055945434,-0.7475408469395963,0.8206984083424713,-0.17514777410838417,0.5403268720563712,-0.41082712424984996,0.3513550537574179,-0.36661738385421677,1.2797746647433568,3.498323523627863,0.9386579953576722,-0.06143294951264052,0.6060911616827814,-0.3628773101904788
1,2011-08-10 12:48:23.070428,3224,72587.0,22960529.0,4555141.0,522.7562131215881,22.514578163771716,7121.7521712158805,0.0,812.0,4036218.0,-1168045.0,-80.9813540567618,14,1,0,3224.0,3496.0,444.47440871213564,71775.0,96394.0,84060.04015583274,18924311.0,36671942.2,38065668.04721076,5723186.0,16982219.8,28436625.023918286,603.7375671783499,502.01292119103374,67.38348416761798,22.26271712158809,26.594978621540754,22.097512207567934,5869.823511166253,10237.359314571344,10146.92483263421,0.922196796338409,-0.6119587419836113,0.7530240471398556,-0.28321423539491136,0.6261061624382687,-0.36020419195046016,0.26823001077868514,-0.4370096236648153,1.0413202351053021,0.3078394088178503,0.846572523457091,-0.18465429136348352,0.6956630076545657,-0.30704939622050237
1,2011-08-10 12:48:53.069986,3598,65553.0,18367375.0,4411903.0,531.6125909519177,18.21928849360756,5104.884658143413,374.0,-7034.0,-4593154.0,-143238.0,8.85637783032962,28,1,0,3224.0,3505.2,436.6539820040607,72587.0,103578.4,79065.64234103338,22960529.0,37267512.4,37761349.713065945,4555141.0,17365073.0,28207232.25065211,522.7562131215881,505.12954376443884,68.03900679958102,22.514578163771716,28.790468200173006,20.7304738340757,7121.7521712158805,10404.146627354483,10072.355193474741,1.0264749515003349,0.21252525758238627,0.6328829176739491,-0.4809345611332008,0.4928521872578756,-0.5005154091052072,0.2540676333465457,-0.4592144980725836,1.052428228586797,0.3892333006138577,0.6328236264273485,-0.5099343020649698,0.4906586614918717,-0.5261194494653653
1,2011-08-10 12:49:23.097620,3074,66707.0,28120856.0,3968929.0,607.7509189056603,21.70039037085231,9147.968770331816,-524.0,1154.0,9753481.0,-442974.0,76.13832795374265,18,1,0,3598.0,3585.4,401.28892334576375,65553.0,110449.4,72416.25979571305,18367375.0,37855960.4,37356634.33923482,4411903.0,17839512.6,27903333.353795514,531.6125909519177,512.7529437598896,68.5431389317342,18.21928849360756,30.48262117571654,19.06717204259236,5104.884658143413,10460.14795685617,10034.28640898739,0.8573659842692984,-1.2743935111263627,0.6039598223258741,-0.6040411383216574,0.7428382664939601,-0.26059907623357387,0.22247967693915582,-0.497094143704278,1.185270462706638,1.385958924918778,0.711893844202206,-0.46059430233208354,0.8745544334614165,-0.1307695568016622
1,2011-08-10 12:49:53.050017,3496,59853.0,24691254.0,11182944.0,538.4124852645881,17.1204233409611,7062.7156750572085,422.0,-6854.0,-3429602.0,7214015.0,-69.33843364107224,47,1,0,3074.0,3463.2,453.0664410436981,66707.0,76398.2,16482.901722701114,28120856.0,22576490.2,4052116.8720006905,3968929.0,5088330.6,1147621.0607797212,607.7509189056603,536.1518095834097,78.4153822012414,21.70039037085231,21.961749453414818,2.4694722517460574,9147.968770331816,6617.1117516280965,1589.6004156029526,1.009471009470718,0.07239556283261386,0.7834346882518072,-1.0037795697836431,1.0936710614123715,0.5218911168659994,2.197762857625642,5.310649663277501,1.0042164842862897,0.028829492603223227,0.7795564454688513,-1.9604699372791716,1.0673411512686644,0.2803244885034893
1,2011-08-10 12:50:23.052179,3414,83788.0,55883848.0,4027972.0,565.852742420621,24.54247217340363,16369.02401874634,-82.0,23935.0,31192594.0,-7154972.0,27.440257156032885,24,1,0,3496.0,3323.2,216.30811357876362,59853.0,67295.0,5168.155763928519,24691254.0,22612865.0,4074559.8503973996,11182944.0,5968420.6,2986196.042862923,538.4124852645881,560.8539550844208,41.37766392797011,17.1204233409611,20.36347949815613,2.506822091989063,7062.7156750572085,6861.428957182912,1533.4012904978206,1.0273230621085017,0.4197715864528479,1.2450850731852106,3.191273783795523,2.4713298381253326,8.165540382663666,0.6748807213754339,-0.6498061654852553,1.0089128146282553,0.12080883407969104,1.2052199710968197,1.6670479675981267,2.385658165506178,6.200330676955786
1,2011-08-10 12:50:53.052162,3649,62331.0,37434154.0,3169763.0,488.6000282302,17.081666209920527,10258.743217319814,235.0,-21457.0,-18449694.0,-858209.0,-77.25271419042099,89,1,0,3414.0,3361.2,211.1520778964847,83788.0,69697.6,9081.92643662271,55883848.0,30004772.4,14887574.98740472,4027972.0,5629377.8,3114479.0047729616,565.852742420621,553.276990132875,34.45060227256321,24.54247217340363,20.81943050851924,3.080342822389859,16369.02401874634,8961.26905869893,4380.916522407811,1.0856241818394963,1.362998663644354,0.8943062601868514,-0.8111274685394398,1.247606664065214,0.49903235458329864,0.5630751945623546,-0.7897355532757233,0.8831020211268406,-1.8773826184254245,0.8204675052043475,-1.2134247753908682,1.1447868767382057,0.2961650038260666
1,2011-08-10 12:51:23.061112,3391,51362.0,24437620.0,4268445.0,521.5476613134769,15.146564435269832,7206.611618991448,-258.0,-10969.0,-12996534.0,1098682.0,32.947633083276855,40,1,0,3649.0,3446.2,227.05770191738227,62331.0,67646.4,9418.155435127806,37434154.0,32899497.4,14579409.605452564,3169763.0,5352302.2,3290584.4354010397,488.6000282302,546.4457531545975,44.06143031634861,17.081666209920527,19.732848117749,3.284360574484247,10258.743217319814,9588.667267919716,4274.9617703995145,0.9839823573788568,-0.243110009189831,0.7592717424726111,-1.7290434535897294,0.7427961498281126,-0.5803991813794253,0.7974970097914126,-0.3293813671333144,0.9544362972932996,-0.5650767953240347,0.767581260653319,-1.3964007839799883,0.7515759403917858,-0.5572109826622138
1,2011-08-10 12:51:53.054535,4205,686578.0,725185147.0,14355281.0,364.5219007914388,163.27657550535076,172457.8233055886,814.0,635216.0,700747527.0,10086836.0,-157.02576052203807,26,1,0,3391.0,3404.8,210.74558121109675,51362.0,64808.2,11993.009117824799,24437620.0,34113546.4,13259788.371108117,4268445.0,5323610.6,3301441.482182166,521.5476613134769,544.4327672269094,45.12557556630798,15.146564435269832,19.118303306081454,3.8730771418057195,7206.611618991448,10009.012660089324,3800.9085733800866,1.2350211466161785,3.796995388456897,10.0,10.0,10.0,10.0,2.6965309972145595,2.735674840442818,0.6695443822154138,-3.9868935558976055,8.540327710193447,10.0,10.0,10.0
1,2011-08-10 12:52:23.067588,3288,35942.0,14651391.0,2965635.0,453.9371187192822,10.931265206812652,4456.019160583942,-917.0,-650636.0,-710533756.0,-11389646.0,89.4152179278434,26,1,0,4205.0,3631.0,336.42012424943033,686578.0,188782.4,278532.49204231123,725185147.0,173526404.6,308653368.5263842,14355281.0,7400881.0,5043776.111317035,364.5219007914388,495.7869636040649,78.53650546043683,163.27657550535076,47.433540332981146,64.85788297617825,172457.8233055886,42670.98356714068,72650.94732662578,0.905535665105782,-1.0195585081725718,0.19038851079337804,-0.5487345439640191,0.08443320792459963,-0.5147360430845876,0.4007137798864756,-0.879350292739672,0.9155890574825207,-0.5328712378898999,0.23045433947888452,-0.562803986972758,0.10442738338975739,-0.5260077922280697
1,2011-08-10 12:52:53.067805,3705,103338.0,102200575.0,4922789.0,485.5987536094467,27.891497975708504,27584.500674763836,417.0,67396.0,87549184.0,1957154.0,31.66163489016452,32,1,0,3288.0,3589.4,368.6072435533549,35942.0,184000.2,281489.09703432594,14651391.0,171518432.0,309893859.14099663,2965635.0,5757419.2,4837904.581237116,453.9371187192822,478.89189029500375,76.1235634826772,10.931265206812652,46.19570870615145,65.63545122214677,4456.019160583942,42149.64426424603,72978.96337096211,1.0322059397110848,0.3136129363202639,0.5616189547620026,-0.28655532612036994,0.5958576801821509,-0.22368257697052818,0.8550339707763505,-0.17251894616461702,1.01400496322729,0.08810495735503862,0.6037681584781205,-0.2788768933455255,0.6544420755209572,-0.19958002850006742
1,2011-08-10 12:53:23.056965,3100,31417.0,12637347.0,2654653.0,509.3844128716129,10.134516129032258,4076.563548387097,-605.0,-71921.0,-89563228.0,-2268136.0,23.785659262166178,22,1,0,3705.0,3647.6,356.77275680746993,103338.0,187910.2,279880.29225760105,102200575.0,180781777.4,306243928.99101704,4922789.0,5936382.6,4774064.395488573,485.5987536094467,462.8410925327689,59.945473845589554,27.891497975708504,46.86551386661243,65.3758137844105,27584.500674763836,44392.73959544953,72156.18827068152,0.8498738896806531,-1.5348705570979844,0.16719156277839006,-0.5591433349510853,0.0699038762742024,-0.5490539223225944,0.4471836097626187,-0.6874079040704163,1.1005600433683362,0.776427599153792,0.2162467727903431,-0.5618438320040797,0.0918295105356569,-0.5587348363777571
1,2011-08-10 12:53:53.048341,3887,46466.0,24944648.0,2916773.0,423.3577052799074,11.954206328788269,6417.455106766143,787.0,15049.0,12307301.0,262120.0,-86.02670759170547,30,1,0,3100.0,3537.8,432.64616027419277,31417.0,181727.4,283663.86933798983,12637347.0,175822416.0,309330894.10373056,2654653.0,5833360.6,4853587.871437961,509.3844128716129,466.9979694610514,62.82952950087337,10.134516129032258,45.476083850434776,66.23523259302311,4076.563548387097,43156.30366166298,72936.07217323934,1.0987054101415854,0.8071260814562288,0.25569066634970705,-0.47683689965757853,0.14187410551792212,-0.4877552513374396,0.5000158913542907,-0.6009137317083143,0.9065514905077329,-0.6945820624017692,0.26286798062562533,-0.5061034166983726,0.14870261264907192,-0.5037130114113277
1,2011-08-10 12:54:23.047449,3303,28276.0,9975442.0,2879295.0,561.163763626703,8.560702391765062,3020.115652437178,-584.0,-18190.0,-14969206.0,-37478.0,137.80605834679562,21,1,0,3887.0,3637.0,447.19067521584367,46466.0,180748.2,284234.2685711914,24944648.0,175923821.6,309268936.8451329,2916773.0,5563026.2,4998034.109960442,423.3577052799074,447.3599782543376,56.54809765287212,11.954206328788269,44.837612229138465,66.61498037448648,6417.455106766143,42998.47235921792,73034.10261278029,0.9081660709373363,-0.7468849833195711,0.1564386256681939,-0.5364314470822161,0.056703190672388167,-0.5365827596293611,0.5175771057846176,-0.5369573598250694,1.2543897328839957,2.0125130657613335,0.19092681269077086,-0.5445758541531128,0.07023774303436764,-0.5473930023997359
1,2011-08-10 12:54:53.050181,3273,494358.0,532612599.0,259841064.0,576.488952970058,151.04124656278643,162729.17781851513,-30.0,466082.0,522637157.0,256961769.0,15.325189343354964,33,1,0,3303.0,3456.6,326.3928614415499,28276.0,49087.8,31097.25986642925,9975442.0,32881880.6,39163049.79102893,2879295.0,3267829.0,932791.188932903,561.163763626703,486.6883508213905,52.788018138827574,8.560702391765062,13.894437606421326,7.9222523299563345,3020.115652437178,9110.93082858764,10399.984139225351,0.9468842214890508,-0.56251230247055,10.0,10.0,10.0,10.0,10.0,10.0,1.1845135639592057,1.7011550217854199,10.0,10.0,10.0,10.0
1,2011-08-10 12:55:23.052294,3483,49367.0,31279315.0,2887109.0,501.28200833304624,14.17370083261556,8980.567039908125,210.0,-444991.0,-501333284.0,-256953955.0,-75.20694463701176,23,1,0,3273.0,3453.6,328.3927526605951,494358.0,140771.0,199957.40260365503,532612599.0,136474122.2,224653430.5539864,259841064.0,54642914.8,114712920.7957558,576.488952970058,511.19871767154564,61.5101901364969,151.04124656278643,41.91643387761608,61.492588514892674,162729.17781851513,40765.56256017388,68919.26025374596,1.0085128561498122,0.08952694528644622,0.3506901279382803,-0.45711736004680814,0.22919594202746227,-0.4682537317173114,0.05283592594881121,-0.451176776260019,0.9806010676539849,-0.1612205931461449,0.3381418580039644,-0.4511557199747812,0.22029788075785112,-0.46119176850186355
1,2011-08-10 12:55:53.058154,3697,52024.0,30403726.0,7124338.0,459.4062066386259,14.071950229916148,8223.891263186368,214.0,2657.0,-875589.0,4237229.0,-41.87580169442032,315,1,0,3483.0,3409.2,299.6551351136885,49367.0,129976.8,203901.1644049641,31279315.0,122289870.2,229544092.62649092,2887109.0,54235778.8,114936896.29074772,501.28200833304624,514.3353686162656,60.265670225449405,14.17370083261556,39.1728744489975,62.57131648588948,8980.567039908125,37044.77583320273,70297.19413702186,1.0844186319367932,0.960437403783683,0.4002560456943054,-0.3823067917610274,0.24862015104174998,-0.400298448758231,0.1313586373724203,-0.40988962048205585,0.8932036073538736,-0.9114502795910552,0.3592268994167991,-0.40115704173078615,0.22199867803802945,-0.4099862721951444
1,2011-08-10 12:56:23.048837,3163,31076.0,10176917.0,2237330.0,582.0660432269997,9.824849826114448,3217.4887764780274,-534.0,-20948.0,-20226809.0,-4887008.0,122.65983658837376,36,1,0,3697.0,3528.6,262.2571257373238,52024.0,134098.2,201606.30852282426,30403726.0,125843146.0,227551214.37059972,7124338.0,55129715.8,114451780.47376221,459.4062066386259,504.33972736966814,65.23216362350958,14.071950229916148,39.96036126917427,62.13776639931425,8223.891263186368,37874.24137616259,69833.87844531354,0.8963895029187507,-1.3940517306087998,0.2317406199337483,-0.5110068268936939,0.08086985524026871,-0.5083085551528677,0.04058301348979564,-0.4621368543246511,1.154114997566325,1.1915336168326562,0.24586488995152175,-0.48497899407770506,0.08495190027761126,-0.49627420631983854
1,2011-08-10 12:56:53.061347,3638,56185.0,33198104.0,15121103.0,448.9133896500825,15.44392523364486,9125.372182517867,475.0,25109.0,23021187.0,12883773.0,-133.1526535769172,204,1,0,3163.0,3383.8,209.4593039232275,31076.0,131020.2,203388.30801007268,10176917.0,122889599.8,229277546.3836272,2237330.0,54993827.2,114529647.87084493,582.0660432269997,536.0813949590867,53.54102551370978,9.824849826114448,39.534489968639505,62.38450439802695,3217.4887764780274,37234.24811010496,70207.89744806771,1.0751226431819034,1.2136009011657816,0.42882700530146933,-0.3679424876099243,0.2701457572815694,-0.39119179882502836,0.27496000496579365,-0.34814325322089934,0.8373978165825096,-1.6280600618128946,0.39064435245035456,-0.38616263713349946,0.24508007132393517,-0.4003662970875696
1,2011-08-10 12:57:23.065929,3715,102696.0,67992410.0,8965991.0,456.3844854847914,27.643606998654104,18302.129205921938,77.0,46511.0,34794306.0,-6155112.0,7.471095834708933,34,1,0,3638.0,3450.8,229.7481229520771,56185.0,136602.0,200221.9826904633,33198104.0,127534132.2,226638408.08867225,15121103.0,57442188.8,113260869.52447611,448.9133896500825,513.6313201637624,63.07866575204515,15.44392523364486,40.911134537015464,61.601155827235104,9125.372182517867,38455.29941612111,69513.74445197078,1.0765619566474218,1.1499549881152198,0.7517898713049534,-0.16934204498622615,0.5331310828490509,-0.2627168214873108,0.15608721024223923,-0.42800481758198144,0.8885448911845808,-0.9075466957892561,0.6756988607335517,-0.2153778993263653,0.4759325628407122,-0.28991633768374164
1,2011-08-10 12:57:53.054499,4072,46390.0,21936209.0,3228448.0,420.1186689005403,11.392436149312378,5387.084724950884,357.0,-56306.0,-46056201.0,-5737543.0,-36.26581658425113,303,1,0,3715.0,3539.2,229.26665697393156,102696.0,58269.6,26626.144394189407,67992410.0,34610094.4,20869478.288245108,8965991.0,7267174.2,5221946.048411665,456.3844854847914,489.6104266667091,55.58051310711188,27.643606998654104,16.231606624189002,6.723091163624267,18302.129205921938,9569.88969360246,5453.476255907045,1.1505424954788792,2.3239314736388272,0.796126968436358,-0.4461629826732264,0.6338095685748838,-0.6072928716736853,0.4442508065927468,-0.7734140036219717,0.8580672428891475,-1.2502899645960017,0.7018674375482361,-0.7197835573522333,0.5629202527330723,-0.7669979243276464
1,2011-08-10 12:58:23.067395,3413,41504.0,16881778.0,2755734.0,570.806129553179,12.160562554937004,4946.316437152065,-659.0,-4886.0,-5054431.0,-472714.0,150.68746065263866,98,1,0,4072.0,3657.0,324.64827121055487,46390.0,57674.2,26906.79451737468,21936209.0,32741473.2,21646102.708510567,3228448.0,7335442.0,5152133.485989566,420.1186689005403,473.37775878020796,62.71394341426388,11.392436149312378,15.675353687528363,7.043353731849248,5387.084724950884,8851.19323061101,5777.705995483949,0.9332786436967642,-0.7515826253730427,0.7196285340758829,-0.6009708807772594,0.5156083813601888,-0.7326813243736696,0.3756738857726637,-0.888895447381907,1.2058152690207014,1.5535360314985074,0.7757759599285102,-0.49902237852954184,0.5588304659359532,-0.6758524571015647
1,2011-08-10 12:58:53.077747,3796,81523.0,52727802.0,3763682.0,468.7221469812961,21.476027397260275,13890.358798735511,383.0,40019.0,35846024.0,1007948.0,-102.0839825718828,311,1,0,3413.0,3600.2,340.3640697841096,41504.0,55570.2,27853.72009624971,16881778.0,30037083.6,22823843.367147893,2755734.0,6461721.2,5551804.619096947,570.806129553179,495.6577433631186,75.07870768637892,12.160562554937004,15.293076152532535,7.202213212910085,4946.316437152065,8195.67826540415,6046.354313690055,1.0543858674515154,0.5752663614688219,1.4670272916059064,0.9317534573593067,1.7554234859205837,0.9941672852811674,0.5824581227676613,-0.4859751711577453,0.9456568635445787,-0.358764784470984,1.404297420718692,0.8584793397654792,1.694839444511655,0.9418370538485674
1,2011-08-10 12:59:23.127809,3218,37824.0,11325983.0,3645003.0,640.8275610904288,11.753884400248602,3519.572094468614,-578.0,-43699.0,-41401819.0,-118679.0,172.1054141091327,20,1,0,3796.0,3726.8,240.0243737623363,81523.0,65659.6,25825.960413897887,52727802.0,38547260.6,21459486.39567195,3763682.0,6766991.6,5297596.684889838,468.7221469812961,472.98896411397783,57.52611080038686,21.476027397260275,17.6233116667617,6.867767101390035,13890.358798735511,10330.252269855646,5724.914559042808,0.8634753676073673,-2.1197847202871003,0.5760619924580628,-1.0778147086843508,0.29382069759841767,-1.268496230435884,0.5386445285376148,-0.5893216840958742,1.3548467505779935,2.9176072332775314,0.6669509466685518,-0.8546339995237309,0.3407053383138198,-1.1896562132316908
1,2011-08-10 12:59:53.053865,3552,161715.0,141616167.0,9070703.0,582.0358392761825,45.52787162162162,39869.41638513513,334.0,123891.0,130290184.0,5425700.0,-58.79172181424633,122,1,0,3218.0,3642.8,333.97559791098814,37824.0,61987.4,28659.851025436652,11325983.0,34172836.4,24792865.747535717,3645003.0,4471771.6,2543304.1420533643,640.8275610904288,511.3717984020471,91.46169308049642,11.753884400248602,16.88530350008245,7.342378204256239,3519.572094468614,9209.092252245797,6514.353696539542,0.9750741188094391,-0.2718761507358047,2.6088366345418166,3.479697082566294,4.1441150901948545,4.3336390272140815,2.0284361124347225,1.808250662575889,1.1381852520882276,0.7726080558247553,2.696301645907816,3.9009932913881524,4.32935356635264,4.7065795873459475
1,2011-08-10 13:00:23.057167,3131,231665.0,210604816.0,9624396.0,570.367077125519,73.99073778345577,67264.39348450974,-421.0,69950.0,68988649.0,553693.0,-11.668762150663497,18,1,0,3552.0,3610.2,333.12039865490397,161715.0,73791.2,52147.15682278581,141616167.0,48897587.8,54256241.53237445,9070703.0,4492714.0,2589572.982265802,582.0358392761825,536.5020691603254,89.82359761427283,45.52787162162162,20.462156424675953,14.631543843577449,39869.41638513513,13522.549688088437,15281.441325781894,0.8672649714694844,-1.4385189316940885,3.139466494649726,3.0274670685595977,4.307059416947353,2.9804354970572375,2.1422231639939686,1.98167112305517,1.0631218590025802,0.3770168292550722,3.615979481547314,3.658436999361341,4.974238959074095,3.516804642357125
1,2011-08-10 13:00:53.064854,3647,1554715.0,1554431134.0,1505990272.0,495.9985401425829,426.299698382232,426221.8629010145,516.0,1323050.0,1343826318.0,1496365876.0,-74.36853698293612,94,1,0,3131.0,3422.0,266.0610832121128,231665.0,110846.2,83942.31605513515,210604816.0,86631309.2,86715197.6771419,9624396.0,5771903.6,3293088.0032482888,570.367077125519,566.551750805321,61.96761417690012,73.99073778345577,32.98181675150463,26.71922539998329,67264.39348450974,25898.01144000021,27341.9527127298,1.0657510227933764,0.84567046515321,10.0,10.0,10.0,10.0,10.0,10.0,0.8754690801620042,-1.1385497343852873,10.0,10.0,10.0,10.0
1,2011-08-10 13:01:23.076040,4006,50325.0,25905332.0,7543528.0,540.3220741737393,12.56240639041438,6466.633050424363,359.0,-1504390.0,-1528525802.0,-1498446744.0,44.32353403115644,366,1,0,3647.0,3468.8,284.05404415357765,1554715.0,413488.4,642295.2036461117,1554431134.0,394141180.4,653230018.0996414,1505990272.0,306418811.2,670586798.6459464,495.9985401425829,551.5902329232018,69.28268459130715,426.299698382232,115.80964391696364,175.22760530472183,426221.8629010145,110153.1207327727,178406.7857649922,1.1548662361620285,1.8911894093916306,0.12170837198818607,-0.565415089414389,0.06572602226874541,-0.5637154420295342,0.024618358025925272,-0.4456921666270363,0.9795715042111507,-0.16264033092496036,0.10847461373176522,-0.5892178766377164,0.05870585424549261,-0.5811801789811383
1,2011-08-10 13:01:53.058712,3769,43678.0,21473440.0,3611879.0,504.9287071207216,11.58875033165296,5697.38392146458,-237.0,-6647.0,-4431892.0,-3931649.0,-35.3933670530177,220,1,0,4006.0,3510.8,351.94133033788813,50325.0,407248.8,646464.3222500373,25905332.0,388776686.4,656834926.4280216,7543528.0,307174780.4,670162306.5165875,540.3220741737393,565.9102183616906,53.46705377110657,12.56240639041438,114.02691971559446,176.46821595304067,6466.633050424363,108668.37558311046,179436.11041253564,1.073544491283732,0.7336450076817527,0.10725139030489445,-0.5623988633039809,0.0552333531077701,-0.5592017592570124,0.0117583839249324,-0.45296922618324903,0.8922417209245618,-1.1405436981976116,0.10163170556966677,-0.5804907633373506,0.052429088876065164,-0.5738588036984758
1,2011-08-10 13:02:23.061083,3647,89532.0,77713943.0,5618721.0,510.7717800951467,24.54949273375377,21309.00548395942,-122.0,45854.0,56240503.0,2006842.0,5.84307297442507,215,1,0,3769.0,3621.0,322.3608226816684,43678.0,408419.6,645632.7651349489,21473440.0,390806177.8,655391205.5873439,3611879.0,307168155.6,670166057.2986711,504.9287071207216,538.730447567749,38.233951291655494,11.58875033165296,113.99389290187533,176.49215585038263,5697.38392146458,109103.93794850966,179119.4270282663,1.0071803369232237,0.08065496229854943,0.219215728138414,-0.4939148339743046,0.19885546190053088,-0.4777180897925159,0.018292003573823587,-0.44996226131698774,0.9481026780651108,-0.7312523693561592,0.2153579644364838,-0.5067896628983292,0.19530922425564293,-0.49014746150731653
1,2011-08-10 13:02:53.053161,3779,105368.0,67501387.0,6522847.0,551.0448099169092,27.88250860015877,17862.23524741995,132.0,15836.0,-10212556.0,904126.0,40.27302982176252,216,1,0,3647.0,3640.0,320.0687426163355,89532.0,393983.0,653289.8924554856,77713943.0,378025733.0,662054551.492559,5618721.0,306477759.2,670551594.6677794,510.7717800951467,524.4776357315419,30.56941705005906,24.54949273375377,109.79821712430176,178.76144053052752,21309.00548395942,105391.85576827452,181094.38835557492,1.038186813186528,0.4342817073086834,0.26744301150049554,-0.4417870279841585,0.17856294190427507,-0.46903135897176906,0.02128326380689617,-0.4473256265218648,1.0506545415368584,0.869076899340052,0.2539431816851747,-0.45824036929091433,0.16948401863891216,-0.483337011796255
1,2011-08-10 13:03:23.057064,3604,27041.0,7760890.0,2051110.0,496.9389034162042,7.5030521642619314,2153.410099889012,-175.0,-78327.0,-59740497.0,-4471737.0,-54.10590650070503,296,1,0,3779.0,3769.6,146.6587876671615,105368.0,368723.6,663496.8034959175,67501387.0,349405047.2,674085455.3280594,6522847.0,305857449.4,670896204.832485,551.0448099169092,520.61318228982,23.786871094418665,27.88250860015877,100.57657128764235,182.22611259694688,17862.23524741995,95511.42412085657,185000.2205513196,0.9560696095073865,-1.1291515676148631,0.07333677583968026,-0.514972488487809,0.02221172837139257,-0.5068261813092093,0.006706097902874881,-0.45283657473641087,0.9545261632245972,-0.9952666232834392,0.07460039717131633,-0.5107584077630655,0.022546099796021735,-0.5046373120137404
1,2011-08-10 13:03:53.057956,3482,30900.0,9330832.0,2250007.0,504.55373270706485,8.87421022400919,2679.7334865020102,-122.0,3859.0,1569942.0,198897.0,7.614829290860655,218,1,0,3604.0,3761.0,156.57107012472514,27041.0,63188.8,32885.639764191714,7760890.0,40070998.4,30658994.947329767,2051110.0,5069617.0,2223174.130574079,496.9389034162042,520.8012549445442,23.546098197906783,7.5030521642619314,16.81724204404834,8.865984291503862,2153.410099889012,10697.733560631465,8364.214662687642,0.9258176017014289,-1.7819383860375073,0.48901071075886093,-0.9818510520557799,0.23285748727438746,-1.002647557521363,0.4438218902926986,-1.2682812206311096,0.9688028358530392,-0.6900303438908495,0.5276852292568452,-0.8958996043738693,0.2504954410496255,-0.9586076395069589
1,2011-08-10 13:04:23.057863,3819,57008.0,33685317.0,15504424.0,476.301694588374,14.927467923540194,8820.45483110762,337.0,26108.0,24354485.0,13254417.0,-28.252038118690905,465,1,0,3482.0,3656.2,123.44917982717415,30900.0,59303.8,35803.22730146249,9330832.0,36756098.4,33351329.810125872,2250007.0,4010912.8,1999731.5357383632,504.55373270706485,513.6475866512093,21.4751001546268,8.87421022400919,16.0796028107673,9.443122890377886,2679.7334865020102,9940.353647846994,8991.083634550036,1.0445271046438804,1.3187612929190575,0.9612874723036136,-0.06412271108046622,0.9164551861140954,-0.09207373191661077,3.8655599792645696,5.7475271028099435,0.9272927722541366,-1.7390322649112342,0.9283480505262258,-0.12200782521628235,0.8873381313769633,-0.12455660099032055
1,2011-08-10 13:04:53.062429,3383,42734.0,24626213.0,2269355.0,512.4146552760863,12.63198344664499,7279.4008276677505,-436.0,-14274.0,-9059104.0,-13235069.0,36.1129606877123,50,1,0,3819.0,3666.2,136.23398988505747,57008.0,61969.8,34831.92369364902,33685317.0,39198473.8,32385524.78761938,15504424.0,6389421.8,5469249.292080314,476.301694588374,507.92218414473984,27.383915584706596,14.927467923540194,16.747346329144747,9.159974501447019,8820.45483110762,10564.967829775602,8727.241926480821,0.9227538050294795,-2.0787763775902097,0.6895939635112476,-0.5522462718160684,0.6282441792414888,-0.44996216351481844,0.35517376548845153,-0.7533148664417284,1.0088448019609582,0.16405510443843582,0.7542677626429555,-0.4492766744492978,0.6890130613697926,-0.3764725476600084
1,2011-08-10 13:05:23.088810,3378,85257.0,50234989.0,4740271.0,496.2860184168146,25.238898756660745,14871.22232089994,-5.0,42523.0,25608776.0,2470916.0,-16.12863685927158,275,1,0,3383.0,3613.4,187.17184617351543,42734.0,52610.2,31722.949913275595,24626213.0,28580927.8,24292678.243117332,2269355.0,5719548.6,5783339.681114936,512.4146552760863,508.25075918092773,27.436461246918874,12.63198344664499,14.36384447172299,8.112919466546494,7279.4008276677505,7759.046898517268,6337.461057508575,0.9348536004868171,-1.2576677786279762,1.62054126386135,1.0291224520181448,1.7576402470741346,0.8913822092109208,0.8287841106901338,-0.16932735305134458,0.9764589810266662,-0.4360890661517317,1.7571130629121985,1.3404612640912341,1.9166300339981024,1.1222436489696608
1,2011-08-10 13:05:53.077949,3203,114222.0,78915282.0,3924488.0,511.3951583983765,35.66094286606307,24637.927567905088,-175.0,28965.0,28680293.0,-815783.0,15.10913998156184,53,1,0,3378.0,3533.2,184.3656692554295,85257.0,48588.0,23595.125714863105,50234989.0,25127648.2,17713041.713876378,4740271.0,5363033.4,5776379.755692541,496.2860184168146,497.2990008809087,13.445787601170899,25.238898756660745,13.835122503023388,7.024824559457604,14871.22232089994,7160.844313213267,5181.04823809261,0.906543643156089,-1.7910058924296426,2.350827364781379,2.7816762153826065,3.140575726462137,3.036611930849958,0.7317664663434688,-0.2490392704154075,1.028345437033796,1.0483697894492927,2.5775661079757346,3.1069559353689997,3.440645612478891,3.3732716723599916
1,2011-08-10 13:06:23.048901,3893,193467.0,174270937.0,5948022.0,470.7447691292063,49.69612124325713,44765.20344207552,690.0,79245.0,95355655.0,2023534.0,-40.65038926917026,242,1,0,3203.0,3453.0,227.93749143131922,114222.0,66024.2,33728.19008189123,78915282.0,39358526.6,26617302.390915893,3924488.0,5737709.0,5564730.891114934,511.3951583983765,500.19025187734326,14.831825088424464,35.66094286606307,19.466700643383614,10.898286543700062,24637.927567905088,11657.747806816482,8465.169518658871,1.1274254271644577,1.9303537879403567,2.930243759106465,3.7785247204361747,4.427781018611606,5.068598177929695,1.0366545253514947,0.03779392105659619,0.9411314342121592,-1.9852905876790892,2.552878484705886,2.7737773709551035,3.839952980960586,3.9110209857321694
1,2011-08-10 13:06:53.064323,4072,48085.0,28552567.0,2908897.0,490.175428672888,11.80869351669941,7011.927062868369,179.0,-145382.0,-145718370.0,-3039125.0,19.43065954368177,63,1,0,3893.0,3535.2,302.818757675284,193467.0,98537.6,59734.234684142146,174270937.0,72346547.6,60606459.094189875,5948022.0,6477312.0,5220393.253655208,470.7447691292063,493.42845916177157,19.360523155974796,49.69612124325713,27.6310828472332,15.357587139759428,44765.20344207552,20074.841797931185,15393.975291872326,1.1518443086667935,1.772677505578582,0.4879863118241109,-0.8446178354301908,0.3946638498614411,-0.7225959287926519,0.44909014727096663,-0.6835529100229127,0.9934072905008293,-0.16802389390555392,0.42736991458351364,-1.0302653135231616,0.3492892812530475,-0.8485731909650974
1,2011-08-10 13:07:23.052921,3749,112970.0,90607225.0,4109589.0,515.4878696703121,30.1333688983729,24168.371565750866,-323.0,64885.0,62054658.0,1200692.0,25.312440997424066,153,1,0,4072.0,3585.8,374.70214837921895,48085.0,96753.0,61395.33442778997,28552567.0,71319997.6,61462436.69209093,2908897.0,3958206.6,1459914.1551278324,490.175428672888,496.2032059786743,17.161581152472593,11.80869351669941,27.007327965865045,16.050255077868524,7011.927062868369,19713.136244283334,15741.841235906279,1.0455128562660925,0.4355459415044426,1.1676123737765116,0.26414059229652603,1.270432249706077,0.3138051212746974,1.0382451992273467,0.1036926722494478,1.0388644479887292,1.1237113596456456,1.1157478790698272,0.19476581008507116,1.2260033749200252,0.28301869233092636
1,2011-08-10 13:07:53.057057,3783,75988.0,47244866.0,9905202.0,509.4355229217553,20.08670367433254,12488.730108379594,34.0,-36982.0,-43362359.0,5795613.0,-6.052346748556829,61,1,0,3749.0,3659.0,360.6667436845293,112970.0,110800.2,53469.308829459966,90607225.0,84516200.0,55748348.24485038,4109589.0,4326253.4,1120134.147170156,515.4878696703121,496.8178488575195,17.925384979450588,30.1333688983729,30.50760505621063,13.895184917607537,24168.371565750866,23090.930391899958,14137.06246738341,1.033889040721226,0.34380768998241057,0.6858110364421663,-0.651068823631752,0.5590036703022616,-0.6685639157648559,2.289556594165288,4.980607558562818,1.0253969821982563,0.7038997532268702,0.658416274783423,-0.7499649297882383,0.5408500175791947,-0.7499578012037988
1,2011-08-10 13:08:23.058866,3719,27185.0,10087131.0,1811838.0,477.1786322366227,7.309760688357085,2712.323474052165,-64.0,-48803.0,-37157735.0,-8093364.0,-32.25689068513253,274,1,0,3783.0,3740.0,325.55030333268263,75988.0,108946.4,54722.29727725405,47244866.0,83918175.4,56222050.993178956,9905202.0,5359239.6,2767524.005858235,509.4355229217553,499.4477497585076,18.77244435385676,20.08670367433254,29.477166039744986,14.558773577165336,12488.730108379594,22614.43194939589,14518.384354652511,0.994385026737702,-0.0645061601385621,0.2495263726015706,-1.4941149050404279,0.1202019818939009,-1.3132043939300158,0.33807743919491856,-1.2817961443120043,0.9554125180589805,-1.1862662688422603,0.24798044283677492,-1.5226148845829766,0.11993772296033729,-1.3708211595159066
1,2011-08-10 13:08:53.081327,4064,49156.0,22236824.0,7789926.0,424.8390381535433,12.09547244094488,5471.6594488188975,345.0,21971.0,12149693.0,5978088.0,-52.33959408307942,70,1,0,3719.0,3843.2,143.83393201884357,27185.0,91539.0,65421.94963848276,10087131.0,70152545.2,65425926.38305873,1811838.0,4936709.6,3172918.390279147,477.1786322366227,492.60444452615684,19.548897395726005,7.309760688357085,23.80692960420379,16.883634163628745,2712.323474052165,18229.311130625305,16874.440000692037,1.057452123230366,1.5351036914539629,0.5369951605326633,-0.6478406747919456,0.3169781500671767,-0.7323659571812684,1.577959132941504,0.8992403992303689,0.8624344397893924,-3.4664567007222975,0.5080651995669788,-0.6936573636376487,0.30015722533948036,-0.7560340776513146
1,2011-08-10 13:09:23.049354,4582,82635.0,55579021.0,8654283.0,411.83965045395024,18.03470100392841,12129.860541248365,518.0,33479.0,33342197.0,864357.0,-12.999387699593058,192,1,0,4064.0,3877.4,175.48304761429574,49156.0,62676.8,33022.69877978158,22236824.0,39745722.6,31442844.56074263,7789926.0,5305090.4,3417206.952734881,424.8390381535433,483.4232983310243,36.12988798300478,12.09547244094488,16.286799843741342,9.005201793647643,5471.6594488188975,10370.60233197398,8496.977066981499,1.1817197090831015,4.015202662451278,1.318430424016521,0.6043782227822933,1.3983648393902894,0.5035580788313397,1.6313167820853718,0.9800965075643286,0.851923463091121,-1.9812861835820017,1.107320110509704,0.1940990551956267,1.1696389614563836,0.20704518741265052
1,2011-08-10 13:09:53.066634,3556,37006.0,12349700.0,2555566.0,510.56016806242974,10.406636670416198,3472.9190101237346,-1026.0,-45629.0,-43229321.0,-6098717.0,98.7205176084795,56,1,0,4582.0,3979.4,363.91935919926107,82635.0,69586.8,32820.20398626713,55579021.0,45151013.4,31360527.176129024,8654283.0,6454167.6,3375746.9408699186,411.83965045395024,467.7561426872368,47.62563325578975,18.03470100392841,17.53200134118714,8.65482128239144,12129.860541248365,11394.189027649978,8297.139844142244,0.8936020505601614,-1.1634445634616746,0.531796260210262,-0.992705591154513,0.27351988515943254,-1.0459426659436921,0.3959559401587278,-1.1548856203644644,1.0915092747434472,0.8987602357831244,0.5935795045471949,-0.8232827042245785,0.30479738414869095,-0.9546988680825576
1,2011-08-10 13:10:23.089254,4033,63800.0,38201381.0,3596656.0,442.0365995693032,15.819489213984626,9472.199603273,477.0,26794.0,25851681.0,1041090.0,-68.5235684931265,262,1,0,3556.0,3940.8,402.64214881206976,37006.0,54394.0,24155.557259152432,12349700.0,29499508.4,20728854.303692225,2555566.0,6143363.0,3701409.115533206,510.56016806242974,466.7706023656603,46.426862243118485,10.406636670416198,13.5866548955958,5.333181279077672,3472.9190101237346,7255.098516524551,4724.313342973956,1.023396264717564,0.22898745268420595,1.1729234842077956,0.3893927968246611,1.2949836479308923,0.4197951547399329,0.5854539280846662,-0.6880371557179606,0.9470103672511752,-0.5327519802286554,1.1643402540494552,0.4186683709270629,1.3055921407128201,0.46929594330259095
1,2011-08-10 13:10:53.056497,4117,188858.0,204515885.0,6610276.0,441.7210681967452,45.87272285644888,49675.94972067039,84.0,125058.0,166314504.0,3013620.0,-0.3155313725580413,73,1,0,4033.0,3990.8,393.56791027724904,63800.0,51956.4,21945.536660109112,38201381.0,27690811.4,19125961.08160648,3596656.0,4881653.8,3129554.725408794,442.0365995693032,453.2908176951698,40.32606671070316,15.819489213984626,12.733212003526216,4.268031786998412,9472.199603273,6651.792415503232,4030.548740009148,1.0316227322839953,0.3206562240066207,3.6349323663686546,6.23824343511466,7.385694916834399,9.24529088214309,1.3541058565029742,0.5523540412843239,0.97447610000523,-0.2869049833483237,3.60260418503538,7.764588573616078,7.468054716332388,10.0
1,2011-08-10 13:11:23.060216,3961,112395.0,92070756.0,7203345.0,433.20450444281744,28.375410249936884,23244.32113102752,-156.0,-76463.0,-112445129.0,593069.0,-8.516563753927755,211,1,0,4117.0,4070.4,363.9894229232499,188858.0,84291.0,60883.53709337342,204515885.0,66576562.2,78835142.16832832,6610276.0,5841341.4,2652160.2201671586,441.7210681967452,446.1993048871944,38.13315576957065,45.87272285644888,20.445804437144577,14.528053263486049,49675.94972067039,16044.517664826877,19101.201211017193,0.9731230345909558,-0.30055818413923363,1.3334163789728282,0.4616026161045493,1.3829304631773252,0.3233861587458668,1.233166238152079,0.5135449923587783,0.9708766905214407,-0.3407743256960054,1.387835354474901,0.5458133769495667,1.4487391654024446,0.37692935573326986
1,2011-08-10 13:11:53.053921,3768,129294.0,111324055.0,64384229.0,503.8765968789809,34.31369426751592,29544.60058386412,-193.0,16899.0,19253299.0,57180884.0,70.6720924361635,37,1,0,3961.0,4049.8,367.3413943459143,112395.0,96938.8,58272.533673251004,92070756.0,80543348.6,75114087.36873774,7203345.0,5724025.2,2555634.546589753,433.20450444281744,447.8723981450492,37.13205459638081,28.375410249936884,23.70179199894298,14.003576823381009,23244.32113102752,19599.050001268603,18277.731596515994,0.9304163168549235,-0.7671338007005835,1.3337693472582564,0.5552392861690779,1.3821632317879569,0.4097860664790669,10.0,10.0,1.1250449881813636,1.508244004841091,1.4477257359949185,0.7577994109402839,1.5074506459216266,0.5441348413547523
1,2011-08-10 13:12:23.047298,3611,37442.0,16852351.0,2571833.0,479.6788861260039,10.368872888396568,4666.948490722792,-157.0,-91852.0,-94471704.0,-61812396.0,-24.19771075297706,319,1,0,3768.0,3887.0,225.50720609328897,129294.0,106270.6,59138.820877661805,111324055.0,91692355.4,74617754.1805302,64384229.0,16870014.4,26633591.546172395,503.8765968789809,466.2797874300553,37.61352609901457,34.31369426751592,26.957590651660478,14.24689510446152,29544.60058386412,23081.99800979175,18157.453292711703,0.9289940828399977,-1.2239076736403671,0.3523269841329553,-1.1638480270410179,0.18379232299664536,-1.0029785165998442,0.15244995878604586,-0.5368476637937643,1.0287361774113568,0.35623085855658126,0.3846364840981533,-1.1643742471933167,0.20218997024186536,-1.0141868037440933
1,2011-08-10 13:12:53.094515,3233,33061.0,16462227.0,1903139.0,480.787838273121,10.226105784101454,5091.935354160223,-378.0,-4381.0,-390124.0,-668694.0,1.1089521471171224,79,1,0,3611.0,3898.0,205.80573364219245,37442.0,106357.8,59011.34188611684,16852351.0,92592885.6,73438667.39539778,2571833.0,16873267.8,26631406.741014306,479.6788861260039,460.1035310427701,30.361004613292156,10.368872888396568,26.950037895256553,14.257868657248824,4666.948490722792,23320.80390591156,17840.160933988664,0.8293996921496076,-3.231202494838737,0.3108469712611551,-1.242079872398949,0.17779148898238895,-1.0366563188042124,0.1127901851945952,-0.5621230956960644,1.0449557671996723,0.681278748616044,0.3794468053613347,-1.1729615773588675,0.21834304575020488,-1.0217883470446218
1,2011-08-10 13:13:23.049161,3995,50246.0,26503309.0,3440901.0,463.294778135169,12.577221526908636,6634.119899874843,762.0,17185.0,10041082.0,1537762.0,-17.493060137952,260,1,0,3233.0,3738.0,341.10995294772863,33061.0,100210.0,65767.83258174296,16462227.0,88245054.8,77967741.27505912,1903139.0,16534564.4,26852327.810900312,480.787838273121,467.85377878353364,29.53073507817726,10.226105784101454,25.83136120927992,15.513630122114034,5091.935354160223,22444.751056089008,18773.357672310645,1.068753344033957,0.7534227535091274,0.5014070452050643,-0.7597027002204899,0.3003376116663707,-0.7918883475434267,0.2081035167760452,-0.4876174420410888,0.9902555010644378,-0.15438154980365837,0.48689735800308387,-0.8543544984112844,0.29557556166677934,-0.8421845165999723
1,2011-08-10 13:13:53.059274,3912,57502.0,35509659.0,3089008.0,463.4594142305726,14.698875255623722,9077.111196319018,-83.0,7256.0,9006350.0,-351893.0,0.1646360954035799,81,1,0,3995.0,3713.6,310.1834940805228,50246.0,72487.6,44991.40832759277,26503309.0,52642539.6,45473389.180765904,3440901.0,15900689.4,27180570.12308701,463.294778135169,472.16852077121837,26.139233869929424,12.577221526908636,19.17226094337187,11.346682759216073,6634.119899874843,13836.3850919299,11701.216679831916,1.0534252477377604,0.6396213976100752,0.793266710444258,-0.33307692639639286,0.6745430457918106,-0.376767179853108,0.1942688095020584,-0.47135440286875496,0.9815550885785391,-0.3331814001760613,0.7666740661559096,-0.3942461230548198,0.6560319863901883,-0.40673325055278275
1,2011-08-10 13:14:23.050195,3678,43134.0,17603437.0,2254336.0,444.257612391789,11.727569331158238,4786.143828167483,-234.0,-14368.0,-17906222.0,-834672.0,-19.20180183878358,300,1,0,3912.0,3703.8,301.0526532020632,57502.0,61509.0,39135.1077550604,35509659.0,41330320.2,39907506.51425591,3089008.0,15077822.0,27569201.093598913,463.4594142305726,478.2195027287695,16.64046456886694,14.698875255623722,16.436953944509238,10.159878678107479,9077.111196319018,11002.943104988199,10508.012980392363,0.9930341811110229,-0.0856992945436618,0.7012632297712417,-0.4695272621965257,0.4259206537674005,-0.5945468728176289,0.14951337136092996,-0.46513810670333094,0.9289826321508858,-2.0409220063771376,0.7134879960141485,-0.4635276426120384,0.43498760127163094,-0.591624628597289
1,2011-08-10 13:14:53.048667,3968,30576.0,10628043.0,2681522.0,423.04806270740926,7.705645161290323,2678.4382560483878,290.0,-12558.0,-6975394.0,427186.0,-21.209549684379738,78,1,0,3678.0,3685.8,298.9376189107049,43134.0,44277.0,9802.447602522372,17603437.0,22586196.6,8330179.052919581,2254336.0,2651843.4,620221.101994976,444.257612391789,466.2957058313311,14.932005031494342,11.727569331158238,11.9197289572377,1.83482900753403,4786.143828167483,6051.251753848872,1866.3227336101927,1.076564110911857,0.9440096600332903,0.690561691171473,-1.3977121383921554,0.47055479008803097,-1.4355217965943816,1.0111916865075816,0.04785164500939609,0.9072527527403981,-2.8963051532468875,0.6464614412196821,-2.296717446883127,0.4426254872546554,-1.8071973496643565
1,2011-08-10 13:15:23.048004,4606,95335.0,81401115.0,57991497.0,356.56325773078595,20.69800260529744,17672.843030829354,638.0,64759.0,70773072.0,55309975.0,-66.48480497662331,854,1,0,3968.0,3757.2,318.59331443079833,30576.0,42903.8,11356.97693931784,10628043.0,21341335.0,9746019.474067077,2681522.0,2673781.2,618621.3868928737,423.04806270740926,454.9695411476122,22.032352267761983,7.705645161290323,11.387083411816452,2.617306881857406,2678.4382560483878,5653.549706913991,2377.0455906399634,1.2259129138717062,2.6642115874710357,2.222064246057407,4.616651092992769,3.8142466251525504,6.162493329693364,10.0,10.0,0.7837079748912629,-4.466444718040801,1.8176737497155164,3.5574426730257667,3.125972874920208,5.056399999746911
1,2011-08-10 13:15:53.055599,4424,38801.0,15043829.0,2679217.0,409.3274169676763,8.770569620253164,3400.5038426763117,-182.0,-56534.0,-66357286.0,-55312280.0,52.76415923689035,147,1,0,4606.0,4031.8,344.4767045824732,95335.0,55358.6,24456.407683880963,81401115.0,34329112.6,27928029.048757777,57991497.0,13891452.8,24656671.41456446,356.56325773078595,430.1246250391452,44.36372688658718,20.69800260529744,13.48146277605565,4.764829583101476,17672.843030829354,8169.731242247816,5811.487259971545,1.0972766506272391,1.1385385275159075,0.7009028407510179,-0.6770250240354111,0.4382236492766201,-0.690535073790243,0.19286802025487207,-0.45473436424095104,0.9516484133626903,-0.46878856963858667,0.650565132678329,-0.9886803027585799,0.416232032834936,-0.8206552275215749
1,2011-08-10 13:16:23.054491,4072,39773.0,18420109.0,2927758.0,447.6210432539293,9.767436149312378,4523.6024066797645,-352.0,972.0,3376280.0,248541.0,38.293626286253016,574,1,0,4424.0,4117.6,384.15986255724346,38801.0,53069.6,25565.02171523022,15043829.0,32037216.6,29173250.81031254,2679217.0,13739116.0,24739593.50510002,409.3274169676763,419.33115280564664,40.688851808414746,8.770569620253164,12.720132394724555,5.227120291447165,3400.5038426763117,7523.008030808111,6192.529974173944,0.9889255877207621,-0.11870058390883258,0.749449779157922,-0.5201090829536867,0.5749597173182641,-0.4667668916481001,0.2130965340128142,-0.43700629106016875,1.0674643184937112,0.6952737467449709,0.7678722080436343,-0.5648801022770842,0.6013023498252525,-0.4843586767665132
1,2011-08-10 13:16:53.055622,3648,38366.0,14756095.0,2522104.0,481.5284644246162,10.516995614035087,4044.982182017544,-424.0,-1407.0,-3664014.0,-405654.0,33.90742117068692,119,1,0,4072.0,4149.6,369.12166016098286,39773.0,49523.8,26021.967905986556,18420109.0,28619306.6,29661723.94978821,2927758.0,13706866.0,24757046.5134189,447.6210432539293,416.163478610318,36.827891237820715,9.767436149312378,11.733844573462287,5.225665499276025,4523.6024066797645,6612.30627288026,6241.474563628943,0.879120879120667,-1.358901560477057,0.7746982259034894,-0.4287838660131709,0.5155993192371754,-0.4673771363885607,0.1840029661047244,-0.4517809502816742,1.1570656464892413,1.7748772361257592,0.8962958003487137,-0.23286009396562493,0.6117354543311218,-0.4113329413890298
1,2011-08-10 13:17:23.057880,4119,35347.0,14131441.0,2439205.0,410.77695379266817,8.58145180869143,3430.7941247875697,471.0,-3019.0,-624654.0,-82899.0,-70.75151063194807,539,1,0,3648.0,4143.6,378.82027400866514,38366.0,48570.2,26399.29661373944,14756095.0,28049838.2,29952000.151170764,2522104.0,13760419.6,24726349.942549784,481.5284644246162,423.6176490168834,46.45065130711481,10.516995614035087,11.491729830037656,5.253996191180817,4044.982182017544,6464.073943650272,6304.173984544057,0.9940631335068552,-0.06493844624422801,0.7277507607545218,-0.5008921333577319,0.5037975940980651,-0.4646900751119273,0.17726239975996078,-0.457860324160427,0.9696880069681112,-0.2764373558304009,0.7467502225395217,-0.5539170404572057,0.5307479701956603,-0.4811542045474812
1,2011-08-10 13:17:53.050903,4175,83428.0,56831702.0,8430847.0,413.8036461487425,19.982754491017964,13612.38371257485,56.0,48081.0,42700261.0,5991642.0,3.0266923560743635,158,1,0,4119.0,4173.8,367.16100010758225,35347.0,49524.4,25662.232673721013,14131441.0,28750517.8,29479812.267634436,2439205.0,13711956.2,24753715.430254087,410.77695379266817,421.1634272339352,46.81104311457504,8.58145180869143,11.666891159517878,5.108810465598892,3430.7941247875697,6614.545117398108,6199.3342291579565,1.0002875077864295,0.0032683209808365716,1.6845837607320495,1.3211477127131304,1.9767192506007665,0.9525564119968981,0.6148536997222905,-0.21334612231767872,0.9825251182551347,-0.15722318058629098,1.7127745700278698,1.6277494312753862,2.0579470652892526,1.1288048581510528
1,2011-08-10 13:18:23.057381,3434,27390.0,9365137.0,1962228.0,489.758577012813,7.976121141525917,2727.18025626092,-741.0,-56038.0,-47466565.0,-6468619.0,75.95493086407049,144,1,0,4175.0,4087.6,280.7495325018374,83428.0,47143.0,20351.218845567833,56831702.0,23836635.2,18520081.228659857,8430847.0,3799826.2,2595500.223798743,413.8036461487425,432.61150491752653,31.58633840142402,19.982754491017964,11.523841536661982,4.792965431826942,13612.38371257485,5802.453253747209,4390.70910634448,0.8401017712102847,-2.32805374304014,0.5809982393992623,-0.97060525710483,0.3928883804875279,-0.7813949637329523,0.5163994079518688,-0.7079938514936873,1.1320979018000203,1.8092338329060917,0.692140820876313,-0.7401931945592148,0.4700046923254822,-0.7004046323729087
1,2011-08-10 13:18:53.055472,8642,42926.0,11500208.0,3385157.0,192.78951316535523,4.9671372367507525,1330.7345521869938,5208.0,15536.0,2135071.0,1422929.0,-296.9690638474578,125,1,0,3434.0,3889.6,329.1235330388894,27390.0,44860.8,22086.411517043605,9365137.0,22700896.8,19349644.348025538,1962228.0,3656428.4,2690941.8967738645,489.758577012813,448.69773692655383,36.812334517805944,7.976121141525917,11.364951840916532,4.918578417644182,2727.18025626092,5667.78853646413,4491.95324807219,2.221822295351136,10.0,0.9568710321706042,-0.08760137419819748,0.5065970785788515,-0.5788576057803839,0.9258097327982682,-0.10080908856680391,0.42966455432888173,-6.951697769411103,0.43705748214707063,-1.300744658235896,0.2347890263769337,-0.9655162787229591
1,2011-08-10 13:19:23.056845,4528,46295.0,21378044.0,5849937.0,372.5809933975265,10.224160777385158,4721.299469964664,-4114.0,3369.0,9877836.0,2464780.0,179.7914802321713,126,1,0,8642.0,4803.6,2168.4294546975693,42926.0,45491.4,21949.417732600472,11500208.0,21316916.6,19969903.761762097,3385157.0,3747908.2,2667651.49611195,192.78951316535523,397.73143090883906,120.33352594403343,4.9671372367507525,10.404892058404206,5.712728244814988,1330.7345521869938,5029.214965565576,4903.380728312809,0.9426263635604665,-0.1270965949124276,1.0176648773174486,0.03661144955141162,1.0028675535560334,0.003060976193437838,1.5608538650973356,0.7879697940543078,0.9367652753648885,-0.20900607136535565,0.9826301627169982,-0.03163659695373175,0.9387746402350843,-0.0627965709093119
1,2011-08-10 13:19:53.051033,4053,47809.0,25280851.0,5386728.0,549.8004255006168,11.795953614606464,6237.565013570195,-475.0,1514.0,3902807.0,-463209.0,177.2194321030903,106,1,0,4528.0,4979.6,2085.3062844579927,46295.0,47077.2,21589.397830884387,21378044.0,22641306.4,19642922.006389774,5849937.0,4413474.8,2700300.569517554,372.5809933975265,375.9419367034211,110.8572519693906,10.224160777385158,10.346325091074224,5.712792708843685,4721.299469964664,5164.478423154999,4878.708513340981,0.8139207968509892,-0.4443471958558814,1.0155446798025156,0.03389626731288927,1.116580931920077,0.1343763722699386,1.2205185809602899,0.3604240250091437,1.4624610127837094,1.568309566645513,1.1401104749398145,0.2537512906838703,1.207782180985168,0.2199530034394527
1,2011-08-10 13:20:23.091671,3354,50946.0,29605894.0,6203423.0,491.8888844788312,15.189624329159212,8827.040548598688,-699.0,3137.0,4325043.0,816695.0,-57.91154102178558,137,1,0,4053.0,4966.4,2092.3129068091125,47809.0,49569.6,20592.996656635343,25280851.0,24871188.4,19059545.23130145,5386728.0,5002979.4,2473782.2683069594,549.8004255006168,403.74663104501076,136.29481999594688,11.795953614606464,10.989225452257228,5.644998736009465,6237.565013570195,5725.832600911524,4790.027349929293,0.6753382731957402,-0.7706304323564223,1.0277670184951861,0.06683825685740787,1.1903690939030482,0.24841650430484588,1.239945741131774,0.4852664744911342,1.2183108084505003,0.6467028859629067,1.3822288380348933,0.7440920844434443,1.5416169426943995,0.647430112843154
1,2011-08-10 13:20:53.049422,4011,49717.0,25581043.0,4935047.0,413.6785206551982,12.395163300922464,6377.722014460234,657.0,-1229.0,-4024851.0,-1268376.0,-78.21036382363303,105,1,0,3354.0,4802.2,2199.42065098971,50946.0,43073.2,9230.021760548412,29605894.0,19426026.8,8742984.916325854,6203423.0,4557494.6,1814999.990527252,491.8888844788312,419.36367871102857,142.08585804848076,15.189624329159212,10.03059941988548,3.8609911202480287,8827.040548598688,4768.763968116293,2941.8254753978863,0.8352421806670203,-0.35973109538805625,1.1542444025519083,0.7198032867481056,1.3168438025628586,0.7039948323034025,1.0828420948650164,0.20801785232534484,0.98644337040754,-0.0400121316355814,1.2357350523951285,0.6124240659410429,1.337395194457099,0.5469250503807608
1,2011-08-10 13:21:23.050346,3258,26709.0,7666508.0,1899855.0,452.8478102194598,8.197974217311234,2353.133210558625,-753.0,-23008.0,-17914535.0,-3035192.0,39.16928956426159,68,1,0,4011.0,4917.6,2123.5139038866682,49717.0,47538.6,3132.552361923944,25581043.0,22669208.0,6888953.845881891,4935047.0,5152058.4,1097327.0240422515,413.6785206551982,404.1476674395056,136.63162934476196,12.395163300922464,10.91440785176479,3.778018804627806,6377.722014460234,5498.872319756156,2755.5734170726755,0.6625183016104069,-0.7815347933261244,0.5618381694033783,-6.649402018997784,0.33819037700831894,-2.177790755408875,0.3687564954620855,-2.9637503941348067,1.1205008631804694,0.356433887330092,0.7511148866619053,-0.7190100881464925,0.42793014162266363,-1.1415914704744823
1,2011-08-10 13:21:53.057998,3647,58002.0,36191127.0,3095842.0,462.3047680767754,15.904030710172744,9923.53358925144,389.0,31293.0,28524619.0,1195987.0,9.456957857315617,75,1,0,3258.0,3840.8,529.8279909555567,26709.0,44295.2,9990.614055211856,7666508.0,21902468.0,8473867.704814048,1899855.0,4854998.0,1719750.591087447,452.8478102194598,456.15932685032647,68.640694024926,8.197974217311234,11.560575247876885,2.598799085908483,2353.133210558625,5703.352051430482,2381.490169929362,0.9495417621326417,-0.36577908926652164,1.309442106593913,1.3719677213282133,1.6523766636709616,1.6862027468144842,0.637660818809812,-1.0229134440289012,1.0134721376144347,0.08953058114662683,1.3757127450658502,1.671331764035214,1.7399475781546285,1.772075984653072
1,2011-08-10 13:22:23.053387,3974,46905.0,28017049.0,3632272.0,429.5726779033719,11.802969300452943,7050.087820835431,327.0,-11097.0,-8174078.0,536430.0,-32.73209017340349,79,1,0,3647.0,3664.6,365.01821872339764,58002.0,46636.6,11786.81332253106,36191127.0,24865084.6,10573918.448336635,3095842.0,4304179.0,1761951.1022579838,462.3047680767754,474.10408178617627,50.716212845292134,15.904030710172744,12.696549234434402,3.0676719177988403,9923.53358925144,6743.7988752878355,2920.566669796615,1.0844294056647152,0.8476289240609347,1.005755136523653,0.02277120988137813,1.1267626654284537,0.2980885861187844,0.8438942711258057,-0.3813425918227437,0.9060725153094246,-0.8780506544873063,0.9296202520534009,-0.29128927657014353,1.0454178647985668,0.10487312230020757
1,2011-08-10 13:22:53.058153,3496,69588.0,32422255.0,3761510.0,492.70938682580095,19.905034324942797,9274.100400457666,-478.0,22683.0,4405206.0,129238.0,63.13670892242902,59,1,0,3974.0,3648.8,345.173434667273,46905.0,46455.8,11771.256802066453,28017049.0,25412324.2,10671172.233976385,3632272.0,3953287.8,1664467.6517623656,429.5726779033719,450.05853226672735,30.210528806416022,11.802969300452943,12.697952371603696,3.0671585696291412,7050.087820835431,6906.303436740884,2907.9348438306442,0.9581232185921513,-0.44267601342741736,1.4979399773547868,1.9651427531457097,1.2758476849590956,0.6569035384585765,0.9514890365432032,-0.11521870058390275,1.0947673502447939,1.4117877522423157,1.5675782788324713,2.3497585101577485,1.3428457763843653,0.8142537886429573
1,2011-08-10 13:23:23.055689,3119,33040.0,18142606.0,1746710.0,554.1158807444695,10.593138826546973,5816.802180185957,-377.0,-36548.0,-14279649.0,-2014800.0,61.4064939186685,39,1,0,3496.0,3677.2,319.76037903405427,69588.0,50184.2,15808.87325840125,32422255.0,25975596.4,11016605.553499768,3761510.0,3464905.2,1102598.3789931505,492.70938682580095,450.2226327361212,30.49543648918425,19.905034324942797,13.641034370760412,4.441745986023079,9274.100400457666,6995.715407112679,2987.54075830553,0.8481997171758816,-1.745682193911855,0.6583745481645488,-1.0844669142304644,0.6984481018499349,-0.7110166885762379,0.5041148023328313,-1.5583146436048518,1.2307597185324313,3.4068457436832875,0.7765641913839632,-0.6861931216053581,0.8314806766254484,-0.3946099224416882
1,2011-08-10 13:23:53.074378,3758,38788.0,18040325.0,3077806.0,452.7792620119745,10.3214475784992,4800.512240553486,639.0,5748.0,-102281.0,1331096.0,-101.33661873249495,25,1,0,3119.0,3498.8,335.41720289812616,33040.0,46848.8,17590.926260438806,18142606.0,24487909.0,11571477.746014673,1746710.0,2827237.8,951403.1755143681,554.1158807444695,478.3101047539755,48.04604827359873,10.593138826546973,13.280629475885315,4.636929040376179,5816.802180185957,6883.531440257824,3026.821496277546,1.0740825425857226,0.7727689509054548,0.8279400966513373,-0.4582362452469554,0.7367033665471396,-0.5571962493917951,1.0886265032251616,0.26336699986788703,0.9466228237931964,-0.5313827808706346,0.7771805994936825,-0.6381770932832452,0.6973909078815776,-0.6881869982307826
1,2011-08-10 13:24:23.055880,4300,42978.0,18597027.0,5688297.0,405.98415718534886,9.994883720930233,4324.89,542.0,4190.0,556702.0,2610491.0,-46.79510482662562,323,1,0,3758.0,3598.8,319.8510590884488,38788.0,49264.6,14730.4722531287,18040325.0,26562672.4,8256587.989454434,3077806.0,3062828.0,797794.4382719295,452.7792620119745,478.2963951124784,48.055139077987604,10.3214475784992,13.705324148122907,4.123893454707209,4800.512240553486,7373.007246256796,2194.4886377408566,1.1948427253525633,2.192270371078884,0.8723911287212143,-0.42677518357663785,0.7001188253934871,-0.9647623703851957,1.857204191681674,3.290909129031934,0.8488129146133893,-1.5047763738290485,0.7292701443745035,-0.8997420682771662,0.5865842600649983,-1.3889874815635084
1,2011-08-10 13:24:53.055363,3112,24950.0,8225200.0,1929883.0,501.8545720221722,8.017352185089974,2643.0591259640105,-1188.0,-18028.0,-10371827.0,-3758414.0,95.87041483682331,15,1,0,4300.0,3729.4,450.9144042942096,42978.0,46259.8,14017.688083282344,18597027.0,23043852.4,6736447.108875076,5688297.0,3581319.0,1422474.6766911612,405.98415718534886,467.03227293419314,58.2582846978929,9.994883720930233,12.523494750274406,4.18256628437487,4324.89,6253.278528406508,1986.2020061804008,0.8344505818628105,-1.3692177364903915,0.5393451765895975,-1.5202078883045482,0.3569368462019832,-2.1997726933054733,0.5388749228985186,-1.1609598589420431,1.074560798268027,0.59772269760357,0.6401848960150776,-1.0773630966569512,0.4226677436415271,-1.8176496606120003
1,2011-08-10 13:25:23.047728,3650,31918.0,14270024.0,2149029.0,461.06196935534246,8.744657534246576,3909.595616438356,538.0,6968.0,6044824.0,219146.0,-40.79260266682974,169,1,0,3112.0,3557.0,496.497734133805,24950.0,41868.8,16906.132059113872,8225200.0,19085482.6,8631847.944743514,1929883.0,3240841.2,1599902.795151419,501.8545720221722,481.48865175795316,55.544009024786504,8.017352185089974,11.766371327201814,4.660885843856782,2643.0591259640105,5371.872789432224,2464.4670995576016,1.0261456283381991,0.18731203307918703,0.7623337664322655,-0.5885911671105792,0.74768997457785,-0.5578711106620503,0.6631083929690844,-0.6824240843311156,0.957575983714281,-0.3677567168968223,0.7431906821848508,-0.6483131948596539,0.7277900593865049,-0.5933441648524214
1,2011-08-10 13:25:53.065016,4043,43021.0,20291895.0,2885496.0,484.5734673002721,10.640860746970072,5019.019292604502,393.0,11103.0,6021871.0,736467.0,23.51149794492966,18,1,0,3650.0,3587.8,496.54425784616865,31918.0,34334.8,6894.341825018624,14270024.0,15455036.4,4400387.516688836,2149029.0,2918345.0,1630927.2440422117,461.06196935534246,475.1591682638615,55.74849864836417,8.744657534246576,9.534295969062569,1.104258148207802,3909.595616438356,4298.971832628362,1167.227936829811,1.1268744077147201,0.916736006521509,1.2529853093653887,1.2599027173961268,1.3129632616070706,1.099189237687774,0.9887439627597145,-0.020141303126793426,1.0198129377778584,0.1688708981316755,1.1160615089338621,1.002088849153031,1.1674929466878456,0.616886759865576
1,2011-08-10 13:26:23.049498,4914,47142.0,18778483.0,7610315.0,353.0491099249084,9.593406593406591,3821.425111925112,871.0,4121.0,-1513412.0,4724819.0,-131.5243573753637,340,1,0,4043.0,3772.6,448.024329696504,43021.0,36331.0,7809.886170758205,20291895.0,15884894.2,4814091.9005709225,2885496.0,3146102.2,1500723.0319293842,484.5734673002721,461.250685575022,36.465111864834064,10.640860746970072,9.543840353147187,1.1158434215936466,5019.019292604502,4139.415255112071,940.3526066816163,1.302549965540661,2.5476295021090656,1.2975695686878619,1.3842711357916058,1.1821597779354425,0.6010663817316902,2.41896623701544,2.9747079940931154,0.7654169868257462,-2.967262956664419,1.0051935318928364,0.044420426070346894,0.923179936394356,-0.3381605377888691
1,2011-08-10 13:26:53.050823,3491,80965.0,60530523.0,17494840.0,474.18311842308793,23.19249498710971,17339.02119736465,-1423.0,33823.0,41752040.0,9884525.0,121.13400849817953,70,1,0,4914.0,4003.8,677.904270527927,47142.0,38001.8,9231.201124458265,18778483.0,16032525.8,4907135.673482916,7610315.0,4052604.0,2491208.66548682,353.0491099249084,441.3046551576088,61.166602084348796,9.593406593406591,9.398232156128667,1.0334651960896069,3821.425111925112,3943.5978293863964,867.3808686913211,0.8719216744090933,-0.7564489888814152,2.130556973616983,4.654128907035014,3.7754826504005994,9.068018526664629,4.316937949032275,5.395869156296941,1.0745028697978776,0.5375231277291188,2.4677508066788856,10.0,4.396751886857113,10.0
1,2011-08-10 13:27:23.058931,4297,82174.0,52620131.0,10148487.0,383.18780661554575,19.12357458692111,12245.783337212008,806.0,1209.0,-7910392.0,-7346353.0,-90.99531180754218,645,1,0,3491.0,3842.0,686.0302471465828,80965.0,45599.2,21641.00188762517,60530523.0,24419225.0,20725174.264176253,17494840.0,6413912.6,6613694.278299832,474.18311842308793,454.94444740515667,58.88261404924629,23.19249498710971,12.037754409364563,6.31194317504289,17339.02119736465,6546.424068859326,6091.548645645238,1.118427902134014,0.663236062683571,1.8020930191757358,1.6900696275486504,2.1548649066463,1.3607077866045088,1.5822615044676474,0.5646729713911177,0.8422738398067547,-1.218638845218027,1.5886330568810758,1.1226051914489537,1.8706064881225892,0.9356174595151819
1,2011-08-10 13:27:53.050841,3594,26288.0,8603885.0,1919075.0,459.3635735584307,7.314412910406233,2393.9579855314414,-703.0,-55886.0,-44016246.0,-8229412.0,76.17576694288493,107,1,0,4297.0,4079.0,564.763224723424,82174.0,57044.0,23074.559313239144,52620131.0,33298211.2,21546427.006253105,10148487.0,8057633.4,6230875.584156686,383.18780661554575,431.2110943238314,59.16237066856981,19.12357458692111,14.258998889730787,6.494961218433309,12245.783337212008,8466.968911108926,6066.956307447848,0.8810983084087077,-0.8587669642205468,0.4608372484397928,-1.3328965282709542,0.2583888049818124,-1.1460984316719114,0.23816856696409142,-0.9851839146986945,1.065287001202228,0.4758511012318095,0.5129681940827588,-1.0692267043174855,0.28274084984417636,-1.000997966331355
1,2011-08-10 13:28:23.074252,3836,46062.0,19155242.0,2700081.0,443.8128548271637,12.007820646506778,4993.545881126173,242.0,19774.0,10551357.0,781006.0,-15.550718731266954,531,1,0,3594.0,4067.8,575.844336604955,26288.0,55918.0,24688.14204228807,8603885.0,32164983.4,22903661.7108677,1919075.0,8011642.6,6285995.539432233,459.3635735584307,430.871415164449,58.952639571422196,7.314412910406233,13.97294996496272,6.821808389614033,2393.9579855314414,8163.841384927543,6381.305003984055,0.9430158808198674,-0.4025393413890928,0.8237419077935402,-0.3992199973216841,0.5955309151504179,-0.5680201517221557,0.3370196518751348,-0.8449833549324715,1.0300355029510262,0.21952264998781562,0.8593618867710197,-0.28806574531757845,0.6116662053656351,-0.4968099004547745
1,2011-08-10 13:28:53.051985,4258,46980.0,25815070.0,2612964.0,408.9049049701738,11.033348990136217,6062.721935180836,422.0,918.0,6659828.0,-87117.0,-34.907949856989944,113,1,0,3836.0,4026.4,585.4342832462077,46062.0,56526.2,24325.788891630862,19155242.0,31937652.8,23056103.4554608,2700081.0,7974559.6,6324227.059659261,443.8128548271637,422.71929266982727,52.088721909978936,12.007820646506778,14.246341944870062,6.680821012918952,4993.545881126173,8158.746702631877,6384.4528353181795,1.0575203655868624,0.39560375370467266,0.8311190209141809,-0.39243126060688277,0.808295780584101,-0.26555149753849133,0.32766248307931634,-0.8477867017457897,0.9673201863738669,-0.2652088051471612,0.7744689150420628,-0.4809278602195499,0.7430947615059993,-0.32830139426447086
1,2011-08-10 13:29:23.055057,3751,127839.0,120661029.0,3464510.0,486.30350958251137,34.0813116502266,32167.69634764063,-507.0,80859.0,94845959.0,851546.0,77.39860461233758,313,1,0,4258.0,3895.2,371.03598208260246,46980.0,56493.8,24341.51544584255,25815070.0,33344970.2,22252837.93806735,2612964.0,6975089.4,6775004.08587286,408.9049049701738,433.89045167888037,37.302375181208994,11.033348990136217,14.534330424215986,6.457404802777363,6062.721935180836,8607.006067283022,6074.973888424937,0.9629800780445259,-0.38864155220263363,2.2628854847788205,2.9310089652689473,3.6185676063372223,3.923816775326022,0.49669757637801737,-0.5181663886107772,1.1207979057840636,1.4050863422935305,2.344883503618306,3.0270645592136787,3.737385113496415,3.878319596606912
1,2011-08-10 13:29:53.064491,3389,58985.0,48182793.0,2274398.0,520.0153510852759,17.404839185600473,14217.407199763942,-362.0,-68854.0,-72478236.0,-1190112.0,33.71184150276457,80,1,0,3751.0,3947.2,314.0727622701483,127839.0,65868.6,40068.382345687314,120661029.0,45371071.4,45118342.93874235,3464510.0,4169023.4,3387170.8146364484,486.30350958251137,436.31452991076503,40.8047719198283,34.0813116502266,16.712093756839366,10.60895497840147,32167.69634764063,11572.741097338218,12067.532348130038,0.8585832995538968,-1.7772951591328676,0.8954949702893199,-0.17179630414355218,1.0619716818060418,0.062318813521531714,0.545546949916376,-0.559353367067599,1.191835970235595,2.0512508031391996,1.0414517437371456,0.06529817782299514,1.228525470342785,0.21915550140085746
1,2011-08-10 13:30:23.051747,3536,93509.0,74031777.0,4401144.0,483.248554007353,26.44485294117647,20936.588518099543,147.0,34524.0,25848984.0,2126746.0,-36.76679707792295,497,1,0,3389.0,3765.6,323.6128860227938,58985.0,61230.8,39038.03590986859,48182793.0,44483603.8,44983548.09738264,2274398.0,2594205.6,575992.5035787728,520.0153510852759,463.68003880471105,42.12820016863508,17.404839185600473,16.368346676575236,10.538898769490393,14217.407199763942,11967.065869848604,12127.089105575253,0.9390269810917413,-0.7094896708875754,1.5271562677606445,0.8268397537858566,1.664248637157406,0.6568662199796387,1.6965286020506618,3.1370866613247155,1.0422026258711592,0.4644991982531081,1.6156092892024414,0.9561251591879897,1.749517278988844,0.7396270094302013
1,2011-08-10 13:30:53.049569,3347,29922.0,12030396.0,4990351.0,473.3122173164028,8.939946220495967,3594.3818344786378,-189.0,-63587.0,-62001381.0,589207.0,-9.936336690950212,77,1,0,3536.0,3754.0,332.226579309967,93509.0,74675.0,35401.35359700506,74031777.0,57569182.2,41302714.5164079,4401144.0,3090619.4,852079.9855209853,483.248554007353,468.4570348944955,42.86413843354066,26.44485294117647,20.194434682729288,9.882320878701247,20936.588518099543,15675.591976362226,11272.835415917918,0.8915823122000821,-1.2250675453002946,0.400696350853694,-1.2641607015779428,0.20897284867110721,-1.1025615805931903,1.6146766567245383,2.2295226179247116,1.010364200042359,0.1132691009133846,0.4426935618900442,-1.1388507415652298,0.22929799652214108,-1.0717099732355824
1,2011-08-10 13:31:23.082305,3632,42023.0,23618865.0,5123475.0,418.9630921773128,11.57020925110132,6502.991464757709,285.0,12101.0,11588469.0,133124.0,-54.349125139090006,363,1,0,3347.0,3656.2,371.6849472335437,29922.0,71447.0,39195.186777207535,12030396.0,56144213.0,43045483.11516249,4990351.0,3548673.4,1152340.4208919527,473.3122173164028,474.3569073923433,40.594125690497314,8.939946220495967,19.580859797527125,10.587747095914356,3594.3818344786378,15395.759167032718,11616.4244817759,0.993381106066136,-0.06510890521678547,0.5881702520749564,-0.7507044211129938,0.420682092382344,-0.755604203883198,1.4437719176974693,1.3666114382944634,0.8832233401629436,-1.3645771222172947,0.5908938305135932,-0.7565963252711612,0.4223884898564981,-0.7655339830449044
1,2011-08-10 13:31:53.060306,3703,288891.0,329840523.0,5364157.0,570.6878398509317,78.01539292465569,89073.86524439644,71.0,246868.0,306221658.0,240682.0,151.72474767361894,91,1,0,3632.0,3531.0,167.8138850036035,42023.0,70455.6,40022.72474232839,23618865.0,55704972.0,43441717.13513753,5123475.0,4050775.6,1189061.4664910904,418.9630921773128,476.3685448337712,36.59169605023136,11.57020925110132,19.688231849720147,10.481584942825899,6502.991464757709,15483.813072948094,11529.334726546102,1.0487114131970976,1.0249449859007893,4.100327014460112,5.457784331434469,5.921204358562464,6.3104216195512075,1.3242296117316394,1.1045529915924157,1.1979964799079572,2.5776147376471923,3.9625393238043403,5.564727222793985,5.752708639967529,6.382853296990509
1,2011-08-10 13:32:23.054104,4137,235363.0,211815377.0,83380124.0,387.24170385665946,56.89219240995891,51200.236161469664,434.0,-53528.0,-118025146.0,78015967.0,-183.44613599427225,1029,1,0,3703.0,3521.4,152.78187065225603,288891.0,102666.0,106818.64773999047,329840523.0,97540870.8,132030801.32081342,5364157.0,4430705.0,1256483.2159221796,570.6878398509317,493.2454108874552,56.411638268037386,78.01539292465569,28.475048104605957,28.496976879516538,89073.86524439644,26865.046852299256,35430.155386050275,1.1748168342133314,4.029273875020985,2.2925116396859497,1.2422643686989872,2.171555115950431,0.8655139941348345,10.0,10.0,0.7850893192480854,-1.8791105928398097,1.9979665073422086,0.9971985598508112,1.9058308903371879,0.6868496354027024
1,2011-08-10 13:32:53.050906,3743,51052.0,32886380.0,5103979.0,428.6505243435747,13.639326743254074,8786.10205717339,-394.0,-184311.0,-178928997.0,-78276145.0,41.40882048691526,215,1,0,4137.0,3671.0,292.789173297105,235363.0,137941.6,117387.73178147772,211815377.0,130267387.6,136926849.45209253,83380124.0,20651850.2,35067963.809043266,387.24170385665946,466.69068144173195,70.22015318755292,56.89219240995891,36.37251874947765,30.089221978619584,51200.236161469664,34261.6126446404,35985.67897459103,1.0196131844181369,0.2459107322479195,0.37009865044337337,-0.740193192945818,0.25245290172687856,-0.7111900112334893,0.24714390965318933,-0.443363957048186,0.9184895721903863,-0.5417270594100388,0.37498988829512836,-0.7555260824497726,0.25644157933551204,-0.7079346927274652
1,2011-08-10 13:33:23.064820,3804,143794.0,86947727.0,9165949.0,442.6880574290221,37.80073606729759,22856.92087276551,61.0,92742.0,54061347.0,4061970.0,14.037533085447365,526,1,0,3743.0,3712.4,283.41277317721944,51052.0,129450.2,122815.45664817665,32886380.0,122038308.2,142283059.784258,5103979.0,20792417.2,34987856.4443976,428.6505243435747,455.77107550897625,71.23935200128743,13.639326743254074,33.81141350989317,31.64999323563891,8786.10205717339,31831.51535245517,37489.31471940075,1.024674065294412,0.32320349916762137,1.1108055452984924,0.11679148855904886,0.712462572469519,-0.2466251516744678,0.4408313334536208,-0.3323001001355051,0.9712947600584018,-0.18364875187991728,1.1179874528203078,0.12604497345630616,0.7180594646431695,-0.2393907316487987
1,2011-08-10 13:33:53.058139,3281,158574.0,139803952.0,81682524.0,520.5907252048156,48.330996647363605,42610.16519353855,-523.0,14780.0,52856225.0,72516575.0,77.90266777579353,165,1,0,3804.0,3803.8,196.4655186031424,143794.0,152224.6,109591.3558329312,86947727.0,137021774.4,131324943.60535735,9165949.0,21627536.8,34563646.86046601,442.6880574290221,449.6462435315002,70.66839280517125,37.80073606729759,39.5835714792535,28.45006176832999,22856.92087276551,35684.02316011254,34751.95471928035,0.8625584941372147,-2.661026747667553,1.041710735321354,0.05793705125502242,1.020304638530502,0.021185446752299206,3.7767834939020886,1.7375188284512608,1.157778437366591,1.003906822501276,1.220986253639943,0.30746594643742,1.194096444852856,0.19930222887817
1,2011-08-10 13:34:23.052691,3558,104374.0,92625042.0,3391510.0,433.91150414165264,29.33501967397414,26032.89544688027,277.0,-54200.0,-47178910.0,-78291014.0,-86.67922106316297,469,1,0,3281.0,3733.6,305.59744763332355,158574.0,175534.8,91131.98698975095,139803952.0,160258791.8,115577559.47347113,81682524.0,36939346.6,41654959.40496483,520.5907252048156,469.97177013700076,74.1655504775985,48.330996647363605,46.93572895850595,23.765110688962466,42610.16519353855,42905.457905868716,30685.85448121602,0.9529676451679471,-0.5746121289930473,0.5946057419953161,-0.7808542571117452,0.5779716729400677,-0.5851806363459698,0.09181293964739484,-0.8053743678838265,0.9232714212052364,-0.486213151020214,0.6250040283657486,-0.7406112899766849,0.6067502065586584,-0.5498482197820573
1,2011-08-10 13:34:53.057649,5562,42211.0,21396392.0,2217494.0,290.1381478126573,7.589176555195973,3846.888169723121,2004.0,-62163.0,-71228650.0,-1174016.0,-143.77335632899536,196,1,0,3558.0,3704.6,315.9324294845371,104374.0,138631.4,68236.87223781695,92625042.0,112815695.6,67072372.63840941,3391510.0,36544817.2,42036380.217450045,433.91150414165264,442.61650299514497,48.52107375564541,29.33501967397414,37.199654308369645,16.800339664268954,26032.89544688027,30297.263946365485,16769.133952916578,1.5013766668462178,5.879105234700286,0.3044836883995956,-1.4130249062992997,0.18965793621362026,-1.362994926284271,0.06067875474282027,-0.8166098751231231,0.6555068458782349,-3.142518155044011,0.20401201828599932,-1.762492803308429,0.12697147097285905,-1.5773250932878615
1,2011-08-10 13:35:23.079183,3510,26926.0,11304080.0,1791783.0,437.1141363851852,7.671225071225071,3220.5356125356125,-2052.0,-15285.0,-10092312.0,-425711.0,146.9759885725279,426,1,0,5562.0,3989.6,902.2323979995404,42211.0,100001.0,52686.41904703879,21396392.0,74731898.6,48216923.556734614,2217494.0,20312291.2,34407752.39850699,290.1381478126573,423.1957917863445,83.23857082785324,7.589176555195973,27.339051137417055,16.821359284796817,3846.888169723121,20826.594348016173,15321.8441466597,0.8797874473629237,-0.5315703593252176,0.26925730742692305,-1.3869798198802763,0.15126177993288667,-1.3154679710199144,0.0882117621472461,-0.5382655625249045,1.032888664934633,0.1672102783631183,0.2805958784884602,-1.1692174058013607,0.15463572962145047,-1.149082223194242
1,2011-08-10 13:35:53.048203,3672,47421.0,29351862.0,2079450.0,426.99699213888886,12.91421568627451,7993.426470588235,162.0,20495.0,18047782.0,287667.0,-10.117144246296334,241,1,0,3510.0,3943.0,923.9101687934824,26926.0,95175.8,59014.771999899946,11304080.0,70415438.6,53568573.99608821,1791783.0,19649852.0,34803362.03591892,437.1141363851852,424.88851419466664,83.46298334770505,7.671225071225071,26.145430803011255,18.192373394731252,3220.5356125356125,19713.481059088615,16566.837174303455,0.9312706061372226,-0.293318559696773,0.4982464029721788,-0.8092007878990054,0.4168384459938591,-0.766560943044678,0.1058252245360423,-0.5048478357311116,1.0049624263136736,0.025262432034247783,0.49393776614662627,-0.7272946101601775,0.4054802115683458,-0.7074406819594059
1,2011-08-10 13:36:23.051699,4084,135398.0,116580813.0,22682528.0,451.265944329334,33.15328109696376,28545.742654260528,412.0,87977.0,87228951.0,20603078.0,24.26895219044513,339,1,0,3672.0,3916.6,930.7356230423337,47421.0,75901.2,54749.91731226801,29351862.0,58896265.6,55289719.908679985,2079450.0,18232552.2,35474847.23971959,426.99699213888886,421.75030113663996,82.91962733740861,12.91421568627451,21.168126726806637,17.601142947689137,7993.426470588235,16740.782178653164,17183.816138783324,1.0427411530406365,0.17985773387789003,1.78387166474309,1.0867011846000956,1.979426230378858,1.0433141548786187,1.2440676297638682,0.1254403090147084,1.0699836920378665,0.3559548461576635,1.5661887101900858,0.6809304603170516,1.7051618227646872,0.6869813073106187
1,2011-08-10 13:36:53.053444,4999,141105.0,116834686.0,36854650.0,350.0901470294059,28.22664532906581,23371.61152230446,915.0,5707.0,253873.0,14172122.0,-101.17579729992808,140,1,0,4084.0,4077.2,860.2541484933395,135398.0,71266.0,46335.36915251875,116580813.0,54251637.8,47173623.35951248,22682528.0,6432553.0,9104430.299661137,451.265944329334,407.88534496154364,66.41388617133043,33.15328109696376,18.13258361672667,12.23673511756277,28545.742654260528,13927.897670797556,12366.331977926819,1.2260865299712485,1.0715438008795208,1.9799764263463364,1.5072503203786842,2.1535697490039647,1.3266534080507564,5.729397021680193,3.34146080520077,0.8583052844459389,-0.8702276174920864,1.5566808307157642,0.824898276749224,1.678043023772765,0.7636632971169317
1,2011-08-10 13:37:23.051741,3881,90805.0,69758130.0,14000074.0,481.8424782032981,23.397320278278794,17974.26694150992,-1118.0,-50300.0,-47076556.0,-22854576.0,131.75233117389223,348,1,0,4999.0,4365.4,883.883363346092,141105.0,78612.2,54998.587988240055,116834686.0,59093566.6,52981839.72609429,36854650.0,13125181.0,15998924.182137927,350.0901470294059,391.12107353909425,68.74033944168538,28.22664532906581,17.910908747745005,11.990627119209385,23371.61152230446,13395.640885882394,11757.348128701437,0.8890365144085561,-0.548036109838828,1.1551006077936865,0.22169296423767967,1.180469110490278,0.20128714773087716,1.0666575950457367,0.054684489409405304,1.2319522286080653,1.3197695181567435,1.3063167596070866,0.4575583474935032,1.3417997014574776,0.3894267657559639
1,2011-08-10 13:37:53.054936,3454,83362.0,61563198.0,6073311.0,515.9562389808917,24.13491603937464,17823.740011580776,-427.0,-7443.0,-8194932.0,-7926763.0,34.1137607775936,173,1,0,3881.0,4029.2,583.6606034331945,90805.0,88331.0,51114.382432933475,69758130.0,68765914.2,48613747.44416387,14000074.0,15481697.0,14814555.880310679,481.8424782032981,429.46193961722236,48.948056611327885,23.397320278278794,21.07253749236157,10.591076778135227,17974.26694150992,16221.116640239756,10521.5197572466,0.8572421324330246,-0.9855042410188156,0.9437456838482419,-0.09721334316265416,0.8952574646350008,-0.14816212653165245,0.39228974704775577,-0.6350771549287034,1.201401547805517,1.7670629918713714,1.1453255711125347,0.28914704433510097,1.0987985850101274,0.1523186201534313
1,2011-08-10 13:38:23.068255,3855,1432836.0,1441373090.0,31846033.0,438.3161682954605,371.6824902723735,373897.0402075227,401.0,1349474.0,1379809892.0,25772722.0,-77.64007068543128,360,1,0,3454.0,4018.0,596.5102681429723,83362.0,99618.2,38948.147846851105,61563198.0,78817737.8,37742571.13943643,6073311.0,16338002.6,13922301.795303406,515.9562389808917,445.23036013636374,62.775674553916886,24.13491603937464,24.36527568599148,7.487589615136065,17823.740011580776,19141.757520048784,7643.8225201291025,0.9594325535089698,-0.2732559835175523,10.0,10.0,10.0,10.0,1.9491998979116332,1.113898450702421,0.9844705292788882,-0.11014125917284454,10.0,10.0,10.0,10.0
1,2011-08-10 13:38:53.056762,3911,150908.0,109319763.0,6296031.0,416.74974472129895,38.585527997954486,27951.869854257224,56.0,-1281928.0,-1332053327.0,-25550002.0,-21.56642357416149,145,1,0,3855.0,4054.6,575.2071800664528,1432836.0,376701.2,590960.6676816149,1441373090.0,361221983.4,604368975.0435039,31846033.0,22291319.2,12602626.12572488,438.3161682954605,447.4941953676781,62.15478029344551,371.6824902723735,96.11893060321128,154.0936742666675,373897.0402075227,92322.48026743569,157467.17633463215,0.9645834360970343,-0.24964917855017105,0.40060398002448516,-0.3820782200037171,0.3026387319260814,-0.41680203783105757,0.2824431763553949,-1.2692027868183686,0.9312964258183289,-0.49464338061744634,0.40143526103965965,-0.37336641415480004,0.3027634198440854,-0.40878748137570353
1,2011-08-10 13:39:23.073347,3676,310324.0,380323419.0,7078418.0,436.0447706945049,84.4189336235038,103461.21300326442,-235.0,159416.0,271003656.0,782387.0,19.29502597320589,474,1,0,3911.0,4020.0,578.1920096300197,150908.0,379803.2,589416.0809230608,109319763.0,359769773.4,605112037.9315902,6296031.0,19014019.8,14468046.555676352,416.74974472129895,440.590955446071,63.53264594196326,38.585527997954486,97.20537998340941,153.5569595722737,27951.869854257224,92203.70570743502,157527.5207532111,0.9144278606962899,-0.5949580662996844,0.8170652590604797,-0.11787801902383001,1.0571299956796205,0.03396667775815043,0.37227362096256994,-0.8249629107888943,0.9896816203411324,-0.07155667270095223,0.8684594786527617,-0.08326842622723475,1.1220938704085135,0.07146374958484741
1,2011-08-10 13:39:53.047420,3483,42065.0,18643807.0,7123141.0,450.5615147272466,12.07723227103072,5352.801320700545,-193.0,-268259.0,-361679612.0,44723.0,14.51674403274177,184,1,0,3676.0,3755.4,191.73758108415186,310324.0,413647.0,577011.4341068122,380323419.0,412467520.0,589949584.0689917,7078418.0,13058773.4,11001627.044672985,436.0447706945049,457.7818801790909,40.30577008131466,84.4189336235038,108.44383764229701,149.24214556851138,103461.21300326442,108221.62600362701,152778.99447088808,0.927464451190039,-1.4206917520203073,0.10169298943301873,-0.6439768400347067,0.04520066695190933,-0.6675548616946635,0.5454678461608039,-0.5395231428858559,0.9842274983666812,-0.17913974691708984,0.11136854369499732,-0.6457063787412676,0.049461475662185096,-0.6733178539313359
1,2011-08-10 13:40:23.050762,3693,106373.0,81084461.0,5998867.0,436.8209272824262,28.803953425399403,21956.258055781207,210.0,64308.0,62440654.0,-1124274.0,-13.740587444820392,391,1,0,3483.0,3675.8,208.44591624688164,42065.0,403899.0,584196.0049075995,18643807.0,402244655.4,597763938.1680049,7123141.0,11683386.8,11280851.410591664,450.5615147272466,451.5256874838806,37.999151214760246,12.07723227103072,106.1798200408474,150.93115623696264,5352.801320700545,105697.33287946515,154734.63865697553,1.0046792534955642,0.08251540883893242,0.26336534628706615,-0.5092913979222747,0.20157995864324915,-0.5372692695117652,0.5134527430008564,-0.503908755917374,0.9674331702270057,-0.386976017384186,0.271275214198397,-0.5126566876189226,0.2077276451319677,-0.5411915234398508
1,2011-08-10 13:40:53.049331,3719,91185.0,70203265.0,3951039.0,424.0830602126916,24.518687819306265,18876.919870933045,26.0,-15188.0,-10881196.0,-2047828.0,-12.737867069734648,128,1,0,3693.0,3723.6,168.43040105634677,106373.0,408501.2,581122.1342546677,81084461.0,406148908.0,595040062.139837,5998867.0,11668498.0,11290152.132327657,436.8209272824262,435.6986251441875,12.12638102464418,28.803953425399403,107.11362751805237,150.30980853886751,21956.258055781207,106523.83648830521,154157.887690881,0.9987646363731338,-0.027310984068925376,0.22321843852600623,-0.5460404642941041,0.17285104949734348,-0.5645765123643915,0.33860733403733706,-0.6835566881248847,0.9733403681762245,-0.9578756355199429,0.22890353344578038,-0.5494980034974829,0.17720841168732485,-0.5685529163004757
1,2011-08-10 13:41:23.050848,3224,138826.0,119441345.0,5013633.0,541.20189325,43.06017369727047,37047.56358560794,-495.0,47641.0,49238080.0,1062594.0,117.11883303730843,79,1,0,3719.0,3696.4,152.09470733724402,91185.0,140171.0,102754.61889131859,70203265.0,131914943.0,142688237.47994426,3951039.0,6089499.2,1291342.0705665043,424.0830602126916,432.85200352763366,12.99759603166344,24.518687819306265,37.6808670274389,27.8067165894962,18876.919870933045,35519.812420987306,38872.58708251309,0.8721999783570846,-3.1059594923933016,0.990404577266332,-0.013089435925236268,0.9054421150756211,-0.08741854423531753,0.8233243548172235,-0.8331380387289815,1.2503162485978858,8.33614842699212,1.1427596308962755,0.19345350078729232,1.0430112396572484,0.03930150471790584
1,2011-08-10 13:41:53.048192,3295,254791.0,256739047.0,5867385.0,508.452295600607,77.32655538694992,77917.76843702579,71.0,115965.0,137297702.0,853752.0,-32.749597649393024,68,1,0,3224.0,3559.0,209.31196812414333,138826.0,137754.6,102580.9165064347,119441345.0,133939259.4,142358957.97589323,5013633.0,5833019.6,1365300.4378771686,541.20189325,457.74243323337384,47.58807208721047,43.06017369727047,38.5757961673021,27.914906358001147,37047.56358560794,37338.951167257444,38642.030374926675,0.9258218600727941,-1.2612752264703748,1.8496006666927867,1.1409178625603076,1.9168319143326544,0.8626066764326461,1.0058915282917957,0.02517057714669252,1.1107825245912228,1.065600267925039,2.0045355655028447,1.3881744298652343,2.086769070936033,1.050121250774062
1,2011-08-10 13:42:23.059992,3802,2625635.0,3241913192.0,64460564.0,412.35933372067336,690.5931088900579,852686.2682798527,507.0,2370844.0,2985174145.0,58593179.0,-96.09296187993364,214,1,0,3295.0,3482.8,224.84483538654536,254791.0,126648.0,79674.20538668794,256739047.0,109222385.0,89978200.13232154,5867385.0,5590813.0,1184591.1492206038,508.452295600607,472.2239382145943,50.27581443636136,77.32655538694992,37.15732051999132,25.034654533090425,77917.76843702579,32230.26225400972,27914.24114421305,1.0916503962326025,1.4196456834324112,10.0,10.0,10.0,10.0,10.0,10.0,0.8732283570351538,-1.1907237140535285,10.0,10.0,10.0,10.0
1,2011-08-10 13:42:53.047366,3439,80061.0,52389205.0,7768699.0,493.5715957220122,23.28031404478046,15233.848502471648,-363.0,-2545574.0,-3189523987.0,-56691865.0,81.21226200133884,79,1,0,3802.0,3546.6,266.3443260142826,2625635.0,643362.0,1109978.2508360243,3241913192.0,753876262.0,1392842275.1527147,64460564.0,17058297.6,26511302.1332859,412.35933372067336,464.58350201327966,56.862243672964375,690.5931088900579,172.86049584379674,290.1635295147299,852686.2682798527,201696.95564584015,364673.71666548797,0.9696610838546863,-0.40398833198281053,0.12444160519272178,-0.507488322024082,0.06949310867145993,-0.503637109178846,0.4554205338755492,-0.35040144589263966,1.0623958741153094,0.5097951089468773,0.13467689035025535,-0.5155030408151535,0.0755284007817188,-0.5113149059612898
1,2011-08-10 13:43:23.051589,3493,113118.0,63943043.0,5827994.0,445.6769230546808,32.38419696535929,18306.052963069,54.0,33057.0,11553838.0,-1940705.0,-47.894672667331406,70,1,0,3439.0,3495.8,255.4402082680067,80061.0,638099.6,1113218.2215908074,52389205.0,748137210.8,1396362149.830111,7768699.0,17412264.0,26337975.14569381,493.5715957220122,475.9336357011968,55.58480091177455,23.28031404478046,171.75576796767297,290.85878734227026,15233.848502471648,200352.47373517824,365513.47865155403,0.9991990388463301,-0.010961469296374333,0.1772732658036454,-0.4715891186633579,0.08546967331249875,-0.4899833240848319,0.3347062736930706,-0.43983145765455695,0.9364266141793594,-0.5443342811283216,0.1885479442603985,-0.47917263313701425,0.09136923853141675,-0.49805665564977586
1,2011-08-10 13:43:53.079583,3473,98018.0,74940088.0,36798935.0,488.6572724647279,28.222862078894327,21577.91189173625,-20.0,-15100.0,10997045.0,30970941.0,42.9803494100471,49,1,0,3493.0,3450.6,224.15017287524634,113118.0,642486.2,1110564.3976009225,63943043.0,746885166.4,1397124582.8683603,5827994.0,17787655.0,26110543.272874508,445.6769230546808,480.2524082695947,51.21622757682229,32.38419696535929,173.32886979688357,289.883011093732,18306.052963069,200238.30035360545,365584.4190442326,1.0064916246446975,0.09993300345285554,0.15256047522888405,-0.4902626098731217,0.10033682736157766,-0.4809485758388605,2.068790686574481,0.728107408617203,1.017500930863417,0.16410549141601918,0.16282839732241158,-0.5005674777904437,0.10776116184381913,-0.48869803841463044
1,2011-08-10 13:44:23.055314,3314,32536.0,10136834.0,2291848.0,486.3764883654194,9.817742908871454,3058.7911888955946,-159.0,-65482.0,-64803254.0,-34507087.0,-2.280784099308505,40,1,0,3473.0,3500.4,185.55807716184884,98018.0,634324.6,1115330.9026976253,74940088.0,737984915.0,1402253255.2305226,36798935.0,24144715.4,26092306.934009705,488.6572724647279,469.7434841125402,39.67373960465448,28.222862078894327,170.36140747320835,291.6206575382746,21577.91189173625,197144.3700148311,367371.8571166667,0.9467489429776749,-1.00453724704429,0.051292350950916846,-0.5395605900853883,0.013735828191013905,-0.5190560822626479,0.09492130936445001,-0.837521475401477,1.0354086960530544,0.4192446796850118,0.0576289140506062,-0.5505222638170458,0.015515488414228961,-0.5283082388216227
1,2011-08-10 13:44:53.053052,3547,40232.0,21230815.0,2039280.0,526.2705278361997,11.342542994079505,5985.569495348182,233.0,7696.0,11093981.0,-252568.0,39.894039470780285,45,1,0,3314.0,3504.2,180.42366807046866,32536.0,589873.6,1138428.3462964632,10136834.0,688664472.4,1427520532.293266,2291848.0,23429608.0,26758942.61101244,486.3764883654194,465.32832266550275,35.27335732359577,9.817742908871454,156.85964497759264,298.4869043144175,3058.7911888955946,182172.57456520508,374893.9122254697,1.0122139147306055,0.23721943167149462,0.0682044424432623,-0.4828073736815272,0.030828968025619904,-0.46754750093001407,0.08703858809759002,-0.79937119754489,1.130966034520477,1.7277120691940067,0.07231014067147401,-0.4875158671274305,0.03285658947091255,-0.4699649669528205
1,2011-08-10 13:45:23.058254,3796,54471.0,36260071.0,3109557.0,464.5170442660696,14.349578503688091,9552.178872497365,249.0,14239.0,15029256.0,1070277.0,-61.75348357013013,612,1,0,3547.0,3453.2,87.11027493931384,40232.0,72793.0,35341.458812561825,21230815.0,44527997.0,27790055.159283556,2039280.0,10945351.2,14653391.084231542,526.2705278361997,488.11056148860797,28.678936084595406,11.342542994079505,21.00953179839696,10.065763812257941,5985.569495348182,12832.434808304159,7978.319482581567,1.099270242093971,3.935241855623572,0.7482999738985788,-0.5184279488057545,0.8143207294951983,-0.2975138391273762,0.28409842162031307,-0.5347427196174451,0.9516635797604214,-0.8226775621006632,0.6830032501771396,-0.6616441055309513,0.7443777439894095,-0.4111462248369353
1,2011-08-10 13:45:53.079802,3370,273992.0,69622704.0,19707553.0,511.4180636718101,81.3032640949555,20659.55608308605,-426.0,219521.0,33362633.0,16597996.0,46.90101940574056,86,1,0,3796.0,3524.6,174.7664155380049,54471.0,67675.0,35874.702382040836,36260071.0,41302170.2,27584773.33343662,3109557.0,10013522.8,15048708.514184047,464.5170442660696,482.29965119741945,30.199020132066384,14.349578503688091,19.223384690178488,10.350426596436403,9552.178872497365,11696.100882309302,7955.365239597553,0.9561368665945197,-0.8846093199496663,4.048644255633483,5.7510442261753285,1.68569117949158,1.0266727030042886,1.9680938859998396,0.6441768867317061,1.0603741105784281,0.9642171284394582,4.229393803488994,5.997808768592491,1.766362678551488,1.126718249988113
1,2011-08-10 13:46:23.055949,3424,32043.0,14546115.0,9149462.0,472.67872999299067,9.35835280373832,4248.28125,54.0,-241949.0,-55076589.0,-10558091.0,-38.73933367881944,325,1,0,3370.0,3500.0,188.44760545043465,273992.0,99849.8,100590.16670231734,69622704.0,42438102.4,28838648.90725849,19707553.0,12789434.6,15360514.724086301,511.4180636718101,495.44787932084535,23.9280247943256,81.3032640949555,29.007198116097733,30.127291383046682,20659.55608308605,12166.801506312711,8495.52252102239,0.9782857142854348,-0.4032951218347329,0.3209120098387746,-0.6740897467708167,0.34276073097933807,-0.9671738606651499,0.7153922191368803,-0.23696944180472557,0.9540433004577183,-0.951568277056562,0.32262174257437914,-0.652194220246566,0.3491699316205201,-0.9320816037762475
1,2011-08-10 13:46:53.049355,3562,1245495.0,937816486.0,81292352.0,486.0430084413251,349.66170690623244,263283.68500842224,138.0,1213452.0,923270371.0,72142890.0,13.36427844833446,48,1,0,3424.0,3490.2,191.45286626217623,32043.0,86654.8,105115.88017373967,14546115.0,30359307.8,24076794.748360235,9149462.0,7259540.0,7544472.645438731,472.67872999299067,492.2521708264979,26.03584326446428,9.35835280373832,25.234296261066525,31.404230373340138,4248.28125,8700.875377965462,7119.802601687784,1.0205718869975875,0.3750270309419238,10.0,10.0,10.0,10.0,10.0,9.812854453751523,0.9873862163457098,-0.23848516531089345,10.0,10.0,10.0,10.0
1,2011-08-10 13:47:23.053829,3692,114397.0,32403965.0,8184417.0,464.38741880281685,30.98510292524377,8776.805254604551,130.0,-1131098.0,-905412521.0,-73107935.0,-21.655589638508275,36,1,0,3562.0,3539.8,164.63960641353142,1245495.0,329246.6,521997.4258904922,937816486.0,215895238.2,404125736.205505,81292352.0,23059640.8,33300298.918931533,486.0430084413251,492.185474841679,26.055077956787347,349.66170690623244,93.20308906053872,146.51074485250683,263283.68500842224,60745.85414187079,113401.875126706,1.042996779478772,0.924443415011507,0.3474508165004579,-0.41159130168789765,0.15009115194093245,-0.4540450081770874,0.35492387201451986,-0.44669940760031124,0.9435211775626913,-1.066895907350524,0.3324471671189503,-0.4246650045872436,0.14448402082068587,-0.45827327660322903
1,2011-08-10 13:47:53.074114,5007,117789.0,52712873.0,38736356.0,382.6203430059916,23.52486518873577,10527.835630117836,1315.0,3392.0,20308908.0,30551939.0,-81.76707579682522,38,1,0,3692.0,3568.8,178.41860889493122,114397.0,344079.6,512702.6605907169,32403965.0,218129868.2,402808975.9672535,8184417.0,24288668.2,32432637.132790044,464.38741880281685,479.80885303500247,19.751617620526243,30.98510292524377,97.13160104677158,144.0089894704914,8776.805254604551,61304.101293722066,113071.300732412,1.4029926025550876,8.060818369225597,0.3423306699961278,-0.4413681016191255,0.24165820772269647,-0.41065866221771485,1.5948324412451729,0.4454675622227802,0.7974432747227398,-4.9205342008590875,0.24219579349017106,-0.5111259799000762,0.17173134273148186,-0.44906413329203626
1,2011-08-10 13:48:23.047537,5660,279385.0,109652048.0,91259533.0,309.5932666913428,49.3613074204947,19373.15335689046,653.0,161596.0,56939175.0,52523177.0,-73.02707631464887,36,1,0,5007.0,3811.0,680.2256978385935,117789.0,356743.2,504477.0890082124,52712873.0,221420428.6,401015057.2945631,38736356.0,31414028.0,30470604.587437827,382.6203430059916,463.4295127829869,48.556304238705444,23.52486518873577,98.96665838378111,142.74330748186492,10527.835630117836,61499.232645246164,112960.4504865585,1.4851744948828431,2.7182154480085803,0.7831543810786,-0.15334333646763598,0.49522100870867886,-0.2787136756261529,2.9050567154266242,1.9640406158751644,0.6680482320418165,-3.1682033569154786,0.4987670416088877,-0.3475143727438227,0.3150145542244855,-0.3729276849278149
1,2011-08-10 13:48:53.049374,6616,118805.0,59670872.0,6905101.0,299.3210620078597,17.95722490931076,9019.17654171705,956.0,-160580.0,-49981176.0,-84354432.0,-10.27220468348304,30,1,0,5660.0,4269.0,1003.2856024084068,279385.0,357821.8,504261.64995287894,109652048.0,229426297.4,397612077.51395136,91259533.0,45724424.0,39161003.30396065,309.5932666913428,423.0645533868934,75.24443265984038,49.3613074204947,92.57826704888895,144.43618396250176,19373.15335689046,61241.95210000704,113078.125542274,1.5497774654482197,2.339313944467698,0.33202281135470135,-0.4739936103059485,0.26008732510713484,-0.4269372964256692,0.1510155928918864,-0.9912749859520046,0.707506832257399,-1.6445534507091015,0.19396803895274792,-0.5166367602070858,0.14727121250133807,-0.46182915844997935
1,2011-08-10 13:49:23.049414,6743,104046.0,42974302.0,5671217.0,286.1451301302091,15.430223935933562,6373.172475159425,127.0,-14759.0,-16696570.0,-1233884.0,-13.175931877650612,30,1,0,6616.0,4907.4,1302.2038242917263,118805.0,375174.2,491581.86542955367,59670872.0,238451248.8,391987761.1818569,6905101.0,45275551.8,39694273.14080864,299.3210620078597,388.39301978986725,85.85919798386226,17.95722490931076,94.29804147000343,143.24385033338035,9019.17654171705,62196.13115835046,112495.59700971945,1.3740473570523344,1.4096103588061422,0.27732717228423415,-0.5515423148554971,0.18022259147841374,-0.49868125017635795,0.12526003051386334,-0.9977342237634733,0.7367411759466888,-1.190878695112961,0.16363249644668754,-0.5505843172322253,0.10246895355811307,-0.4962234982260463
1,2011-08-10 13:49:53.055007,6017,148765.0,110378313.0,5382214.0,306.04371028934685,24.72411500747881,18344.40967259432,-726.0,44719.0,67404011.0,-289003.0,19.898580159137737,40,1,0,6743.0,5543.6,1256.8326459795653,104046.0,146884.4,74300.00618977056,42974302.0,59482812.0,29868940.970166706,5671217.0,30151324.8,36844685.86945279,286.1451301302091,348.413444127644,74.85734068762834,15.430223935933562,27.451744875943653,13.62531475951501,6373.172475159425,10814.028651697887,5010.825755595464,1.085395771700504,0.3766611262955052,1.0128032656973716,0.02531089964106755,1.855633741726938,1.703960681124743,0.17850671689225409,-0.6722573477152533,0.8783923681669038,-0.5660063989520484,0.9006391075797976,-0.20018839317894352,1.6963529747734123,1.5028223666500358
1,2011-08-10 13:50:23.064624,6023,67221.0,18175396.0,4742947.0,304.6458723830317,11.160717250539598,3017.664951021086,6.0,-81544.0,-92202917.0,-639267.0,-1.3978379063151465,24,1,0,6017.0,6008.6,712.9293793918115,148765.0,153758.0,72100.34204495802,110378313.0,75077681.6,32441111.327695813,5382214.0,29590884.2,37281083.8444678,306.04371028934685,316.74470242495005,37.89845431447441,24.72411500747881,26.199547292390662,13.506592472168336,18344.40967259432,12727.549535295842,5802.629733623828,1.0023965649234425,0.020198354025280658,0.4371870081556704,-1.200230089699697,0.24208786969255588,-1.7540177654586404,0.1602840580208144,-0.6665025433182846,0.9618025812262895,-0.3192433638903908,0.4259889350590078,-1.1134436810562405,0.237097089479189,-1.6733593267218716
1,2011-08-10 13:50:53.050048,6856,89275.0,36916074.0,5277312.0,261.89546972753794,13.021441073512252,5384.491540256709,833.0,22054.0,18740678.0,534365.0,-42.75040265549376,26,1,0,6023.0,6211.8,453.7694348454871,67221.0,143644.4,81359.22838744198,18175396.0,68170186.2,40953695.79167437,4742947.0,22792202.4,38282459.456111364,304.6458723830317,301.1498083003581,9.164461390878643,11.160717250539598,23.72671770475143,15.150496812493367,3017.664951021086,11225.515399476491,7294.597863343992,1.1037058501559767,1.4196637114131243,0.6215000375928291,-0.6682634665742649,0.5415281380000103,-0.7631573071935981,0.23154023939345153,-0.45751737607349424,0.8696517896018761,-4.283321942695565,0.548809204669545,-0.7065957481806684,0.4796654183475031,-0.8007328119580998
1,2011-08-10 13:51:23.049212,5788,65005.0,24638809.0,6328473.0,347.63341305874224,11.230995162404977,4256.877850725639,-1068.0,-24270.0,-12277265.0,1051161.0,85.73794333120429,37,1,0,6856.0,6451.0,402.50900611041226,89275.0,105622.4,30738.635799266758,36916074.0,53622991.4,35024245.474592865,5277312.0,5595758.2,805352.1979528662,261.89546972753794,291.6102489075971,18.374877894075922,13.021441073512252,16.458744435354937,5.279767875935435,5384.491540256709,8427.783036149742,5946.462299267994,0.8972252363973187,-1.647168112845866,0.6154471021298454,-1.3213793957950328,0.4594821802500187,-0.8275462328239327,1.1309411117871389,0.9098066682657536,1.192116581498153,3.048899942141011,0.6823725349059656,-0.9901475585294731,0.5051005504610026,-0.701409506276839
1,2011-08-10 13:51:53.049319,5739,125415.0,97386210.0,5442930.0,307.872737083464,21.85311029796132,16969.19498170413,-49.0,60410.0,72747401.0,-885543.0,-39.76067597527822,22,1,0,5788.0,6285.4,480.43761301545965,65005.0,94862.4,34192.686217961425,24638809.0,46616578.8,36962305.00893972,6328473.0,5480432.6,581025.1911794469,347.63341305874224,301.27271911777353,31.475650035047277,11.230995162404977,15.113498485973782,5.646664517735413,4256.877850725639,7475.32329795146,6203.879059294049,0.9130683806916166,-1.1372964672132782,1.322072812832046,0.8935419640692,2.089089600886799,1.3735515463042913,0.9931570000514192,-0.06454556630130183,1.021907121175776,0.2096864705933589,1.4459332706319692,1.1935562648756213,2.270028238959525,1.5303121793659638
1,2011-08-10 13:52:23.062704,6214,81234.0,41098731.0,8956487.0,276.0774742037335,13.072738976504668,6613.892983585452,475.0,-44181.0,-56287479.0,3513557.0,-31.7952628797305,24,1,0,5739.0,6084.6,450.2313849566612,125415.0,99136.2,36859.039558837765,97386210.0,57498960.4,43119038.98439669,5442930.0,5434775.2,571171.1341599055,307.872737083464,305.6182405084245,30.34454105890728,21.85311029796132,16.398075758379335,6.415033889722141,16969.19498170413,9594.5277992604,7423.209987076495,1.0212668047199451,0.2874077736987797,0.8194181338401026,-0.4856936104214649,0.714773462234632,-0.38034774861134274,1.6479958545479485,6.165773424771939,0.9033409581298207,-0.9735117181825402,0.7972117685227398,-0.5183662064021197,0.6893401240751628,-0.4015290987138596
1,2011-08-10 13:52:53.047755,5121,51770.0,17816100.0,3071588.0,346.9681201753564,10.109353641866823,3479.027533684827,-1093.0,-29464.0,-23282631.0,-5884899.0,70.89064597162286,28,1,0,6214.0,6124.0,451.45487039126414,81234.0,85630.0,24391.28416053517,41098731.0,43643044.0,31423779.16606392,8956487.0,6149629.8,1669547.220416216,276.0774742037335,299.62499329130185,33.075842682420635,13.072738976504668,14.067800552184504,4.4495691273831515,6613.892983585452,7248.424461458626,5595.063288243955,0.8362181580664865,-2.221706012670778,0.6045778348709494,-1.3882007924282935,0.408223129440742,-0.8218917229373793,0.4994752692267752,-1.8436386598473364,1.1580079363969098,1.43135058831881,0.7186165032442392,-0.8896247695237111,0.47997017175015855,-0.6737004987402337
1,2011-08-10 13:53:23.056733,5411,241600.0,218512436.0,7022221.0,336.5769844871558,44.64978746996858,40383.00425060063,290.0,189830.0,200696336.0,3950633.0,-10.391135688200563,30,1,0,5121.0,5943.6,641.937146455939,51770.0,82539.8,28016.069544102284,17816100.0,43571184.8,31496903.46412771,3071588.0,5815358.0,2126408.2584344693,346.9681201753564,308.08944284976684,39.47775760246499,10.109353641866823,13.857527830449953,4.641975797249961,3479.027533684827,7340.696977991375,5511.020524259493,0.9103910088160524,-0.8296762431331384,2.9270727576271938,5.677463062747087,5.0150675728239555,5.554236510876162,1.207530301659846,0.5675594022046035,1.0924651665204506,0.721609923327778,3.222060097085639,6.633438212049146,5.5012493189229925,5.995678500406799
1,2011-08-10 13:53:53.078903,5470,61052.0,20144461.0,3438019.0,330.3364774548446,11.161243144424132,3682.716819012797,59.0,-180548.0,-198367975.0,-3584202.0,-6.2405070323112,22,1,0,5411.0,5654.6,412.89139007733576,241600.0,113004.8,77061.34535355556,218512436.0,79890457.2,83565726.89304002,7022221.0,6164339.8,2158965.704055419,336.5769844871558,323.0257458016904,30.806511193425393,44.64978746996858,20.18319710974122,14.43594048457335,40383.00425060063,14340.399520060158,15527.987157636715,0.9673540126620861,-0.44709094070713645,0.540260236733302,-0.6741745782096219,0.2521510291219112,-0.7149581344092407,0.5577270415884601,-1.2627902309327355,1.022632040161343,0.23731124913869306,0.5529967865440046,-0.6249647519905775,0.2568071282714926,-0.6863531372644902
1,2011-08-10 13:54:23.048001,5172,52215.0,22651954.0,5899570.0,359.99009202010825,10.095707656612529,4379.72815158546,-298.0,-8837.0,2507493.0,2461551.0,29.65361456526364,36,1,0,5470.0,5591.0,411.69588290386736,61052.0,112214.2,77694.58021123456,20144461.0,78991587.6,84329298.65262346,3438019.0,5586249.0,2468778.6543702763,330.3364774548446,319.56635868091087,28.21452303715291,11.161243144424132,20.169246706145046,14.44678399570457,3682.716819012797,14225.56731371759,15623.031074291575,0.9250581291359461,-1.0177415354353214,0.4653154413612496,-0.7722443423579165,0.2867641313237766,-0.6680908592881708,1.0560879044238807,0.12691336238076809,1.1264955845318945,1.4327278644595425,0.5005495645524569,-0.6972859185705534,0.30787722239814075,-0.6302131203165362
1,2011-08-10 13:54:53.053116,5504,83059.0,53916428.0,4212280.0,307.12529765370635,15.090661337209305,9795.862645348838,332.0,30844.0,31264474.0,-1687290.0,-52.864794366401895,34,1,0,5172.0,5477.6,437.9877852178018,52215.0,97574.2,81393.77441917759,22651954.0,64044736.4,86839611.9607037,5899570.0,5677577.0,2470596.9861785052,359.99009202010825,329.98982966823974,32.16493018316696,10.095707656612529,17.81776617787529,15.048519530892687,4379.72815158546,11707.673947693856,16078.172477040274,1.00481962903443,0.06027565354776097,0.8512393645041327,-0.17833304946944223,0.8418557250865663,-0.11663235442119685,0.7419150810284034,-0.59309430400727,0.9307114039288688,-0.7108528413902278,0.8469446273854893,-0.18122080613221556,0.8367044290021043,-0.1189072517461159
1,2011-08-10 13:55:23.047497,5592,109996.0,72204359.0,7066492.0,364.4817064311516,19.670243204577968,12912.081366237482,88.0,26937.0,18287931.0,2854212.0,57.35640877744527,25,1,0,5504.0,5335.6,176.72379579444234,83059.0,97939.2,81306.22489514544,53916428.0,66608275.8,86179576.4927722,4212280.0,4728735.6,1681498.02042676,307.12529765370635,336.1993943582343,19.75969520936663,15.090661337209305,18.221350650016216,14.915924173732122,9795.862645348838,12344.067880046534,15887.998242113497,1.0480545768046614,1.4508515893172782,1.1231049467424574,0.1482887689786189,1.0840148334841,0.06493514389072613,1.4943724068649555,1.39028198166221,1.0841236258792817,1.4313131742072325,1.0795161995019806,0.0971372968639922,1.0460150974305693,0.03575110454665764
1,2011-08-10 13:55:53.048182,5997,116378.0,80174822.0,4997930.0,300.9757940475238,19.406036351509087,13369.154910788728,405.0,6382.0,7970463.0,-2068562.0,-63.505912383627845,20,1,0,5592.0,5429.8,158.3072961047451,109996.0,109584.4,77101.43774470073,72204359.0,77485927.6,81802660.10706393,7066492.0,5527716.4,1645969.1365961612,364.4817064311516,339.70211160939334,23.368572906929852,19.670243204577968,20.133528562558446,14.212246903238718,12912.081366237482,14230.678646557066,15113.331454562836,1.1044605694498684,3.582904982605004,1.0619942254554384,0.0881124943803898,1.0347017127275122,0.032870500745095094,0.9041581800397718,-0.3218689756817617,0.8859991850528,-1.6571965140724636,0.9638666312388919,-0.051187698606079586,0.9394601088840051,-0.057004224274336296
1,2011-08-10 13:56:23.053896,5269,60905.0,32899379.0,3072521.0,337.4128599831088,11.559119377490983,6243.951224141203,-728.0,-55473.0,-47275443.0,-1925409.0,36.437065935585,19,1,0,5997.0,5547.0,297.0387180150005,116378.0,84540.0,28550.180866326835,80174822.0,49818404.8,27649574.113011885,4997930.0,5122858.2,1419897.567975948,300.9757940475238,332.58187352146695,29.243944240879927,19.406036351509087,15.084778338866547,4.471709632520251,13369.154910788728,8827.908778594685,4596.183961681691,0.9498828195419236,-0.9359049280068098,0.7204281996687872,-0.8278406399826064,0.6603860386954823,-0.6119090923732494,0.5997669426024713,-1.4440036001489438,1.0145257058344026,0.16519613160537444,0.7662770454466781,-0.7884364706838243,0.7072967540489776,-0.5621962863095409
1,2011-08-10 13:56:53.047282,5077,138045.0,116315725.0,6175066.0,345.91044915974,27.190269844396298,22910.325979909398,-192.0,77140.0,83416346.0,3102545.0,8.497589176631209,20,1,0,5269.0,5506.8,322.56890736708505,60905.0,84510.6,28580.474406489036,32899379.0,52369388.4,24653441.44973433,3072521.0,5049758.6,1533208.9029566755,337.4128599831088,333.99715002711974,29.279321576046144,11.559119377490983,15.164353585479919,4.3871753367294675,6243.951224141203,9340.155659620365,3980.938333017375,0.9219510423474754,-1.3324284832869933,1.633463731176898,1.8731109651505098,2.2210632690909944,2.593809741750643,1.2228438008898088,0.7339556911194103,1.0356688646313816,0.406884397962274,1.7930385023888076,2.74115241200737,2.4528848142171267,3.4087868701045756
1,2011-08-10 13:57:23.055369,4949,69797.0,27638012.0,4864269.0,350.2511269446353,14.103253182461104,5584.564962618711,-128.0,-68248.0,-88677713.0,-1310797.0,4.34067778489532,26,1,0,5077.0,5487.8,348.9393930183222,138045.0,101676.6,30070.510858646314,116315725.0,71102142.6,31155241.769708898,6175066.0,5104857.8,1575743.9417735396,345.91044915974,331.1812214550461,26.719660748086742,27.190269844396298,18.58326602303667,5.862506050672249,22910.325979909398,13046.275225285153,6210.043283450553,0.9018185793941284,-1.5441076896988946,0.6864607982564258,-1.060161569913351,0.3887085675530684,-1.3950824365695849,0.9528706166898516,-0.1526826749079618,1.0575814818386982,0.7137031292674996,0.7589222025998628,-0.7641805059284615,0.4280581902637441,-1.2015552745904872
1,2011-08-10 13:57:53.047950,5131,49690.0,21508464.0,2765733.0,348.48685293354123,9.684272071720912,4191.865913077373,182.0,-20107.0,-6129548.0,-2098536.0,-1.7642740110940736,15,1,0,4949.0,5376.8,422.92812628151785,69797.0,99024.2,32601.61127459757,27638012.0,65846459.4,36531723.172892615,4864269.0,5235255.6,1508976.9539784603,350.2511269446353,339.8063873132319,23.81579033441558,14.103253182461104,18.385784392087032,6.023975874871198,5584.564962618711,12204.015688739128,6996.847197112725,0.9542850766253246,-0.5811862222561304,0.5017965305450536,-1.5132442253993306,0.32664571787135455,-1.2136847525686885,0.5282899654412289,-1.6365542187301352,1.0255453279966813,0.3644836261176245,0.5267260762267044,-1.4444799414319853,0.3434825077244814,-1.1451085824722387
1,2011-08-10 13:58:23.047366,4700,65064.0,38143791.0,5463684.0,349.2162161912766,13.843404255319149,8115.700212765957,-431.0,15374.0,16635327.0,2697951.0,0.7293632577353719,23,1,0,5131.0,5284.6,414.4499969839496,49690.0,86963.0,38202.03004422636,21508464.0,55707280.4,41078240.549955264,2765733.0,4375103.8,1427747.8168922241,348.48685293354123,336.60741661370986,20.51876896370458,9.684272071720912,16.38859016551562,7.0582522569572195,4191.865913077373,10459.972598107106,7815.181352871075,0.889376679407923,-1.4105441048446423,0.7481802605705788,-0.5732417877962775,0.6847182401674019,-0.42756187131824774,1.2488124281759896,0.7624457114348876,1.0374584722564184,0.6145007821500308,0.8446976899576956,-0.3605971871191087,0.7758815940142944,-0.29996391375865256
1,2011-08-10 13:58:53.065466,4759,48675.0,17810364.0,2452269.0,330.1768412155915,10.227989073334737,3742.45934019752,59.0,-16389.0,-20333427.0,-3011415.0,-19.03937497568512,23,1,0,4700.0,5025.2,214.98651120476538,65064.0,76700.2,35090.16619652832,38143791.0,47301074.2,39071029.68086306,5463684.0,4468254.6,1492277.1469539807,349.2162161912766,346.2555010424604,5.196661272158728,13.843404255319149,15.276063746277632,6.900364380885075,8115.700212765957,9409.281658502552,7678.228186705456,0.9470269840004483,-1.2382172188710834,0.6346137298207745,-0.7986625039915571,0.37653191394118485,-0.7547973636959078,0.5488203380353482,-1.3509458374505068,0.9535641750689448,-3.094036532632369,0.6695434925215915,-0.7315663917973906,0.397741238494578,-0.7380377582573242
1,2011-08-10 13:59:23.073596,4830,61518.0,33793397.0,3365733.0,353.6264774641822,12.736645962732918,6996.562525879917,71.0,12843.0,15983033.0,913464.0,23.449636248590707,24,1,0,4759.0,4923.2,189.92156275683155,48675.0,74254.2,36848.63622578155,17810364.0,44283271.2,40996764.902929105,2452269.0,4344204.2,1654293.465638885,330.1768412155915,344.80829728895696,8.334868938877708,10.227989073334737,15.009837685446382,7.1023431915385125,3742.45934019752,8908.983281713814,8010.349843295407,0.981069223269219,-0.49072890221969623,0.8284783891012114,-0.3456355866730458,0.7631188050082442,-0.2558707796782895,0.774763994749602,-0.591473774347598,1.0255741530686249,1.0579866628778216,0.8485532108207862,-0.3200622190577334,0.7853379341546153,-0.23874372446221404
1,2011-08-10 13:59:53.048423,4101,49966.0,24521527.0,4640450.0,420.3166845981468,12.183857595708364,5979.401853206535,-729.0,-11552.0,-9271870.0,1274717.0,66.69020713396458,29,1,0,4830.0,4873.8,171.10727629179678,61518.0,58948.8,9393.564909020868,33793397.0,27778805.6,8401116.988218015,3365733.0,3782337.6,1320381.3899186903,353.6264774641822,346.3515029498454,9.253625035770543,12.736645962732918,12.119112909113706,2.0491546798915765,6996.562525879917,5726.23059090792,1846.1446847957482,0.8414378924041114,-4.516464856103453,0.8476169150177638,-0.9562716697015258,0.8827423091221748,-0.3877197049592463,1.226873560942841,0.6498973755248415,1.2135552495575532,7.993103389686818,1.005342361778033,0.03159580250256541,1.0442125510452818,0.13713511426461578
1,2011-08-10 14:00:23.074300,3393,40443.0,20665284.0,2347983.0,562.1780756548777,11.919540229885058,6090.564102564103,-708.0,-9523.0,-3856243.0,-2292467.0,141.86139105673095,20,1,0,4101.0,4704.2,375.78411355457524,49966.0,54982.6,7702.431226566736,24521527.0,27155508.6,8528813.1045309,4640450.0,3737573.8,1277633.5944970737,420.3166845981468,360.36461448054763,34.699866211257294,12.183857595708364,11.735233791763159,1.7411707968289611,5979.401853206535,5805.197969025484,1847.014353800471,0.7212703541514558,-3.489237444323427,0.7355599771563962,-1.8876637223126442,0.760997862511034,-0.760976295347836,0.6282104717236618,-1.0876285704955932,1.5600257435477587,5.815972313548634,1.015705391164474,0.10585201540923377,1.049157002923963,0.15450130798999331
1,2011-08-10 14:00:53.050892,4004,563867.0,550009783.0,453332165.0,495.5241796276224,140.82592407592406,137365.08066933067,611.0,523424.0,529344499.0,450984182.0,-66.65389602725531,23,1,0,3393.0,4356.6,611.9258942061523,40443.0,53133.2,10044.858620209214,20665284.0,26986872.6,8675458.547385952,2347983.0,3654023.8,1367568.5947649984,562.1780756548777,403.10285902481496,95.22490091683504,11.919540229885058,12.182287423395987,1.3186113067536454,6090.564102564103,6184.937606922829,1612.7174765786651,0.9190653261715742,-0.5762135633381719,10.0,10.0,10.0,10.0,10.0,10.0,1.229274783178575,0.9705583278322686,10.0,10.0,10.0,10.0
1,2011-08-10 14:01:23.048240,3340,39758.0,14478083.0,2974090.0,531.7652662281437,11.903592814371258,4334.7553892215565,-664.0,-524109.0,-535531700.0,-450358075.0,36.24108660052127,23,1,0,4004.0,4217.4,593.1553759345013,563867.0,152893.8,229863.7534773587,550009783.0,129360071.0,235227646.94328725,453332165.0,93227720.0,201306607.8919441,495.5241796276224,432.36445171208413,96.98950099315357,140.82592407592406,37.57879138751697,57.72449397173939,137365.08066933067,32034.813698235772,58893.6012029099,0.7919571299851113,-1.4792077010449394,0.2600367052162988,-0.49218634207651724,0.11192080282639918,-0.48838641840301084,0.03190134865467052,-0.44833913275437876,1.2299005251731974,1.0248615932362752,0.3167635885705644,-0.444788629680685,0.1353138941295028,-0.47034071177914494
1,2011-08-10 14:01:53.050262,3446,45523.0,27200816.0,6624818.0,546.6419019599535,13.210388856645386,7893.4463145676145,106.0,5765.0,12722733.0,3650728.0,14.87663573180987,25,1,0,3340.0,3933.6,608.506614590179,39758.0,151110.4,230906.70683265122,14478083.0,128693614.8,235627087.13219756,2974090.0,93332084.2,201247908.2427542,531.7652662281437,472.68213671459455,85.05658231328853,11.903592814371258,37.913912135724274,57.53054997593692,4334.7553892215565,32153.272908040577,58823.02015977589,0.8760423022165762,-0.8013059978445602,0.30125656473677326,-0.4572729889414759,0.21136103793705857,-0.43073485326013433,0.07098114283833812,-0.4308480369167854,1.1564682891514884,0.8695360574455459,0.3484311724151912,-0.4293983507715837,0.24549433387832356,-0.4124206225314117
1,2011-08-10 14:02:23.052011,3658,61222.0,36332506.0,16698495.0,568.0292259423182,16.736468015308912,9932.34171678513,212.0,15699.0,9131690.0,10073677.0,21.387323982364705,20,1,0,3446.0,3656.8,364.77760347916313,45523.0,147911.4,232563.0892560123,27200816.0,127375098.6,236308347.93048385,6624818.0,93983901.2,200888628.1157824,546.6419019599535,511.28522161374883,56.531616897562074,13.210388856645386,38.008660714506775,57.47908568802119,7893.4463145676145,32332.649665778117,58728.419508481995,1.0003281557643293,0.0032896756504544418,0.413909948793667,-0.37275648632517683,0.2852402580986108,-0.38527031904426207,0.17767399295827485,-0.38471767628109077,1.1109830715395208,1.0037569671921545,0.4403330109571782,-0.3700857876252016,0.3071923216765473,-0.3814219442046689
1,2011-08-10 14:02:53.049350,3795,68984.0,66779583.0,2123037.0,499.3212271135704,18.17760210803689,17596.728063241106,137.0,7762.0,30447077.0,-14575458.0,-68.7079988287478,20,1,0,3658.0,3568.2,271.8863733253322,61222.0,150162.6,231429.67242836417,36332506.0,129737294.4,235078996.21085036,16698495.0,96395510.2,199616298.22880965,568.0292259423182,540.8277298825831,29.000444663065622,16.736468015308912,38.91918279842689,57.00180181341663,9932.34171678513,33123.23763849384,58310.08491479602,1.0635614595591438,0.8341720006974495,0.4593953487752579,-0.35077005963929436,0.5147292712464643,-0.2678151277434037,0.022024231165903407,-0.4722684171406707,0.9232537451825052,-1.431236770670737,0.46706022070701264,-0.3638758781331038,0.531250243568905,-0.26627485790734395
1,2011-08-10 14:03:23.053204,3612,31567.0,12323550.0,2520782.0,465.67867907834994,8.739479512735327,3411.8355481727576,-183.0,-37417.0,-54456033.0,397745.0,-33.6425480352205,19,1,0,3795.0,3648.6,266.5104125545597,68984.0,155870.8,228378.7587861444,66779583.0,138960154.2,230591739.92989194,2123037.0,96350521.0,199642817.16666,499.3212271135704,528.2563601743216,30.987332042427465,18.17760210803689,40.17079517405725,56.325441504964914,17596.728063241106,35424.47043062923,57192.859498269434,0.9899687551386861,-0.137330469188966,0.20252029244733333,-0.5442879217869753,0.08868405530309927,-0.5491810081250178,0.026162619297097522,-0.46998805332260857,0.8815391809457762,-2.0194601138385067,0.2175580412249799,-0.5580305244121933,0.09631295843515757,-0.559731322463857
1,2011-08-10 14:03:53.053106,3266,57729.0,39879737.0,2542080.0,544.3502860771586,17.67575015309247,12210.57470912431,-346.0,26162.0,27556187.0,21298.0,78.67160699880861,13,1,0,3612.0,3570.2,179.1708681677964,31567.0,49410.8,15405.415758751687,12323550.0,31422907.6,22045051.88655213,2520782.0,6188244.4,6143348.931009926,465.67867907834994,522.2872600644672,40.33385282808558,8.739479512735327,13.753506261419503,3.785772886685544,3411.8355481727576,8633.821406397656,5663.901282154606,0.9147946893728882,-1.6978206508069928,1.1683478106000882,0.5399529704528719,1.2691294360041971,0.38361576300751704,0.4107917909641706,-0.5935141306389371,1.0422430867046726,0.5470101283451217,1.28518137963046,1.0360483864289216,1.414272329061019,0.6314999369772542
1,2011-08-10 14:04:23.048864,3484,28002.0,9331381.0,2019209.0,545.9356343114237,8.037313432835822,2678.3527554535017,218.0,-29727.0,-30548356.0,-522871.0,1.5853482342650975,22,1,0,3266.0,3555.4,204.24201330774704,57729.0,53005.0,14669.116145834856,39879737.0,36503238.4,19995495.294640165,2542080.0,6101842.4,6202607.1967627285,544.3502860771586,524.8042640342701,41.45041226245123,17.67575015309247,14.907937729163745,3.9568473155360526,12210.57470912431,10208.985270378205,5249.395215464062,0.9799178714065984,-0.3495852730949468,0.5282897839826333,-1.704465337340562,0.25563159349719505,-1.3588989419673676,0.3309179207906123,-0.6582124694484622,1.0402652412037823,0.5097987962784651,0.5391297963750981,-1.7363885302359054,0.2623524948385018,-1.4345714517243753
1,2011-08-10 14:04:53.052170,3802,39625.0,19642409.0,2465332.0,461.8728172501315,10.422146238821671,5166.335875854813,318.0,11623.0,10311028.0,446123.0,-84.06281706129215,18,1,0,3484.0,3563.0,199.8124120268856,28002.0,49500.8,18496.651526695172,9331381.0,32929351.4,23383705.645844337,2019209.0,5180720.6,6442852.809465602,545.9356343114237,524.6630105045641,41.35849164236807,8.037313432835822,13.873322644401833,5.039797289883733,2678.3527554535017,9165.966558555385,6247.676883559393,1.0670783047990269,1.1961218903991082,0.8004921132587595,-0.5339236664401816,0.5965015454267344,-0.5682137211798722,0.4758666197903048,-0.4214574941104739,0.8803228129329566,-1.5181935017328216,0.7512364921662067,-0.6847847654156334,0.5636433258674791,-0.6401788628385794
1,2011-08-10 14:05:23.076635,4079,129632.0,107240379.0,4808284.0,454.2178401012503,31.78033831821525,26290.85045354253,277.0,90007.0,87597970.0,2342952.0,-7.654977148881187,23,1,0,3802.0,3591.8,225.6373196082638,39625.0,45181.4,17573.86756806814,19642409.0,29591332.0,23960594.04763109,2465332.0,2334088.0,244454.30071690746,461.8728172501315,503.4317287661268,40.774509285759606,10.422146238821671,12.610458289104384,4.932978617441988,5166.335875854813,8212.76539036932,6461.435950025758,1.1356422963413508,2.1592172821574205,2.8691452677428573,4.805464686296067,3.624047035125016,3.2406979078082134,2.06002687130905,10.0,0.9022431725024598,-1.2069768471954938,2.520157284303756,3.8860659070047627,3.2012177633089616,2.7978432662631816
1,2011-08-10 14:05:53.059170,3593,133108.0,54457255.0,5532870.0,441.0980500587253,37.04647926523796,15156.4862232118,-486.0,3476.0,-52783124.0,724586.0,-13.119790042524984,19,1,0,4079.0,3648.6,309.6736992384106,129632.0,57311.0,42026.97757988302,107240379.0,37683491.2,40667657.768305264,4808284.0,2871137.4,1103859.6663717234,454.2178401012503,494.41105136366275,46.49862884985024,31.78033831821525,15.331005531140056,9.960188699387759,26290.85045354253,9951.589868429606,9882.326009385506,0.9847612782982555,-0.17954382350376877,2.3225558793250456,1.8035320254930685,1.4451223404693458,0.41245954944257435,1.927065559453894,2.411296182918656,0.892168669857229,-1.1465499655042544,2.4164415822284715,2.180227141003112,1.5230215898760726,0.5266873760123314
1,2011-08-10 14:06:23.051206,3953,91094.0,69531403.0,17431482.0,430.4217196278776,23.044270174550974,17589.52770048065,360.0,-42014.0,15074148.0,11898612.0,-10.67633043084777,18,1,0,3593.0,3644.8,310.350930399768,133108.0,77619.2,50213.00656901536,54457255.0,46110232.2,38401224.81245013,5532870.0,3473555.0,1582842.4870951292,441.0980500587253,489.49492555973785,51.34290449045235,37.04647926523796,20.99240548164058,12.890672722525013,15156.4862232118,12300.520003437414,9319.021743483565,1.0845588235291141,0.9930693605526151,1.1736013769788767,0.2683527818928602,1.507938686979763,0.6099068692310714,5.018340576153248,8.818266576616804,0.8793180422346784,-1.1505622153046453,1.0977431906794652,0.15917436870193852,1.4299824475358585,0.5675496680476217
1,2011-08-10 14:06:53.050002,4274,39139.0,18385452.0,3063258.0,401.5657167662611,9.157463734206832,4301.696771174544,321.0,-51955.0,-51145951.0,-14368224.0,-28.85600286161645,19,1,0,3953.0,3782.2,246.15787616893576,91094.0,84292.2,49113.87189175759,69531403.0,52040565.4,39473105.33855866,17431482.0,6451435.4,6317412.117196352,430.4217196278776,466.7092122698817,45.90469691926099,23.044270174550974,22.06610948593228,12.768354608782484,17589.52770048065,13376.310601708683,9611.913834258601,1.1300301411873699,1.9979047904219192,0.464325287511769,-0.9193573681079866,0.3532907811182236,-0.8526087094324588,0.4748180536691105,-0.5363236301740059,0.8604195207811524,-1.4191030520641152,0.41500128237965794,-1.0109874095943012,0.32159067617828235,-0.944100622103959
1,2011-08-10 14:07:23.052789,4007,82826.0,50554140.0,17692829.0,487.1733547269778,20.670326927876214,12616.456201647115,-267.0,43687.0,32168688.0,14629571.0,85.60763796071666,14,1,0,4274.0,3940.2,260.0474956618512,39139.0,86519.6,46081.742450779515,18385452.0,53851379.6,37164166.76650656,3063258.0,6660245.2,6149306.688646509,401.5657167662611,437.8352287608492,23.597029662242317,9.157463734206832,22.290139546206486,12.4669421548259,4301.696771174544,13700.979404852891,9177.837642430282,1.0169534541391256,0.25687615191113267,0.9573090952801334,-0.08015321911807277,0.9387714924948738,-0.08872093435366808,2.656483127678242,1.794118322374375,1.1126865147527107,2.0908617173535116,0.9273305303495386,-0.1299286222783444,0.9208433812532731,-0.11816761697676717
1,2011-08-10 14:07:53.052154,3657,55446.0,30474907.0,3312536.0,503.45412498769485,15.161607875307627,8333.307902652447,-350.0,-27380.0,-20079233.0,-14380293.0,16.280770260717077,28,1,0,4007.0,3981.2,248.72514951246959,82826.0,95159.8,38520.71468963122,50554140.0,60033725.8,32304071.966935247,17692829.0,9705744.6,7228436.320803021,487.1733547269778,442.89533625621846,31.447181152167822,20.670326927876214,24.339775684017393,10.752535434193767,12616.456201647115,15191.003470011352,7971.292351317754,0.9185672661506786,-1.3034467991442213,0.5826620064354845,-1.0309725642418806,0.5076297796596193,-0.9150183552790141,0.3412964318059636,-0.8844525034550992,1.1367338596117118,1.9257302725009433,0.6229148563863107,-0.8535817309347347,0.5485686261018062,-0.8602990914295575
1,2011-08-10 14:08:23.053193,3618,47448.0,28182628.0,2514005.0,497.9542053742399,13.114427860696518,7789.559977888336,-39.0,-7998.0,-2292279.0,-798531.0,-5.499919613454949,17,1,0,3657.0,3896.8,277.20966794107426,55446.0,80322.6,36136.97088578369,30474907.0,44680631.4,20253890.9027951,3312536.0,9406595.0,7507358.224340271,503.45412498769485,452.74259323350736,41.86294978584314,15.161607875307627,21.01602959543587,10.441604579265805,8333.307902652447,11599.494959833333,5326.648231863742,0.9284541161976677,-1.0057369285484599,0.5907179299474793,-0.9097220711692797,0.6307571562204916,-0.8145597050551519,0.2672598320646312,-0.9181112441994472,1.0998616273691622,1.0799910749467023,0.6240202413361945,-0.7567420959105318,0.6715430288009356,-0.7152593556213159
1,2011-08-10 14:08:53.062122,3425,381730.0,334682499.0,13813630.0,508.9509057883212,111.45401459854014,97717.51795620438,-193.0,334282.0,306499871.0,11299625.0,10.996700414081316,21,1,0,3618.0,3901.8,270.50452861273993,47448.0,63190.6,22640.872394852347,28182628.0,39425706.0,20490308.252816763,2514005.0,8802822.0,8001891.220035236,497.9542053742399,464.11382429661023,45.47525774047479,13.114427860696518,16.229619314527582,5.635153086461612,7789.559977888336,10126.10971076864,5111.30665295476,0.8777999897480963,-1.7626322281681082,6.040930138343266,10.0,8.488941174572751,10.0,1.5692274591034554,0.6262029640510327,1.0966079421542063,0.9859665171467129,6.867321557684797,10.0,9.650055228245924,10.0
1,2011-08-10 14:09:23.047319,3178,48855.0,28657412.0,3821157.0,495.3879469568912,15.372876022655758,9017.436123348018,-247.0,-332875.0,-306025087.0,-9992473.0,-13.56295883143008,20,1,0,3425.0,3796.2,339.7244471626984,381730.0,121317.8,146496.86782726776,334682499.0,92455925.2,135912298.01600987,13813630.0,8079251.6,7144188.288175067,508.9509057883212,479.819661528699,44.47987075670214,111.45401459854014,33.911568199325416,43.5459791779628,97717.51795620438,26151.707761913385,40115.31829814929,0.8371529424158798,-1.8197100772736445,0.4027026536913758,-0.4946371965128927,0.3099575493729416,-0.469409421599838,0.47295927756476847,-0.5960221691032306,1.0324461181468876,0.35000743399184464,0.45332247485117017,-0.42572684151802836,0.34481251493947995,-0.427125406589518
1,2011-08-10 14:09:53.062137,2771,36858.0,21741859.0,13478336.0,601.3800981411043,13.301335258029592,7846.214002165283,-407.0,-11997.0,-6915553.0,9657179.0,105.99215118421318,23,1,0,3178.0,3577.0,306.30295460540674,48855.0,123261.0,145192.9330373898,28657412.0,94510317.2,134583917.74463716,3821157.0,8230831.4,7018083.798945037,495.3879469568912,498.58410756682497,8.246288177629982,15.372876022655758,35.1546506570152,42.74400648055382,9017.436123348018,27094.855632348084,39524.257404183234,0.7746715124403761,-2.631381734582659,0.29902402219679947,-0.5950909468696323,0.23004746618287722,-0.5406920783660992,1.6375424723193817,0.7477118755391333,1.2061758267320934,10.0,0.3783663045730455,-0.5112603426264314,0.2895831632628274,-0.48700830564232295
1,2011-08-10 14:10:23.050015,3254,79877.0,51079262.0,20180802.0,531.7298855593116,24.547326367547637,15697.376152427782,483.0,43019.0,29337403.0,6702466.0,-69.65021258179274,19,1,0,2771.0,3329.8,365.54165289335054,36858.0,114067.4,149776.3574426884,21741859.0,88747861.0,137521268.49097177,13478336.0,7387932.8,5732986.0572668575,601.3800981411043,521.4254562496502,45.00049839823282,13.301335258029592,33.680852323045876,43.48882532452876,7846.214002165283,26140.807192451717,40015.63071417366,0.97723587002193,-0.2073635094655219,0.7002614243859271,-0.22827634870932584,0.5755548519642631,-0.27391107872505505,2.7315898163015233,2.2314495573880513,1.019762037286703,0.2289847818627059,0.7288214125751945,-0.21002006577852284,0.6004931690464353,-0.26098379192420373
1,2011-08-10 14:10:53.047309,3374,37667.0,18956793.0,6443888.0,526.9978582652637,11.16390041493776,5618.492294013041,120.0,-42210.0,-32122469.0,-13736914.0,-4.732027294047839,18,1,0,3254.0,3249.2,316.49913112045516,79877.0,118953.6,147770.91151271944,51079262.0,92868732.0,135634320.36472854,20180802.0,10761586.0,7443276.836393567,531.7298855593116,527.0806083639736,43.94168924053683,24.547326367547637,35.55799602149388,42.68475211234996,15697.376152427782,27613.62084240678,39325.93014318459,1.0384094546346676,0.39431387870732804,0.31665287977833106,-0.5500852581057719,0.20412460245500066,-0.5449353732981926,0.5987860897083385,-0.5800802650371419,0.9998430029517372,-0.0018831797351945869,0.31396314932583697,-0.5714943720834376,0.2034681480591784,-0.559303453683347
1,2011-08-10 14:11:23.047897,3432,37624.0,14277697.0,2760416.0,518.8343974522145,10.962703962703962,4160.168123543123,58.0,-43.0,-4679096.0,-3683472.0,-8.163460813049255,38,1,0,3374.0,3200.4,259.0083010252823,37667.0,116997.4,149013.67057521924,18956793.0,91023565.0,136792118.66273466,6443888.0,11547562.6,6502703.434758449,526.9978582652637,532.8893389421785,40.9464313312384,11.16390041493776,35.16789053234213,42.949241811646594,5618.492294013041,27179.40730563172,39610.49327586434,1.072365954255383,0.8941798354814072,0.3215797957903311,-0.5326585117567002,0.156857150123707,-0.5610401297257439,0.23904750254395674,-1.351306681622704,0.9736250278175247,-0.34325192776685526,0.31172480909283984,-0.563576574301967,0.15306323926647808,-0.581139927285738
1,2011-08-10 14:11:53.047486,3667,33999.0,12601281.0,2481569.0,487.1134369127352,9.271611671666212,3436.40059994546,235.0,-3625.0,-1676416.0,-278847.0,-31.72096053947928,14,1,0,3432.0,3201.8,260.54020802940045,37624.0,48176.2,18407.168106474215,14277697.0,26942604.6,14463225.963489491,2760416.0,9336919.8,7361806.568435951,518.8343974522145,534.8660372749571,39.72215084806545,10.962703962703962,15.06962840517489,5.593905566488624,4160.168123543123,8467.937339099473,4461.767784655252,1.1452932725338418,1.7855209509379035,0.7057219124795916,-0.7701999524311829,0.4677083447232863,-0.99157156475345,0.26578026299422636,-0.9312049612105537,0.9107204476724243,-1.202165525821353,0.6152515126296745,-1.0364881322284618,0.4058131824001545,-1.1277002708337178
1,2011-08-10 14:12:23.050944,3339,43174.0,21845232.0,5178286.0,506.5349719275232,12.930218628331836,6542.4474393531,-328.0,9175.0,9243951.0,2696717.0,19.42153501478799,23,1,0,3667.0,3299.6,331.49102551954996,33999.0,45205.0,19440.212408819076,12601281.0,23731378.4,15715539.687891807,2481569.0,9069002.2,7632137.314139383,487.1134369127352,533.2111352661259,41.89121266711074,9.271611671666212,13.849375534976982,6.149127408331539,3436.40059994546,7351.730234418961,4960.199305411504,1.011940841313792,0.11885691305859376,0.9550713416657238,-0.10447416711756348,0.9205209925774898,-0.12001792095330957,0.570987401458564,-0.5097806865701976,0.9499707309633761,-0.6367961593747237,0.9336318879318839,-0.14947761616555374,0.8899194109057631,-0.16315529784917762
1,2011-08-10 14:12:53.068451,4064,38936.0,17693056.0,2873796.0,412.46885859276574,9.580708661417322,4353.606299212598,725.0,-4238.0,-4152176.0,-2304490.0,-94.06611333475746,18,1,0,3339.0,3413.2,155.8483236996874,43174.0,46468.2,18961.550667073683,21845232.0,23752053.0,15712335.713784257,5178286.0,7408992.2,7329995.939905676,506.5349719275232,514.2421100234097,17.92334645516779,12.930218628331836,13.775152209037433,6.159627166048401,6542.4474393531,7090.976921856524,4961.974697471324,1.1906715106055343,4.175854988661195,0.8379063531619294,-0.3972354440968322,0.7449063876709942,-0.38562038836049745,0.38787947435010117,-0.6187174231993312,0.8020907867175384,-5.67825052534326,0.6955065552332861,-0.6809573751571759,0.6139642459973124,-0.5516696052558204
1,2011-08-10 14:13:23.056603,3401,104234.0,94887783.0,3187142.0,470.8424068903264,30.64804469273743,27899.965598353425,-663.0,65298.0,77194727.0,313346.0,58.3735482975606,21,1,0,4064.0,3575.2,301.7162574340367,38936.0,38280.0,3298.281294857556,17693056.0,17074811.8,3691792.1471850555,2873796.0,3947591.0,1764776.8686469898,412.46885859276574,490.3899046301005,46.076890345258,9.580708661417322,10.781828667811368,1.4592565538220488,4353.606299212598,4822.222951213488,1242.1391736210069,0.9512754531212376,-0.5773636511367216,2.7229362591430846,10.0,5.557178849842432,10.0,0.8073637821142057,-0.4309037666518242,0.960138865918378,-0.4242364793474302,2.842564618133205,10.0,5.785706277086743,10.0
1,2011-08-10 14:13:53.080679,3005,34869.0,20266064.0,1828997.0,551.7749149114809,11.603660565723796,6744.1144758735445,-396.0,-69365.0,-74621719.0,-1358145.0,80.93250802115455,19,1,0,3401.0,3580.6,297.4261252815594,104234.0,51593.4,29609.27172018926,94887783.0,32261009.8,35187820.69939453,3187142.0,3296241.8,1082041.4331409263,470.8424068903264,479.158814355113,41.54393683277766,30.64804469273743,14.678657523371303,9.04311759628485,27899.965598353425,9278.517612081565,10474.09887777356,0.8392448193037929,-1.9352704791926771,0.6758422588935663,-0.5648365876083269,0.6281906278085567,-0.34088345233060696,0.5548734319187384,-1.3559968731889613,1.1515491281381276,1.7479349837959202,0.7905123848320583,-0.34003726309727067,0.7268525811807806,-0.24196860902142894
1,2011-08-10 14:14:23.067533,2997,41627.0,22313078.0,2036271.0,513.7627134347681,13.889556222889556,7445.137804471138,-8.0,6758.0,2047014.0,207274.0,-38.01220147671279,18,1,0,3005.0,3495.2,395.79565434704085,34869.0,51042.4,29957.800742043793,20266064.0,33458683.2,34518248.72407316,1828997.0,3109958.0,1262482.1183489962,551.7749149114809,485.74691784696626,50.95469894446437,11.603660565723796,14.806848843975269,8.981606674087619,6744.1144758735445,9795.306882547648,10219.067120157844,0.8574616617072393,-1.2587303436179476,0.8155376706424303,-0.3142887584129564,0.6668845234172276,-0.3228902279803961,0.6547583600807468,-0.8504571941217728,1.0576757042760496,0.5498177041098115,0.9380494370078616,-0.10213012596399006,0.7600719297253893,-0.2299788278560576
1,2011-08-10 14:14:53.050000,3664,79889.0,68194954.0,3842928.0,446.79629967248906,21.80376637554585,18612.159934497817,667.0,38262.0,45881876.0,1806657.0,-66.96641376227905,22,1,0,2997.0,3361.2,434.6046479272889,41627.0,52568.0,29053.460628641104,22313078.0,35401042.6,33303030.899813667,2036271.0,3020898.4,1331701.6720620156,513.7627134347681,491.0767731513728,52.50358563544696,13.889556222889556,15.730437754219938,8.4943293822322,7445.137804471138,10597.054323452783,9741.546874275213,1.0900868737352465,0.6967251764181848,1.5197268300106241,0.9403699046118391,1.9263543949973947,0.9847125175679876,1.2721142822943,0.6172775909541087,0.9098298353725147,-0.8433799890448832,1.3860877055573713,0.7149862393274576,1.7563522245332566,0.8227754497809721
1,2011-08-10 14:15:23.047420,3377,53935.0,25773747.0,3135948.0,516.986324705952,15.971276280722536,7632.143026354753,-287.0,-25954.0,-42421207.0,-706980.0,70.19002503346297,18,1,0,3664.0,3426.2,454.311236929049,79889.0,59911.0,30679.82178077302,68194954.0,44670987.0,34994245.04989468,3842928.0,2753826.8,830435.5156333129,446.79629967248906,479.129038700366,54.851090800154275,21.80376637554585,17.50514730366274,8.687788125878527,18612.159934497817,13010.996822481728,9978.194113206708,0.9856400677132142,-0.10829580252617704,0.9002520405267664,-0.19478600764705065,0.576968379946474,-0.5400099351495189,1.1387600701685374,0.46014554147360087,1.079012714627347,0.6901829198406642,0.9123760001990023,-0.176554837726149,0.5865917216401568,-0.5390608495987482
1,2011-08-10 14:15:53.062105,3852,49106.0,24816000.0,4451055.0,464.0444916056594,12.748182762201454,6442.367601246106,475.0,-4829.0,-957747.0,1315107.0,-52.94183310029263,25,1,0,3377.0,3288.8,285.84646228351863,53935.0,62910.8,28791.37808789279,25773747.0,46287125.2,33595483.891505644,3135948.0,2806257.2,847993.4921360933,516.986324705952,500.03253192300326,41.35028112073117,15.971276280722536,18.783260827523783,7.637061144536313,7632.143026354753,13666.704167910159,9355.337085279285,1.1712478715637402,1.9702885090787516,0.7805654990875847,-0.4794768752595643,0.5361318053945592,-0.6391074844862946,1.5861179794923994,1.9396349326417075,0.9280286020994061,-0.8703215393239675,0.6786991288989815,-0.7902356613773734,0.4713914578155947,-0.7722155279718189
1,2011-08-10 14:16:23.056764,3810,53994.0,34677965.0,3604045.0,427.3946812433071,14.171653543307087,9101.8280839895,-42.0,4888.0,9861965.0,-847010.0,-36.6498103623523,17,1,0,3852.0,3379.0,384.3039161913429,49106.0,51885.2,17254.855670216413,24816000.0,32272768.6,20196537.301101826,4451055.0,3059039.8,1131057.3823330842,464.0444916056594,498.6729488660699,42.641576867741236,12.748182762201454,15.20328844141659,4.026998614396136,6442.367601246106,9375.184568488696,5186.736291658003,1.1275525303340848,1.1215082174293687,1.0406435746609624,0.12221487332634592,1.0745271169576693,0.1190895431301871,1.1781621801716993,0.48185459775329204,0.8570640982517718,-1.6715673494479493,0.932143963260522,-0.2561796008981294,0.9708425490182927,-0.05270298490763671
1,2011-08-10 14:16:53.049979,3809,36087.0,14761652.0,2522462.0,422.3933779593069,9.474140194276712,3875.466526647414,-1.0,-17907.0,-19916313.0,-1081583.0,-5.001303284000187,20,1,0,3810.0,3540.0,356.03300408810725,53994.0,55710.2,14427.950537065104,34677965.0,35155148.8,19050484.98138136,3604045.0,3414049.4,904299.3843654717,427.3946812433071,473.7969021324351,40.12449514640072,14.171653543307087,15.716887036933247,3.5935672908108756,9101.8280839895,9846.727290111885,4991.226419443268,1.0759887005646678,0.7555479321031575,0.6477628872271031,-1.3600822895522857,0.41990014276372517,-1.070497513314291,0.7388475398159146,-0.9859427258436181,0.8915072598772471,-1.2811008334009686,0.602800043762518,-1.7372004851231493,0.393579146904858,-1.1963514097862387
1,2011-08-10 14:17:23.057773,3187,29369.0,9650590.0,2129548.0,549.6455072908691,9.215249450894255,3028.1110762472545,-622.0,-6718.0,-5111062.0,-392914.0,127.25212933156216,22,1,0,3809.0,3702.4,195.37220887322127,36087.0,54602.2,15915.858151541746,14761652.0,33644863.6,20562435.619814392,2522462.0,3511287.6,728081.029297407,422.3933779593069,455.52303503734294,38.12900986890519,9.474140194276712,14.833803831210677,4.565864485251973,3875.466526647414,9132.793034547141,5634.473735895833,0.8607929991354633,-2.638041525812966,0.5378721003915495,-1.5854124709922792,0.28683694827046347,-1.1668984182437327,0.6064863499076519,-1.8977827252735413,1.2066250551843192,2.468526525463647,0.6212330670629416,-1.2305565347447665,0.33156462265073927,-1.0834520213320706
1,2011-08-10 14:17:53.055665,3178,42917.0,22397412.0,2788207.0,551.2477422835117,13.504405286343612,7047.643801132788,-9.0,13548.0,12746822.0,658659.0,1.6022349926425932,17,1,0,3187.0,3607.0,304.6875448717948,29369.0,44498.2,11181.415505203431,9650590.0,21935990.8,9846102.556171779,2129548.0,3168611.6,912755.8139101437,549.6455072908691,476.09287656101895,55.86272806123565,9.215249450894255,12.316100446280359,2.944575426671447,3028.1110762472545,6015.983262897028,2540.9351795570356,0.8810645966174435,-1.407999792637093,0.9644659783991048,-0.14141322261604727,1.0210348921189372,0.04686333474261539,0.8799459675019807,-0.41676491587644776,1.157857572380003,1.3453490069221836,1.0964838541346629,0.4035572765079269,1.1714866037938056,0.4060160788577082
1,2011-08-10 14:18:23.049054,3292,137043.0,107293945.0,22166597.0,531.5811998058931,41.62910085054678,32592.32837181045,114.0,94126.0,84896533.0,19378390.0,-19.666542477618577,25,1,0,3178.0,3567.2,351.6243734441657,42917.0,42294.6,9864.886532545876,22397412.0,21260723.8,9630518.566688588,2788207.0,3099063.4,928971.0290998145,551.2477422835117,482.94516007653084,63.686317878083315,13.504405286343612,11.822726247404573,2.3193083713186526,7047.643801132788,5899.083417852636,2460.153936399016,0.9228526575462764,-0.7826533675798104,3.2402008767075885,9.60461123271919,5.046580069865731,8.933394458901098,7.1526761924263935,10.0,1.100707168740555,0.7636811382580487,3.521108412381996,10.0,5.524981774824448,10.0
1,2011-08-10 14:18:53.064548,3859,38319.0,17914746.0,2628229.0,413.6650235773516,9.929774552993004,4642.328582534336,567.0,-98724.0,-89379199.0,-19538368.0,-117.91617622854147,16,1,0,3292.0,3455.2,326.5205965938482,137043.0,59882.0,44083.854425401536,107293945.0,37756312.8,39998563.819087945,22166597.0,6642171.8,8695211.603542676,531.5811998058931,496.45250171657756,65.8023100667423,41.62910085054678,17.598909865073637,13.622213261636272,32592.32837181045,11129.075571965504,12244.17727300183,1.1168673304002326,1.2366754324568427,0.6399084866904806,-0.4891359950498046,0.4744834617431181,-0.49605698068917387,0.39568819945307643,-0.4616268105959152,0.8332418955412532,-1.2581241912935544,0.5642266838433648,-0.5629874649750157,0.417135147705178,-0.529782185017346
1,2011-08-10 14:19:23.047401,3547,435220.0,507880673.0,10806649.0,461.3127167386524,122.70087397800958,143185.98054694108,-312.0,396901.0,489965927.0,8178420.0,47.647693161300765,24,1,0,3859.0,3465.0,340.27709296983625,38319.0,56747.0,45151.68375597965,17914746.0,34403669.0,41010824.41262094,2628229.0,6447008.6,8790874.50566147,413.6650235773516,493.70657018338653,69.58243188601607,9.929774552993004,16.750534067010822,14.015434524553775,4642.328582534336,10237.175671674471,12586.40372919794,1.0236652236649282,0.2409800768076618,7.669480324950964,8.382256618500273,10.0,10.0,1.6762268627964911,0.4959279531509997,0.9343864242405446,-0.46554643990214944,7.325191750890883,7.5595472775263435,10.0,10.0
1,2011-08-10 14:19:53.052972,3546,185537.0,125503081.0,9060144.0,508.34673979244224,52.32289904117315,35392.85984207558,-1.0,-249683.0,-382377592.0,-1746505.0,47.03402305378984,21,1,0,3547.0,3412.6,290.60849953159106,435220.0,136573.6,172560.31117786022,507880673.0,133027473.2,213242198.91158944,10806649.0,8103846.0,8645761.184660118,461.3127167386524,501.49043793925557,61.29377349758783,122.70087397800958,39.395880823757395,48.46183960201774,143185.98054694108,38099.278475733205,59973.11845013061,1.0390904295841765,0.4590368148714095,1.3585129190414447,0.28374659077620973,0.9434373064525742,-0.03528566221135071,1.1180054507452386,0.1106088844666132,1.0136718496176063,0.11185967940682637,1.3281312143753894,0.26674633739266446,0.9289640449390042,-0.04512719537684279
1,2011-08-10 14:20:23.049615,3249,42096.0,16319232.0,3190312.0,554.6906658122499,12.956602031394276,5022.847645429363,-297.0,-143441.0,-109183849.0,-5869832.0,46.34392601980767,16,1,0,3546.0,3484.4,264.07252791610586,185537.0,167807.2,162122.749335804,125503081.0,156197971.4,202508853.4004449,9060144.0,9489965.2,7978289.022993259,508.34673979244224,493.23068443957015,55.710607629426896,52.32289904117315,48.01741074181318,45.493908904753056,35392.85984207558,44572.22822889887,56909.88989854135,0.9324417403280529,-0.8914217690750995,0.2508593195047635,-0.7754075261801433,0.10447787416015059,-0.6907290078987367,0.336177418226992,-0.7895995221336971,1.1246069705525086,1.1032007006707423,0.26983133473796284,-0.7706703942071066,0.11269007283267554,-0.6949474099137645
1,2011-08-10 14:20:53.082517,3502,34122.0,12174278.0,2295338.0,506.64811919503137,9.74357509994289,3476.378640776699,253.0,-7974.0,-4144954.0,-894974.0,-48.04254661721853,21,1,0,3249.0,3498.6,244.67386456261005,42096.0,167643.0,162281.200659534,16319232.0,154982335.4,203528515.20622927,3190312.0,9570386.2,7895443.5074993875,554.6906658122499,493.9192691453178,56.62081502137216,12.956602031394276,47.90785009082331,45.59834353875688,5022.847645429363,44167.26899775818,57249.85017714355,1.0009718172980617,0.013896048955061822,0.20353966464451123,-0.8227755245669293,0.07855268130125234,-0.7016611763481738,0.239837552219157,-0.9214236278291252,1.025771114519816,0.2248086687675569,0.20338159782306486,-0.8369662586011541,0.07870938637734365,-0.7107597702190359
1,2011-08-10 14:21:23.056078,3580,34549.0,18213468.0,2594210.0,513.6230434460894,9.650558659217875,5087.560893854748,78.0,427.0,6039190.0,298872.0,6.974924251057985,19,1,0,3502.0,3540.6,216.7770744336271,34122.0,147058.8,173287.119647422,12174278.0,135958402.0,213310709.1062178,2295338.0,5596134.4,4019966.593944757,506.64811919503137,488.93265302314546,53.485833814885765,9.74357509994289,41.53074494070253,48.81236415344156,3476.378640776699,38344.07905155143,60129.865672191525,1.011128057391117,0.18175353691232626,0.23493323758931645,-0.6492681061865244,0.13396353393444563,-0.5519879170312497,0.46357178269342486,-0.7467535686793453,1.0504985508110962,0.4616248576760643,0.23237143164093352,-0.6531170295422744,0.13268178607222983,-0.5530782047477015
1,2011-08-10 14:21:53.058876,3693,49982.0,28910349.0,2949445.0,462.0979376815597,13.534253994042784,7828.418359057677,113.0,15433.0,10696881.0,355235.0,-51.525105764529656,23,1,0,3580.0,3484.8,134.69855233075995,34549.0,146304.8,173885.7180411892,18213468.0,136018146.4,213269419.6265848,2594210.0,5589330.6,4026269.4224064676,513.6230434460894,508.924256996893,33.124824018878535,9.650558659217875,41.4749017619475,48.85769369451178,5087.560893854748,38433.12551381552,60067.77703552524,1.0597451790630568,1.5456736274878977,0.34162925618298007,-0.5539431362452837,0.21254773546891975,-0.5022182626441988,0.527691992311208,-0.6556654120831689,0.907989610099235,-1.4136322441209763,0.3263239554224551,-0.5718781558137983,0.2036893501217693,-0.5095029092995587
1,2011-08-10 14:22:23.047823,3838,76107.0,54574920.0,4032565.0,509.518185032569,19.829859301719647,14219.62480458572,145.0,26125.0,25664571.0,1083120.0,47.42024735100932,24,1,0,3693.0,3514.0,164.15693710593644,49982.0,69257.2,65324.95203748708,28910349.0,40224081.6,48070803.79880234,2949445.0,4017889.8,2839226.8138441667,462.0979376815597,509.0813011854745,32.84333252579717,13.534253994042784,19.641577765154146,18.35652461720217,7828.418359057677,11361.613076238837,13525.022052721439,1.0922026180987217,1.9737210361627138,1.0989037962839805,0.10485732918822663,1.3567723072638158,0.2985354366044019,1.0036524645349902,0.005168731123714177,1.00085818089385,0.013302055957265092,1.00958586615633,0.010256927195183937,1.2515498203615776,0.21131290708480555
1,2011-08-10 14:22:53.047699,3354,514788.0,534729767.0,11379032.0,589.9992886505664,153.48479427549194,159430.46124031008,-484.0,438681.0,480154847.0,7346467.0,80.4811036179974,20,1,0,3838.0,3572.4,220.61799563952655,76107.0,47371.2,17322.963998692572,54574920.0,26038449.4,17106188.43431447,4032565.0,3012374.0,664344.3056194521,509.518185032569,509.31559023349985,32.8409606888484,19.829859301719647,13.142969817263443,4.142920086620376,14219.62480458572,7126.966068740864,4263.540771315403,0.9388646288206979,-0.9899464427909116,10.0,10.0,10.0,10.0,3.777430026948844,10.0,1.158415921214817,2.4568007976090374,10.0,10.0,10.0,10.0
1,2011-08-10 14:23:23.052622,3978,66462.0,33049113.0,9881992.0,496.8603167531423,16.70739064856712,8307.97209653092,624.0,-448326.0,-501680654.0,-1497040.0,-93.13897189742414,20,1,0,3354.0,3593.4,184.11626761370675,514788.0,141909.6,209143.1520162684,534729767.0,129720556.4,226987325.40934947,11379032.0,4650118.0,3818497.43142103,589.9992886505664,516.3773148011632,46.14037476277463,153.48479427549194,41.248608266082975,62.87848110365403,159430.46124031008,38008.488787717004,68000.54451906685,1.10702955418236,2.088897439550741,0.46834040825990303,-0.36074621269039153,0.25477159455045323,-0.42588916903471374,2.12510564248047,1.370139457721984,0.9622039979496421,-0.42299175392359195,0.40504131776731667,-0.39029596749752604,0.21858201579473333,-0.4367688067976844
1,2011-08-10 14:23:53.047653,3735,192910.0,175645118.0,160172178.0,482.35055826104417,51.64926372155288,47026.805354752345,-243.0,126448.0,142596005.0,150290186.0,-14.509758492098117,20,1,0,3978.0,3688.6,239.70982457963993,66462.0,148377.6,205443.68489515551,33049113.0,133895523.4,224462732.0080403,9881992.0,6167448.8,4142455.2941283765,496.8603167531423,514.4197543127854,46.85838367713118,16.70739064856712,42.64137137580782,62.07821446683599,8307.97209653092,38974.80747886785,67418.99105781887,1.0125792983785142,0.19356736871830146,1.3001288604209713,0.2167620777573479,1.3118072474706797,0.18599789028008673,10.0,10.0,0.9376594779189221,-0.6843854511078216,1.2112477168040696,0.14510553215753705,1.2065949364919657,0.11943219187274608
1,2011-08-10 14:24:23.054625,3658,39262.0,15629826.0,3495313.0,484.9615194841444,10.733187534171678,4272.779114270093,-77.0,-153648.0,-160015292.0,-156676865.0,2.610961223100219,30,1,0,3735.0,3719.6,232.05451945610034,192910.0,180049.8,195473.127220086,175645118.0,165381853.4,215021986.12316635,160172178.0,37683042.4,68569609.01904194,482.35055826104417,508.1652572757763,49.02814855927925,51.64926372155288,51.041112388274826,59.276447685802594,47026.805354752345,47362.65637104737,64703.15016385722,0.9834390794706465,-0.2654548601083714,0.21806189176549926,-0.7202412014490579,0.09450750296162783,-0.6964498379910825,0.09275559448989713,-0.4985842837532585,0.9543382050221632,-0.4732737921584642,0.21028514136433718,-0.6799989949984363,0.09021409358453843,-0.6659625867929743
1,2011-08-10 14:24:53.047532,3615,95107.0,82069054.0,3557444.0,495.48649823236514,26.308990318118948,22702.36625172891,-43.0,55845.0,66439228.0,62131.0,10.524978748220748,21,1,0,3658.0,3712.6,233.58039301277338,39262.0,177905.8,197306.590242698,15629826.0,162725748.8,217200219.73077342,3495313.0,37792216.0,68500882.44487213,484.9615194841444,512.7379736362933,44.51602027063254,10.733187534171678,50.480899096300604,59.731030850319534,4272.779114270093,46651.52852208985,65263.39632066794,0.9737111458274595,-0.41784329044366664,0.5345919020065646,-0.4196453848710906,0.5043396918140345,-0.3713472062780441,0.0941316592813716,-0.4997712551739947,0.966354207622758,-0.38753408994472777,0.5211672293595457,-0.4046792501932464,0.4866371364655004,-0.366961629650528
1,2011-08-10 14:25:23.067626,3246,41825.0,25463292.0,2128937.0,501.764949797289,12.885089340727047,7844.513863216266,-369.0,-53282.0,-56605762.0,-1428507.0,6.2784515649238415,30,1,0,3615.0,3668.0,224.77433127472946,95107.0,181705.8,195025.6443476086,82069054.0,168224575.6,214103629.680487,3557444.0,37697191.8,68559725.81108026,495.48649823236514,509.93163627625256,45.20667251913513,26.308990318118948,51.77672529958046,58.96520857996161,22702.36625172891,48348.07681151849,64312.88014747338,0.8849509269354185,-1.877438574079595,0.23017977411838134,-0.7172431116324344,0.15136487584635644,-0.6667859102297647,0.05647468414344859,-0.5187922556459764,0.983984742465511,-0.18065223613452477,0.248858715299683,-0.6595692086029616,0.16225079425180403,-0.6297892872380221
1,2011-08-10 14:25:53.057025,3550,33897.0,14156408.0,3108903.0,496.636365216338,9.548450704225353,3987.720563380282,304.0,-7928.0,-11306884.0,979966.0,-5.128584580950985,22,1,0,3246.0,3646.4,264.2201733403449,41825.0,87113.2,63293.15561496348,25463292.0,66371280.6,66230123.866749935,2128937.0,35847172.8,69564873.27653159,501.764949797289,492.284768505597,8.267089296510308,12.885089340727047,23.656784312627483,16.747805369003704,7844.513863216266,18030.88733609973,17678.863114833755,0.9735629662129844,-0.3648472362307527,0.3891143936854531,-0.8407891735361356,0.2132911685901688,-0.7883855495280732,0.086726588379656,-0.4706149563424071,1.0088395924231863,0.5263759171019832,0.40362420258128534,-0.8423989470089602,0.2211605279900022,-0.7943478424772401
1,2011-08-10 14:26:23.069796,3666,32016.0,10700675.0,2433554.0,500.1731092114021,8.733224222585925,2918.89661756683,116.0,-1881.0,-3455733.0,-675349.0,3.536743995064114,27,1,0,3550.0,3560.8,188.37913897245159,33897.0,80600.2,67486.09157967282,14156408.0,62592739.6,69083928.00834447,3108903.0,34492555.0,70259367.92435604,496.636365216338,492.23997819823614,8.236652582436788,9.548450704225353,22.224996323759132,17.765534465606887,3987.720563380282,17166.8370294696,18365.1255217651,1.0295439227137078,0.5584482473657858,0.39721985801523574,-0.7199142647435979,0.1709571280692114,-0.7511452532596596,0.07055302223914697,-0.456295038613441,1.0161163890856402,0.963149887991976,0.3929460367494829,-0.759435193268917,0.17003112527694594,-0.7758150302330523
1,2011-08-10 14:26:53.052492,3889,45121.0,23537091.0,2815620.0,469.1905413088198,11.60221136538956,6052.221907945487,223.0,13105.0,12836416.0,382066.0,-30.98256790258233,19,1,0,3666.0,3547.0,174.43910112128611,32016.0,48421.4,26396.24828076906,10700675.0,29603851.0,29836926.314074993,2433554.0,2944830.2,638813.731323543,500.1731092114021,495.80448838830773,6.575999155211645,8.733224222585925,13.641788423965739,7.251551087050416,2918.89661756683,8345.255282032498,8237.04917858048,1.096419509444292,1.9605696073855,0.9318400541908963,-0.12503292001554542,0.7950685537499834,-0.2033305956565011,0.9561230389446559,-0.20226584630905228,0.9463216898924268,-4.047133590999415,0.850490493178771,-0.28126079976698054,0.7252290916702473,-0.2783804399334543
1,2011-08-10 14:27:23.072835,3404,70389.0,46353910.0,6051613.0,494.6786381110458,20.6783196239718,13617.482373678024,-485.0,25268.0,22816819.0,3235993.0,25.488096802226096,23,1,0,3889.0,3593.2,232.2104648804659,45121.0,49593.2,26015.28468420061,23537091.0,31185304.0,29111835.744792428,2815620.0,2808891.6,559821.261910534,469.1905413088198,492.65029275324275,13.360038487305872,11.60221136538956,13.815593190209317,7.17441369782791,6052.221907945487,8701.143840767578,8053.501928787022,0.9473449849713494,-0.8147780940733176,1.4193276497584062,0.7993685347840432,1.4864023772222967,0.5210460148571491,2.154448751244084,5.792422726020397,1.004117211309189,0.15182181994299535,1.4967377323421152,0.9565557161672531,1.5650220962759285,0.6104597200550133
1,2011-08-10 14:27:53.075029,3386,48086.0,30187938.0,5490972.0,516.569345245127,14.201417601890135,8915.51624335499,-18.0,-22303.0,-16165972.0,-560641.0,21.89070713408114,20,1,0,3404.0,3551.0,246.02032436366358,70389.0,44649.6,15378.097665186206,46353910.0,24042275.2,13926702.889231095,6051613.0,3307725.4,1578316.7428869028,494.6786381110458,492.48872072897893,13.32199411973269,20.6783196239718,12.689459051379886,4.75815088679779,13617.482373678024,6884.1670651574,4214.994241435709,0.9535342157136149,-0.6706762964649571,1.0769637353973815,0.22346066950656007,1.2556190189520833,0.44128627205454135,1.6600446941575013,1.3832753215343945,1.0488957888811243,1.8075840822262486,1.1191507489223258,0.31776179153705375,1.2950755202437623,0.48193403403208224
1,2011-08-10 14:28:23.048865,3584,34861.0,14174294.0,7201082.0,472.4485295047433,9.726841517857142,3954.881138392857,198.0,-13225.0,-16013644.0,1710110.0,-44.120815740383705,24,1,0,3386.0,3579.0,207.59576103572573,48086.0,45901.8,15345.47170014675,30187938.0,24987204.4,14204731.95804862,5490972.0,3980132.4,1664384.47479095,516.569345245127,495.4495998185465,17.028623959010496,14.201417601890135,12.952724703612503,4.807837426438789,8915.51624335499,7098.367541185146,4302.307814211879,1.001397038278569,0.024085270214720095,0.7594691275723227,-0.7194826080122189,0.5672620983562291,-0.7612188974726296,1.8092568980871084,1.9352196855865025,0.9535753579714653,-1.3507298280717355,0.7509494519244577,-0.6709634496676065,0.5571536153130767,-0.730651208267254
1,2011-08-10 14:28:53.057518,3772,42396.0,18207730.0,2486704.0,442.79190125,11.23966065747614,4827.075821845175,188.0,7535.0,4033436.0,-4714378.0,-29.65662825474334,29,1,0,3584.0,3585.8,206.96424812030244,34861.0,46094.6,15161.894581483037,14174294.0,24990781.6,14201324.380831592,7201082.0,4798568.2,2082486.049437565,472.4485295047433,490.6120326762276,19.814935528146588,9.726841517857142,12.988402866338863,4.776821094750682,3954.881138392857,7091.799656187662,4308.264632405987,1.0519270455683385,0.899672294563974,0.9197606661083746,-0.24394049042636082,0.7285778528831607,-0.47763514289945425,0.5182179134184233,-1.1101463083627303,0.9025296400370019,-2.4133377247625676,0.8653612589843377,-0.3660891152943433,0.6806559767424937,-0.5256696205026772
1,2011-08-10 14:29:23.047997,3378,696942.0,812192239.0,16720831.0,556.176635830965,206.31793960923625,240435.8315571344,-394.0,654546.0,793984509.0,14234127.0,113.38473458096502,25,1,0,3772.0,3607.0,222.10808179803374,42396.0,48170.6,13355.29832313766,18207730.0,26492192.6,12621825.582029566,2486704.0,4809198.2,2067477.4190392205,442.79190125,479.13579108394714,27.871835513770165,11.23966065747614,13.489690153316905,4.329179725635062,4827.075821845175,7473.43549704333,3912.5503598145942,0.9365123371220027,-1.0310295696813148,10.0,10.0,10.0,10.0,3.4768438115110323,5.761433082802647,1.1607912541277032,2.764110914266535,10.0,10.0,10.0,10.0
1,2011-08-10 14:29:53.055562,2703,21807.0,7592396.0,1520765.0,629.618982963374,8.0677025527192,2808.8775434702184,-675.0,-675135.0,-804599843.0,-15200066.0,73.44234713240905,24,1,0,3378.0,3504.8,171.77077749140688,696942.0,178534.8,290101.00058548566,812192239.0,184223222.2,351268303.33742344,16720831.0,7590240.4,5393039.839565556,556.176635830965,496.5330099883762,43.09995504008111,206.31793960923625,52.432835802086245,86.12678943763737,240435.8315571344,54350.15742688112,104095.57511828803,0.7712280301298872,-4.667848697578631,0.12214425422942687,-0.5402525316482513,0.041213023577219794,-0.502837359709996,0.20035794913689423,-1.125427510375843,1.2680304638292736,3.0878448213726846,0.15386737011550936,-0.5151142117166205,0.05168112985227381,-0.4951342055110599
1,2011-08-10 14:30:23.063453,3161,28469.0,12996289.0,2300979.0,513.3192620718128,9.00632711167352,4111.448592217653,458.0,6662.0,5403893.0,780214.0,-116.29972089156126,27,1,0,2703.0,3364.6,403.87597106042705,21807.0,168818.4,295393.97812633205,7592396.0,176470919.4,355474223.4826203,1520765.0,6684070.8,6056091.055291329,629.618982963374,523.5210789588419,73.30941732086264,8.0677025527192,49.91071238783572,87.46342900504888,2808.8775434702184,52188.436460839555,105258.6606462667,0.9394876062530645,-0.5041151605650578,0.16863683105632937,-0.4751261379471178,0.07364549946352238,-0.45987759336927714,0.3442481488975251,-0.7237493227864207,0.9805130733068119,-0.13916106906481632,0.18044877904183354,-0.4676741552556017,0.07878083481774102,-0.4567508989135768
1,2011-08-10 14:30:53.092270,3290,62660.0,46290921.0,2665877.0,477.8648175650456,19.045592705167174,14070.188753799392,129.0,34191.0,33294632.0,364898.0,-35.454444506767175,21,1,0,3161.0,3319.6,413.3198519306846,28469.0,164895.0,297521.04361960676,12996289.0,173032589.6,357321223.7680416,2300979.0,6046072.2,6372945.8139971355,513.3192620718128,522.871062324179,73.40081833627768,9.00632711167352,48.8716942897924,88.0227568032207,4111.448592217653,51227.62293061209,105773.0800928989,0.9910832630434416,-0.07161523904952026,0.3799993935534711,-0.34362275271765796,0.26752718148073074,-0.3546995257194001,0.4409270865141173,-0.5303976055430994,0.9139247741881277,-0.6131572614399082,0.38970600429450286,-0.33884534712953984,0.27466019207756753,-0.35129386554856423
1,2011-08-10 14:31:23.053610,3405,31481.0,15526665.0,1780837.0,464.97843379823786,9.245521292217328,4559.960352422908,115.0,-31179.0,-30764256.0,-885040.0,-12.88638376680774,24,1,0,3290.0,3260.8,386.333664078091,62660.0,170454.8,294730.25072716904,46290921.0,179455915.0,354025078.4736045,2665877.0,5139031.2,6489141.092359149,477.8648175650456,523.9543199362395,72.50514386211243,19.045592705167174,50.73544452725441,87.08032480620615,14070.188753799392,53250.68445369339,104734.51770760046,1.0442222767415836,0.37325248459445387,0.18468825753220103,-0.4715287950833631,0.08652077586854688,-0.46304417389521824,0.3465316575622268,-0.5175098140421411,0.8874407865440143,-0.8134027876607809,0.18223002435838573,-0.47645577031200587,0.08563195758334614,-0.4648966278453258
1,2011-08-10 14:31:53.055857,3236,45531.0,17414578.0,2451636.0,527.2431635352286,14.070148331273176,5381.513597033375,-169.0,14050.0,1887913.0,670799.0,62.26472973699077,20,1,0,3405.0,3187.4,287.03013779044795,31481.0,168271.8,295953.76165830356,15526665.0,178919702.0,354332262.4920107,1780837.0,4997857.8,6568462.292098744,464.97843379823786,528.391626445887,66.74644567188916,9.245521292217328,50.33661665420264,87.31070000523542,4559.960352422908,53197.261359808945,104765.45622033002,1.0152475371773184,0.1693201988263406,0.27058009719988574,-0.41472965003807327,0.09733180753900428,-0.45580135115029646,0.4905373658290157,-0.3876435133170925,0.9978264929757099,-0.017206353073642,0.2795211372200743,-0.41537255250890726,0.10116147823164184,-0.4564075744796532
1,2011-08-10 14:32:23.062028,3641,70031.0,45780538.0,16197907.0,464.22504590991485,19.23400164789893,12573.616588849218,405.0,24500.0,28365960.0,13746271.0,-63.01811762531378,23,1,0,3236.0,3159.0,269.97499884249214,45531.0,37989.6,16281.75045257817,17414578.0,19964169.8,15173182.310752109,2451636.0,2144018.8,477479.61950326647,527.2431635352286,522.6049319867398,64.96582774049837,14.070148331273176,11.887058398610028,4.633419503491814,5381.513597033375,6186.397767788738,4504.452088002866,1.1525799303573432,1.7853505030642538,1.8434255691030748,1.9679333676880157,2.2931350744171692,1.7014471764242793,7.55492768999973,10.0,0.8882905948557055,-0.8986245247135279,1.6180623499359545,1.5856417149723852,2.0324617104828504,1.4179790785367097
1,2011-08-10 14:32:53.059955,4275,44970.0,19285499.0,3252296.0,449.63814461473686,10.519298245614037,4511.22783625731,634.0,-25061.0,-26495039.0,-12945611.0,-14.586901295177997,20,1,0,3641.0,3346.6,187.0596161655502,70031.0,47634.4,18439.39754438913,45780538.0,27601798.2,16901620.395234812,16197907.0,5079447.2,6223977.344299551,464.22504590991485,489.52614457604795,29.01468682037123,19.23400164789893,14.120318217645973,5.008172174443573,12573.616588849218,8139.345576864538,4782.239280138893,1.2774158847781996,4.963123623505091,0.9440656332398237,-0.14449495942510332,0.6987044416548195,-0.4920415324405623,0.6402854231854205,-0.293566492762616,0.9185171202719429,-1.3747520421944017,0.7449760042746936,-0.7190287885246267,0.5542494533073485,-0.758665037041203
1,2011-08-10 14:33:23.068256,3831,135151.0,111882599.0,7020287.0,457.43571711250326,35.278256329939964,29204.54163403811,-444.0,90181.0,92597100.0,3767991.0,7.797572497766396,23,1,0,4275.0,3569.4,424.0416253152539,44970.0,50934.6,15373.478763767876,19285499.0,28859640.2,15736805.49576603,3252296.0,5269710.6,6131663.132702432,449.63814461473686,476.78992108463274,29.921945799725034,10.519298245614037,14.422912444434075,4.655206160635202,4511.22783625731,8219.30142567247,4700.706586833567,1.0732896285086924,0.61692056718464,2.6534222316460196,5.478031439343138,3.876784264275062,5.275718685239975,1.3321959274196193,0.28549781064512947,0.9594072711749848,-0.6468230408886214,2.445986999048043,4.480004356709344,3.553165910525682,4.464273576900063
1,2011-08-10 14:33:53.049594,3524,34870.0,14940048.0,2747557.0,513.6718597951192,9.8950056753689,4239.514188422248,-307.0,-100281.0,-96942551.0,-4272730.0,56.236142682615935,21,1,0,3831.0,3677.6,403.44739434033005,135151.0,65432.8,41380.25919686842,111882599.0,41977975.8,40985048.13298755,7020287.0,6140592.6,5976653.790330692,457.43571711250326,472.7041009941243,31.109691181599203,35.278256329939964,17.669445169388638,10.577808134377337,29204.54163403811,11246.172001720213,10591.556381354625,0.9582336306284104,-0.3807187805755145,0.5329131567042747,-0.7385840638309051,0.35590205852660484,-0.6597022336601341,0.4474416687405707,-0.5677149319723704,1.0866668148504544,1.3168809217852238,0.5600065865085259,-0.7349764142552586,0.37697397725851917,-0.6615324094985534
1,2011-08-10 14:34:23.087150,3426,35786.0,15663437.0,2672779.0,475.3205328511384,10.445417396380618,4571.9314068885,-98.0,916.0,723389.0,-74778.0,-38.35132694398084,21,1,0,3524.0,3701.4,386.50006468304986,34870.0,66110.6,40707.389873338885,14940048.0,41860652.4,41080425.857797846,2747557.0,6333936.6,5813774.038809751,513.6718597951192,482.44278619350064,35.41084905135037,9.8950056753689,17.79934204601895,10.451736095929267,4239.514188422248,11182.08276892008,10642.973699374406,0.9255957205379246,-0.7125483930387693,0.5413050252153128,-0.7449409086250509,0.3741804320278582,-0.637705545962038,0.4219775423707272,-0.6297385442846597,0.985237102621966,-0.20113195624970462,0.5868428938995544,-0.7036079538784876,0.40886223983205494,-0.6210812455939362
1,2011-08-10 14:34:53.070416,3292,32843.0,15262776.0,2002785.0,564.9683521281895,9.976609963547997,4636.323207776428,-134.0,-2943.0,-400661.0,-669994.0,89.64781927705116,31,1,0,3426.0,3739.4,335.2451341928792,35786.0,64161.6,42146.87053981605,15663437.0,41510424.2,41347538.61118999,2672779.0,6378165.2,5777584.064194579,475.3205328511384,472.0582600566825,25.10066577518567,10.445417396380618,17.07439585904044,10.891518911476352,4571.9314068885,11020.166330891105,10758.80999819342,0.8803551371875487,-1.3345458423305836,0.5118793795665864,-0.743082454257491,0.36768537768881676,-0.6348055792829355,0.31400644812398393,-0.7573027326621767,1.1968191215617199,3.7014991116154263,0.5843023697779236,-0.6516800780983681,0.420712634325648,-0.5933595931321434
1,2011-08-10 14:35:23.055097,3180,99246.0,83704517.0,4771441.0,530.3173884547169,31.20943396226415,26322.175157232705,-112.0,66403.0,68441741.0,2768656.0,-34.650963673472575,22,1,0,3292.0,3669.6,392.3267770621855,32843.0,56724.0,44088.68949628712,15262776.0,35406871.8,42787013.80525305,2002785.0,3539140.8,1996135.9943806517,564.9683521281895,492.2069213003375,47.5953172716061,9.976609963547997,15.222917522170254,11.21467280052866,4636.323207776428,9432.707654676547,11053.82389019802,0.8665794637015297,-1.247939290978215,1.7496297863337962,0.9644650472901894,2.3640754674068667,1.1287921475387095,1.3481919114379397,0.6173428080396646,1.0774277351741008,0.8007188382860982,2.0501611412373086,1.4255000322358748,2.790521674249059,1.5279298521782465
1,2011-08-10 14:35:53.065227,3396,732330.0,517539210.0,21863401.0,526.3701954057715,215.64487632508835,152396.70494699647,216.0,633084.0,433834693.0,17091960.0,-3.9471930489454503,20,1,0,3180.0,3450.6,249.5371715797119,99246.0,67579.2,47053.26051082977,83704517.0,48290675.4,46275576.972025216,4771441.0,3842969.8,2056268.414487526,530.3173884547169,508.34277006833344,43.01085847096573,31.20943396226415,19.360944665500277,12.756408923435238,26322.175157232705,13794.897118871628,12792.944878830403,0.9841766649275534,-0.21880507683136793,10.0,10.0,10.0,10.0,5.689194070689807,8.763657056168485,1.035463129207049,0.4191366082401782,10.0,10.0,10.0,10.0
1,2011-08-10 14:36:23.060360,3812,49313.0,28466762.0,2736258.0,441.336183228489,12.936253934942288,7467.671038824764,416.0,-683017.0,-489072448.0,-19127143.0,-85.03401217728248,19,1,0,3396.0,3363.6,131.8210908770022,732330.0,187015.0,306128.7162436741,517539210.0,129421997.6,218977460.80582905,21863401.0,6811592.6,8477764.277372824,526.3701954057715,522.1296657269871,32.33729793046271,215.64487632508835,55.43426866452995,90.02569267980627,152396.70494699647,38433.3297814633,64405.70612043337,1.133309549292088,3.401580103862025,0.26368473117129504,-0.44981732419506415,0.21995304142948882,-0.46103025959150506,0.4017060562312549,-0.48070864754721687,0.8452616508835011,-2.498461147549677,0.23336203843501394,-0.4720654011546235,0.19430195305186093,-0.4807906101477223
1,2011-08-10 14:36:53.050770,3938,38261.0,17218249.0,3642672.0,423.5003595180294,9.71584560690706,4372.33341797867,126.0,-11052.0,-11248513.0,906414.0,-17.83582371045958,19,1,0,3812.0,3421.2,238.87904889295467,49313.0,189903.6,304397.4307403069,28466762.0,132127340.4,217286539.9515008,2736258.0,6809332.8,8479119.791894743,441.336183228489,507.6625304136611,48.97031157231263,12.936253934942288,56.04251831644463,89.6505832581148,7467.671038824764,39078.96115154381,63992.09076266966,1.1510581082657692,2.16343795068199,0.20147590672319957,-0.4981730615504821,0.13031556487759288,-0.52883667541325,0.5349528517683847,-0.37346574617651174,0.834216303441013,-1.718636622714436,0.1733656141551862,-0.5167470308100591,0.1118845867223323,-0.5423580839432584
1,2011-08-10 14:37:23.049724,3985,129496.0,105871526.0,80258595.0,457.6532316178168,32.49585947302384,26567.50966122961,47.0,91235.0,88653277.0,76615923.0,34.15287209978737,20,1,0,3938.0,3523.6,332.7473516047908,38261.0,190398.6,304086.00828762236,17218249.0,132438302.8,217079211.79808915,3642672.0,7003311.4,8371236.685473613,423.5003595180294,497.2984957470392,61.425902094788235,9.71584560690706,55.89660395854992,89.7438951281696,4372.33341797867,39039.04155376184,64019.0550923655,1.1309456237935263,1.3866376329468892,0.6801310513837776,-0.2002808361455242,0.7994026181374472,-0.12238286927589559,10.0,8.750831729213672,0.9202787370780445,-0.6454160667823675,0.5813565972011424,-0.26075026554001324,0.6805369344081365,-0.19480968400015183
1,2011-08-10 14:37:53.069077,3305,53133.0,26132481.0,3740324.0,480.089569953404,16.07655068078669,7906.953403933434,-680.0,-76363.0,-79739045.0,-76518271.0,22.436338335587152,15,1,0,3985.0,3662.2,355.69818666954404,129496.0,209729.2,294486.92706926726,105871526.0,150560052.8,208462968.6616364,80258595.0,22654473.4,33154363.83745355,457.6532316178168,475.8354716449647,49.45148197939338,32.49585947302384,60.40045386044509,87.39764374024261,26567.50966122961,43425.27884445248,61785.01911867338,0.9024630003820375,-1.0042221562710603,0.2533409749333891,-0.5317594283673107,0.1735684898750248,-0.5968809357309057,0.1651031093929555,-0.5704874776886298,1.0089402715033495,0.08602569909079769,0.2661660575873371,-0.5071521528759718,0.1820818107410577,-0.5748695387193579
1,2011-08-10 14:38:23.058411,3888,681007.0,797059292.0,10440829.0,476.01666257947534,175.15612139917695,205004.9619341564,583.0,627874.0,770926811.0,6700505.0,-4.072907373928615,17,1,0,3305.0,3687.2,315.44999603740956,53133.0,200506.6,299491.54891131725,26132481.0,139045645.6,214579173.7937256,3740324.0,22448250.0,33296309.57447658,480.089569953404,465.7899079447021,39.77137042743799,16.07655068078669,57.37387720414959,88.91018564327578,7906.953403933434,39742.234493792625,63582.16251020708,1.054458667823537,0.6365509669416847,3.3964318381539393,1.604387174685453,5.732357087203887,3.0665308043013844,0.46510658960052564,-0.36062317876826616,1.021955723941888,0.25713860308571895,3.0528897458485833,1.3247328564385965,5.158365264191956,2.5991995382955233
1,2011-08-10 14:38:53.047689,3508,45130.0,26113489.0,5393146.0,509.0085559951539,12.864880273660203,7443.982041049031,-380.0,-635877.0,-770945803.0,-5047683.0,32.99189341567859,16,1,0,3888.0,3785.6,276.1997465603496,681007.0,190242.0,276721.1805337639,797059292.0,194949662.0,338480122.2421125,10440829.0,20163735.6,33735433.91456869,476.01666257947534,455.7192013794429,23.741141772154613,175.15612139917695,49.27612621896731,70.91396984070522,205004.9619341564,50263.88589122461,86945.35523130075,0.9266694843615473,-1.0050697129743358,0.23722416711346478,-0.5243978784713726,0.13394990651484176,-0.4988067597045851,0.26746760158866595,-0.4378360639262832,1.116934626527233,2.2445994857740237,0.2610773463853819,-0.5134566013803007,0.14809802125443114,-0.4924921375760819
1,2011-08-10 14:39:23.055760,3025,24222.0,7046922.0,1638352.0,541.9625717342149,8.007272727272728,2329.5609917355373,-483.0,-20908.0,-19066567.0,-3754794.0,32.954015739060935,18,1,0,3508.0,3724.8,301.25852685028116,45130.0,189405.4,277259.5611648045,26113489.0,194479007.4,338771000.2177928,5393146.0,20695113.2,33411672.87222066,509.0085559951539,469.2536759327759,31.5100830990514,12.864880273660203,49.26185148671089,70.92312029427409,7443.982041049031,50259.148091669456,86948.27087556155,0.8121241408932527,-2.3229218017967086,0.1278844214578881,-0.5957716996522747,0.03623487230941101,-0.55327075009225,0.07916612893907728,-0.5703623782287264,1.1549458204152676,2.3074802935483336,0.16254510306560976,-0.5816802558556794,0.04635098445135842,-0.551242556261172
1,2011-08-10 14:39:53.050003,3781,39251.0,18717102.0,2444513.0,402.84936262761175,10.38111610685004,4950.304681301243,756.0,15029.0,11670180.0,806161.0,-139.1132091066031,29,1,0,3025.0,3542.2,400.18083412377746,24222.0,186597.6,279236.8906095682,7046922.0,192444742.0,340129343.53879136,1638352.0,20294249.2,33678370.18511671,541.9625717342149,492.946118376013,33.007952711137406,8.007272727272728,48.92013691078403,71.16499457672377,2329.5609917355373,49850.593606420836,87222.15631339826,1.0674157303367773,0.5967302270291678,0.21035104417205683,-0.5276759803417986,0.09725961751659601,-0.5107693390769931,0.120453482950234,-0.5300059385857168,0.817227984173934,-2.7295469226502984,0.21220537721654262,-0.5415446320570305,0.0993028231596331,-0.5147807715712471
1,2011-08-10 14:40:23.054581,3883,29292.0,9489170.0,2130865.0,420.6797217228946,7.54365181560649,2443.772856039145,102.0,-9959.0,-9227932.0,-313648.0,17.830359095282915,18,1,0,3781.0,3501.4,351.1442723440074,39251.0,168548.6,286668.1705880511,18717102.0,175013857.2,347821460.59125984,2444513.0,4731432.8,3493369.325955117,402.84936262761175,481.98534457797194,51.54911371237084,10.38111610685004,44.497188237549274,73.10183423273948,4950.304681301243,45527.15261043516,89178.60091575651,1.1089849774372795,1.0867328048713523,0.1737896369355772,-0.48577628871157286,0.054219535251749204,-0.4758898054151847,0.45036357696975,-0.7444296772969979,0.8728060436990475,-1.1892662829463128,0.16953097744434995,-0.5055076498325021,0.0536772610611049,-0.4831134298136689
1,2011-08-10 14:40:53.067005,3487,63972.0,46686752.0,3181931.0,480.2434264425007,18.34585603670777,13388.801835388584,-396.0,34680.0,37197582.0,1051066.0,59.56370471960605,22,1,0,3883.0,3617.0,365.18420009633775,29292.0,163780.4,289254.4387633489,9489170.0,171685195.0,349677148.1397492,2130865.0,4409541.0,3676856.7270332812,420.6797217228946,470.10337493187006,58.476755888538904,7.54365181560649,42.79060846451323,74.02496507109947,2443.772856039145,44434.516500856305,89786.16318725274,0.9640586121092165,-0.35598473308908013,0.3905961885549163,-0.3450539961520074,0.27193231192707096,-0.35746814930566784,0.7216014093076806,-0.3338748532066172,1.0215698334671148,0.17340311302126532,0.4287355729352032,-0.33022308627902147,0.30131534873638754,-0.34577393178857924
1,2011-08-10 14:41:23.048232,3169,27029.0,10649357.0,1784860.0,577.1184708586305,8.52918901861786,3360.478699905333,-318.0,-36943.0,-36037395.0,-1397071.0,96.8750444161298,16,1,0,3487.0,3536.8,333.4429486433958,63972.0,40373.4,15527.750120350414,46686752.0,21610687.0,15941232.082564738,3181931.0,2957761.4,1472189.9421265665,480.2434264425007,470.9487277044751,58.614001066885145,18.34585603670777,11.428555392019394,4.410409768389866,13388.801835388584,6111.284481102737,4578.162562475414,0.8960076905674915,-1.1030372706793834,0.6694754467049921,-0.859390439475851,0.4927819740297937,-0.6876087082370902,0.603449622407,-0.7967052120365342,1.2254380082316574,1.8113375852160734,0.7463050862777917,-0.6573916087172624,0.5498809146090363,-0.600853670803127
1,2011-08-10 14:41:53.057941,3542,40809.0,20245099.0,2227292.0,454.5232631826651,11.5214568040655,5715.725296442688,373.0,13780.0,9595742.0,442432.0,-122.5952076759654,24,1,0,3169.0,3469.0,372.89408683968503,27029.0,36753.2,16235.475222488698,10649357.0,18517860.6,16344258.740118582,1784860.0,2236104.2,614415.754078611,577.1184708586305,484.5707106771705,75.22977504890717,8.52918901861786,10.561417141010926,4.483037747170309,3360.478699905333,5294.583812873998,4644.731949907369,1.0210435283940555,0.1957660434320281,1.1103522958544807,0.24981098147233963,1.0932741874080205,0.10567860112005709,0.9960591281926839,-0.014342405678082109,0.9379916143642831,-0.39940897702501443,1.090900648004495,0.21414935964935836,1.0795419429462212,0.09067078318200866
1,2011-08-10 14:42:23.048731,3608,99789.0,45781884.0,4800920.0,479.1991117269956,27.65770509977827,12688.992239467849,66.0,58980.0,25536785.0,2573628.0,24.67584854433045,19,1,0,3542.0,3572.4,278.8078191156091,40809.0,40070.6,14652.264749861795,20245099.0,21157496.0,15042454.254181515,2227292.0,2353892.2,520438.94286072976,454.5232631826651,467.0828489668605,68.40682178150425,11.5214568040655,11.26425395636948,4.252018176510625,5715.725296442688,5971.816673815428,4341.282000330593,1.0099652894409892,0.12768651938384304,2.490329568311868,4.0757112309589685,2.1638611676920556,1.6369927130178832,2.0395666377585164,4.701853759346413,1.0259402861524656,0.17712067955237118,2.4553516996732485,3.855451801715122,2.1248127550705025,1.5472792518752185
1,2011-08-10 14:42:53.050676,3384,75186.0,20791273.0,3687561.0,505.1196972819149,22.21808510638298,6143.993203309693,-224.0,-24603.0,-24990611.0,-1113359.0,25.92058555491934,14,1,0,3608.0,3537.8,256.27270631107467,99789.0,52178.2,30378.450893685076,45781884.0,26570452.4,18432350.613217972,4800920.0,2825173.6,1219900.4987738207,479.1991117269956,482.35279878673737,58.251564964935575,27.65770509977827,14.719571754955126,8.375378152320538,12688.992239467849,7519.55418544875,5183.782919595048,0.9565266549830526,-0.6001419433746139,1.4409466022208235,0.7573723913875409,0.7824960104932199,-0.3135345849951285,1.3052511180197912,0.7069325743098108,1.0471996815430447,0.3908375424504252,1.5094246948722652,0.895304452427018,0.8170688117652305,-0.26535852358691153
1,2011-08-10 14:43:23.060908,3306,60439.0,45796797.0,5256818.0,461.2233935160315,18.2816091954023,13852.630671506353,-78.0,-14747.0,25005524.0,1569257.0,-43.89630376588343,27,1,0,3384.0,3438.0,171.31403912114936,75186.0,61357.0,28616.996601670664,20791273.0,28830873.0,16394262.68682664,3687561.0,3136512.8,1196830.8167819844,505.1196972819149,499.2407938985414,47.068356200163805,22.21808510638298,17.654458413110422,7.7822540725998115,6143.993203309693,8259.59825490286,4496.573896253431,0.9616055846419541,-0.7705147848734225,0.9850383819286963,-0.03207883806878514,1.5884637624396598,1.0348695957905265,1.6760071886204317,1.771599770217343,0.9238495714932303,-0.8077061416810205,1.0355236488472863,0.08058729210851616,1.677155503693151,1.2438431004686465
1,2011-08-10 14:43:53.061077,3685,219672.0,188272080.0,173562238.0,454.8455476138399,59.61248303934871,51091.47354138399,379.0,159233.0,142475283.0,168305420.0,-6.377845902191609,19,1,0,3306.0,3401.8,177.3871472232496,60439.0,60650.4,28579.87954488316,45796797.0,28652882.0,16155023.634379452,5256818.0,3551490.2,1529886.9346865315,461.2233935160315,495.4367873132475,49.68347575558046,18.2816091954023,17.64160904484933,7.780880022537218,13852.630671506353,8352.364022126412,4631.60236913582,1.0832500440939845,1.5965080020255558,3.6219381900201215,5.5641102248265115,6.5707903309691496,9.880468243965604,10.0,10.0,0.9180697906579529,-0.8169967797398189,3.3790842368414338,5.394103734736584,6.117007520988122,9.227715618260804
1,2011-08-10 14:44:23.048137,2929,22558.0,6458327.0,2081635.0,514.3754217992489,7.701604643222943,2204.9597132127005,-756.0,-197114.0,-181813753.0,-171480603.0,59.52987418540903,19,1,0,3685.0,3505.0,157.01910711758123,219672.0,99179.0,70714.99787527401,188272080.0,64177426.6,70512648.27507924,173562238.0,37906965.8,75842603.5992838,454.8455476138399,470.98220266428945,21.56043143343048,59.61248303934871,27.858267848995503,18.700172828255326,51091.47354138399,17898.562990422146,18920.028750906917,0.8356633380882067,-3.6683433664223,0.22744734268342867,-1.083518380855244,0.10063237717917471,-0.8185637756056204,0.05491431340041466,-0.47236420032840626,1.0921334583098834,2.012632227092801,0.2764566944611449,-1.0778864660672356,0.12319199672021112,-0.8294703715213094
1,2011-08-10 14:44:53.051265,3242,100856.0,81009166.0,3933747.0,527.9777126650216,31.10919185687847,24987.40468846391,313.0,78298.0,74550839.0,1852112.0,13.602290865772716,20,1,0,2929.0,3382.4,297.4362116488221,22558.0,95528.8,74832.38710411428,6458327.0,61420072.2,72889581.39011557,2081635.0,37877834.4,75859760.48626682,514.3754217992489,482.9526343876061,26.244177517139903,7.701604643222943,27.094297416826986,19.591243436759793,2204.9597132127005,17196.409873776145,19540.16700471807,0.958491012298676,-0.47203398409772634,1.055765381748739,0.07118842798089807,1.3189363525365572,0.26875025794367424,0.10385353498456606,-0.4474584045931047,1.0932287662814284,1.7156216172632688,1.1481822679192206,0.20493310967252099,1.4530593811076389,0.39871690005546995
1,2011-08-10 14:45:23.056208,3072,34747.0,19545275.0,8204758.0,561.8232745566406,11.310872395833334,6362.394205729167,-170.0,-66109.0,-61463891.0,4271011.0,33.84556189161901,32,1,0,3242.0,3309.2,271.9829038744957,100856.0,95742.2,74849.09267452752,81009166.0,68465528.6,72702392.82033676,3933747.0,37704399.8,75955219.45450261,527.9777126650216,492.70835457521133,32.75792184279286,31.10919185687847,27.78459476824703,19.67667829293219,24987.40468846391,19656.09236357536,19604.878876241408,0.9283210443608945,-0.8721136388358501,0.36292251483671395,-0.8149090098557324,0.2854761425153154,-0.6728836796457643,0.21760744219564532,-0.38838202314286463,1.1402755186480986,2.1098688833499843,0.40709150123551946,-0.8372206998725894,0.3236856079043958,-0.6780811165304248
1,2011-08-10 14:45:53.064136,3279,30795.0,15102993.0,1958164.0,517.6859282552607,9.391582799634037,4605.975297346752,207.0,-3952.0,-4442282.0,-6246594.0,-44.13734630137992,19,1,0,3072.0,3246.8,285.9627598132376,34747.0,87654.4,79656.0437399449,19545275.0,68216329.0,72908500.4479608,8204758.0,38607839.2,75474803.70985135,561.8232745566406,504.0490700301565,45.47553566188128,11.310872395833334,25.603152226137105,21.00768142691678,6362.394205729167,19699.772564059254,19567.45480513425,1.0099174571883054,0.11260207455305388,0.3513229227511642,-0.7138114991704785,0.22139850122981553,-0.7284930518891991,0.05071933681282013,-0.48558821485502324,1.027054624311203,0.2998724044989117,0.3668135359395231,-0.7716972233289756,0.23380855197027867,-0.7713725375643291
1,2011-08-10 14:46:23.051567,3617,183391.0,178409939.0,4857036.0,487.1050057666574,50.70251589715234,49325.390931711365,338.0,152596.0,163306946.0,2898872.0,-30.58092248860328,13,1,0,3279.0,3241.4,284.8180120708721,30795.0,81725.6,83211.93009599055,15102993.0,62077568.2,76473143.77517276,1958164.0,37948108.4,75852679.30947243,517.6859282552607,515.3415769780024,38.68597660155291,9.391582799634037,23.825146946983445,22.128568598054592,4605.975297346752,17850.44148922733,20664.430010885615,1.1158758561112125,1.3187368216909665,2.243984748964801,1.2217647142990302,2.873984019883047,1.5212186273132877,0.12799151801727224,-0.43625449623198226,0.945208047489839,-0.7298916478557155,2.128109262362547,1.2146004306540272,2.76325887858159,1.523146267567125
1,2011-08-10 14:46:53.049436,3032,229566.0,91020962.0,75282923.0,578.9616947077836,75.71437994722955,30020.106200527705,-585.0,46175.0,-87388977.0,70425887.0,91.8566889411262,26,1,0,3617.0,3227.8,258.7734530433975,183391.0,74469.4,68447.57726391799,178409939.0,60105140.0,72424581.80397135,4857036.0,4207068.0,2552142.3719565505,487.1050057666574,521.7934686085658,26.9991620209994,50.70251589715234,22.043153518544173,18.604275227725346,49325.390931711365,17497.22496729281,19957.18599688307,0.9393394881960037,-0.7566463935788922,3.0826889970913816,2.2659180382963915,1.5143623656812046,0.42686918211938857,10.0,10.0,1.1095610227750745,2.1174074237058216,3.4348252340618473,2.8848867138783243,1.715706705299951,0.6274873238737216
1,2011-08-10 14:47:23.048736,3067,92475.0,25816058.0,6089609.0,572.5071713055103,30.15161395500489,8417.36485164656,35.0,-137091.0,-65204904.0,-69193314.0,-6.454523402273367,17,1,0,3032.0,3248.4,231.72677877190497,229566.0,115871.0,88783.42018924479,91020962.0,77017667.0,66386971.340713106,75282923.0,18847325.6,31629210.029333226,578.9616947077836,534.7107231902728,36.3824144559144,75.71437994722955,35.64570857934549,27.992182963736322,30020.106200527705,23060.254264755808,18448.508033274313,0.9441571235066666,-0.7828184595694668,0.7980858023146361,-0.2635176697420576,0.3351965724955029,-0.7712599018446201,0.3231020214348077,-0.40335236283702236,1.070685786678561,1.0388658553708037,0.8458693951066537,-0.19627246046733426,0.3650161336039947,-0.7937167269406326
1,2011-08-10 14:47:53.048293,3845,64824.0,21227848.0,4985328.0,497.64181399505856,16.8592977893368,5520.896749024708,778.0,-27651.0,-4588210.0,-1104281.0,-74.86535731045171,19,1,0,3067.0,3213.4,245.72810177105004,92475.0,114194.8,89215.82981848008,25816058.0,65979045.4,70045229.53233963,6089609.0,19278498.0,31388862.142142165,572.5071713055103,543.6166149183706,39.62759092034071,30.15161395500489,35.45419299897078,28.03422430254453,8417.36485164656,19746.246297392336,19475.477222557038,1.196551938756085,2.5703205919276764,0.5676615747827347,-0.5533860986379889,0.32173620990278834,-0.6388900100518413,0.258595249484685,-0.455358016333132,0.9154278959425641,-1.1601714829087217,0.47552338278721207,-0.6632926600106757,0.27959221544570273,-0.7304236700238956
1,2011-08-10 14:48:23.062761,3359,697033.0,788430088.0,12746303.0,509.0496763212265,207.51205715986904,234721.66954450728,-486.0,632209.0,767202240.0,7760975.0,11.407862326167958,22,1,0,3845.0,3368.0,353.88840048806765,64824.0,120210.2,83340.34878556721,21227848.0,66315560.0,69769880.94039284,4985328.0,18634612.0,31704245.423404824,497.64181399505856,530.7803228060541,42.543306575153956,16.8592977893368,36.563878077671475,26.92760721928077,5520.896749024708,19577.94680605145,19623.126035071164,0.9973277909735756,-0.02543174624418929,5.798451379333819,6.921290928169077,10.0,10.0,0.6840122563324634,-0.18572619916868013,0.9590590578586182,-0.5107888463236625,5.6753295346128905,6.348435554773184,10.0,10.0
1,2011-08-10 14:48:53.099567,3877,98165.0,54934327.0,8264641.0,515.5382405168946,25.31983492391024,14169.28733556874,518.0,-598868.0,-733495761.0,-4481662.0,6.4885641956680615,27,1,0,3359.0,3384.0,350.652249386772,697033.0,253457.8,256776.80240960224,788430088.0,220980979.0,323531702.6596668,12746303.0,20792239.8,30634654.3469812,509.0496763212265,529.0530724192473,43.37502909478337,207.51205715986904,76.18797294971847,76.705583158791,234721.66954450728,65601.08565548356,96192.88338630713,1.1456855791958789,1.4059513402830377,0.3873031329081197,-0.6047773729664303,0.24859301125641226,-0.5132314720164216,0.3974868065921402,-0.40893553614501593,0.9744546764627474,-0.31158092995185016,0.33233375220900224,-0.6631608278088584,0.21599165919267252,-0.5346736318669859
1,2011-08-10 14:49:23.049013,3300,142545.0,149160141.0,3675083.0,554.2655887430303,43.19545454545455,45200.042727272725,-577.0,44380.0,94225814.0,-4589558.0,38.72734822613575,23,1,0,3877.0,3436.0,408.37115471100884,98165.0,236412.6,265278.6780336858,54934327.0,196285856.6,332190082.0108213,8264641.0,21473760.8,30226709.401682638,515.5382405168946,534.7397193692948,38.03581606091676,25.31983492391024,71.11143675507006,79.59929144985747,14169.28733556874,58569.864936255035,98926.01348021808,0.9604190919671245,-0.3330303779558324,0.6029500965684544,-0.3538452494402136,0.759912831131614,-0.14186370440302565,0.17114296066853832,-0.5888394123049728,1.0365147167218642,0.5133548164695683,0.6074332978762013,-0.35070641585861484,0.7717286487934669,-0.13514971177581814
1,2011-08-10 14:49:53.063246,3516,54268.0,18545266.0,4279484.0,545.094267375711,15.434584755403868,5274.535267349261,216.0,-88277.0,-130614875.0,604401.0,-9.171321367319363,13,1,0,3300.0,3489.6,356.36470083329317,142545.0,219008.4,268673.0483260275,149160141.0,207913692.4,328582221.27579,3675083.0,7152192.8,3551277.5829361533,554.2655887430303,529.800498176344,31.978860813345644,43.19545454545455,64.60765167471506,80.45310384335319,45200.042727272725,61605.85224160404,98059.93307640169,1.0075653370010869,0.0740814113692924,0.24778958250003086,-0.6131631029849013,0.0891969441066018,-0.5763197584602631,0.5983457269216791,-0.8089226293667752,1.02886703438555,0.4782462167165808,0.23889716395938085,-0.6112016139792787,0.08561743852943801,-0.5744580401698279
1,2011-08-10 14:50:23.052047,3447,41838.0,10682503.0,3054853.0,515.7599404963737,12.13751087902524,3099.072526834929,-69.0,-12430.0,-7862763.0,-1224631.0,-29.33432687933725,26,1,0,3516.0,3579.4,269.1510728197126,54268.0,211367.0,273668.3991137814,18545266.0,206459534.0,329604074.6615565,4279484.0,6790167.8,3772080.0262822276,545.094267375711,524.3179173903842,24.24013274440999,15.434584755403868,61.66424583479486,82.27736848206509,5274.535267349261,60977.28632474458,98495.21372312543,0.9630105604288531,-0.49191704351182214,0.1979400757923413,-0.6194686728500041,0.05174138870234978,-0.5939763675586458,0.4498935946767029,-0.9902533281303513,0.9836778858567554,-0.3530499186573554,0.1968322277279788,-0.6019484564089281,0.050823392014040396,-0.5876246328131982
1,2011-08-10 14:50:53.054179,3664,59160.0,24224633.0,5672734.0,536.2322309175764,16.146288209606986,6611.526473799127,217.0,17322.0,13542130.0,2617881.0,20.47229042120273,17,1,0,3447.0,3499.8,226.42592607738746,41838.0,206769.8,276919.270928731,10682503.0,204350465.0,331115920.65413517,3054853.0,6404072.8,4088524.614852504,515.7599404963737,527.9415426906472,20.287356385463806,12.13751087902524,60.71988845273254,82.94458467710784,3099.072526834929,60492.92148030662,98841.4537866154,1.0469169666835114,0.7251819738308353,0.28611528376000617,-0.5330427149578509,0.11854454551889569,-0.5439962888046969,0.8858009858975993,-0.17887596844672124,1.015703799673843,0.4086628178159745,0.26591432594462305,-0.5373901191513252,0.10929421677793147,-0.5451295275647118
1,2011-08-10 14:51:23.066832,3845,78680.0,45517817.0,14940299.0,510.9839809209363,20.4629388816645,11838.18387516255,181.0,19520.0,21293184.0,9267565.0,-25.24824999664014,22,1,0,3664.0,3560.8,220.00386360244292,59160.0,79195.2,41204.93114543456,24224633.0,51509374.0,57108067.51690276,5672734.0,4989359.0,2071716.1337922362,536.2322309175764,533.3780536099172,17.395128326076662,16.146288209606986,22.446734662680125,12.588785175068947,6611.526473799127,14870.89286616499,17458.755311356566,1.0798135250502472,1.2917954955203446,0.9934945552255566,-0.012503357867085478,0.8836802598299874,-0.10491612237144302,2.994432551355795,4.80323526842695,0.9580146342010603,-1.287376112892656,0.9116220772536016,-0.15758436999836856,0.7960640952566197,-0.17370705625443705
1,2011-08-10 14:51:53.060719,3907,66946.0,28480692.0,3888306.0,505.667554453033,17.134886101868442,7289.657537752751,62.0,-11734.0,-17037125.0,-11051993.0,-5.316426467903284,17,1,0,3845.0,3554.4,208.67989840902823,78680.0,75298.2,39861.83788035876,45517817.0,49626072.0,57122149.43035783,14940299.0,6324490.6,4912964.576341448,510.9839809209363,532.4672016907255,18.63765853208628,20.4629388816645,21.47535545423098,12.498728950305313,11838.18387516255,14404.672174083753,17513.21510261754,1.0992009903215454,1.6896692143638476,0.8890783577827771,-0.20952872331346248,0.5739058291778564,-0.3701782970506042,0.6148014513611578,-0.4958685457923981,0.9496689239195465,-1.4379299411520337,0.7978860297604395,-0.3472728602462602,0.50606202276977,-0.40626547408003794
1,2011-08-10 14:52:23.066268,3282,36713.0,14459808.0,3148673.0,518.7106531898232,11.186166971358928,4405.791590493602,-625.0,-30233.0,-14020884.0,-739633.0,13.043098736790228,19,1,0,3907.0,3675.8,200.06673886481454,66946.0,60178.4,13788.127603123381,28480692.0,25490182.2,13030254.63714531,3888306.0,6367135.2,4885064.627984394,505.667554453033,522.747594832726,17.03046453305693,17.134886101868442,16.263241765513758,3.0049636286674306,7289.657537752751,6822.595136179758,3228.0000637248754,0.8928668589148232,-1.9683431750448197,0.6100693936694792,-1.7018554422634409,0.5672696996257641,-0.8465202336534345,0.4945195760881596,-0.658837179259173,0.992277455345946,-0.23704236809453083,0.6878190173862755,-1.689562810022006,0.6457647716965268,-0.7486999683936169
1,2011-08-10 14:52:53.050580,4178,122361.0,91687815.0,6715820.0,457.6671978776927,29.28697941598851,21945.38415509813,896.0,85648.0,77228007.0,3567147.0,-61.04345531213056,18,1,0,3282.0,3629.0,263.9592771622207,36713.0,56667.4,17424.884613678645,14459808.0,24673090.6,13686208.790132828,3148673.0,6140973.0,5029907.811649245,518.7106531898232,517.4708719955486,11.595807361172108,11.186166971358928,15.413558208704771,3.7947144467646052,4405.791590493602,6648.846400808626,3353.1121570629516,1.151281344722747,2.0798662805116064,2.1592838210328664,3.770102440071617,3.7161057966528115,4.896514836768729,1.093608455858705,0.11428579240928764,0.8844308397724563,-5.15735319240881,1.9000790743793785,3.655985555238896,3.300630339787343,4.561892665017039
1,2011-08-10 14:53:23.070240,3524,158787.0,135077448.0,125732845.0,529.8715603317253,45.05874006810443,38330.71736662883,-654.0,36426.0,43389633.0,119017025.0,72.2043624540326,16,1,0,4178.0,3775.2,331.70122098057084,122361.0,72772.0,31675.91232308876,91687815.0,40874153.0,30545514.70658041,6715820.0,6873166.4,4725612.841705077,457.6671978776927,505.8523234718124,29.31062007121878,29.28697941598851,18.843451916097422,6.71784762030016,21945.38415509813,10418.108726461267,6987.845248456632,0.9334604789147771,-0.7573080353959758,2.181979332710353,2.715470327189296,3.304715525236694,3.084030369267466,10.0,10.0,1.047482705414921,0.819472150392302,2.3912147448536656,3.9023344424911723,3.67923952159069,3.994451457883741
1,2011-08-10 14:53:53.051372,3829,69767.0,43188068.0,7935124.0,437.17280825411336,18.22068425176286,11279.202925045704,305.0,-89020.0,-91889380.0,-117797721.0,-92.69875207761191,32,1,0,3524.0,3747.2,348.8978360494682,158787.0,92697.4,48066.723263605105,135077448.0,63044716.0,49677708.352694534,125732845.0,30885188.6,53227393.73480685,529.8715603317253,504.5801893546421,27.759426924453916,45.05874006810443,24.62594228779691,13.165281737751169,38330.71736662883,16761.94690502721,13772.455875217349,1.0218296327922125,0.23445258625269255,0.7526316811474675,-0.4770535298244853,0.6850386636684984,-0.3997094201492684,0.2569232813426951,-0.4311701736580111,0.8664089821132115,-2.4282699092292765,0.739897951440096,-0.48652646887005685,0.6729053008551289,-0.3980948662792199
1,2011-08-10 14:54:23.055330,3737,47465.0,20148772.0,6105942.0,432.3752072285256,12.701364731067702,5391.697083221836,-92.0,-22302.0,-23039296.0,-1829182.0,-4.797601025587767,17,1,0,3829.0,3744.0,347.8483865134372,69767.0,90914.8,48875.01142915464,43188068.0,62578766.2,49893655.81880277,7935124.0,29484153.6,53840675.23869032,437.17280825411336,489.81795482127757,40.29724485313275,18.22068425176286,24.177491361816585,13.378992534203602,11279.202925045704,16650.150715003838,13824.585984528418,0.9981303418800753,-0.020123709844229707,0.5220822132370029,-0.8889982575856891,0.32197458057266715,-0.8504086041337938,0.20709232772413722,-0.4342109658981439,0.8827263332668274,-1.4254758061173216,0.5253384042399691,-0.8577721080680937,0.3238227194161629,-0.8143790811805084
1,2011-08-10 14:54:53.061076,3692,41454.0,21253047.0,2356037.0,455.7128161676598,11.228060671722645,5756.513271939329,-45.0,-6011.0,1104275.0,-3749905.0,23.337608939134213,24,1,0,3737.0,3710.0,336.040920127299,47465.0,87018.6,51943.591623991495,20148772.0,60912382.2,51432599.4125969,6105942.0,29927680.8,53585639.45218609,432.3752072285256,475.15948537637604,46.01515397452053,12.701364731067702,23.290787087656433,14.09043768100877,5391.697083221836,16270.558624097655,14167.65864085088,0.9951482479781685,-0.05356490511074567,0.4763809116671553,-0.8771938669515094,0.3489117685500732,-0.7710933464950757,0.07872434271619203,-0.5145341938972641,0.9590733852355458,-0.42261445477421655,0.4820816329213352,-0.8560930957691936,0.353799362697556,-0.742115942985914
1,2011-08-10 14:55:23.049214,3744,82880.0,66691104.0,4075119.0,475.6185778709936,22.136752136752136,17812.79487179487,52.0,41426.0,45438057.0,1719082.0,19.90576170333378,22,1,0,3692.0,3792.0,242.49432983061985,41454.0,87966.8,50826.98793160971,21253047.0,62271030.0,49967591.31883355,2356037.0,29769153.6,53685746.82984919,455.7128161676598,462.5599179719434,39.23423509098657,11.228060671722645,23.299165827729176,14.08144990385342,5756.513271939329,16540.7029603868,13895.122962285235,0.9873417721516383,-0.19794277265505397,0.9421736382362329,-0.10008068955107965,1.0709812251379172,0.0884588166717175,0.13689065718012217,-0.47860067368410264,1.028231282890391,0.3328383965797613,0.9501092141872427,-0.08254928994040547,1.076906762333712,0.09154952531623857
1,2011-08-10 14:55:53.089125,3573,46725.0,28805316.0,3051301.0,549.1774127626644,13.077246011754829,8061.941225860622,-171.0,-36155.0,-37885788.0,-1023818.0,73.55883489167081,24,1,0,3744.0,3705.2,112.75060975445652,82880.0,80070.6,47076.25589721429,66691104.0,57271687.8,47477003.46243858,4075119.0,29241013.4,53981409.33301362,475.6185778709936,466.1501939706035,39.49506390805325,22.136752136752136,21.869120371881905,13.678642746734901,17812.79487179487,15714.185103726148,13613.318375085979,0.9643204145522606,-1.172499202325618,0.5835475193141979,-0.7083316071865543,0.5029590903727479,-0.5995823182590105,0.10435004280665594,-0.4851617014745678,1.1781125908876457,2.1022176083383686,0.5979776867464155,-0.6427446437683269,0.513035908171176,-0.5621145166096678
1,2011-08-10 14:56:23.055587,3959,40478.0,20877754.0,2498836.0,442.7694266011619,10.22429906542056,5273.491790856277,386.0,-6247.0,-7927562.0,-552465.0,-106.40798616150248,16,1,0,3573.0,3715.0,93.56014108583685,46725.0,57658.2,17809.93064837746,28805316.0,36017261.4,19455771.806076113,3051301.0,4704704.6,2293765.285542536,549.1774127626644,470.0113644567913,47.42890372495522,13.077246011754829,15.472821560611981,4.566083394572736,8061.941225860622,9660.429875572507,5125.8972795315485,1.0656796769849084,2.6079481835489537,0.7020337089954126,-0.9646416001942266,0.5796596739584426,-0.7781499264537977,0.5311355786291024,-0.9616801744727131,0.942039831551614,-0.5743741835787228,0.6607908599416031,-1.149458308247365,0.5458858310426075,-0.8558380797510426
1,2011-08-10 14:56:53.051624,3480,57174.0,40896281.0,3014380.0,511.92856963706896,16.429310344827588,11751.80488505747,-479.0,16696.0,20018527.0,515544.0,69.15914303590705,13,1,0,3959.0,3741.0,139.7980686561928,40478.0,51800.4,17647.53275390126,20877754.0,31555198.6,19952082.73053686,2498836.0,3617447.0,1546369.787390837,442.7694266011619,471.13068812620105,46.51744729527117,10.22429906542056,13.873544523343522,4.759313870407445,5273.491790856277,8459.28764873462,5350.476100526071,0.9302325581392862,-1.8669785820862355,1.1037366506822128,0.30449582244360907,1.2960235655116428,0.4681758053109603,0.8332893336101398,-0.3899888661285501,1.086595678307529,0.8770447193936686,1.1842186627937463,0.5370029988646795,1.3892192076969945,0.6153690203379297
1,2011-08-10 14:57:23.081912,3579,48667.0,25235549.0,3087499.0,488.829347146689,13.597932383347304,7051.005588153115,99.0,-8507.0,-15660732.0,73119.0,-23.09922249037993,24,1,0,3480.0,3689.6,182.39325645429378,57174.0,53742.2,17585.282175729135,40896281.0,35704700.4,19127204.760668393,3014380.0,2999134.6,675383.1132986338,511.92856963706896,487.0413606079097,43.451766228593,16.429310344827588,14.619133646095502,4.821376666400049,11751.80488505747,9731.30920910175,5192.560583008861,0.9700238508236747,-0.6063820677882845,0.9055639702133351,-0.2886049793960316,0.7067850651955058,-0.5473435105127278,1.029463299179703,0.13083596296688532,1.0036711184765579,0.04114876549164382,0.9301462529586294,-0.21180698650928795,0.7245690622550093,-0.5161814827387146
1,2011-08-10 14:57:53.059001,3710,44686.0,22451762.0,3117895.0,452.6830849134771,12.044743935309974,6051.687870619946,131.0,-3981.0,-2783787.0,30396.0,-36.14626223321193,18,1,0,3579.0,3667.0,188.90606131091153,48667.0,55184.8,16593.07776453832,25235549.0,36501200.8,18445735.472139176,3087499.0,3145427.0,572668.2747212052,488.829347146689,493.6646668037156,39.85787948398152,13.597932383347304,15.093107988420433,4.511178048825843,7051.005588153115,9990.207672344506,4972.439650712455,1.0117262067082051,0.22762636466704325,0.8097519606848116,-0.6327216776164784,0.6150965312900063,-0.7616632484630695,0.9912469753709112,-0.04807669852743891,0.9169849806013157,-1.0281927292614848,0.7980294014826356,-0.675735699066044,0.605761969030132,-0.7920699049931061
1,2011-08-10 14:58:23.047392,3482,30063.0,11178162.0,1986905.0,491.82715062952326,8.6338311315336,3210.270534175761,-228.0,-14623.0,-11273600.0,-1130990.0,39.14406571604616,25,1,0,3710.0,3660.2,186.03144895420743,44686.0,47546.0,6179.912823011344,22451762.0,27653332.4,7992390.563584515,3117895.0,2953982.2,257376.6939785987,452.6830849134771,489.07756821221227,43.59823273039886,12.044743935309974,13.074706348132,2.275564993424947,6051.687870619946,7637.986272109521,2527.5959169170446,0.9513141358393118,-0.9579025535779531,0.6322929373659061,-2.829004308102532,0.4042247725630348,-2.061357020647278,0.6726191511919061,-3.7574388925844646,1.0056219761342895,0.06306637322321501,0.6603460835743191,-1.9515483967622922,0.4203032605462777,-1.751749837977494
1,2011-08-10 14:58:53.059124,3860,38253.0,12227869.0,2669167.0,450.4811588147669,9.910103626943004,3167.84170984456,378.0,8190.0,1049707.0,682262.0,-41.34599181475642,15,1,0,3482.0,3642.0,200.5779150355341,30063.0,44213.6,10027.737646150392,11178162.0,24127901.6,10764224.188834006,1986905.0,2741103.0,490955.86445641296,491.82715062952326,477.60751578558404,28.900614024571603,8.6338311315336,12.186023372087755,3.020155759110607,3210.270534175761,6667.652133772548,3173.017161547025,1.0598572213066833,1.0868594379410743,0.8651862775254477,-0.5944112431269734,0.5067937196826101,-1.1055169783944294,0.9737565498268395,-0.14652233572899165,0.9432036639391195,-0.9386083266886794,0.8132352387267687,-0.7535769430187932,0.47510602627250803,-1.1029913315125375
1,2011-08-10 14:59:23.058455,3804,45486.0,15960159.0,2720062.0,440.1722868278128,11.957413249211356,4195.625394321766,-56.0,7233.0,3732290.0,50895.0,-10.308871986954044,21,1,0,3860.0,3622.2,162.78882025496097,38253.0,43768.6,10281.123591321235,12227869.0,22397924.6,12036998.212870032,2669167.0,2775169.2,475612.65812407184,450.4811588147669,479.14986222830504,26.698476481480416,9.910103626943004,12.123184284392243,3.0739660014960584,3167.84170984456,6246.522117570205,3524.5705099639154,1.0501904919659184,1.1167843081247655,1.0392381753128719,0.16704399910624262,0.7125731193862488,-0.5348314825798265,0.9801427603044884,-0.11586571353537105,0.9186526419518433,-1.459917588408814,0.9863261143047515,-0.053927413330622724,0.6716738235056668,-0.5818855708660101
1,2011-08-10 14:59:53.053713,5994,56382.0,30895461.0,2926492.0,265.25090065615615,9.406406406406406,5154.397897897898,2190.0,10896.0,14935302.0,206430.0,-174.92138617165665,23,1,0,3804.0,3687.0,156.3937338898261,45486.0,41431.0,7394.742287600242,15960159.0,17410700.2,6213913.908437284,2720062.0,2716305.6,456431.80813287175,440.1722868278128,464.79860566645385,23.802570690577905,11.957413249211356,11.228804865268996,1.954626151876765,4195.625394321766,4735.286219423065,1744.223210989946,1.6257119609434159,10.0,1.360865052738255,2.0218419274824937,1.774509964854831,2.1700913464041274,1.07737951134806,0.46049901925067444,0.5706792090635774,-8.383451837868249,0.8377032567965428,-0.9323514147093727,1.0885082039507228,0.2402855757416064
1,2011-08-10 15:00:23.083091,3301,42949.0,21609708.0,2788273.0,527.7827673698879,13.010905786125416,6546.412602241745,-2693.0,-13433.0,-9285753.0,-138219.0,262.53186671373174,21,1,0,5994.0,4170.0,1029.802893761714,56382.0,42974.0,9721.076509318422,30895461.0,18542682.6,8195341.642767095,2926492.0,2684104.2,428523.36973418517,265.25090065615615,420.0829163683472,88.75611975757263,9.406406406406406,10.390499669880816,1.5392243596432265,5154.397897897898,4355.964681372021,1251.29260139261,0.7916067146281075,-0.8438508041328481,0.9994182528970774,-0.002571731636515045,1.1654035430666325,0.3742400907357952,1.038809521627364,0.24308779253886648,1.256377602620356,1.2134357754090344,1.2521925025981417,1.7024198571997387,1.50286172664244,1.7505481279359778
1,2011-08-10 15:00:53.048689,3801,53224.0,29191977.0,2868908.0,400.2341392896606,14.002630886608786,7680.078137332281,500.0,10275.0,7582269.0,80635.0,-127.54862808022727,18,1,0,3301.0,4088.2,1089.9633938807303,42949.0,42626.6,9675.530491917361,21609708.0,18374271.8,8103061.622430856,2788273.0,2618179.8,365881.01268901373,527.7827673698879,435.1028528596295,101.14233736825405,13.010905786125416,10.583732040043905,1.8316766156467947,6546.412602241745,4454.909627696381,1426.2334262554364,0.929749033804381,-0.2634950876443501,1.2486100228495531,1.0952784458538625,1.5887419821448379,1.3350145542586618,1.0957643168738829,0.6852725102002214,0.9198609861054212,-0.3447489397310339,1.3230333905191787,1.8665406412316246,1.723958234659386,2.2613188348146425
1,2011-08-10 15:01:23.050503,3657,61592.0,36740215.0,6538438.0,453.4871657883511,16.842220399234346,10046.544982225869,-144.0,8368.0,7548238.0,3669530.0,53.25302649869048,14,1,0,3801.0,4152.0,1054.3640263210805,53224.0,47258.8,7443.756088160076,29191977.0,21977034.8,8108293.192732673,2868908.0,2794580.4,105174.33211552193,400.2341392896606,416.7842505916569,96.48758328993787,14.002630886608786,11.657491991058944,1.9711741745241782,7680.078137332281,5348.871148327685,1802.312166721808,0.880780346820597,-0.46947732248291874,1.303291662081955,1.9255332697959084,1.6717548720448856,1.8207506622024952,2.3396850561179052,10.0,1.0880621452070312,0.38039003512010755,1.4447550477158575,2.630274114055228,1.8782551876137499,2.6064706883936144
1,2011-08-10 15:01:53.050233,3392,77366.0,56118630.0,16963573.0,441.9992616459316,22.808372641509436,16544.407429245282,-265.0,15774.0,19378415.0,10425135.0,-11.487904142419495,28,1,0,3657.0,4111.4,1072.1768977179095,61592.0,51926.6,7697.928669455035,36740215.0,26879504.0,8150336.013538161,6538438.0,3568434.6,1662132.3769809916,453.4871657883511,417.38545198637365,96.75901774651909,16.842220399234346,13.043915345517211,2.7276044658180396,10046.544982225869,6724.611802803946,2282.611162765264,0.8250231064842085,-0.6709713681861138,1.4899107586477551,3.304707161153475,2.087785176393136,3.5874749153203234,4.753785595510142,8.05900816656385,1.0589714124949965,0.25438259123076973,1.748583307664549,3.5798655614401507,2.4602769519490084,4.302001053276576
1,2011-08-10 15:02:23.069815,3811,343828.0,47958954.0,17050578.0,418.8790936129625,90.21988979270532,12584.348989766466,419.0,266462.0,-8159676.0,87005.0,-23.120168032969104,17,1,0,3392.0,4029.0,1116.6183322872685,77366.0,58302.6,12643.64748796859,56118630.0,34911198.2,13027526.088417618,16963573.0,6417136.8,6107069.913627443,441.9992616459316,417.7508469499975,96.86996732418348,22.808372641509436,15.214107223976828,5.009360738186114,16544.407429245282,9194.368209788649,4482.616011412938,0.9458922809627833,-0.19523233113435995,5.897301321038755,10.0,1.3737412770897104,1.0015528436822985,2.6570382604279215,1.7411690631332573,1.0027007645111905,0.011647022231127553,5.930015377083207,10.0,1.3687018729973588,0.7562505401636054
1,2011-08-10 15:02:53.047770,4036,116622.0,90118709.0,11847402.0,349.25042975792866,28.89544103072349,22328.71878097126,225.0,-227206.0,42159755.0,-5203176.0,-69.62866385503384,27,1,0,3811.0,3592.4,234.81226543773622,343828.0,115791.8,128097.10383611327,47958954.0,38323896.8,13917174.384751858,17050578.0,9241954.0,7248667.485937429,418.8790936129625,448.47648554135867,48.88731242415316,90.21988979270532,31.37680390123661,33.114758758658425,12584.348989766466,10680.358428162363,4015.7552261452606,1.123482908361785,1.8891687756223177,1.0071697650438027,0.006481020843860326,2.351501713677509,3.7216471367024186,1.2819152746269888,0.3594382008906637,0.7787485877560952,-2.0296893173529607,0.9209172840151433,-0.07493223455204526,2.0906338425957673,2.900664930214709
1,2011-08-10 15:03:23.060855,3655,158192.0,133888673.0,5439821.0,370.3246257113543,43.280984952120384,36631.64787961696,-381.0,41570.0,43769964.0,-6407581.0,21.074195953425654,21,1,0,4036.0,3739.4,236.8381303760046,116622.0,130526.4,121701.01229981604,90118709.0,52025697.0,23661111.509236112,11847402.0,11053779.8,6302727.950458454,349.25042975792866,412.7700180189669,41.05314226237401,28.89544103072349,34.55371095015622,31.641492722016615,22328.71878097126,13836.819663908265,5772.428286662913,0.9774295341496022,-0.3563615363187091,1.211954056803825,0.22732432111447273,2.5735104135173814,3.459811089941603,0.492123155918123,-0.890718883018209,0.8971693910516549,-1.0339133612551912,1.2525712509808484,0.27581739200362626,2.647403722053537,3.9489149251748636
1,2011-08-10 15:03:53.063871,3804,596223.0,569914328.0,127669943.0,357.5649521385384,156.7358044164038,149819.74973711884,149.0,438031.0,436025655.0,122230122.0,-12.759673572815927,23,1,0,3655.0,3710.2,236.34445201866166,158192.0,151520.0,113831.68907646043,133888673.0,72965036.2,39456562.29097055,5439821.0,11567962.4,5524943.591678321,370.3246257113543,406.78811530330563,45.29621736577986,43.280984952120384,40.409381763258544,29.52587959350092,36631.64787961696,19627.133612365204,10575.251325013473,1.0252816559751428,0.39687836629309536,3.934945881731759,3.9066713637297457,7.810786613438286,10.0,10.0,10.0,0.8789955721077424,-1.0866947843831967,3.8786984005539558,3.9398122681097223,7.633297489895515,10.0
1,2011-08-10 15:04:23.050612,4315,49133.0,18156180.0,2625484.0,284.91881933047506,11.386558516801854,4207.689455388181,511.0,-547090.0,-551758148.0,-125044459.0,-72.64613280806333,17,1,0,3804.0,3739.6,237.21361680983105,596223.0,258446.2,214673.1617743585,569914328.0,179599858.8,220804616.81437245,127669943.0,35794263.4,51579805.85850555,357.5649521385384,387.6036725733431,40.64755063972534,156.7358044164038,68.38809856669243,56.01225938525899,149819.74973711884,47581.7745633438,57875.650371649535,1.1538667237134577,2.4256617631645487,0.1901091987423294,-0.9750319894203018,0.10109239573633784,-0.7311607933258188,0.07334929540692825,-0.6430574688665767,0.7350777082119291,-2.526224867778052,0.16649912419382623,-1.0176618596441458,0.08843069629079421,-0.7494358133243844
1,2011-08-10 15:04:53.061863,3897,39967.0,22318459.0,3926292.0,302.5555999969207,10.255837823967154,5727.087246599948,-418.0,-9166.0,4162279.0,1300808.0,17.636780666445645,21,1,0,4315.0,3924.2,257.3688015280809,49133.0,252799.6,220907.68544190557,18156180.0,172007368.8,226686420.66888705,2625484.0,32926645.6,53259652.54372986,284.91881933047506,356.18758411025175,48.11273063178651,11.386558516801854,66.10373574175091,58.51295880151409,4207.689455388181,45114.43096857238,59761.856150114116,0.9930686509349694,-0.10568491533705342,0.15809756028094918,-0.9634458827190505,0.12975292370148736,-0.6603347009419915,0.119243607371897,-0.5445088770751688,0.8494276990363044,-1.1147150329643405,0.15514762832585952,-0.9544534930505715,0.12694579369934703,-0.6590716262733844
1,2011-08-10 15:05:23.051831,3866,41910.0,22041867.0,2605190.0,334.30629171417485,10.840662183135024,5701.465856182101,-31.0,1943.0,-276592.0,-1321102.0,31.750691717254146,41,1,0,3897.0,3941.4,250.69962106074397,39967.0,192027.4,231163.3981089998,22318459.0,166879269.8,230452927.28051707,3926292.0,30301788.4,54545586.36177318,302.5555999969207,332.92288538704344,37.07854068792029,10.255837823967154,50.110925348003285,61.14248581184107,5727.087246599948,43742.97861993908,60765.265584521716,0.9808697417158926,-0.3007583325442286,0.21825010389142271,-0.6493995209795926,0.13208271480583864,-0.6284901845646672,0.08597479348776656,-0.5077697435737976,1.0041553356253023,0.03731016111820163,0.2163333067117398,-0.6422745598711129,0.1303401376874484,-0.6260404261846325
1,2011-08-10 15:05:53.047825,4266,56771.0,34281842.0,4995704.0,299.77878382559777,13.307782466010314,8036.062353492734,400.0,14861.0,12239975.0,2390514.0,-34.52750788857708,19,1,0,3866.0,3907.4,246.14893865300485,41910.0,177085.0,239519.80572908776,22041867.0,153263901.4,238008931.05134597,2605190.0,28453346.0,55475980.06164112,334.30629171417485,329.93405777829264,36.020592630090015,10.840662183135024,46.49996957848559,63.206953872534754,5701.465856182101,40417.52803498124,62655.73211440656,1.0917745815629083,1.4568415446391993,0.32058615918908817,-0.5023133666703218,0.22367851585957343,-0.49990586014745747,0.1755752732912326,-0.4228432192443553,0.9086021183849197,-0.8371676241291854,0.28618905746298196,-0.5251350536348676,0.19882617132194105,-0.5168156940910192
1,2011-08-10 15:06:23.060361,3702,132935.0,109217557.0,93398646.0,311.3885449627229,35.90896812533766,29502.311453268503,-564.0,76164.0,74935715.0,88402942.0,11.609761137125131,38,1,0,4266.0,4029.6,241.13336558842352,56771.0,156800.8,245733.7068071858,34281842.0,133342535.2,244126008.37884822,4995704.0,28364522.6,55522375.315027304,299.77878382559777,315.8248894011414,29.464095868633997,13.307782466010314,40.50532908126358,64.98491540582526,8036.062353492734,34698.4109297564,64369.34052012527,0.9187016080998316,-1.3585842805255026,0.8477954194111201,-0.09712057946827017,0.8190751498476084,-0.09882182713839129,3.292798095604119,1.1713137817142039,0.9859531512927417,-0.15056781168671854,0.886524537361713,-0.07072965975490329,0.8502496414891233,-0.08072320509269844
1,2011-08-10 15:06:53.066158,3314,239018.0,226331621.0,9912548.0,365.26317799185273,72.12371756185878,68295.60078455039,-388.0,106083.0,117114064.0,-83486098.0,53.87463302912983,29,1,0,3702.0,4009.2,267.8277431484655,132935.0,64143.2,39021.69592931602,109217557.0,41203181.0,38499393.53592714,93398646.0,21510263.2,40199200.76464289,311.3885449627229,306.58960796597825,18.190162039858468,35.90896812533766,16.339961823050352,10.999263441157636,29502.311453268503,10634.923272986329,10635.642974401542,0.826598822707566,-2.59569823433875,3.726318612105356,4.481476159231113,5.493061834230711,4.808606655770838,0.460828763824703,-0.28850611403699206,1.1913749471612685,3.22556609963577,4.413946515817547,5.071590114389131,6.421823555419624,5.4214566670148265
1,2011-08-10 15:07:23.049034,3558,52927.0,34621976.0,8127266.0,353.8302990252951,14.875491849353567,9730.74086565486,244.0,-186091.0,-191709645.0,-1785282.0,-11.43287896655761,17,1,0,3314.0,3809.0,345.07825199511075,239018.0,102120.2,85491.809459737,226331621.0,82838269.2,88038039.22902806,9912548.0,22967676.0,39468832.07210406,365.26317799185273,322.65847969825376,27.410990158603887,72.12371756185878,28.487393632061732,26.61496706381457,68295.60078455039,23452.50553881877,26992.869089610293,0.9341034392226479,-0.7273712514424958,0.5182813978037595,-0.5754141865855269,0.41794663667357257,-0.5476756822646505,0.3538566984313084,-0.3760032719713783,1.0966093293289434,1.1372015073348165,0.5221780567559349,-0.511437859365354,0.4149126347949496,-0.5083477650193541
1,2011-08-10 15:07:53.049562,3440,177755.0,159031810.0,7115887.0,357.89499120901166,51.67296511627907,46230.1773255814,-118.0,124828.0,124409834.0,-1011379.0,4.064692183716545,62,1,0,3558.0,3741.2,356.57706039508685,52927.0,104712.2,83304.79619265613,34621976.0,85298972.6,86073621.9790332,8127266.0,23807870.8,39004130.06454159,353.8302990252951,332.91341950392865,27.600666303921816,14.875491849353567,29.41132443713902,25.894265241204042,9730.74086565486,24253.23626262975,26388.209727104662,0.9194910723829468,-0.8446981969771863,1.6975576866878768,0.8768138611260217,1.86440475368633,0.8566252436543299,0.29888800471817073,-0.42795426464785014,1.0750392451623993,0.9051075589660037,1.756907113277509,0.859713163162347,1.9061446820939354,0.8328318324822614
1,2011-08-10 15:08:23.058700,3844,98047.0,71119971.0,3939384.0,286.6243043147762,25.506503642039544,18501.553329864724,404.0,-79708.0,-87911839.0,-3176503.0,-71.27068689423544,33,1,0,3440.0,3656.0,369.94594199693785,177755.0,131881.2,79779.56783663321,159031810.0,112696961.2,82638511.91771111,7115887.0,24710010.2,38439198.811091006,357.89499120901166,337.63115940289606,29.824656765721592,51.67296511627907,37.577785023767824,24.996537990976687,46230.1773255814,32358.978556509606,25473.775304239793,1.0514223194745482,0.508182354926461,0.7434494074970447,-0.4240960551363577,0.631072659304322,-0.503118815128243,0.1594246205531716,-0.5403501332605032,0.8489272874601537,-1.7102243786769535,0.6787654893769817,-0.4829181299267476,0.571759497833167,-0.5439878879805438
1,2011-08-10 15:08:53.047664,3804,156435.0,114221178.0,15784768.0,318.6373681955836,41.12381703470032,30026.597791798107,-40.0,58388.0,43101207.0,11845384.0,32.01306388080735,24,1,0,3844.0,3571.6,209.20516246020802,98047.0,140136.4,71801.09171732666,71119971.0,120064587.0,75207712.79129437,3939384.0,24498746.2,38577292.227289,286.6243043147762,335.00026350073176,34.25029002675694,25.506503642039544,40.017529258973674,22.506825056605432,18501.553329864724,34452.07675178401,23314.00648763184,1.0650688766936205,1.1108712484238672,1.1163052568782907,0.22699654852276688,0.9513311198080413,-0.07769693802836138,0.6443092177509068,-0.2258836143464694,0.9511555748192312,-0.4777447225085526,1.0276450794235612,0.04915343558654516,0.8715468158314257,-0.18982061115636395
1,2011-08-10 15:09:23.052167,3495,42847.0,21042541.0,6192445.0,326.3043668197425,12.259513590844064,6020.7556509299,-309.0,-113588.0,-93178637.0,-9592323.0,7.666998624158907,37,1,0,3804.0,3592.0,229.12442034842545,156435.0,144836.4,71980.76355388259,114221178.0,121065311.2,75060442.94015548,15784768.0,8975970.6,4381332.968939524,318.6373681955836,336.4500281473039,33.136277214198024,41.12381703470032,41.06049904084621,22.389357766241144,30026.597791798107,34556.93401948993,23287.342625894944,0.9729955456567447,-0.4233507709569782,0.2958303299446804,-1.4168980011396024,0.17381148069109328,-1.3325630156452262,0.6898914085124119,-0.6353147819928726,0.9698449681089363,-0.3061798783753561,0.2985719578895025,-1.2863694327195994,0.17422713622493397,-1.2253943623789554
1,2011-08-10 15:09:53.049139,3687,30957.0,11141346.0,1930727.0,303.26694234336856,8.396257119609439,3021.7917005695685,192.0,-11890.0,-9901195.0,-4261718.0,-23.03742447637393,24,1,0,3495.0,3628.2,184.09562732450175,42847.0,105602.2,60332.35651953247,21042541.0,80007495.2,57076960.50862472,6192445.0,8231950.0,4496868.872126704,326.3043668197425,328.6582659128818,28.988060113971738,12.259513590844064,29.087658246643258,16.977647064076386,6020.7556509299,22101.964992765832,16352.261921661491,1.0162063833302972,0.3193992212321001,0.293147301855451,-1.2372332908268309,0.1392537783135098,-1.2065489925588078,0.234540661690122,-1.4012467739625152,0.9227424769010175,-0.8759235170896844,0.2886535948726543,-1.2187437427414047,0.13672049980888534,-1.1668216533958522
1,2011-08-10 15:10:23.048779,4000,50348.0,33390779.0,2468714.0,284.57812444350003,12.587,8347.69475,313.0,19391.0,22249433.0,537987.0,-18.688817899868525,49,1,0,3687.0,3654.0,180.8079091190475,30957.0,101208.2,65689.92689294131,11141346.0,75311369.2,62457086.94607067,1930727.0,6992642.2,5312775.923483339,303.26694234336856,318.5455945764965,26.744102015656626,8.396257119609439,27.791811300694434,18.51157954962452,3021.7917005695685,20760.17515974877,17829.678253515736,1.094690749862864,1.913633102024719,0.4974695726235572,-0.7742465611643783,0.4433696977587283,-0.6711902884006877,0.3530445187085362,-0.8515187286562372,0.8933670070714703,-1.2700920042797113,0.4529031902009419,-0.8213675801739713,0.40210136406674796,-0.696169624221936
1,2011-08-10 15:10:53.054466,3914,68155.0,55287835.0,42430880.0,287.8130580045989,17.413132345426675,14125.66044966786,-86.0,17807.0,21897056.0,39962166.0,3.234933561098842,50,1,0,4000.0,3766.0,188.39187880585868,50348.0,75726.8,51820.61511792374,33390779.0,50183163.0,42410614.1784622,2468714.0,6063207.6,5679653.285021438,284.57812444350003,303.88222122339414,18.650264019082293,12.587,19.97461827743862,13.472644089044067,8347.69475,13183.678644632495,11067.089374273124,1.0392989909715775,0.7855964967138055,0.9000116207207897,-0.14611559478345365,1.1017208102247362,0.12036307652890242,6.998091241342288,6.403150082402032,0.9471204233171332,-0.8616051333907263,0.8717629595066199,-0.19012496098704304,1.0714506042225023,0.08511558668939977
1,2011-08-10 15:11:23.048898,3988,295552.0,252374572.0,132171387.0,310.99582741850554,74.11033099297893,63283.49348044132,74.0,227397.0,197086737.0,89740507.0,23.18276941390667,36,1,0,3914.0,3780.0,197.9936867680414,68155.0,69748.4,50303.92404971991,55287835.0,47016735.8,41025044.85345425,42430880.0,13761506.8,16961808.290969614,287.8130580045989,304.11997196135866,18.380894125330343,17.413132345426675,18.355944018116045,13.123523514133474,14125.66044966786,12308.500068593123,10708.6380988199,1.0550264550261759,1.0505385469317055,4.237401861548018,4.488786993571583,5.367760387993588,5.005669998254961,9.6044269658029,6.980970316887785,1.022609023050278,0.37407622338117535,4.037402321329798,4.248431216705587,5.1414464092105705,4.760175191414949
1,2011-08-10 15:11:53.075855,3622,76614.0,52602439.0,12978000.0,294.0939942435119,21.152401987852016,14523.036720044174,-366.0,-218938.0,-199772133.0,-119193387.0,-16.90183317499367,29,1,0,3988.0,3816.8,219.50102505455675,295552.0,97571.8,111494.31635155209,252374572.0,74647414.6,100710412.82248428,132171387.0,37038830.6,55808710.98816725,310.99582741850554,302.5916638059431,17.148418594311682,74.11033099297893,24.953246809771766,27.665235776708887,63283.49348044132,18959.879206321762,25109.831062583133,0.9489624816597807,-0.8874673817614082,0.7852063813519808,-0.18797191359887705,0.7046786453606124,-0.2188946999835781,0.350389031990659,-0.431130376852844,0.9719170400911876,-0.4955366301096969,0.847681351779881,-0.1373870388258993,0.7659878294583762,-0.1766974248141747
1,2011-08-10 15:12:23.095527,3629,45593.0,30660132.0,2549721.0,285.77305512345,12.56351612014329,8448.644805731607,7.0,-31021.0,-21942307.0,-10428279.0,-8.320939120061894,44,1,0,3622.0,3842.2,175.9892042143525,76614.0,104325.2,108328.5672189011,52602439.0,80959394.2,97446962.55743349,12978000.0,38395941.6,54946938.499541365,294.0939942435119,296.149589290697,10.93948724363457,21.152401987852016,26.731824489173356,26.92099528176035,14523.036720044174,20660.335420144616,24288.99627483893,0.9445109572638217,-1.211437945586217,0.4370276788350232,-0.542167237210093,0.3787099978077652,-0.5161706520134429,0.06640600265940606,-0.6523788509217707,0.964961848527075,-0.9485393542861299,0.4699834882112761,-0.5262921455992066,0.4089306699974215,-0.5027663752026941
1,2011-08-10 15:12:53.078974,3556,90930.0,74681467.0,18658194.0,254.66254300421824,25.570866141732285,21001.5374015748,-73.0,45337.0,44021335.0,16108473.0,-31.110512119231743,33,1,0,3629.0,3830.6,190.12048811214714,45593.0,107252.4,106023.6411716744,30660132.0,84863151.4,94290642.91951701,2549721.0,38519740.4,54844843.02706803,285.77305512345,292.6508118467133,10.891488115147101,12.56351612014329,27.56527628928013,26.26801605376231,8448.644805731607,21745.70604117703,23409.070765124037,0.9283141022291734,-1.4443472280408631,0.8478131957886178,-0.15395057007682342,0.8800223155511993,-0.10798191723743694,0.48438005568697967,-0.36214063718256184,0.870192504836573,-3.4878859929320214,0.9276477359578978,-0.07592541984860961,0.9657785937971358,-0.03178975564937405
1,2011-08-10 15:13:23.050853,3552,34043.0,15800131.0,5386463.0,238.33977010951577,9.584177927927929,4448.235078828829,-4.0,-56887.0,-58881336.0,-13271731.0,-16.322772894702467,18,1,0,3556.0,3741.8,194.84917243858493,90930.0,115368.8,102057.55754328029,74681467.0,93121289.0,90382767.6638884,18658194.0,41757636.4,52617040.71645113,254.66254300421824,286.6676955588569,20.453911231223735,25.570866141732285,30.16204951762659,25.02971945929581,21001.5374015748,24276.474571491985,22253.996888097645,0.9492757496389573,-0.9740867647710935,0.2950797789350301,-0.7968621036762592,0.1696725976376895,-0.8554856196431011,0.12899348393195934,-0.6912432342214233,0.8314148186248975,-2.362771838630247,0.3177561896783312,-0.8221375242475636,0.18323233325040678,-0.8909967765506082
1,2011-08-10 15:13:53.049278,3458,72069.0,52279210.0,3007659.0,222.45716893956043,20.841237709658763,15118.337189126663,-94.0,38026.0,36479079.0,-2378804.0,-15.882601169955336,35,1,0,3552.0,3669.4,181.67773666578321,34043.0,108546.4,107022.19084516991,15800131.0,85223748.2,96061847.57981472,5386463.0,34348753.0,55050347.6973594,238.33977010951577,276.7730379798403,29.65723022592478,9.584177927927929,28.596258634126837,26.24215515867772,4448.235078828829,22340.989497324183,23729.47034629507,0.9423884013732647,-1.163598819968408,0.6639464781881236,-0.3408395932837132,0.61343476559272,-0.3429513280246608,0.08756239273082199,-0.5693169128067712,0.8037530337581513,-1.8314545432826141,0.7288099459297089,-0.29551768432434317,0.676708486476695,-0.3043747796640097
1,2011-08-10 15:14:23.073160,3375,24297.0,8064625.0,1685434.0,239.40468184296296,7.199111111111111,2389.5185185185187,-83.0,-47772.0,-44214585.0,-1322225.0,16.947512903402526,43,1,0,3458.0,3563.4,68.97680769651531,72069.0,63849.8,23375.058046986567,52279210.0,45204675.8,22637514.01545978,3007659.0,8516007.4,7044605.216900552,222.45716893956043,259.06530628405125,30.53440977930147,20.841237709658763,17.942439977462804,6.627464381178429,15118.337189126663,12707.958239061249,6408.054882469735,0.9471291463206636,-2.7313528458172853,0.38053369000372156,-1.6920941937552674,0.1784024518985711,-1.64064175839432,0.19791363732257908,-0.9696176279137583,0.9241093887714337,-0.6438842139916475,0.4012336738900929,-1.6210315509565048,0.1880332366196733,-1.6102296109805287
1,2011-08-10 15:14:53.057351,3604,29726.0,12901226.0,3294898.0,220.1764045033296,8.248057713651498,3579.696448390677,229.0,5429.0,4836601.0,1609464.0,-19.228277339633337,34,1,0,3375.0,3514.0,98.60273829870157,24297.0,53386.4,27566.550578554372,8064625.0,36297113.0,27284433.57064666,1685434.0,6257494.2,7066625.720338366,239.40468184296296,248.12744380394147,23.930878156496828,7.199111111111111,15.151781802114622,7.776077582229495,2389.5185185185187,10281.254598756119,7713.363486378222,1.0256118383605506,0.9127535558540608,0.5568084755668006,-0.8583010751590353,0.35543394318991706,-0.8574811325813975,0.5265523058734916,-0.4192377405065319,0.8873520845860774,-1.1679905399483077,0.5443622288671036,-0.8878157418789444,0.3481770064154835,-0.8688243672425792
1,2011-08-10 15:15:23.051787,3967,48027.0,16195941.0,3263750.0,215.9943385462566,12.106629694983615,4082.6672548525335,363.0,18301.0,3294715.0,-31148.0,-4.182065957073007,60,1,0,3604.0,3509.0,91.70605214489525,29726.0,50213.0,29531.271349198596,12901226.0,32745331.8,29284285.403365895,3294898.0,6406529.6,6976158.195503119,220.1764045033296,235.00811367991741,14.091062319902223,8.248057713651498,14.288690120816264,8.353250580716034,3579.696448390677,9307.46492728793,8288.470855047994,1.1305215161011313,4.994217821865969,0.9564654571525112,-0.07402322690923527,0.4946030505636837,-0.565128722522894,0.5094411801359663,-0.45050291463084324,0.9190931119915426,-1.3493500135512413,0.8472875814207046,-0.2612229101098487,0.438644387784089,-0.6303693122420364
1,2011-08-10 15:15:53.051368,3673,163260.0,133560470.0,8349188.0,230.37583133297036,44.4486795534985,36362.7742989382,-294.0,115233.0,117364529.0,5085438.0,14.38149278671372,36,1,0,3967.0,3591.2,227.71187935635226,48027.0,41632.4,19151.729525032508,16195941.0,21048226.6,17758160.352231335,3263750.0,3327640.8,1326945.2235173683,215.9943385462566,227.27447278832506,10.844505461088701,12.106629694983615,11.59584283146653,5.484613486226503,4082.6672548525335,5923.690897943479,5198.378178230222,1.022777901536806,0.35922587890827606,3.9214650128264545,6.350737140529203,6.345450024754104,6.335805126675901,2.5090412402684805,3.7842912510655493,1.0136458727880107,0.285984322243863,3.833156433359825,5.990000352539923,6.138533378160579,5.8554961484837165
1,2011-08-10 15:16:23.060370,3935,45304.0,23557429.0,2453728.0,247.1242367473952,11.513087674714104,5986.640152477764,262.0,-117956.0,-110003041.0,-5895460.0,16.748405414424838,50,1,0,3673.0,3615.4,228.93077556327333,163260.0,67475.8,56708.514455062126,133560470.0,44600294.4,52724216.34215488,8349188.0,3920185.8,2562458.4899248793,230.37583133297036,225.68168503301598,9.285821862267984,44.4486795534985,18.568743156580645,15.431131930724302,36362.7742989382,12306.598741965354,14393.972770119599,1.088399623831087,1.3960552014566114,0.6714110836773973,-0.3909783250903063,0.5281899888086837,-0.3991119614456077,0.6259213530134208,-0.5722854851174545,1.0950123697904297,2.3091711245506152,0.6200251453213683,-0.45723512138218947,0.4864577352362116,-0.43906978916944545
1,2011-08-10 15:16:53.057776,3798,72163.0,59001646.0,13770860.0,204.39919973117432,19.00026329647183,15534.925223802002,-137.0,26859.0,35444217.0,11317132.0,-42.72503701622085,56,1,0,3935.0,3710.8,245.71365448424206,45304.0,62122.8,57425.25714091311,23557429.0,38855938.2,53240539.662614234,2453728.0,3809399.6,2623032.5702449232,247.1242367473952,230.61509859458292,12.967253215029338,11.513087674714104,16.703113149591708,15.650035917081878,5986.640152477764,10480.259334635575,14526.73598706486,1.0234989759617807,0.35488463261302877,1.161618600578191,0.17483944347628522,1.5184717892103297,0.3783903755984354,3.6149686160517254,3.797688413403824,0.8863218452561861,-2.0217002341715733,1.1375282634542139,0.14678242011099918,1.4823035125151993,0.3479560648494568
1,2011-08-10 15:17:23.075289,3666,57498.0,34887030.0,14449665.0,216.61344735979267,15.684124386252046,9516.374795417349,-132.0,-14665.0,-24114616.0,678805.0,12.214247628618352,28,1,0,3798.0,3795.4,158.5537763662574,72163.0,71696.0,53391.067394274745,59001646.0,49043342.4,50687890.089194916,13770860.0,6226484.8,4822581.221937919,204.39919973117432,223.6140021722252,16.10542181790965,19.00026329647183,19.063343586663855,14.720664916141457,15534.925223802002,13109.340675692272,13871.134151175243,0.965906096853832,-0.8161268874496653,0.8019694264672952,-0.2659246329569021,0.7113509865510308,-0.27928391525252466,2.3206777923877686,1.7051408408826287,0.9686935757806013,-0.43467068985508156,0.8227373290591821,-0.22955615248580802,0.7259232200031361,-0.259024665259275
1,2011-08-10 15:17:53.073260,4227,37120.0,14249861.0,2934261.0,190.8779202363378,8.781641826354388,3371.1523539153063,561.0,-20378.0,-20637169.0,-11515404.0,-25.735527123454855,27,1,0,3666.0,3807.8,141.33187892333817,57498.0,77250.4,49214.50451137332,34887030.0,53440503.2,47630143.538958564,14449665.0,8457438.2,5638481.2813299615,216.61344735979267,222.90141074351783,16.372157806460127,15.684124386252046,20.550556921183965,13.694721598766183,9516.374795417349,14296.676345097605,13083.194423747085,1.1100898156412862,2.966068258559118,0.4805153112475731,-0.8154181454925584,0.26664907975641966,-0.8228117592789624,0.34694442106594403,-0.9795505073836538,0.8563333879259998,-1.9559725042833536,0.427318921798891,-0.859376001848078,0.23579972523271492,-0.8350807637124714
1,2011-08-10 15:18:23.058893,3804,68058.0,44837564.0,3918481.0,163.83016237171398,17.891167192429023,11786.951629863304,-423.0,30938.0,30587703.0,984220.0,-27.047757864623836,48,1,0,4227.0,3859.8,232.78896021933886,37120.0,75069.0,51041.45174267662,14249861.0,53051287.2,48016960.21009831,2934261.0,8391540.4,5715751.510151351,190.8779202363378,217.87812708153405,21.93068403595741,8.781641826354388,19.88555934745812,14.275660626688046,3371.1523539153063,14154.37336491016,13225.163018028428,0.9855432923983145,-0.23970208873816223,0.9066059225512407,-0.137358945731903,0.8451739131411687,-0.1710587918114941,0.46695610260066184,-0.782584650864494,0.7519348755446835,-2.4644906022419946,0.8997065095790863,-0.13970576963429046,0.8327427379500445,-0.17900888872367224
1,2011-08-10 15:18:53.054863,3803,59105.0,35666417.0,4317993.0,171.74384601446226,15.541677622929267,9378.495135419404,-1.0,-8953.0,-9171147.0,399512.0,7.913683642748282,24,1,0,3804.0,3886.0,213.0434228038989,68058.0,56028.6,14830.177537709884,44837564.0,35306706.0,17563454.921640985,3918481.0,7505399.0,6057216.668350291,163.83016237171398,204.5689932892828,30.834819098533792,17.891167192429023,14.574056875244224,4.322857231145338,11786.951629863304,9239.208831095182,4775.38346801531,0.9786412763764851,-0.38959193814685295,1.0549076721531316,0.2074418861255831,1.0101881778492732,0.020480651534953896,0.5753182475708486,-0.5262162763063424,0.839539967676129,-1.0645480736845583,1.066393369732368,0.22383823839697664,1.0150755661950652,0.02916756429239824
1,2011-08-10 15:19:23.052241,4051,275410.0,261953677.0,7606658.0,155.67235716119478,67.98568254751913,64663.95383855838,248.0,216305.0,226287260.0,3288665.0,-16.071488853267482,22,1,0,3803.0,3859.6,213.63122430955855,59105.0,58788.8,13565.492386935075,35666417.0,37728503.6,16329866.495489387,4317993.0,7878252.0,5716305.086940175,171.74384601446226,189.4929151426962,21.9843419379656,15.541677622929267,15.379774864887258,3.970806864922016,9378.495135419404,9917.579827683508,4425.957825340301,1.0495906311532155,0.8959364466392767,4.684735868056421,10.0,6.943123951515532,10.0,0.9655261090912044,-0.04751215966770221,0.8215207256859465,-1.538393010598012,4.420460191411069,10.0,6.520134444297757,10.0
1,2011-08-10 15:19:53.090363,3805,39631.0,19582007.0,3316507.0,184.60318070827856,10.41550591327201,5146.388173455979,-246.0,-235779.0,-242371670.0,-4290151.0,28.930823547083776,19,1,0,4051.0,3910.2,225.05043879095356,275410.0,99438.2,99020.3221525762,261953677.0,78318909.8,103263176.61723189,7606658.0,6645411.6,4702553.359285873,155.67235716119478,179.7475466287003,24.392708676779613,67.98568254751913,25.17685871509672,24.17348007333775,64663.95383855838,19743.385550634783,25304.32284314363,0.9730960053191722,-0.467450765991402,0.39854904855477674,-0.6039891478826439,0.2500291059975914,-0.5688078240873946,0.49906720601023413,-0.7078929989016699,1.0270136320056786,0.19906088100832672,0.4136936236057479,-0.6106424377636536,0.26066391502394853,-0.5768578541959828
1,2011-08-10 15:20:23.048575,3799,49524.0,30672127.0,3929096.0,158.01352760805474,13.03606212161095,8073.737036062122,-6.0,9893.0,11090120.0,612589.0,-26.589653100223813,29,1,0,3805.0,3938.0,193.75241933973524,39631.0,95864.8,101210.3893565279,19582007.0,75257905.2,105083278.16795519,3316507.0,4418780.0,1860230.2062930064,184.60318070827856,173.34549329839746,14.487650411131968,10.41550591327201,24.123135020500712,24.797491903433375,5146.388173455979,18869.38822624251,25816.158917560573,0.9647028948702476,-0.7174103965925349,0.5166025485892578,-0.4578660382063893,0.4075602013966235,-0.42428994391227787,0.8891811767048822,-0.26323838756269996,0.9115525566917292,-1.0582782752338995,0.5403966818571482,-0.4471046080635106,0.42787487009426106,-0.4181741840315599
1,2011-08-10 15:20:53.050488,4343,40523.0,19821185.0,2737966.0,140.8342564768593,9.330647018190191,4563.9385217591525,544.0,-9001.0,-10850942.0,-1191130.0,-17.179271131195435,26,1,0,3799.0,3852.4,111.04413536968494,49524.0,98345.6,99548.87999018359,30672127.0,78542358.4,102934388.56690568,3929096.0,4617747.0,1708791.9786116253,158.01352760805474,166.77261477274084,11.739224578002005,13.03606212161095,24.974019079552022,24.205392851763918,8073.737036062122,19809.905162671876,25188.410797200813,1.1273491849233912,4.418063127442889,0.41204690397943156,-0.580846313948497,0.2523629975440106,-0.5704718725932121,0.5929224792956391,-1.100064269687935,0.8444687196871506,-2.2095461349532033,0.3736141542975048,-0.6462763135685102,0.2303866921260595,-0.6052770364776805
1,2011-08-10 15:21:23.050335,3860,30353.0,14296115.0,3524564.0,126.37918152487046,7.863471502590674,3703.656735751296,-483.0,-10170.0,-5525070.0,786598.0,-14.455074951988848,58,1,0,4343.0,3960.2,239.5646050651066,40523.0,92838.6,102365.02960142188,19821185.0,73539082.6,105556800.58011794,2737966.0,4381644.0,1900378.9517376313,140.8342564768593,162.17343359376991,16.65544687286442,9.330647018190191,23.261915044704256,25.11720510873701,4563.9385217591525,18365.302541051045,25958.916992569328,0.9746982475630083,-0.41825878231197866,0.3269437496903192,-0.6104194004856855,0.1944015956489509,-0.5612425468980977,0.804393054296515,-0.4510047847121857,0.779284120237966,-2.1491018727973894,0.3380405906882894,-0.6130635743442719,0.20166598004429792,-0.5648019063929378
1,2011-08-10 15:21:53.081959,3827,92958.0,65478602.0,3730464.0,156.8259405265221,24.290044421217665,17109.642539848446,-33.0,62605.0,51182487.0,205900.0,30.44675900165163,26,1,0,3860.0,3971.6,231.4320634657187,30353.0,87088.2,105493.54965920893,14296115.0,69265022.2,107880727.01337126,3524564.0,4222958.2,1939741.567955667,126.37918152487046,153.1005006958516,21.723609118642518,7.863471502590674,21.72627382063654,25.92882082607721,3703.656735751296,17230.334861117422,26566.999632580344,0.9635914996472547,-0.6248053870927623,1.067400635218077,0.05564131663937758,0.9453343104537401,-0.035098208037944494,0.8833769654646354,-0.25389681189285934,1.0243332961859288,0.17149267463581583,1.1180032351901938,0.09887725391290474,0.9929953583466141,-0.004542941353488826
1,2011-08-10 15:22:23.068902,3839,36271.0,19028809.0,1939804.0,148.75102672597032,9.44803334201615,4956.709820265694,12.0,-56687.0,-46449793.0,-1790660.0,-8.07491380055177,409,1,0,3827.0,3926.8,233.88715227647845,92958.0,50597.8,24633.127160391123,65478602.0,29970007.2,20723979.551357426,3730464.0,3447719.4,457859.04414094856,156.8259405265221,153.33121736891704,21.76384087136128,24.290044421217665,12.987146195376244,6.595325302855408,17109.642539848446,7719.472601375435,5500.130240061021,0.9776408271363508,-0.3753947112744194,0.7168493491811755,-0.58160703294855,0.6349284093598749,-0.5279487066123527,0.562633954491772,-3.293405294263,0.9701287792368019,-0.21044955574745425,0.7274911053709705,-0.536609293751022,0.6421047234991,-0.502308610982744
1,2011-08-10 15:22:53.079654,3676,34793.0,18891277.0,2346753.0,159.8067747241567,9.464907508161044,5139.085146898803,-163.0,-1478.0,-137532.0,406949.0,11.055747998186376,34,1,0,3839.0,3933.6,229.92129088016313,36271.0,49925.8,25049.413120869704,19028809.0,29859367.6,20794659.038268488,1939804.0,3172378.8,824025.1129073959,148.75102672597032,146.16078657245538,13.044406311603554,9.44803334201615,12.793651681125072,6.702948023351181,4956.709820265694,7681.536930737379,5522.921096812915,0.9345129143784486,-1.1203834103956156,0.6968941909793995,-0.6041179458768092,0.6326750537074335,-0.527447484462976,0.7397455184103485,-1.0019425222211433,1.093362853817452,1.0461179930064362,0.7398128183671864,-0.49660897874651755,0.6690178271921442,-0.4603454837160857
1,2011-08-10 15:23:23.052147,3412,93297.0,74150890.0,11125133.0,155.86874028692847,27.343786635404456,21732.382766705745,-264.0,58504.0,55259613.0,8778380.0,-3.938034437228225,78,1,0,3676.0,3909.0,253.3130474334093,34793.0,46979.6,25958.294007888897,18891277.0,27503197.6,21339822.669684842,2346753.0,2855910.2,762290.088110837,159.8067747241567,146.5194359956758,13.469488850957966,9.464907508161044,12.079420758435091,6.85910334350894,5139.085146898803,7094.606552904715,5625.798467215511,0.8728575083139235,-1.9619992141490024,1.9859045202598153,1.7843006164396649,2.6960825093297514,2.1859456436002764,3.8954771757179185,10.0,1.0638093112129152,0.6941098057996191,2.2636670399983005,2.225417100500354,3.063225931507771,2.601901987620149
1,2011-08-10 15:23:53.048905,3752,53155.0,40389267.0,5061057.0,121.6453730759595,14.167110874200429,10764.73001066098,340.0,-40142.0,-33761623.0,-6064076.0,-34.22336721096897,347,1,0,3412.0,3722.8,188.39506362960086,93297.0,57534.4,32565.038596629907,74150890.0,38369138.6,28931827.827997036,11125133.0,4533343.6,3762365.1317448216,155.86874028692847,149.52633275768963,13.560877585047471,27.343786635404456,15.682048681877944,9.337286322653124,21732.382766705745,10528.295401894033,8299.210050028687,1.0078435586115269,0.1549934453550984,0.9238820601240141,-0.13448164622943462,1.0526498241479938,0.06982373917091891,1.1164071040192054,0.14026108086837114,0.8135381295833336,-2.0559849098863867,0.9033966901064678,-0.16224604828063263,1.0224570644858038,0.02848880885550084
1,2011-08-10 15:24:23.090120,3748,108270.0,95888400.0,38637106.0,129.10994429722518,28.887406616862325,25583.884738527213,-4.0,55115.0,55499133.0,33576049.0,7.464571221265686,105,1,0,3752.0,3701.2,174.40384170081066,53155.0,62094.8,29233.077809221413,40389267.0,43587769.0,25673929.30154427,5061057.0,4840642.2,3721903.0260617547,121.6453730759595,148.5795710679074,15.593789770286964,14.167110874200429,16.942776556199895,8.395793248288374,10764.73001066098,11940.51005687597,7399.59470275354,1.0126445477139814,0.2683427127712996,1.7436242648337423,1.5795531452877913,2.1998923597121935,2.0371105016969158,7.981814065910509,9.08042567561491,0.8689616167847685,-1.248550035382155,1.704998382014695,1.4226922586111628,2.1426123856235546,1.843800266056791
1,2011-08-10 15:24:53.063573,3971,30082.0,10395772.0,1962507.0,115.83005565424324,7.575421808108788,2617.9229413246035,223.0,-78188.0,-85492628.0,-36674599.0,-13.27988864298193,228,1,0,3748.0,3685.4,163.3884940869506,108270.0,65157.2,33730.593920060055,95888400.0,49669728.6,34306700.7077586,38637106.0,11821970.6,15432789.663143817,129.10994429722518,143.03637182204804,16.808432300074767,28.887406616862325,17.862248995328827,9.571077152627446,25583.884738527213,13635.358496611723,9540.377258907289,1.077494980191817,1.7479811023061633,0.4616834363661965,-1.0398631012286816,0.2092979424896636,-1.144789670523987,0.166005065179235,-0.6388646392003975,0.8097944192651779,-1.6186111637588694,0.4241023518183932,-1.074782599920984,0.19199516770864103,-1.1548217912451664
1,2011-08-10 15:25:23.052751,3587,34522.0,16247479.0,2513167.0,121.7540728215779,9.624198494563702,4529.545302481182,-384.0,4440.0,5851707.0,550660.0,5.924017167334654,99,1,0,3971.0,3711.8,200.79392421087195,30082.0,63919.4,35139.750373330666,10395772.0,47943121.2,36388427.76667893,1962507.0,11826511.2,15429158.190190436,115.83005565424324,136.45217760770262,20.12996446243299,7.575421808108788,17.487726688547355,10.009252284437645,2617.9229413246035,13167.601120823505,10112.444703477267,0.9663774987873898,-0.6215327505045164,0.5400864213368627,-0.8365853396132928,0.3388907228676634,-0.8710363196572034,0.21250282162671943,-0.6036197234610793,0.8922838385967444,-0.7301604934685554,0.5503401708763102,-0.785625935857788,0.343991685419277,-0.8542005490889049
1,2011-08-10 15:25:53.069697,3914,28543.0,10031754.0,4704425.0,111.25285396346447,7.292539601430762,2563.04394481349,327.0,-5979.0,-6215725.0,2191258.0,-10.501218858113418,397,1,0,3587.0,3694.0,208.5557479428497,34522.0,63865.2,35196.07040139556,16247479.0,47414361.6,36931276.88964879,2513167.0,11859794.0,15403755.351902094,121.7540728215779,128.84163722718685,15.826064975617768,9.624198494563702,17.519584885827886,9.977535999769838,4529.545302481182,13045.69315193998,10236.34191662711,1.0595560368161723,1.0548738271132738,0.4469257122814859,-1.00358362729603,0.21157627481374758,-1.0122208260412928,0.39667004334139355,-0.46452107531793774,0.8634852548980614,-1.1113807057982472,0.41625070733917124,-1.0250071043199478,0.1964666740940593,-1.0240620421342388
1,2011-08-10 15:26:23.077682,3843,24749.0,9504989.0,1825173.0,96.4103946906063,6.440020817069997,2473.3252667187094,-71.0,-3794.0,-526765.0,-2879252.0,-14.842459272858193,206,1,0,3914.0,3794.4,152.0338778036037,28543.0,50914.4,33533.05960242815,10031754.0,34590534.4,36455594.66876749,4704425.0,10575652.4,15744183.023119971,111.25285396346447,119.91845996249405,6.757271358700775,7.292539601430762,13.509335479033146,9.025961336833436,2563.04394481349,9211.82538756153,9747.633444830028,1.012808349145843,0.31966559494365715,0.4860903791461652,-0.7802866875322219,0.27478583852118804,-0.6881123632168171,0.17258254441116083,-0.5557912650754963,0.8039662510672322,-3.4789287007305774,0.47670892669653325,-0.7832201354919658,0.2684945884947084,-0.6912960113837795
1,2011-08-10 15:26:53.095047,4225,49376.0,24599749.0,2514408.0,98.21635857822486,11.68662721893491,5822.425798816568,382.0,24627.0,15094760.0,689235.0,1.80596388761856,299,1,0,3843.0,3812.6,151.13338479634814,24749.0,45233.2,35412.187332894326,9504989.0,28413678.8,37818425.05098131,1825173.0,9928475.6,16090238.7685347,96.4103946906063,114.87146428542341,12.297651625050733,6.440020817069997,11.963917467607061,9.532482223760057,2473.3252667187094,7553.544438773077,10115.72814585851,1.1081676546186046,2.7287154360565626,1.0915875949523561,0.11698797256027293,0.8657713481296903,-0.10084845666784416,0.25325217095764424,-0.460780458677754,0.8550109392993346,-1.3543322102178608,0.9768227881544861,-0.029088986701900712,0.7708203540749321,-0.1711313921247554
1,2011-08-10 15:27:23.068637,3879,75065.0,49712833.0,3610618.0,100.56640249497292,19.351637019850475,12815.888888888889,-346.0,25689.0,25113084.0,1096210.0,2.350043916748064,109,1,0,4225.0,3908.0,230.08694009004662,49376.0,33454.4,9564.465970455798,24599749.0,14155948.6,6446448.645734626,2514408.0,2703936.0,1161487.3317810271,98.21635857822486,108.69274714162336,11.053330350175337,11.68662721893491,8.523761588021577,2.1196645903903617,5822.425798816568,3601.252650830947,1509.3353023058323,0.9925793244623867,-0.12603931361130077,2.243800516523918,4.350540859105872,3.511798071942702,5.515732204510255,1.3353193270846642,0.7806215144935685,0.9252356310675698,-0.7351942254929834,2.270316551881856,5.108296603061392,3.5587308449264765,6.10509555032239
1,2011-08-10 15:27:53.048202,3703,24919.0,9517574.0,1601603.0,121.55142829624629,6.72940858763165,2570.233324331623,-176.0,-50146.0,-40195259.0,-2009015.0,20.98502580127337,285,1,0,3879.0,3889.6,227.45285225734315,75065.0,42451.0,20501.773886666557,49712833.0,22019360.8,16637409.981759643,3610618.0,3033558.2,1131957.662742971,100.56640249497292,105.6400165097693,10.691175453135722,19.351637019850475,10.879004630369916,5.16186984021798,12815.888888888889,5640.8458403438035,4250.154526830301,0.9520259152609647,-0.8203898001158404,0.587006195378187,-0.855145515549812,0.4322366160601719,-0.7514262624835406,0.5279618502127302,-1.2650254043336489,1.1506191717023722,1.4882752466962739,0.6185684091196368,-0.8038939706699655,0.4556467943067407,-0.7224707940916851
1,2011-08-10 15:28:23.048940,3542,26048.0,8913177.0,2067801.0,127.02418104404292,7.354037267080745,2516.424901185771,-161.0,1129.0,-604397.0,466198.0,5.472752747796633,94,1,0,3703.0,3912.8,192.02916445165488,24919.0,40530.4,21836.605684034403,9517574.0,20673379.8,17472373.715542324,1601603.0,2851245.4,1297961.0461720794,121.55142829624629,105.59948760470297,10.614929716405303,6.72940858763165,10.300046648983505,5.4897233115113515,2570.233324331623,5248.983444713892,4463.214807183187,0.9052341034550947,-1.930956691171885,0.6426780885458658,-0.6632166285160329,0.43114271039513336,-0.6730741335700062,0.7252272989199735,-0.603596234502197,1.2028863389786266,2.018354714512134,0.7139809669786809,-0.536640776628698,0.47941185711292617,-0.6122399798301605
1,2011-08-10 15:28:53.057499,4006,48469.0,21880110.0,3175569.0,99.62236844458312,12.099101347978031,5461.834747878183,464.0,22421.0,12966933.0,1107768.0,-27.401812599459788,355,1,0,3542.0,3838.4,253.6312283611799,26048.0,40031.4,22204.428258795673,8913177.0,20449664.4,17648961.020065837,2067801.0,2323920.6,794978.739350988,127.02418104404292,108.75375302081866,14.387641552246583,7.354037267080745,10.312346182113501,5.4813630693562025,2516.424901185771,5239.659635988349,4470.2716972762,1.0436640266775106,0.6608019094583683,1.210774541984512,0.3799962737908955,1.069949588023557,0.08104984754477436,1.3664705239929447,1.0712844983694474,0.9160361429053067,-0.634668617677304,1.17326369122386,0.32596913266473687,1.042402584771498,0.04970058352944394
1,2011-08-10 15:29:23.053469,4463,91491.0,61516281.0,9987677.0,103.92001197423258,20.499887967734708,13783.616625588167,457.0,43022.0,39636171.0,6812108.0,4.297643529649449,110,1,0,4006.0,3871.0,264.6082009311141,48469.0,44775.4,20598.90895897163,21880110.0,22924688.6,16564833.46883907,3175569.0,2593999.8,812374.1043130945,99.62236844458312,109.39614777161401,13.756609793800743,12.099101347978031,11.444162288295109,5.049106757420879,5461.834747878183,5837.361532220244,4199.518851720388,1.1529320588992114,2.2372700389277775,2.0433318295313487,2.267867686247104,2.6834074858491204,2.3297301764365184,3.8502998342559613,9.101320636323997,0.9499421514387885,-0.39807306299049894,1.7912965099167057,1.793530244599502,2.3612751325243337,1.8921822651446707
1,2011-08-10 15:29:53.056987,4516,568356.0,573894839.0,13017251.0,89.4467803914969,125.85385296722764,127080.3452170062,53.0,476865.0,512378558.0,3029574.0,-14.47323158273568,379,1,0,4463.0,3918.6,351.3862547112518,91491.0,53198.4,29596.061052106204,61516281.0,30307995.0,24039103.254095104,9987677.0,4088653.6,3395952.904389826,103.92001197423258,110.53687845081556,12.801086833995504,20.499887967734708,13.206814438055067,6.488192766956344,13783.616625588167,7429.599697574563,5500.237935773995,1.152452406471405,1.7001234168627557,10.0,10.0,10.0,10.0,3.1837500247025075,2.6291876393392624,0.8092030609538869,-1.6475240212934679,9.529463259137934,10.0,10.0,10.0
1,2011-08-10 15:30:23.071194,3813,23987.0,8839147.0,1773078.0,92.47384768082875,6.290847102019408,2318.1607658012063,-703.0,-544369.0,-565055692.0,-11244173.0,3.0270672893318533,143,1,0,4516.0,4046.0,438.1934504302869,568356.0,151856.6,234385.21168431244,573894839.0,135144396.2,246205335.08145273,13017251.0,5969980.2,5194332.708164179,89.4467803914969,108.31295403012037,15.621491147988795,125.85385296722764,34.5072576275305,51.36009790200839,127080.3452170062,30282.490963198023,54307.05770319313,0.9424122590210227,-0.5317286229875696,0.15795823164748746,-0.5455531903276553,0.06540520545830816,-0.5130077671071348,0.2969989749714747,-0.807977161994943,0.8537653552894445,-1.0139305011427737,0.18230504347056994,-0.5493838928967137,0.07655119153237311,-0.5149299442851617
1,2011-08-10 15:30:53.052631,4178,53660.0,40204958.0,2266799.0,76.72666042771661,12.843465773097176,9623.015318334132,365.0,29673.0,31365811.0,493721.0,-15.747187253112145,389,1,0,3813.0,4068.0,419.0089497850854,23987.0,151670.2,234511.73553300046,8839147.0,135008710.8,246292048.97694448,1773078.0,6004275.2,5158724.578618654,92.47384768082875,102.49743790703685,14.854653251647985,6.290847102019408,34.419545330408056,51.41973620226231,2318.1607658012063,30232.076451491943,54339.32254211257,1.0270403146506817,0.26252422545188536,0.3537939555693844,-0.4179330291392075,0.29779528862814675,-0.3849241304938538,0.37753083003257404,-0.7244961701368402,0.7485714959681001,-1.734862271169228,0.37314455055794804,-0.4196069670995705,0.3183048089261801,-0.3792660668006224
1,2011-08-10 15:31:23.053986,3711,109278.0,96695003.0,3727028.0,93.83172127566694,29.44704931285368,26056.319859876043,-467.0,55618.0,56490045.0,1460229.0,17.105060847950327,79,1,0,4178.0,4195.2,298.6631882237913,53660.0,157192.6,231114.47059476815,40204958.0,141267067.0,242657642.75315574,2266799.0,6044074.8,5121394.738976797,76.72666042771661,92.43793378377158,10.479105637609292,12.843465773097176,35.51743103161134,50.75163987920445,9623.015318334132,31653.394534921612,53519.910388106495,0.8845823798624893,-1.6212242388424607,0.6951853967680368,-0.20731977481415423,0.6844836879072459,-0.18368291842899453,0.6166416074135945,-0.4524249580618974,1.015078090063551,0.13300634042280018,0.8290872525610323,-0.11960956794866834,0.8231761630219021,-0.10457929832949196
1,2011-08-10 15:31:53.049612,3739,55558.0,36945121.0,2289391.0,88.52693555549611,14.85905322278684,9881.01658197379,28.0,-53720.0,-59749882.0,-1437637.0,-5.304785720170827,80,1,0,3711.0,4136.2,366.758367321047,109278.0,169354.4,225494.4760261323,96695003.0,156230045.6,235661248.4535019,3727028.0,6154366.6,5049611.25317329,93.83172127566694,91.27980434998835,9.783491747668707,29.44704931285368,38.98702062458647,49.32331322771084,26056.319859876043,35772.29155732119,51763.95007444348,0.9039698273775678,-1.083001876413149,0.32805761173019227,-0.5046527170218208,0.23647897469473697,-0.5061711477079609,0.3719945769886376,-0.7654006231808758,0.9698414253287952,-0.28137896624350317,0.3811282058582111,-0.4891797777233438,0.27621983808726,-0.5001796605187933
1,2011-08-10 15:32:23.061057,3556,36639.0,21927048.0,1768853.0,96.76052016141732,10.303430821147357,6166.211473565804,-183.0,-18919.0,-15018073.0,-520538.0,8.233584605921209,108,1,0,3739.0,3991.4,347.91565069712016,55558.0,162167.8,229139.53738322845,36945121.0,151315813.6,238370690.17709944,2289391.0,4614709.4,4753560.284959708,88.52693555549611,88.20118906624107,6.769064200387167,14.85905322278684,37.8588536755969,49.91286869330846,9881.01658197379,34991.771548598306,52205.92961152366,0.8909154682565288,-1.251452756225067,0.22593264507503819,-0.5478268893859928,0.1449091636777876,-0.5428048452763616,0.38330755995166227,-0.5986789331365598,1.0970432619411847,1.264477753575185,0.27215379813564194,-0.5520705095756532,0.1762188994918902,-0.5521510734418404
1,2011-08-10 15:32:53.070415,3927,95757.0,30251043.0,7166592.0,79.22531968143622,24.384262796027503,7703.346829640947,371.0,59118.0,8323995.0,5397739.0,-17.5352004799811,79,1,0,3556.0,3799.4,231.424501727888,36639.0,55824.4,32572.00700448154,21927048.0,40922255.4,33604595.06235965,1768853.0,2365029.8,802534.0066616987,96.76052016141732,89.66393702022515,7.814944237784777,10.303430821147357,14.748769246380837,8.817302046370955,6166.211473565804,10808.94479991023,9060.881744974393,1.0335842501444876,0.5513677205600396,1.7153251983003541,1.2259791051409419,0.7392320561099865,-0.3175521794027738,3.0302332765532163,5.983001542792007,0.8835806491820908,-1.3357251209782315,1.6533083125127737,1.0927938611924575,0.7126825950396389,-0.34274787572318294
1,2011-08-10 15:33:23.062025,3739,29157.0,13284422.0,1669701.0,76.86367933137203,7.798074351430864,3552.9344744584114,-188.0,-66600.0,-16966621.0,-5496891.0,-2.3616403500641923,56,1,0,3927.0,3822.2,238.6036462420496,95757.0,70178.4,30799.953267821496,30251043.0,45204634.6,29622332.40579426,7166592.0,3443732.6,2205835.2896748995,79.22531968143622,87.01423142034665,8.807068878941369,24.384262796027503,18.367452385182457,8.16717840134705,7703.346829640947,11885.982012678178,8064.576731550556,0.9782324315836487,-0.3486954256987739,0.4154697171779292,-1.3318656571747498,0.29387300920689224,-1.0775725612260116,0.48485210495147024,-0.8042448175092256,0.8833460696696511,-1.1525460090465645,0.4245593883938543,-1.2941284631071865,0.2989180423349435,-1.0332901298611064
1,2011-08-10 15:33:53.052058,3986,93935.0,72775996.0,14613468.0,60.51822186452584,23.566231811339687,18257.90165579528,247.0,64778.0,59491574.0,12943767.0,-16.345457466846185,229,1,0,3739.0,3734.4,131.82488384216953,29157.0,65277.8,35652.373002368164,13284422.0,39820527.4,33010946.908777915,1669701.0,3324313.0,2299649.2947496017,76.86367933137203,87.04163520107771,8.767178635402937,7.798074351430864,17.358374100849197,9.25901373214241,3552.9344744584114,10671.965843903035,8903.637994670333,1.0673736075404168,1.9085926166969007,1.4390037654455046,0.8037950236326675,1.827600003107945,0.9983193966252704,4.395936243067363,4.909076799568788,0.6952790089940917,-3.025307734283157,1.357628984896066,0.6704664113705348,1.710828344360231,0.8520040702948939
1,2011-08-10 15:34:23.052912,4266,50483.0,31185748.0,5573108.0,55.82140234622597,11.833802156586966,7310.30192217534,280.0,-43452.0,-41590248.0,-9040360.0,-4.696819518299868,34,1,0,3986.0,3789.4,171.12948314069462,93935.0,62209.2,31314.94365634388,72775996.0,35036726.0,22890083.114495177,14613468.0,5501601.0,5584207.051664764,60.51822186452584,80.3789353188495,13.62793108305721,23.566231811339687,16.182210600546394,7.5564867372865185,18257.90165579528,9112.282203086881,5608.121042665818,1.1257718900086753,2.7850256498780914,0.8115037647164598,-0.37446019793888696,0.8900873900146948,-0.1682378338574648,1.0129974892763032,0.012805220031854355,0.6944780012835146,-1.80200008505711,0.7312846463298477,-0.5754537253307557,0.8022470945531183,-0.32131622466811965
1,2011-08-10 15:34:53.065323,4001,82253.0,64772458.0,24773827.0,51.22730374556361,20.558110472381905,16189.0672331917,-265.0,31770.0,33586710.0,19200719.0,-4.594098600662363,32,1,0,4266.0,3894.8,267.48962596706605,50483.0,61194.2,31664.71602904394,31185748.0,33884851.4,22914938.383965928,5573108.0,6158344.4,5297729.095640444,55.82140234622597,73.83782867699549,16.322026220438513,11.833802156586966,15.57716038730642,7.805918411526239,7310.30192217534,8598.139271127191,5637.786625348976,1.0272671253977028,0.3970247429807928,1.3441306529049921,0.6650557036634562,1.9115461725176697,1.3479244884905612,4.022806356851364,3.5138608003415785,0.6937812861340265,-1.3852768415316965,1.319759825276924,0.6380991731969042,1.8828570604285497,1.3464376122239794
1,2011-08-10 15:35:23.047903,3565,33504.0,20470164.0,6531629.0,58.14916706732117,9.398036465638148,5741.981486676017,-436.0,-48749.0,-44302294.0,-18242198.0,6.921863321757563,142,1,0,4001.0,3983.8,189.1367230338957,82253.0,70317.0,29304.456896519816,64772458.0,42453933.4,25220462.68545409,24773827.0,10759339.2,9133544.304037672,51.22730374556361,64.73118539382475,12.617105978719572,20.558110472381905,17.628096317553332,7.411062647366484,16189.0672331917,10602.710423052371,6299.899585090703,0.894874240674508,-2.2142712069867665,0.47647083919961775,-1.256225294670813,0.4821735552070188,-0.8716640005450473,0.6070659989974105,-0.4628772861079846,0.8983176611496163,-0.5216741729112324,0.5331282684079075,-1.1105100904428624,0.5415578901590372,-0.7715565733585577
1,2011-08-10 15:35:53.048591,3770,479930.0,411180280.0,47693797.0,53.70069553740053,127.3023872679045,109066.38726790452,205.0,446426.0,390710116.0,41162168.0,-4.448471529920639,66,1,0,3565.0,3911.4,268.8164801495638,33504.0,57866.4,29016.895695439125,20470164.0,40497757.6,26737283.970090155,6531629.0,10632346.6,9200157.49464484,58.14916706732117,60.515954871001725,9.761757626233923,9.398036465638148,14.63085105147546,7.015449059199243,5741.981486676017,10210.437354459384,6580.386099487511,0.9638492611338744,-0.526009416985157,8.293759418246024,10.0,10.0,10.0,4.485726321224329,4.028349560490943,0.8873807849679269,-0.698159039985544,8.700955727819103,10.0,10.0,10.0
1,2011-08-10 15:36:23.076970,3803,41132.0,26028535.0,3478026.0,64.59867806757822,10.815671838022611,6844.211149092822,33.0,-438798.0,-385151745.0,-44215771.0,10.897982530177686,49,1,0,3770.0,3917.6,264.16339640457534,479930.0,148021.0,187111.00597907102,411180280.0,120076929.2,164210439.24795565,47693797.0,19837165.8,17379227.53448854,53.70069553740053,55.88335811220743,3.64220224992353,127.3023872679045,38.531713634770185,49.97198759509825,109066.38726790452,31313.1279131486,43802.867113599765,0.9707473963648737,-0.4338224052209423,0.27787949007235274,-0.5712598221611578,0.21676549503232964,-0.5727309093789594,0.1753287760492479,-0.9413041959164061,1.1559555518606355,2.392870948657752,0.2806953238638753,-0.5546315672044955,0.21857321849404482,-0.5586145012059769
1,2011-08-10 15:36:53.050913,3771,42383.0,26725279.0,3286743.0,56.50826114001591,11.239193847785732,7087.053566693185,-32.0,1251.0,696744.0,-191283.0,-8.090416927562309,48,1,0,3803.0,3881.0,264.99339614413213,41132.0,137460.4,192343.73254488944,26028535.0,110727437.0,168842330.72606862,3478026.0,17610077.4,18865875.419426236,64.59867806757822,56.699449352817894,5.104100417172535,10.815671838022611,35.981601640106774,51.23596429160773,6844.211149092822,29030.389811808116,44936.063351905235,0.9716567894869952,-0.41510468411731655,0.3083287986940217,-0.4943098417714766,0.2413609465195153,-0.4975183512260672,0.18663989517729207,-0.7592191765059164,0.9966280410836281,-0.0374577686836411,0.3123594652592019,-0.4829109422244416,0.24412533254411486,-0.4883235114137801
1,2011-08-10 15:37:23.052675,3819,31847.0,17478273.0,2198565.0,50.32620401047394,8.339094003665881,4576.662215239591,48.0,-10536.0,-9247006.0,-1088178.0,-6.182057129541967,47,1,0,3771.0,3782.0,154.72233193692915,42383.0,135840.4,193291.2101449519,26725279.0,109835343.2,169378594.93084478,3286743.0,17152804.4,19254277.475279916,56.50826114001591,56.83682111157589,5.083763263093905,11.239193847785732,35.86267997834653,51.30666613418928,7087.053566693185,28985.740140711685,44963.14317842148,1.0097831835005262,0.23913807099833206,0.2344442448638238,-0.5380141182933942,0.15913159180623382,-0.545270022092864,0.128175250456421,-0.7766710238386961,0.8854507170764097,-1.2806688201013934,0.23252846715494777,-0.5364524348972126,0.15789357777382815,-0.5428685852457453
1,2011-08-10 15:37:53.073085,3680,26276.0,8144021.0,1932956.0,55.62618121847826,7.140217391304348,2213.049184782609,-139.0,-5571.0,-9334252.0,-265609.0,5.299977208004314,56,1,0,3819.0,3745.6,103.12516666653885,31847.0,125759.2,198040.92538841552,17478273.0,100376506.2,173787406.39744675,2198565.0,12637752.0,19662970.29996586,50.32620401047394,56.65660116455795,5.341761167250533,8.339094003665881,33.41887668460332,52.49512602059081,4576.662215239591,26663.259137121262,46075.52396756449,0.982486117043736,-0.6361201840428066,0.20893898816150064,-0.5023365741443804,0.08113473270102721,-0.5307201891779603,0.15295093621080708,-0.5444139840875714,0.9818128880680882,-0.1928989173466098,0.2136582105520117,-0.5005923651367324,0.08299995035871151,-0.5306550603645916
1,2011-08-10 15:38:23.048806,3939,34047.0,17526520.0,9028389.0,51.51978950926631,8.643564356435643,4449.48464077177,259.0,7771.0,9382499.0,7095433.0,-4.106391709211948,47,1,0,3680.0,3768.6,53.807991971465874,26276.0,124313.6,198907.18242009252,8144021.0,97911277.6,175285247.1912131,1932956.0,11718017.4,20122176.601374775,55.62618121847826,56.15200399478937,5.2843772160083695,7.140217391304348,32.96731286973656,52.76244081660881,2213.049184782609,25957.472676742582,46501.177057926696,1.0452157299790252,3.1668158158958173,0.27387992946869627,-0.45381267233154127,0.17900409870660294,-0.4585939711874943,0.7704706941295375,-0.1336648839378659,0.9175058028762356,-0.8765866430984048,0.26218589274554144,-0.4610049902237117,0.1714144014011909,-0.46252566917129356
1,2011-08-10 15:38:53.061523,3915,48823.0,28904571.0,3155383.0,48.64317335300127,12.470753512132822,7383.032183908046,-24.0,14776.0,11378051.0,-5873006.0,-2.8766161562650368,41,1,0,3939.0,3802.4,93.41199066501694,34047.0,35137.0,6689.059388285304,17526520.0,19180525.6,7603557.865081688,9028389.0,3984935.8,2897524.488622749,51.51978950926631,55.71582278916253,5.616845153424261,8.643564356435643,9.23554828744279,1.736078395978783,4449.48464077177,5034.09215131603,2000.0295539064584,1.0296128760779955,1.2054127012728733,1.3895039417138235,2.046027581092574,1.5069749183515595,1.2788809623789885,0.7918278131356594,-0.2862970798891513,0.8730585122327219,-1.2591854042104562,1.3502992050551579,1.8635133242370334,1.4666064827550844,1.1744526614633723
1,2011-08-10 15:39:23.071479,3773,48203.0,34295798.0,2279128.0,43.75212524357275,12.775775245163,9089.795388285183,-142.0,-620.0,5391227.0,-876255.0,-4.8910481094285245,48,1,0,3915.0,3824.8,106.15177812924816,48823.0,36675.2,8923.428948560471,28904571.0,19755732.8,8325621.274335884,3155383.0,3920407.2,2915174.6624446055,48.64317335300127,52.52472184624715,3.405782726493612,12.470753512132822,9.566564622264831,2.2066816789643027,7383.032183908046,5141.856358279076,2132.0996538087834,0.9864568081988636,-0.4879805210275575,1.314321394293656,1.2918576554429086,1.7359921976673018,1.746424047034235,0.5813498148865759,-0.563012302879875,0.8329815695324015,-2.5757945543197756,1.3354611345115175,1.4543151611020237,1.7678042237892604,1.8516672159069378
1,2011-08-10 15:39:53.049222,3424,123640.0,108323183.0,4060125.0,49.46281636682243,36.10981308411215,31636.44363317757,-349.0,75437.0,74027385.0,1780997.0,5.710691123249681,39,1,0,3773.0,3825.2,105.90184134377046,48203.0,37839.2,10149.471030551618,34295798.0,21269836.6,10351814.437758537,2279128.0,3718884.2,3003422.3290515617,43.75212524357275,49.9734946669585,4.328495384277714,12.775775245163,9.873880901740284,2.5742427987181817,9089.795388285183,5542.404722597475,2701.0938145184423,0.8951165952104739,-3.7884138264779232,3.267510941034608,8.453721355695945,5.092807483062657,8.409477094418389,1.0917589205923643,0.11361732138009334,0.9897810168264358,-0.11798055783379477,3.657104378693756,10.0,5.708071715546837,9.660545209616329
1,2011-08-10 15:40:23.053388,3588,53653.0,40543395.0,2781472.0,50.85967606744704,14.95345596432553,11299.719899665552,164.0,-69987.0,-67779788.0,-1278653.0,1.39685970062461,41,1,0,3424.0,3746.2,208.91313984525107,123640.0,56197.8,38899.63656256955,108323183.0,39438818.6,39818305.71150381,4060125.0,4091196.2,2880719.3734186483,49.46281636682243,49.800817138228204,4.328128636242141,36.10981308411215,15.428024717829539,11.813476445923053,31636.44363317757,10954.36100618507,11860.685953796641,0.9577705408144366,-0.7572525122949499,0.9547170885692864,-0.06541963434302685,1.028007339956172,0.027740416882702217,0.6798676631543604,-0.45465178319181615,1.0212618786004772,0.24464590079594647,0.9692398240764543,-0.04017181188248914,1.0315270688344533,0.02911795277489002
1,2011-08-10 15:40:53.047680,3725,37487.0,19383884.0,3348545.0,38.97856151677853,10.063624161073824,5203.727248322148,137.0,-16166.0,-21159511.0,567073.0,-11.881114550668514,38,1,0,3588.0,3727.8,219.96067830410394,53653.0,61673.2,35404.76226724302,40543395.0,45918693.4,35895339.96224028,2781472.0,4260899.4,2743517.6904968447,50.85967606744704,48.84751610802196,3.064848742637449,14.95345596432553,16.990672432433776,10.926584882454405,11299.719899665552,12771.69514916166,10838.573575989256,0.9992488867425829,-0.012729547942729777,0.6078328998657342,-0.6831340885001994,0.4221349207641,-0.7392271372248601,0.7858775074576976,-0.3325491223039188,0.7979640444722496,-3.2200462132857766,0.5923028767990902,-0.6339627930634799,0.4074421748677046,-0.6982439015410818
1,2011-08-10 15:41:23.048645,3380,20191.0,7336782.0,1489434.0,37.125914396153846,5.973668639053255,2170.645562130177,-345.0,-17296.0,-12047102.0,-1859111.0,-1.852647120624681,65,1,0,3725.0,3685.0,186.93180574744807,37487.0,62361.2,34761.28373924063,19383884.0,46290166.2,35535870.480868265,3348545.0,3124930.6,663111.0699762687,38.97856151677853,46.33927050952441,4.908460322292435,10.063624161073824,17.27468439336141,10.670842273756236,5203.727248322148,12922.543670671736,10698.129306898747,0.9172320217093848,-1.6316110507723598,0.3237750396079562,-1.2131370152016143,0.1584954775988685,-1.096170817624171,0.4766294649871583,-2.4663991811485344,0.8011760648610543,-1.8770358740906652,0.345804791721874,-1.0590556455925422,0.167973552069039,-1.0050260003500924
1,2011-08-10 15:41:53.050916,3440,50769.0,33953798.0,13575901.0,41.11172331569768,14.75843023255814,9870.29011627907,60.0,30578.0,26617016.0,12086467.0,3.985808919543828,19,1,0,3380.0,3578.0,175.1099654502908,20191.0,56634.8,39574.208813316756,7336782.0,41976608.4,39285066.11626425,1489434.0,2791740.8,984595.0602056929,37.125914396153846,44.035818718154914,6.111882744413545,5.973668639053255,15.975267418745497,11.743724729865642,2170.645562130177,11880.06634631616,11589.68521179499,0.9614309670204132,-0.7880762219577193,0.8964276381306036,-0.14822279903738741,0.8088742586454413,-0.20422036140289218,4.862880178560989,10.0,0.9335973421521673,-0.47842792871828593,0.923829933157592,-0.10361594928985216,0.8308278614402583,-0.17341076943069506
1,2011-08-10 15:42:23.048808,3722,50783.0,34697271.0,16085539.0,38.73713773293928,13.644008597528211,9322.21144545943,282.0,14.0,743473.0,2509638.0,-2.3745855827583995,189,1,0,3440.0,3511.4,142.73682075765268,50769.0,57148.0,39453.98427282088,33953798.0,41908208.4,39302076.677163675,13575901.0,5051095.4,4857716.36224679,41.11172331569768,43.507738332579905,6.254917069650903,14.75843023255814,16.371798416224525,11.64171422657007,9870.29011627907,12036.165291914938,11547.889063650375,1.0599760779173377,1.475442698531825,0.8886225239728269,-0.16132717942974822,0.8279349636907886,-0.18347471710546753,3.1845644808054896,2.2715290019313414,0.8903505265186675,-0.762696059077276,0.8333848395771568,-0.23431169717568948,0.7745167351366196,-0.23501731195167644
1,2011-08-10 15:42:53.052684,4011,42021.0,23414637.0,2603583.0,32.192966749439044,10.476439790575917,5837.605833956619,289.0,-8762.0,-11282634.0,-13481956.0,-6.54417098350023,55,1,0,3722.0,3571.0,158.46766231632893,50783.0,42576.6,14001.483592819888,34697271.0,27183026.0,13560113.458709598,16085539.0,7456178.2,6823570.177659692,38.73713773293928,41.362602605803275,5.495079377241211,13.644008597528211,11.878637518907738,3.841457423682009,9322.21144545943,7573.3188543713095,3775.732051726641,1.1232147857739785,2.7765917258178967,0.9869505784867514,-0.03968150919984483,0.861369775388509,-0.2779024682554983,0.3491846533388914,-0.711151944459713,0.7783109553203982,-1.668699435475511,0.8819563500458837,-0.36501712066947944,0.7708121031489898,-0.45970238264669494
1,2011-08-10 15:43:23.060970,4330,56614.0,38538727.0,3498280.0,29.349645551270207,13.074826789838337,8900.398845265589,319.0,14593.0,15124090.0,894697.0,-2.8433211981688373,68,1,0,4011.0,3655.6,253.9553110293261,42021.0,40250.2,12596.899824957154,23414637.0,23757274.4,11319553.14673408,2603583.0,7420600.4,6854431.287445868,32.192966749439044,37.62926074220168,3.3534385151122126,10.476439790575917,10.983234284157815,3.447103704013713,5837.605833956619,6480.896041229525,3169.5546623795135,1.1844840792205973,2.6555853361124098,1.4065520171327994,1.2990339073411152,1.622186381784604,1.3058335791519073,0.4714281609881593,-0.5722313399193114,0.7799686991345608,-2.4689926924708887,1.1904350258199439,0.606768082619145,1.3733284392532354,0.7633573362066207
1,2011-08-10 15:43:53.094002,4428,47156.0,32718487.0,2543569.0,21.26571492863595,10.649503161698284,7388.998870822042,98.0,-9458.0,-5820240.0,-954711.0,-8.083930622634256,65,1,0,4330.0,3776.6,398.361393711792,56614.0,44075.6,14332.63575899436,38538727.0,27588243.0,12634400.748267224,3498280.0,7450547.4,6832484.744271466,29.349645551270207,35.703477549100015,4.826241034542277,13.074826789838337,11.585474809910718,3.5087641685479984,8900.398845265589,7220.230360618212,3227.7726277295114,1.172483185934128,1.6351986168359534,1.0698890088847102,0.21492208773021387,1.185957619700537,0.4060536073073034,0.3413935733097946,-0.7181835867418714,0.5956202697284982,-2.9915129630159125,0.919211627966169,-0.26675250971141956,1.0233743941361388,0.05228636885817226
1,2011-08-10 15:44:23.048714,4438,48446.0,28505369.0,3041705.0,19.094145272420008,10.91617845876521,6423.021406038756,10.0,1290.0,-4213118.0,498136.0,-2.171569656215944,61,1,0,4428.0,3986.2,412.95786710026556,47156.0,49468.6,5368.665877105905,32718487.0,32664584.0,5609453.409087219,2543569.0,7661374.4,6615374.423522287,21.26571492863595,32.531437655596434,7.894410800767374,10.649503161698284,12.520641714439723,1.887901791162457,7388.998870822042,8263.901022356584,1639.9693950900441,1.113341026541289,1.0940583434610043,0.9793283011849744,-0.190475627168488,0.8726689738341685,-0.7414652902299076,0.39701819036542574,-0.69832319446256,0.5869444035636793,-1.7021273304105395,0.8718545508177921,-0.8498658470135331,0.7772384239188711,-1.1225085186517336
1,2011-08-10 15:44:53.052356,4309,41220.0,24936602.0,6045956.0,17.353352968438152,9.5660245996751,5787.097238338361,-129.0,-7226.0,-3568767.0,3004251.0,-1.7407923039818556,69,1,0,4438.0,4185.8,311.7389933903038,48446.0,49004.0,5328.360395093554,28505369.0,31574898.2,5821593.234667373,3041705.0,5554535.2,5899546.13600649,19.094145272420008,28.1279220469409,8.050957451892222,10.91617845876521,11.752191359681138,1.4891875167890418,6423.021406038756,7574.447280308523,1515.7191359144183,1.0294328443783674,0.3952024052549487,0.8411558240143491,-1.460862145729891,0.7897603292985439,-1.1402885657605188,1.0884719931201443,0.08329806881256994,0.6169440081233624,-1.3382966114958286,0.8139779472686078,-1.4680265137138564,0.7640289811485593,-1.17920926088374
1,2011-08-10 15:45:23.048174,4012,28714.0,12820333.0,4979191.0,18.685354001246264,7.157028913260219,3195.4967597208374,-297.0,-12506.0,-12116269.0,-1066765.0,1.3320010328081118,66,1,0,4309.0,4303.2,173.11759009413078,41220.0,47091.4,6178.61876150345,24936602.0,29622764.4,6140590.84760861,6045956.0,3546618.6,1449084.7497434686,17.353352968438152,23.85116509404067,6.5451183097245424,9.5660245996751,10.936594560110516,1.2985645714048566,5787.097238338361,6867.424438884307,1306.7279843157319,0.9323294292617279,-1.6820936557630046,0.6097504002853895,-2.974354092616848,0.4327865160349451,-2.73628903422926,1.4039262637375214,0.9886049799734675,0.783414727405978,-0.7892616829141096,0.6544111033163769,-2.910571970903833,0.46531225616797867,-2.810016869029911
1,2011-08-10 15:45:53.052116,3748,31068.0,12043323.0,2278470.0,18.784031338847385,8.289220917822838,3213.2665421558163,-264.0,2354.0,-777010.0,-2700721.0,0.0986773376011207,54,1,0,4012.0,4303.4,172.69568610709263,28714.0,44430.0,10359.849709334769,12820333.0,27503903.6,9645729.929859204,4979191.0,4021740.2,1452035.7530203997,18.685354001246264,21.149642544402116,4.794870272242582,7.157028913260219,10.272712384647376,2.1572410700283493,3195.4967597208374,6339.002624037153,2112.8494119254524,0.87093925733121,-3.2160618051128798,0.6992572586090322,-1.2897870504780438,0.4378768619593329,-1.6028419531154832,0.5665383358179127,-1.2005697493149177,0.8881488799880918,-0.4933629213611575,0.8069164799555965,-0.9194574929351839,0.5069041192648789,-1.4793936871399438
1,2011-08-10 15:46:23.099147,4091,58910.0,40300351.0,3105809.0,13.156396823026157,14.399902224395014,9850.978000488878,343.0,27842.0,28257028.0,827339.0,-5.62763451582123,425,1,0,3748.0,4187.0,299.713196239338,31068.0,39320.8,9067.517697804955,12043323.0,22204822.8,9341056.711025557,2278470.0,3777778.2,1650834.9731425322,18.784031338847385,19.03651970191755,1.413572604836103,8.289220917822838,9.315591210244275,1.5903415264968157,3213.2665421558163,5201.576163415198,1910.3213888460548,0.9770718891805642,-0.32030621675736376,1.4981892535248138,2.160370748958113,1.8149368433599928,1.9372035477143874,0.8221258198800552,-0.4070480762355295,0.6911135558570509,-4.15976006794034,1.5457851142087236,3.196993178033527,1.8938448060749205,2.433832267291817
1,2011-08-10 15:46:53.083777,4141,33556.0,14604858.0,6097566.0,16.925873529582226,8.103356677131128,3526.8915720840378,50.0,-25354.0,-25695493.0,2991757.0,3.769476706556072,426,1,0,4091.0,4119.6,268.20384039010366,58910.0,41671.6,12485.938122544296,40300351.0,23721195.6,11773226.357907584,3105809.0,3890226.2,1562535.753756218,13.156396823026157,17.41465608079559,2.4721992092568477,14.399902224395014,10.065671022783622,2.8006491859963774,9850.978000488878,5693.971989348565,2748.5069733153846,1.0051946790948136,0.07979005807222392,0.8052486585588075,-0.6499791942221806,0.6156881063785841,-0.7743278964374058,1.567406543095103,1.4126651468254217,0.9719326899183318,-0.19771163633798888,0.8050488296293561,-0.7006641012961087,0.6194079596248456,-0.7884573109340522
1,2011-08-10 15:47:23.049841,4384,39646.0,19741144.0,5605134.0,14.7457502917427,9.043339416058394,4502.998175182482,243.0,6090.0,5136286.0,-492432.0,-2.180123237839526,437,1,0,4141.0,4060.2,205.65189033899105,33556.0,38693.6,12239.512359567532,14604858.0,20941093.4,12000103.02457646,6097566.0,4501398.4,1735711.3385163294,16.925873529582226,16.981001732228037,2.2871936783111653,8.103356677131128,9.503106666456805,2.8687743406172146,3526.8915720840378,5114.7460225576215,2859.3868752471835,1.0797497660211124,1.5745053423271844,1.0246138896354688,0.07781355760104608,0.9426988182001996,-0.09999492483876823,1.2451983810186626,0.6358981332365221,0.8683675158508789,-0.9772899692336191,0.9516192685732052,-0.16026609124621005,0.8803952640701959,-0.21394371383272245
1,2011-08-10 15:47:53.051697,3708,27640.0,12487912.0,1749434.0,14.678479702804744,7.454153182308522,3367.829557713053,-676.0,-12006.0,-7253232.0,-3855700.0,-0.067270588937955,288,1,0,4384.0,4075.2,229.66867439857867,39646.0,38378.8,12178.377609517882,19741144.0,19902001.8,11790749.798313592,5605134.0,4413234.0,1646548.2600328918,14.7457502917427,16.459481196888948,2.4709717169366767,9.043339416058394,9.398569629733464,2.8754239760215725,4502.998175182482,4857.926209926445,2841.5123789959976,0.909893992932639,-1.5988249201157643,0.7201892711601009,-0.8817923326343835,0.6274701472492078,-0.6288056253267644,0.39640635416114345,-1.617808639235868,0.8917947975594376,-0.7207696798615669,0.7931157053870548,-0.6762190421180988,0.6932648649192538,-0.5244026607898746
1,2011-08-10 15:48:23.049084,4020,181936.0,149086277.0,41692711.0,16.36139455124378,45.25771144278607,37086.13855721393,312.0,154296.0,136598365.0,39943277.0,1.6829148484390348,307,1,0,3708.0,4014.4,284.31901097183174,27640.0,38164.0,12398.934389696826,12487912.0,19835517.6,11841491.85123068,1749434.0,3767282.6,1970643.406911206,14.678479702804744,15.658106337200644,2.2039313258156823,7.454153182308522,9.457994483543125,2.820055236102505,3367.829557713053,4892.392769524888,2817.2480826741134,1.0013949780786664,0.019696185565779914,4.7672151766061015,10.0,7.516127383537498,10.0,10.0,10.0,1.0449152788883125,0.31910622871324734,4.78512770511224,10.0,7.580368196972843,10.0
1,2011-08-10 15:48:53.048401,4086,43577.0,21176261.0,2691759.0,13.681185669603524,10.664953499755262,5182.638521781693,66.0,-138359.0,-127910016.0,-39000952.0,-2.6802088816402563,0,0,0,4020.0,4068.8,243.72874266282255,181936.0,68337.6,64580.83767496356,149086277.0,47244108.4,57986571.6731777,41692711.0,11650130.8,16889040.9688739,16.36139455124378,15.173578979679922,1.4982178205124066,45.25771144278607,16.85169258853577,16.114672588310647,37086.13855721393,11666.967172536511,14455.890307090514,1.0042272906014047,0.0705702569668771,0.6376723794806864,-0.38340475118362727,0.4482307258443256,-0.4495497258731362,0.2310496805752601,-0.5304251328722612,0.9016452668828745,-0.9961123734130136,0.6328713536097718,-0.3839196269419932,0.4442147170843966,-0.4485596191591085
2,2011-08-11 09:49:35.721274,6742,897743.0,361290838.0,210840411.0,1406.751195124444,133.1567784040344,53588.0803915752,0.0,0.0,0.0,0.0,0.0,0,0,0,6742.0,6742.0,6742.0,897743.0,897743.0,897743.0,361290838.0,361290838.0,361290838.0,210840411.0,210840411.0,210840411.0,1406.751195124444,1406.751195124444,1406.751195124444,133.1567784040344,133.1567784040344,133.1567784040344,53588.0803915752,53588.0803915752,53588.0803915752,10.0,10.0,10.0,10.0,10.0,10.0,10.0,10.0,10.0,10.0,10.0,10.0,10.0,10.0
2,2011-08-11 09:50:05.723247,5486,413988.0,315271366.0,259978728.0,1347.47864179712,75.46263215457529,57468.34961720744,-1256.0,-483755.0,-46019472.0,49138317.0,-59.272553327323976,0,0,0,6742.0,5486.0,5486.0,897743.0,413988.0,413988.0,361290838.0,315271366.0,315271366.0,210840411.0,259978728.0,259978728.0,1406.751195124444,1347.47864179712,1347.47864179712,133.1567784040344,75.46263215457529,75.46263215457529,53588.0803915752,57468.34961720744,57468.34961720744,10.0,10.0,10.0,10.0,10.0,10.0,10.0,10.0,10.0,10.0,10.0,10.0,10.0,10.0
2,2011-08-11 09:50:35.726957,5001,109209.0,21927621.0,7260795.0,1346.102886310338,21.8374325134973,4384.647270545891,-485.0,-304779.0,-293343745.0,-252717933.0,-1.3757554867820545,0,0,0,5486.0,6114.0,888.1261171703037,413988.0,655865.5,342066.4409328983,315271366.0,338281102.0,32540680.71782445,259978728.0,235409569.5,34746037.16679421,1347.47864179712,1377.114918460782,41.91202439599213,75.46263215457529,104.30970527930485,40.79592204776096,57468.34961720744,55528.21500439131,2743.7646822740335,0.8179587831205727,-1.253200394044174,0.16651127403408142,-1.5981003529873707,0.06482070937560089,-9.721784364108723,0.030843244883466812,-6.56618115627975,0.9774804326525748,-0.7399316209758119,0.20935187626899102,-2.021581291072017,0.07896251068396604,-10.0
2,2011-08-11 09:51:05.729369,5849,94066.0,25357833.0,8115963.0,1189.5917967358523,16.08240724910241,4335.413404000684,848.0,-15143.0,3430212.0,855168.0,-156.5110895744856,0,0,0,5001.0,5743.0,898.5026432904914,109209.0,473646.6666666667,397637.818460887,21927621.0,232829941.66666666,184090438.63745022,7260795.0,159359978.0,133993524.66201021,1346.102886310338,1366.7775744106339,34.625004556223736,21.8374325134973,76.81894769070233,55.67206558274459,4384.647270545891,38480.35909310951,29591.422673324203,1.018457252306979,0.1179740547136171,0.1985995186285131,-0.9545889476405589,0.10891139180159139,-1.1270118654845762,0.05092848971151339,-1.128741223738259,0.8703623903457328,-5.117278104092428,0.20935469350147795,-1.0909697674184033,0.11266561711418366,-1.1538798274774513
2,2011-08-11 09:51:35.725416,4775,53582.0,15554454.0,3273648.0,1087.335648942199,11.221361256544505,3257.477277486911,-1074.0,-40484.0,-9803379.0,-4842315.0,-102.25614779365333,0,0,0,5849.0,5769.5,735.5363122692629,94066.0,378751.5,376073.0342282821,25357833.0,180961914.5,182630853.63778898,8115963.0,121548974.25,132996984.12330966,1189.5917967358523,1322.4811299919386,92.99441155019284,16.08240724910241,61.63481258030235,54.66703235988276,4335.413404000684,29944.1226708323,29584.413569461394,0.8276280440244687,-1.3520746473147398,0.14147006678521368,-0.8646445514692667,0.08595429620081743,-0.9056928618865897,0.026932748879203314,-0.8893083330396402,0.8221936965921055,-2.528597978388126,0.1820620650341466,-0.9221911112890668,0.10878519679121593,-0.9020508495355765
2,2011-08-11 09:52:05.732946,4685,78026.0,38974629.0,10234183.0,1098.6608067086445,16.65442902881537,8319.024332977588,-90.0,24444.0,23420175.0,6960535.0,11.3251577664455,0,0,0,4775.0,5570.6,776.8952953905693,53582.0,313717.6,356679.45840950805,15554454.0,147880422.4,174606549.48529977,3273648.0,97893909.0,126743674.0012325,1087.335648942199,1275.4520337819906,132.4562187528304,11.221361256544505,51.55212231555079,52.43726284954176,3257.477277486911,24606.793592163223,28264.174375996397,0.8410225110399523,-1.1399219499117212,0.24871413016037278,-0.6607938709198076,0.2635550289042182,-0.6237211245570651,0.10454361363790264,-0.6916299901417373,0.8613893565640541,-1.3347144342230715,0.3230600076278231,-0.6655132512580197,0.33807835636198835,-0.5762690621176465
2,2011-08-11 09:52:35.725237,5903,64516.0,17168454.0,4702274.0,838.5254022351346,10.929357953582924,2908.428595629341,1218.0,-13510.0,-21806175.0,-5531909.0,-260.1354044735099,0,0,0,4685.0,5159.2,495.0062625866466,78026.0,149774.2,149129.6538693763,38974629.0,83417180.6,129892943.53942227,10234183.0,57772663.4,113064781.32381041,1098.6608067086445,1213.8339560988306,127.68156705180552,16.65442902881537,28.251652440506973,26.65818711031368,8319.024332977588,15552.982380443704,23510.49323297119,1.1441696387034532,1.502607252101789,0.43075509667218764,-0.5717052094459878,0.20581436433731495,-0.5100256010434749,0.08139271626518088,-0.4693803744953059,0.6908073365564762,-2.9394106175755104,0.38685729892123577,-0.6497926664927828,0.18700134318201297,-0.5378259681545542
2,2011-08-11 09:53:05.726551,5797,51096.0,18118754.0,3491735.0,798.3287756486113,8.814214248749353,3125.539761945834,-106.0,-13420.0,950300.0,-1210539.0,-40.19662658652328,0,0,0,5903.0,5242.6,589.8701552036686,64516.0,79879.8,22318.755861382164,17168454.0,23796598.2,9329635.381275518,4702274.0,6717372.6,2763113.2753521185,838.5254022351346,1112.0433081864335,184.6613514212944,10.929357953582924,15.344997600308503,4.49756447823246,2908.428595629341,4640.998176128083,2156.5540613711123,1.1057490558117906,0.9398678592369846,0.6396610907889023,-1.2896686615853408,0.7614010140323334,-0.6085815755881921,0.5198066577399622,-1.1673924586348845,0.7178936015988813,-1.6988640564012845,0.5744031037188135,-1.452071089078343,0.6734628291866196,-0.7027221998868118
2,2011-08-11 09:53:35.732010,4400,53892.0,18798832.0,4548725.0,1038.983604849091,12.248181818181818,4272.461818181818,-1397.0,2796.0,680078.0,1056990.0,240.65482920047972,0,0,0,5797.0,5401.8,615.2342643253868,51096.0,68257.2,17926.157346179352,18118754.0,23034824.8,9669691.44816431,3491735.0,5963560.6,3074388.038890848,798.3287756486113,1002.4884860540884,173.22015283057442,8.814214248749353,12.740353947358912,3.4456828870410456,3125.539761945834,4389.176674408071,2264.769842232612,0.8145433003812035,-1.6283228325991563,0.7895430811694475,-0.8013541174824558,0.8161048396599917,-0.4380690762169209,0.7627532115629041,-0.46020072355942154,1.036404526637124,0.21068633296085149,0.9613690379268865,-0.14283732576937913,0.9734084852615399,-0.05153497456993005
2,2011-08-11 09:54:05.724847,5798,63281.0,22108711.0,4424896.0,840.4661804085893,10.914280786478097,3813.161607450845,1398.0,9389.0,3309879.0,-123829.0,-198.51742444050183,0,0,0,4400.0,5112.0,688.7938733757727,53892.0,60222.4,11212.306042914617,18798832.0,21723024.6,9720531.105495114,4548725.0,5250113.0,2856192.1131321527,1038.983604849091,972.3668476767361,143.0109827265855,12.248181818181818,11.973508861174794,2.8992920874849135,4272.461818181818,4376.586357244299,2265.3183573800898,1.1341940532079158,0.9959438179043668,1.050788410956703,0.27278955714311276,1.0177547283171606,0.03967750278397505,0.8428191926535675,-0.2889220918319292,0.8643509210704171,-0.9223114529560147,0.911535700362416,-0.36534024250389335,0.8712638792419297,-0.248717690366851
2,2011-08-11 09:54:35.721475,4825,97836.0,50933356.0,8183084.0,983.4485313129532,20.276891191709844,10556.135958549225,-973.0,34555.0,28824645.0,3758188.0,142.982350904364,0,0,0,5798.0,5316.6,715.0995035657625,63281.0,62162.2,10598.457774600027,22108711.0,23033876.0,9103031.551070543,4424896.0,5480362.6,2699112.2780386726,840.4661804085893,922.9929539700142,135.83042606890984,10.914280786478097,11.912092767161514,2.922368767210337,3813.161607450845,4487.723223237085,2209.6353965362596,0.907534890719462,-0.6874567770611018,1.5738825202453972,3.3659425511409298,2.211236875634826,3.06485590470341,1.493164704101878,1.0013371514740947,1.065499500382792,0.44508126118829483,1.7022106515074877,2.8623350056094883,2.352225267344477,2.7463412039932047
2,2011-08-11 09:55:05.731605,4896,69258.0,39037405.0,3752912.0,946.8058310563724,14.145833333333334,7973.326184640523,71.0,-28578.0,-11895951.0,-4430172.0,-36.64270025658072,0,0,0,4825.0,5344.6,686.3492551172471,97836.0,66124.2,18653.296389645984,50933356.0,25425621.4,14379950.290686233,8183084.0,5070142.8,1803144.5800904352,983.4485313129532,899.9504988908759,104.8099795462516,20.276891191709844,12.636585199740406,4.444564373666856,10556.135958549225,4935.145548351413,3188.8785485672706,0.916064813082192,-0.6536030987936509,1.047392633861717,0.1680024771245974,1.535356968699298,0.9465807130652066,0.7401984811946518,-0.7305186808336437,1.0520643437857864,0.4470502939500401,1.1194348084247079,0.33957166695466173,1.6156212834092398,0.9527426617276409
2,2011-08-11 09:55:35.724042,4550,41205.0,12734487.0,3115717.0,883.5480531863736,9.056043956043956,2798.788351648352,-346.0,-28053.0,-26302918.0,-637195.0,-63.2577778699989,0,0,0,4896.0,5143.2,626.682295904392,69258.0,67072.6,18671.629195117923,39037405.0,29799411.6,14565211.268498259,3752912.0,4880270.4,1899001.9346938834,946.8058310563724,921.6065846551235,100.0224682883456,14.145833333333334,13.279880275690491,4.367798992962525,7973.326184640523,5948.125066153649,3188.5775843190177,0.8846632446724053,-0.9465721369118637,0.614334318335645,-1.385395978555649,0.4273402163417213,-1.171622181472104,0.6384312229912504,-0.9292004224758429,0.9587041454527471,-0.3804998228863327,0.681937168661044,-0.967039995541236,0.4705328688486565,-0.9876932993546433
2,2011-08-11 09:56:05.727100,4795,35165.0,8885560.0,2550350.0,827.5009427320125,7.333680917622523,1853.0886339937435,245.0,-6040.0,-3848927.0,-565367.0,-56.04711045436113,0,0,0,4550.0,4893.8,544.1398717241735,41205.0,65094.4,21147.302151810756,12734487.0,28722558.2,15792065.575738851,3115717.0,4805066.8,1973713.1015561789,883.5480531863736,938.6504401626759,78.76633992587278,9.056043956043956,13.32824621714941,4.306901323492933,2798.788351648352,5882.774784094153,3263.3605642750244,0.9798111896683599,-0.18157096205201573,0.5402154409595827,-1.4152821851763184,0.3093582381530347,-1.256137020509548,0.5307626524567775,-1.1423731231364183,0.8815858463644018,-1.4111293927565418,0.5502360023658674,-1.3918510891894298,0.3150024779129416,-1.2348271270460713
2,2011-08-11 09:56:35.721617,4377,44302.0,21250894.0,2612629.0,900.1539232216129,10.12154443682888,4855.127713045465,-418.0,9137.0,12365334.0,62279.0,72.6529804896004,0,0,0,4795.0,4972.8,479.34090165559627,35165.0,61349.0,24944.782350222653,8885560.0,26739903.8,17839064.606494814,2550350.0,4405391.8,2224944.371814049,827.5009427320125,896.3539077392601,67.3777203331058,7.333680917622523,12.345346037037551,5.10233785252593,1853.0886339937435,5398.900147256538,3710.5484092352726,0.8801882239380469,-1.2429567306710583,0.7221307600775771,-0.6833894062758642,0.794725895760328,-0.30769605475847495,0.593052586151361,-0.8057562349472666,1.0042394141962663,0.05639869475413665,0.8198672119552696,-0.4358397393602483,0.8992808869620802,-0.14654772670732943
2,2011-08-11 09:57:05.772684,4773,37122.0,11594761.0,2568695.0,768.1796090341504,7.777498428661219,2429.239681542007,396.0,-7180.0,-9656133.0,-43934.0,-131.97431418746248,0,0,0,4377.0,4688.6,217.51160888559508,44302.0,57553.2,25999.01807184224,21250894.0,26568340.4,17898764.03534201,2612629.0,4042938.4,2364226.3818243193,900.1539232216129,908.2914563018651,59.86966158289372,10.12154443682888,12.186798767107708,5.169793658043726,4855.127713045465,5607.293368375462,3627.5563765314105,1.0180011090728536,0.38802526647671304,0.645003231792487,-0.7858450632074773,0.43641269365850194,-0.8365705794229094,0.6353534844854425,-0.623562705895542,0.8457413132134592,-2.340281263681101,0.6381904367711867,-0.8528967748515698,0.43322856892814404,-0.8760866426206624
2,2011-08-11 09:57:35.723365,4854,38787.0,8505785.0,2825575.0,825.4297585103008,7.990729295426452,1752.3248866913889,81.0,1665.0,-3088976.0,256880.0,57.25014947615034,0,0,0,4773.0,4678.2,210.48919212159115,37122.0,45410.4,13795.72181148847,11594761.0,18700621.4,12273060.9417177,2568695.0,2920060.6,521195.9282833199,768.1796090341504,865.2376718461044,69.0146860330001,7.777498428661219,9.686920214497983,2.722702518364124,2429.239681542007,3981.914112974018,2501.817074362452,1.037578555854594,0.8351972765310078,0.8541435442101181,-0.48010536095935513,0.45483969853536527,-0.8306677892673414,0.9676425893353032,-0.1812861437947342,0.9539919323533129,-0.5768035127507823,0.8248988447992154,-0.6229806256864481,0.44007099022589663,-0.891187948603282
2,2011-08-11 09:58:05.730120,4860,39376.0,14375327.0,3169501.0,819.0574470028806,8.102057613168725,2957.8862139917696,6.0,589.0,5869542.0,343926.0,-6.372311507420136,0,0,0,4854.0,4669.8,200.21163802336787,38787.0,39316.2,3562.049789093126,8505785.0,12594297.4,5158150.288163426,2825575.0,2734593.2,239726.9668018422,825.4297585103008,840.9624573368899,52.52852254440344,7.990729295426452,8.455899406916606,1.1258921244009692,1752.3248866913889,2737.713853384191,1258.5588044048159,1.0407297957083728,0.9499947249662404,1.0015210015209761,0.01678808650656475,1.1414155584415528,0.3452845497904521,1.1590393042738492,1.8141797137052664,0.9739524515703701,-0.41701173519730156,0.958154446064412,-0.3142768172589052,1.0804219770208396,0.1749400662383233
2,2011-08-11 09:58:35.727597,5584,74223.0,38083975.0,3938810.0,806.6586009090258,13.29208452722063,6820.196095988539,724.0,34847.0,23708648.0,769309.0,-12.398846093854786,0,0,0,4860.0,4731.8,201.8308697895346,39376.0,38950.4,3410.2696814149995,14375327.0,12922465.4,5221110.985990668,3169501.0,2745350.0,261336.45664700435,819.0574470028806,828.0643361001914,47.094244790330244,8.102057613168725,8.26510213834156,1.0786038255343637,2957.8862139917696,2769.5334258528746,1262.494000446771,1.1801005959674582,4.222347160691699,1.905577349654897,10.0,2.9471137140750243,4.81918688714214,1.4347205274373025,4.566756645101532,0.9741496713975739,-0.4545297474460461,1.6082178178961435,4.660638378255293,2.4625794483364305,3.2084609263085677
2,2011-08-11 09:59:05.726154,4963,77447.0,44537473.0,16250643.0,836.1842052478339,15.604876083014306,8973.901470884546,-621.0,3224.0,6453498.0,12311833.0,29.52560433880808,0,0,0,5584.0,4889.6,436.0874912216584,74223.0,46762.0,15582.372588921715,38083975.0,18762148.4,11782778.4515371,3938810.0,3023042.0,564345.7520818347,806.6586009090258,823.895867735594,48.0689063063118,13.29208452722063,9.456782860261182,2.3428634500622185,6820.196095988539,3762.954918251834,2062.1063325857094,1.0150114528793734,0.16831484845898256,1.656195201231734,1.969212315062568,2.3737938774644807,2.1875421579056784,5.375592863082946,10.0,1.0149149158193964,0.2556400479278366,1.6501252394128882,2.6241790659910937,2.384801749113484,2.52700186711327
2,2011-08-11 09:59:35.742633,5128,49100.0,26318057.0,2611165.0,663.7074053075273,9.574882995319811,5132.226404056162,165.0,-28347.0,-18219416.0,-13639478.0,-172.4767999403066,0,0,0,4963.0,5006.8,329.6357080171988,77447.0,53391.0,20536.800882804975,44537473.0,23419464.2,16621191.469184948,16250643.0,5750644.8,5892279.879710485,836.1842052478339,811.1019241408383,26.266738771290797,15.604876083014306,10.553449189498266,3.650335385828275,8973.901470884546,4586.70966981965,3145.5283027901282,1.0242070783732076,0.36767861324449874,0.9196306493603619,-0.20894198782404097,1.123768536088029,0.17439139699304232,0.45406473374950923,-0.5328124026848257,0.8182786719557382,-5.611451048837466,0.9072752256144369,-0.26807569455384145,1.1189342194089302,0.173426108979041
2,2011-08-11 10:00:05.722996,5843,68407.0,32881884.0,4114160.0,630.2718853549546,11.707513263734382,5627.568714701352,715.0,19307.0,6563827.0,1502995.0,-33.43551995257269,0,0,0,5128.0,5077.8,303.9164358832867,49100.0,55786.6,18788.81705430066,26318057.0,26364123.4,15250239.087081755,2611165.0,5759138.8,5886574.064514776,663.7074053075273,790.2074833955137,71.51869867454757,9.574882995319811,10.912926102829985,3.387674889574887,5132.226404056162,5127.307014322481,2905.128117967035,1.1506951829530208,2.517797360230108,1.2262263697733646,0.671697423181338,1.2472208349624097,0.4273874371924501,0.71437069722994,-0.2794458681690933,0.797603032871677,-2.2362766801186424,1.0728115587280969,0.23455236602398885,1.0975681188936717,0.17219953133384505
2,2011-08-11 10:00:35.762802,4864,710484.0,630648978.0,19954191.0,736.9011848254523,146.06990131578948,129656.45106907896,-979.0,642077.0,597767094.0,15840031.0,106.6292994704977,0,0,0,5843.0,5275.6,421.0941699905139,68407.0,61710.6,16635.03682893367,32881884.0,31239343.2,11565047.353892054,4114160.0,6016855.8,5752718.602786991,630.2718853549546,751.1759087644444,96.41209053566456,11.707513263734382,11.656282896491572,2.96793710308547,5627.568714701352,5902.355779924474,2214.4599786935382,0.9219804382438163,-0.9774535705595144,10.0,10.0,10.0,10.0,3.31638178864117,2.422738910477534,0.9809968294065067,-0.14805947946501144,10.0,10.0,10.0,10.0
2,2011-08-11 10:01:05.732626,4308,223022.0,181235171.0,6759613.0,751.6494243816156,51.76926648096565,42069.44545032498,-556.0,-487462.0,-449413807.0,-13194578.0,14.748239556163298,0,0,0,4864.0,5276.4,420.1098665825402,710484.0,195932.2,287853.17370961886,630648978.0,154494073.4,266262968.6731205,19954191.0,9373793.8,8095860.12620435,736.9011848254523,734.7446563289589,88.63844966033868,146.06990131578948,39.24985163701572,59.754911351715144,129656.45106907896,31242.06875094191,55035.25293966954,0.816465772117198,-2.3051112983261253,1.1382610923574525,0.09410978399469586,1.1730881775041604,0.10043115545980741,0.7211181666914839,-0.32290340485732044,1.0230076774373507,0.190715971649379,1.3189671889313375,0.20951273394167738,1.3465640123160951,0.1967352945802212
2,2011-08-11 10:01:35.728522,4553,1210004.0,999224117.0,35379943.0,697.8435521827367,265.7597188666813,219464.99385020864,245.0,986982.0,817988946.0,28620330.0,-53.80587219887889,0,0,0,4308.0,5021.2,553.0630163010356,223022.0,225692.0,279700.86605067924,181235171.0,183124312.6,258190431.78175753,6759613.0,9937954.4,7711603.451425106,751.6494243816156,723.7428210234768,80.52337066056967,51.76926648096565,46.94528802776473,58.02893478923591,42069.44545032498,38291.9186218092,53356.861252186594,0.9067553572849305,-0.8465581429229199,5.361306559381789,3.5191596432942336,5.456534431791227,3.160844492834771,3.560083048881769,3.2991826875250325,0.9642148176266826,-0.32163667054614115,5.661052046455496,3.7707814494595,5.731365827284675,3.3954972420903315
2,2011-08-11 10:02:05.724792,4623,33707.0,10966439.0,3280627.0,752.7057411905689,7.291152930997188,2372.147739563054,70.0,-1176297.0,-988257678.0,-32099316.0,54.86218900783217,0,0,0,4553.0,4939.2,592.8150639111658,1210004.0,452203.4,500821.0158198236,999224117.0,374061641.4,427544283.44898003,35379943.0,13763814.4,13893649.934701163,697.8435521827367,696.0746904104574,50.33918173812965,265.7597188666813,96.97625658449813,109.37489855990918,219464.99385020864,80390.13709767401,92858.30016022465,0.9359815354711418,-0.5333872555688792,0.07453946608981694,-0.8356206843974741,0.029317197451617663,-0.8492575306373593,0.23835158660668945,-0.7545308431743988,1.0813577214618109,1.1249894977154762,0.0751849286383726,-0.819978851030035,0.02950794494455041,-0.8401832601231344
2,2011-08-11 10:02:35.726781,4114,39736.0,14289037.0,4124167.0,821.1623030777832,9.65872630043753,3473.271025765678,-509.0,6029.0,3322598.0,843540.0,68.45656188721432,0,0,0,4623.0,4838.2,595.6195933647579,33707.0,449124.8,503955.9148325377,10966439.0,370991317.8,430709254.6948291,3280627.0,13897706.8,13761904.188577939,752.7057411905689,713.8743575870656,51.748011753575916,7.291152930997188,96.51951057163362,109.83493110962519,2372.147739563054,79838.1213647754,93424.01400235973,0.8503162333097328,-1.215876724114553,0.0884742948953162,-0.8123504218340949,0.03851582588168051,-0.8281741729760014,0.29675161948300705,-0.7101880427355257,1.1502896754160026,2.073276670020671,0.1000701955815355,-0.7908302339964172,0.043503917256475455,-0.817400656078426
2,2011-08-11 10:03:05.749381,4335,892494.0,745935502.0,23971904.0,706.0154407963091,205.8809688581315,172072.78016147634,221.0,852758.0,731646465.0,19847737.0,-115.14686228147411,0,0,0,4114.0,4492.4,289.8297776281786,39736.0,443390.6,509503.4341050117,14289037.0,367272748.4,434422385.8845654,4124167.0,13899708.2,13760126.26930418,821.1623030777832,752.0524411316313,44.567158453316644,9.65872630043753,96.10975317897423,110.23353598006418,3473.271025765678,79407.26182698825,93855.7957882941,0.9649630487042639,-0.5430773928322312,2.012884350728225,0.8814531364030733,2.03101238861206,0.8716465032734713,1.7246336149704207,0.7319842567483451,0.9387848535309745,-1.0329803813386984,2.1421443926986337,0.9958059922709335,2.1669652901063965,0.9873180186283663
2,2011-08-11 10:03:35.755361,5184,29269.0,7479618.0,1793953.0,620.880446404321,5.646026234567901,1442.8275462962963,849.0,-863225.0,-738455884.0,-22177951.0,-85.13499439198813,0,0,0,4335.0,4386.6,204.15998628526452,892494.0,479792.6,539004.7423277461,745935502.0,390330053.2,454491882.0927869,23971904.0,14703250.8,14308461.329723299,706.0154407963091,745.8752923258028,49.101897737725714,205.8809688581315,108.07196668744264,119.83734856920549,172072.78016147634,87890.52764546774,101165.37189942125,1.1817808781285772,3.9057604504435997,0.061003441903855836,-0.8358434808094037,0.01916229083228583,-0.8423702386874296,0.12201063726669205,-0.9022142564821568,0.8324185729057295,-2.5456214867007225,0.052243207999023995,-0.8547079994253173,0.016416189377271104,-0.8545186804148459
2,2011-08-11 10:04:05.770467,8134,133813.0,90726733.0,4626564.0,352.64093911089253,16.45106958446029,11154.011925252027,2950.0,104544.0,83247115.0,2832611.0,-268.23950729342846,0,0,0,5184.0,4561.8,400.9110873996869,29269.0,441042.0,568250.9958499853,7479618.0,355578942.6,480381897.8385596,1793953.0,13710118.8,15145505.066199707,620.880446404321,719.7214967303437,73.84824173850721,5.646026234567901,98.8473186381631,126.82622857411934,1442.8275462962963,79765.20406466202,107216.20533836189,1.7830680871581865,8.910205061078287,0.3034019435790689,-0.5406572135266543,0.2551521536584939,-0.5513367818222993,0.3374561568350523,-0.5997525180108922,0.48996860690201904,-4.970742010544998,0.16642909297837452,-0.6496783037658446,0.13983555932747113,-0.6399330392535382
2,2011-08-11 10:04:35.726137,9365,432883.0,347979692.0,12644395.0,307.7948870225307,46.22349172450614,37157.46844634276,1231.0,299070.0,257252959.0,8017831.0,-44.84605208836183,0,0,0,8134.0,5278.0,1646.1122379716396,133813.0,225803.8,375195.437218658,90726733.0,173879465.8,321660206.63836104,4626564.0,7559443.0,9237436.302937265,352.64093911089253,650.680974115975,181.83149736894396,16.45106958446029,48.985588781718896,87.8037598910615,11154.011925252027,38103.007679670685,74990.04955857196,1.7743463433115243,2.4828197650930357,1.9170757976615014,0.5519235562540089,2.0012696174271314,0.5412550965489459,1.67266225831718,0.5504722125535108,0.47303501910476553,-1.8857353761753823,0.9436140888197885,-0.03145761708391809,0.9751846562539636,-0.012608862627692822
2,2011-08-11 10:05:05.725029,7833,41983.0,16764686.0,4858779.0,343.3561404497638,5.3597599897868,2140.2637559045065,-1532.0,-390900.0,-331215006.0,-7785616.0,35.56125342723311,0,0,0,9365.0,6226.4,2377.812713398597,432883.0,305639.0,366469.22897632205,347979692.0,241282116.4,314211633.32249403,12644395.0,9432196.6,9101282.300480746,307.7948870225307,561.6988032823673,223.50808471733757,46.22349172450614,56.77205654042068,84.85879271249051,37157.46844634276,45060.07182102662,72415.85827054008,1.2580303224975495,0.6756629699834594,0.13736139694214372,-0.7194492174322074,0.06948167667846268,-0.7145420684331075,0.515126985372633,-0.5025025539267607,0.6112815951230478,-0.976889328669057,0.09440841703305815,-0.6058570350419392,0.04749801030955607,-0.5926852086013594
2,2011-08-11 10:05:35.724744,7536,37986.0,10286689.0,2301086.0,379.53925520820064,5.040605095541402,1365.0065021231424,-297.0,-3997.0,-6477997.0,-2557693.0,36.18311475843683,0,0,0,7833.0,6970.2,2119.475807835513,41983.0,306088.4,366062.78637386777,16764686.0,241777246.2,313766152.8714847,4858779.0,9579119.0,8999533.285170699,343.3561404497638,466.13757075676347,183.3820606096283,5.3597599897868,55.91226327829054,85.47502695309069,2140.2637559045065,44793.47036705438,72609.43233926583,1.081174141344426,0.26695279932331434,0.1241014033854268,-0.7323945781426155,0.04254614179653106,-0.7377805256605102,0.2402189595932569,-0.8087122708899401,0.8142215496408353,-0.47222893700837737,0.09015204894072679,-0.5951639911160567,0.030473336647902926,-0.5981104997765605
2,2011-08-11 10:06:05.727052,8001,41887.0,13591949.0,3033924.0,333.86088972353457,5.235220597425322,1698.7812773403325,465.0,3901.0,3305260.0,732838.0,-45.67836548466608,0,0,0,7536.0,7610.4,1524.4081802456978,37986.0,135186.8,171739.9480557739,10286689.0,94647483.6,145750892.55206475,2301086.0,5244955.4,4354854.507863049,379.53925520820064,400.84233363914177,125.65474163719463,5.040605095541402,15.744190525772519,17.70496780735453,1365.0065021231424,10651.915635183746,15380.983655949158,1.05132450331112,0.2562305851289704,0.30984533992963587,-0.5432620718488841,0.14360602609829978,-0.5561237614448608,0.5784461008000181,-0.5077164796224076,0.8328982787113994,-0.5330594217325356,0.3325176094968482,-0.5935605216626418,0.15948129289806084,-0.582091143070676
2,2011-08-11 10:06:35.746562,9399,76074.0,44412862.0,6576054.0,295.88007155090963,8.093839770188318,4725.275242047026,1398.0,34187.0,30820913.0,3542130.0,-37.980818172624936,0,0,0,8001.0,8173.8,702.3771778752499,41887.0,137710.4,169877.0647933379,13591949.0,95869949.8,144859916.38206506,3033924.0,5492949.6,4139165.610646441,333.86088972353457,343.4384223029844,26.220955169250196,5.235220597425322,15.662029398344004,17.764397786628496,1698.7812773403325,10703.106381392554,15343.050884981454,1.1498935623576365,1.7443619163489745,0.5524201512739739,-0.3628294383057697,0.46326155476927144,-0.35521964312255283,1.1971808370497337,0.2616721585659977,0.861522917459189,-1.813753558681706,0.5167810354466149,-0.4260313081609968,0.44148633804682325,-0.3896116348800315
2,2011-08-11 10:07:05.726150,5603,49489.0,15594662.0,3204183.0,542.0373402006068,8.832589684097805,2783.2700339104053,-3796.0,-26585.0,-28818200.0,-3371871.0,246.15726864969716,0,0,0,9399.0,8426.8,887.8092137390785,76074.0,126162.6,172155.4284833909,44412862.0,86607175.6,146739536.0607356,6576054.0,5882847.6,4128957.3953609793,295.88007155090963,332.0862487909879,32.72195422562831,8.093839770188318,13.990583435489606,18.062264300780445,4725.275242047026,9417.359044751554,15563.597431901546,0.6649024540750149,-3.180638313162084,0.3922636343892691,-0.4453742799484062,0.18006200862645383,-0.48393579199138165,0.5446653080049192,-0.6487508451914683,1.6322185642204294,6.416214934949268,0.6313238989777256,-0.2855673942764399,0.2955467685456116,-0.4262567854166205
2,2011-08-11 10:07:35.727696,4343,47361.0,27832704.0,2599177.0,634.3514758005987,10.905134699516465,6408.635505411006,-1260.0,-2128.0,12238042.0,-605006.0,92.31413559999191,0,0,0,5603.0,7674.4,1361.6092684760927,49489.0,49483.8,15437.062048845208,15594662.0,20130169.6,13794826.006345859,3204183.0,3994805.2,1719473.5361937184,542.0373402006068,378.9347394266031,95.91453266674968,8.832589684097805,6.51240302740794,1.8034812431205813,2783.2700339104053,2542.5193622650827,1330.660003647737,0.565907432502793,-2.446663721469847,0.9571011118790199,-0.137513212895239,1.3826363390400842,0.5583640124534154,0.6506392351747212,-0.8116601800626758,1.674038851013801,2.662961798070429,1.6745177858229694,2.4356957891461306,2.52058473989325,2.9054124513736324
3,2011-08-12 15:24:01.105063,1712,4317932.0,3659098271.0,1469259418.0,654.0164577383179,2522.1565420560746,2137323.7564252336,0.0,0.0,0.0,0.0,0.0,0,0,1,1712.0,1712.0,1712.0,4317932.0,4317932.0,4317932.0,3659098271.0,3659098271.0,3659098271.0,1469259418.0,1469259418.0,1469259418.0,654.0164577383179,654.0164577383179,654.0164577383179,2522.1565420560746,2522.1565420560746,2522.1565420560746,2137323.7564252336,2137323.7564252336,2137323.7564252336,10.0,10.0,10.0,10.0,10.0,10.0,10.0,10.0,10.0,10.0,10.0,10.0,10.0,10.0
3,2011-08-12 15:24:31.149242,1643,164980.0,46695756.0,11124566.0,353.43447823311016,100.4138770541692,28421.032258064515,-69.0,-4152952.0,-3612402515.0,-1458134852.0,-300.5819795052077,0,0,1,1712.0,1643.0,1643.0,4317932.0,164980.0,164980.0,3659098271.0,46695756.0,46695756.0,1469259418.0,11124566.0,11124566.0,654.0164577383179,353.43447823311016,353.43447823311016,2522.1565420560746,100.4138770541692,100.4138770541692,2137323.7564252336,28421.032258064515,28421.032258064515,10.0,10.0,10.0,10.0,10.0,10.0,10.0,10.0,10.0,10.0,10.0,10.0,10.0,10.0
3,2011-08-12 15:25:01.112739,1321,20718.0,7057621.0,2250832.0,352.9159138069644,15.683573050719152,5342.635124905375,-322.0,-144262.0,-39638135.0,-8873734.0,-0.5185644261457583,0,0,1,1643.0,1677.5,48.79036790187178,164980.0,2241456.0,2936580.521142235,46695756.0,1852897013.5,2554354314.731839,11124566.0,740191992.0,1031057041.7336428,353.43447823311016,503.725467985714,212.5435560106082,100.4138770541692,1311.2852095551218,1712.4306607116287,28421.032258064515,1082872.394341649,1491219.4171213885,0.7874813710874591,-7.306770072111233,0.009243099128423663,-0.7562326263528452,0.003808965608222672,-0.72262464993772,0.0030408759137183425,-0.7157132245168598,0.7006116153258957,-0.7095465842799441,0.011960459049201157,-0.7565863344009722,0.004933762420043516,-0.7225829725961983
3,2011-08-12 15:25:31.233931,949,24012.0,9492386.0,3123497.0,368.10119843624864,25.302423603793468,10002.514225500528,-372.0,3294.0,2434765.0,872665.0,15.18528462928424,1,1,0,1321.0,1558.6666666666667,208.69674969518178,20718.0,1501210.0,2440419.021423165,7057621.0,1237617216.0,2097157759.976465,2250832.0,494211605.3333333,844427832.0426879,352.9159138069644,453.45561659279747,173.69097696200285,15.683573050719152,879.4179973869876,1423.2839669968398,5342.635124905375,723695.8079360678,1224292.0957295382,0.6088537211287796,-2.9213040814205886,0.01599509728818752,-0.6053050672988732,0.00766988845766024,-0.5856139454257282,0.006320161174469547,-0.5815631480849954,0.8117689691469656,-0.49141538408601276,0.028771782791511796,-0.6001020130823201,0.013821434525131515,-0.5829436424526511
3,2011-08-12 15:26:01.126918,989,19459.0,11796754.0,1842697.0,382.9164042214358,19.675429726996967,11927.96157735086,40.0,-4553.0,2304368.0,-1280800.0,14.815205785187176,0,0,0,949.0,1406.25,349.22712284891816,24012.0,1131910.5,2125078.4651122103,9492386.0,930586008.5,1819098612.7755606,3123497.0,371439578.25,731890787.5419749,368.10119843624864,432.11701205366023,148.10035277941583,25.302423603793468,665.8891039411891,1238.0912138522979,10002.514225500528,545272.484508426,1061414.2859799888,0.7032888888883888,-1.1947811973908882,0.017191288533854914,-0.5234872585945944,0.012676693924310168,-0.5050794102350072,0.004960960295835141,-0.5049891152357252,0.8861405442028725,-0.3322112804496338,0.029547607267508526,-0.5219435102870881,0.021875231038118732,-0.5024847790122264
3,2011-08-12 15:26:31.112638,1036,30005.0,21084803.0,1388397.0,333.8855221312741,28.962355212355213,20352.12644787645,47.0,10546.0,9288049.0,-454300.0,-49.0308820901617,0,0,0,989.0,1322.8,355.3719178550832,19459.0,909420.2,1906430.8353919373,11796754.0,746828157.6,1628089236.2178462,1842697.0,297520202.0,655033178.2379841,382.9164042214358,422.2768904872154,130.13233968638477,19.675429726996967,536.6463690983508,1110.4822434023758,11927.96157735086,438603.579922211,949653.3530135732,0.7831871787112313,-0.8070418217911828,0.03299354907665342,-0.46128880401748396,0.02823246925739641,-0.44576386751745106,0.004666563785137521,-0.452086726044296,0.7906791246503033,-0.6792421358770826,0.053969162711307445,-0.4571743644725551,0.046402098340113815,-0.440425395379356
4,2011-08-15 10:42:52.613616,2,4.0,504.0,290.0,1268.7595215,2.0,252.0,0.0,0.0,0.0,0.0,0.0,0,0,1,2.0,2.0,2.0,4.0,4.0,4.0,504.0,504.0,504.0,290.0,290.0,290.0,1268.7595215,1268.7595215,1268.7595215,2.0,2.0,2.0,252.0,252.0,252.0,2.0,2.0,4.0,4.0,10.0,10.0,10.0,10.0,10.0,10.0,2.0,2.0,10.0,10.0
4,2011-08-15 10:43:34.544316,1,2.0,288.0,145.0,1095.947266,2.0,288.0,-1.0,-2.0,-216.0,-145.0,-172.81225550000022,0,0,1,2.0,1.0,1.0,4.0,2.0,2.0,504.0,288.0,288.0,290.0,145.0,145.0,1268.7595215,1095.947266,1095.947266,2.0,2.0,2.0,252.0,288.0,288.0,1.0,1.0,2.0,2.0,10.0,10.0,10.0,10.0,10.0,10.0,2.0,2.0,10.0,10.0
4,2011-08-15 10:58:26.370803,2,5.0,721.0,435.0,2140.5426025,2.5,360.5,1.0,3.0,433.0,290.0,1044.5953364999998,0,0,1,1.0,1.5,0.7071067811865476,2.0,3.0,1.4142135623730951,288.0,396.0,152.73506473629428,145.0,217.5,102.5304832720494,1095.947266,1182.35339375,122.19671773619224,2.0,2.0,0.0,288.0,270.0,25.45584412271571,1.3333333324444443,0.7071067801865475,1.6666666661111111,1.4142135613730948,1.820707070702473,2.1278676285566975,1.9999999999908047,2.1213203435389527,1.810408473315375,7.841366171641141,1.249999999375,10.0,1.33518518518024,3.555175760826037
4,2011-08-15 10:59:02.040572,1,2.0,288.0,145.0,1071.322388,2.0,288.0,-1.0,-3.0,-433.0,-290.0,-1069.2202144999997,0,0,1,2.0,1.6666666666666667,0.5773502691896257,5.0,3.6666666666666665,1.5275252316519468,721.0,504.3333333333333,216.50019245564965,435.0,290.0,145.0,2140.5426025,1501.7497966666667,559.9180346274502,2.5,2.1666666666666665,0.2886751345948129,360.5,300.1666666666667,55.26376148375473,0.59999999964,-1.1547005363792517,0.5454545453057852,-1.091089450465676,0.5710508922658869,-0.9992292887991324,0.4999999999982759,-0.9999999999931035,0.7133827421699868,-0.7687328895421082,0.9230769226508876,-0.5773502671896251,0.9594669627952488,-0.2201563255882072
4,2011-08-15 11:00:05.704408,2136,1504642.0,1251201278.0,438602583.0,1016.8135947991572,704.4204119850187,585768.388576779,2135.0,1504640.0,1251200990.0,438602438.0,-54.50879320084289,1,1,0,1.0,1.5,0.5773502691896257,2.0,3.25,1.5,288.0,450.25,207.23959563751325,145.0,253.75,138.82693062466902,1071.322388,1394.1429444999999,505.29437842402297,2.0,2.125,0.25,288.0,297.125,45.530896103634944,10.0,10.0,10.0,10.0,10.0,10.0,10.0,10.0,0.72934672790178,-0.7467515290333513,10.0,10.0,10.0,10.0
4,2011-08-15 11:00:22.615736,3491,175486.0,64146681.0,15032110.0,752.4664280031509,50.26811801775995,18374.872815812087,1355.0,-1329156.0,-1187054597.0,-423570473.0,-264.34716679600626,0,0,0,2136.0,428.4,954.577550542647,1504642.0,300931.0,672894.9053173163,1251201278.0,250240615.8,559554020.8706298,438602583.0,87720719.6,196148924.65858573,1016.8135947991572,1318.6770745598315,469.00671027110263,704.4204119850187,142.58408239700375,314.0761309205802,585768.388576779,117391.3777153558,261830.71181516297,8.14892623714251,3.2083302171267287,0.5831436442240894,-0.1864258430383625,0.2563400061773665,-0.3325754580593486,0.17136327732541767,-0.37057868008463896,0.570622211092697,-1.2072548945582962,0.3525506997158593,-0.2939286220457601,0.15652659653050768,-0.37816994123074127
4,2011-08-15 11:00:52.643903,2680,66100.0,16049937.0,6785045.0,754.200584519403,24.66417910447761,5988.782462686567,-811.0,-109386.0,-48096744.0,-8247065.0,1.734156516252142,0,0,0,3491.0,1126.2,1613.067791507846,175486.0,336027.4,657679.7884683701,64146681.0,263069851.2,553080170.8841323,15032110.0,90727083.6,194577215.81209624,752.4664280031509,1215.4184558604616,534.9439689372691,50.26811801775995,152.23770600055576,309.3815018988016,18374.872815812087,121015.95227851823,259922.2159251209,2.379683892734523,0.9632577181065604,0.19671014923187752,-0.4104237422722338,0.061010172495205336,-0.44662587307211477,0.07478522102522428,-0.4314073374400786,0.6205275071167505,-0.8621797760547921,0.16201097449685403,-0.4123502087639195,0.04948754564938127,-0.4425445874506109
4,2011-08-15 11:01:22.622497,2913,55734.0,23996353.0,4061324.0,542.7818084775146,19.13285272914521,8237.67696532784,233.0,-10366.0,7946416.0,-2723721.0,-211.4187760418885,0,0,0,2680.0,1662.0,1590.6572540934142,66100.0,349247.0,649854.7451823369,16049937.0,266279781.0,551215118.2577034,6785045.0,92084063.6,193808444.82100233,754.200584519403,1147.0691195643421,574.4019934650589,24.66417910447761,156.77054182145125,306.7851684510399,5988.782462686567,122156.10877105554,259271.93488499642,1.7527075812263821,0.786467352900744,0.15958333214028994,-0.45165939338897243,0.09011706750652615,-0.43954423595241077,0.04410452624725393,-0.45417391219095776,0.473190149764637,-1.0520285757374108,0.12204367291664982,-0.44864518642407286,0.06743565301975026,-0.43937818359035785
4,2011-08-15 11:01:52.789187,2985,538232.0,562286393.0,13494023.0,504.7552638874372,180.31222780569516,188370.65092127305,72.0,482498.0,538290040.0,9432699.0,-38.02654459007738,0,0,0,2913.0,2244.2,1344.932972307542,55734.0,360392.8,642807.0320206524,23996353.0,271078907.4,548414530.7158964,4061324.0,92896241.4,193334013.4342601,542.7818084775146,827.5169607598451,216.42335967248476,19.13285272914521,160.09711236728032,304.7777720540558,8237.67696532784,123731.54416412111,258369.19982934056,1.330095356919468,0.5508081185104983,1.4934593587885179,0.27666032128019097,2.0742535758058764,0.5309988508507604,0.14525908472331367,-0.4106996849108466,0.6099636476614925,-1.4913440830017357,1.1262678329320075,0.06632739422599078,1.5224141280529986,0.2501811624599506
4,2011-08-15 11:02:22.711886,2320,186272.0,41362133.0,19396476.0,548.2951200676723,80.28965517241379,17828.505603448277,-665.0,-351960.0,-520924260.0,5902453.0,43.53985618023512,0,0,0,2985.0,2841.0,492.78950881689843,538232.0,468038.8,611680.158950084,562286393.0,383536128.4,536451078.61756545,13494023.0,95595017.0,191801181.9659762,504.7552638874372,714.2035359373325,204.87230647336668,180.31222780569516,195.75955792841933,291.8102402200983,188370.65092127305,161348.07434837573,249441.1065225935,0.8166138683559252,-1.0572465336158896,0.39798409875420504,-0.46064400794630483,0.10784416365819477,-0.6378475298843325,0.20290258434704814,-0.39727878743477674,0.7677014919105841,-0.8098137748569664,0.4101442403203733,-0.3957020242624676,0.11049717001861228,-0.5753645449449102
4,2011-08-15 11:02:52.624349,2063,31181.0,16593929.0,8898058.0,578.1690001158507,15.114396509936984,8043.591371788657,-257.0,-155091.0,-24768204.0,-10498418.0,29.87388004817842,0,0,0,2320.0,2877.8,429.82868680440583,186272.0,204364.8,196110.24410060784,41362133.0,141568299.4,235911593.05052185,19396476.0,11753795.6,6245976.750022854,548.2951200676723,620.4998409910356,122.41475640006391,80.28965517241379,70.93340656589835,65.76940561964037,17828.505603448277,47760.09775370957,78799.72056026691,0.7168670512194325,-1.8956389487537404,0.15257519886007692,-0.8830941024740805,0.11721500555088253,-0.5297508646522344,0.7570369864182426,-0.4572123327211473,0.9317794492767192,-0.34579851416358326,0.2130786781779946,-0.8487078380778879,0.16841656005956848,-0.5040183657954063
4,2011-08-15 11:03:22.619799,2382,29867.0,11292419.0,4416031.0,573.3376784412259,12.538623005877414,4740.730058774139,319.0,-1314.0,-5301510.0,-4482027.0,-4.83132167462486,0,0,0,2063.0,2592.2,393.4014489042967,31181.0,175503.8,211441.9354413878,16593929.0,132057749.0,240722533.4068181,8898058.0,10526985.2,6040105.036221841,578.1690001158507,585.6403554135757,97.77818221093112,15.114396509936984,63.902662264333756,70.25668965999414,8043.591371788657,45693.84146490488,79890.77888089434,0.9189105778871542,-0.534314249693069,0.17017865140241883,-0.6887791662329452,0.08551121827769456,-0.501678543719495,0.4194962675543611,-1.01172979002075,0.9789927779743923,-0.12582231223816498,0.19621440737187298,-0.7310910819496408,0.10374986883987747,-0.5126137456637571
4,2011-08-15 11:03:52.657532,2308,31895.0,14146510.0,2456632.0,522.9230404961005,13.819324090121317,6129.337088388215,-74.0,2028.0,2854091.0,-1959399.0,-50.41463794512538,0,0,0,2382.0,2532.6,399.3035186421477,29867.0,168257.2,216684.72965047628,11292419.0,131106245.4,241304412.5418473,4416031.0,10053182.4,6483646.248486499,573.3376784412259,549.4677741979401,29.320720196494037,12.538623005877414,61.47755104461371,72.13392044322973,4740.730058774139,45444.23098412239,80047.64252821027,0.9113164337041336,-0.5624793910236539,0.1895609816400119,-0.6293115357965404,0.10790111452615818,-0.4846978725667386,0.2443636156447335,-1.171647882821073,0.9516900991299467,-0.9053233864326541,0.22478650914165352,-0.6606909296069566,0.13487602178876323,-0.4911436821125417
4,2011-08-15 11:04:22.716029,2443,213912.0,223355323.0,5196054.0,537.6822629525174,87.56119525173966,91426.65697912405,135.0,182017.0,209208813.0,2739422.0,14.759222456416865,0,0,0,2308.0,2411.6,342.89546512020246,31895.0,163489.4,220016.25378662368,14146510.0,129136276.8,242435004.0846709,2456632.0,9732244.0,6881876.167026856,522.9230404961005,545.4960206016574,31.701203241767164,13.819324090121317,60.41484531680893,72.94826303233529,6129.337088388215,45022.56300873447,80297.79651081431,1.0130204013928459,0.0915730979087204,1.3084151021411707,0.22917670459429174,1.7296094369045647,0.3886363132903606,0.5339009174040437,-0.6591501924626679,0.9856758668165765,-0.2464814218344469,1.4493324412423614,0.3721315464704844,2.030685302420146,0.5778999672069384
4,2011-08-15 11:04:52.622657,2445,29864.0,14800665.0,2238944.0,456.74404537218817,12.214314928425358,6053.441717791411,2.0,-184048.0,-208554658.0,-2957110.0,-80.9382175803292,0,0,0,2443.0,2303.2,144.70210779390868,213912.0,98625.4,93142.81719112863,223355323.0,61350062.8,91354086.2285766,5196054.0,8072650.2,6747141.225723599,537.6822629525174,552.0814204146734,23.474844224026217,87.56119525173966,41.86463880601783,38.4928158780231,91426.65697912405,25633.764220304667,37134.830465175655,1.0615665161509806,0.9799442603903065,0.3028023207003439,-0.7382362062219052,0.2412493863005467,-0.5095491589016498,0.27734931460302836,-0.8646189556191425,0.8273128355384541,-4.061256983373178,0.2917573225635439,-0.7702820175790412,0.2361511039021029,-0.5272764748683797
4,2011-08-15 11:05:22.649175,2749,104389.0,48343074.0,7459472.0,410.6860551615133,37.97344488905056,17585.69443433976,304.0,74525.0,33542409.0,5220528.0,-46.05799021067486,0,0,0,2445.0,2328.2,158.47302609592577,29864.0,67343.8,81938.77092500233,14800665.0,56037769.2,93552796.67655952,2238944.0,4641143.8,2693630.231323696,456.74404537218817,533.7712054755765,48.99702133666729,12.214314928425358,28.249570757220148,33.17603400912669,6053.441717791411,23278.751443173296,38114.036377801516,1.1807404862120177,2.655341482168891,1.5500907284708976,0.45210831919735056,0.8626873390955755,-0.08224976134709158,1.6072486269440733,1.0462936475935765,0.769404664297755,-2.512094550928128,1.3442131639469577,0.293099353854722,0.7554397613320523,-0.14936903959479753
4,2011-08-15 11:05:52.637148,2249,109854.0,76299464.0,4114309.0,499.15094148866166,48.84570920409071,33925.951089373055,-500.0,5465.0,27956390.0,-3345163.0,88.46488632714835,0,0,0,2749.0,2465.4,168.13476737427027,104389.0,81985.4,80387.44492954112,48343074.0,62387598.2,91255538.49886908,7459472.0,4353426.6,2146527.701502953,410.6860551615133,500.274616484709,65.52006388936012,37.97344488905056,32.82138043304286,32.48118931537291,17585.69443433976,25187.172055683517,37392.544462657774,0.9122251967222713,-1.2870627733822815,1.339921498217959,0.346678514591753,1.2229908860315766,0.15244955022836676,0.945073703551129,-0.11139739768211444,0.9977538836470641,-0.017150090053753023,1.488228360846979,0.4933418113163242,1.3469535608987224,0.23370378130903405
4,2011-08-15 11:06:22.626848,2209,189785.0,181621974.0,4896900.0,532.2837967931191,85.9144409234948,82219.09189678587,-40.0,79931.0,105322510.0,782591.0,33.13285530445745,0,0,0,2249.0,2438.8,193.26975966249864,109854.0,97982.8,75215.21193016747,76299464.0,75389007.2,86671697.68659346,4114309.0,4293082.2,2148567.8588278173,499.15094148866166,485.4372690941962,51.80210498465396,48.84570920409071,40.08279767268552,30.82960670944766,33925.951089373055,31024.2162618033,35639.736842859274,0.905773331146094,-1.189011671562609,1.9369215821552155,1.220527040264558,2.4091307306670564,1.2256938497286678,1.1406490190194818,0.2810326876663887,1.096503772331366,0.9043363722747666,2.143424259527121,1.4866113499682647,2.6501585472123765,1.436454928404963
4,2011-08-15 11:06:52.644883,2166,38729.0,26899533.0,1947717.0,540.3251686278855,17.880424746075715,12418.99030470914,-43.0,-151056.0,-154722441.0,-2949183.0,8.041371834766437,0,0,0,2209.0,2419.0,213.9813075948457,189785.0,129560.8,73660.55358670614,181621974.0,108884100.0,89405154.05017187,4896900.0,4781135.8,1888547.0865260286,532.2837967931191,487.30942035359993,53.63236353062425,85.9144409234948,54.50182103936022,32.29971711811394,82219.09189678587,46242.16722348283,38483.74167676209,0.8954113269942557,-1.1823462658609898,0.2989252922180142,-1.2331131871426988,0.24704739259451106,-0.9170004556336022,0.4073753772063951,-1.5003167356616223,1.108792783514646,0.9885029259063878,0.328070225999141,-1.1337992886511423,0.26856419260562303,-0.8788952280904772
4,2011-08-15 11:07:22.730922,2180,36326.0,24234500.0,2171501.0,483.9642716082569,16.66330275229358,11116.743119266055,14.0,-2403.0,-2665033.0,223784.0,-56.360897019628624,0,0,0,2166.0,2363.6,240.4366860526903,38729.0,94524.2,64616.14130927354,26899533.0,69592942.0,66843023.43755999,1947717.0,4131468.4,2236750.2499436657,540.3251686278855,487.83800148867357,54.26225892604698,17.880424746075715,40.56566693822743,29.369241525547526,12418.99030470914,30440.633888599852,30732.394950235142,0.9223218818747156,-0.7636105912680955,0.3843037021207227,-0.9006758809914674,0.3482321526226036,-0.6785815432536596,0.5256002926223518,-0.8762567032458641,0.9920593929345649,-0.07138902723575685,0.4107735434809279,-0.8138570471534977,0.36519420587456813,-0.6287792019015854
4,2011-08-15 11:07:52.638887,2297,26170.0,14455660.0,1834198.0,475.06989085676975,11.393121462777536,6293.2781889420985,117.0,-10156.0,-9778840.0,-337303.0,-8.894380751487176,0,0,0,2180.0,2310.6,247.12203463066575,36326.0,95816.6,63045.06404390439,24234500.0,71479709.0,65017986.5928613,2171501.0,4117979.8,2251173.061723032,483.9642716082569,493.2820467358873,51.666126494961446,16.66330275229358,41.45546450300107,28.345081343619835,11116.743119266055,31453.294168894772,29797.108105408995,0.9941140829217545,-0.05503353847126844,0.27312595103562143,-1.1047113847246983,0.2022344550955013,-0.877050366955857,0.4454120925993857,-1.0144852205418664,0.9630796295940772,-0.3524970249229184,0.27482797742328835,-1.0605841159785434,0.20008327760993425,-0.8443777795800457
4,2011-08-15 11:08:22.632929,1994,313115.0,350223605.0,6293926.0,463.1074830351053,157.02858575727183,175638.7186559679,-303.0,286945.0,335767945.0,4459728.0,-11.962407821664442,0,0,0,2297.0,2220.2,53.40131084533369,26170.0,80172.8,69735.64522322861,14455660.0,64702226.2,69634979.07314195,1834198.0,2992925.0,1413547.6900024458,475.06989085676975,506.15881387493863,28.974487250932945,11.393121462777536,36.139399817746465,31.480517130809595,6293.2781889420985,29194.810919815245,31490.804032937544,0.8981172867305207,-4.235851075845449,3.905501616508293,3.3403605753461174,5.412852471527478,4.100257982415693,2.102934754462607,2.3352597321950177,0.9149450139746349,-1.4858358136074103,4.345080066211198,3.8401270675878596,6.0160937208451495,4.6503705520816885
4,2011-08-15 11:08:52.701118,1829,36071.0,16755924.0,7973394.0,543.9429739387643,19.721705850191363,9161.248769819573,-165.0,-277044.0,-333467681.0,1679468.0,80.83549090365904,0,0,0,1994.0,2169.2,110.38432859785823,313115.0,120825.0,127053.4621153631,350223605.0,119487054.4,146438721.027614,6293926.0,3428848.4,2042145.1809832354,463.1074830351053,498.9501221842273,35.00915693807009,157.02858575727183,57.7759751283827,63.39583948952852,175638.7186559679,57537.36443313422,73098.59041393606,0.8431679881980255,-3.081959226624482,0.29853920960065966,-0.6670735184141906,0.14023212877863026,-0.701529825438915,2.3253853976162953,2.225378314098083,1.0901750490740116,1.285173814177889,0.34134786658341737,-0.6002644587406517,0.1592226001325792,-0.6617927293724011
4,2011-08-15 11:09:22.651450,2002,308103.0,344995559.0,5500706.0,489.3907577017982,153.89760239760238,172325.45404595404,173.0,272032.0,328239635.0,-2472688.0,-54.55221623696616,0,0,0,1829.0,2093.2,183.03742786654297,36071.0,90082.2,124772.28167626017,16755924.0,86513844.4,147507601.58027133,7973394.0,4044147.2,2884708.993324188,543.9429739387643,501.2819576133564,38.041424269437016,19.721705850191363,44.53742811372201,62.96067895128227,9161.248769819573,42925.79580774096,74224.63689642592,0.9564303458814465,-0.4982587499317227,3.4202428448683158,1.7473496282266032,3.9877497225172434,1.7523280958462217,1.3601646349569072,0.5049239987016981,0.9762784202943401,-0.3125855600732375,3.4554667593553967,1.7369598947108587,4.014496430486071,1.7433518525496785
4,2011-08-15 11:09:52.622072,2406,954525.0,1097241258.0,14718333.0,348.07168536824605,396.7269326683292,456043.7481296758,404.0,646422.0,752245699.0,9217627.0,-141.31907233355213,0,0,0,2002.0,2060.4,181.41747435128713,308103.0,143957.0,152197.18854663515,344995559.0,150133049.6,180316308.47161153,5500706.0,4754745.0,2668706.694834738,489.3907577017982,491.0950754281389,31.17196379570639,153.89760239760238,71.74086364402734,76.49363657132916,172325.45404595404,74907.08855598993,90466.53777854217,1.1677344205003068,1.9049984089674488,6.630625811874333,5.325775119371712,7.308459136235384,5.252482243163878,3.095504175302776,3.73348934121702,0.7087663932774867,-4.588205959452725,5.529999396596725,4.248537310904401,6.0881253953528836,4.213012556163984
4,2011-08-15 11:10:22.614054,1852,31311.0,21392650.0,1676452.0,352.9776205755939,16.90658747300216,11551.106911447085,-554.0,-923214.0,-1075848608.0,-13041881.0,4.905935207347852,0,0,0,2406.0,2105.6,237.9964285446316,954525.0,327596.8,377317.5408554445,1097241258.0,364734401.2,441857074.5976174,14718333.0,7264111.4,4732951.492335048,348.07168536824605,463.9165581801367,71.76044880299686,396.7269326683292,147.75358962723448,155.80263198412385,456043.7481296758,163892.4895580719,183262.5950467594,0.8795592705162997,-1.0655622084319496,0.09557785668236048,-0.7852425819596612,0.05865267967489983,-0.7770425572854489,0.23078555761135489,-1.1805866612090024,0.7608644579523144,-1.5459621484190575,0.11442420800429373,-0.8398253642257192,0.07047978185329914,-0.8312737392360624
4,2011-08-15 11:10:52.650166,2108,359947.0,385989746.0,7906770.0,415.2853027125237,170.75284629981024,183107.0901328273,256.0,328636.0,364597096.0,6230318.0,62.30768213692983,0,0,0,1852.0,2016.6,231.6480088409998,31311.0,328625.0,376296.4190953722,21392650.0,366121799.2,440491042.6734668,1676452.0,7232562.2,4778501.872815156,352.9776205755939,439.4981041239015,86.31337469386878,16.90658747300216,148.85628282927937,154.61122336844758,11551.106911447085,164944.05530257287,182143.8795725983,1.045323812356915,0.3945641512608093,1.0953122860403162,0.08323757126177002,1.0542659487728203,0.045104088109069664,1.0932183894664602,0.14109187731735762,0.9449080640277421,-0.28052201060349974,1.1470986850752989,0.1416233763198967,1.1101163348805454,0.09971806284610818
4,2011-08-15 11:11:22.706418,2289,45530.0,30686635.0,2368185.0,283.7690423722149,19.890782000873745,13406.131498470948,181.0,-314417.0,-355303111.0,-5538585.0,-131.5162603403088,0,0,0,2108.0,2039.4,234.46065768055826,359947.0,337991.4,376396.67919470277,385989746.0,373275027.4,440458730.77538496,7906770.0,7555131.0,4753671.888181677,415.2853027125237,429.93366805938524,85.69051785003644,170.75284629981024,151.6011349377871,154.9141080221038,183107.0901328273,166437.72959794477,182284.07511253422,1.1223889379223682,1.0645709283090203,0.13470756948253673,-0.7770031356964087,0.08220918290126152,-0.7777990727914651,0.31345386334135034,-1.0911451446397689,0.6600298219314121,-1.705726950340777,0.13120470377022683,-0.8502153523504145,0.08054743074695493,-0.8395225858594502
4,2011-08-15 11:11:52.614675,2245,321438.0,349139889.0,7470486.0,328.2712136636971,143.17951002227173,155518.8815144766,-44.0,275908.0,318453254.0,5102301.0,44.50217129148217,0,0,0,2289.0,2131.4,221.13299165886556,45530.0,339883.2,374518.9209014679,30686635.0,376061169.6,437675021.1747683,2368185.0,6434089.2,5263919.09524087,283.7690423722149,377.89888174607535,77.78068596933824,19.890782000873745,151.63495016792356,154.8781383815057,13406.131498470948,167286.70614367502,181376.06715595865,1.053298301585318,0.5137180080968339,0.9457307686875934,-0.04925038221193825,0.9284124956888395,-0.06150974878059141,1.1610790226532761,0.19688691662016808,0.8686747421586878,-0.638046160987881,0.9442381842890947,-0.05459414888348711,0.9296547532050008,-0.06488080160586801
4,2011-08-15 11:12:22.671357,2217,71946.0,54778850.0,3009014.0,359.5324625286423,32.45196211096076,24708.54758682905,-28.0,-249492.0,-294361039.0,-4461472.0,31.26124886494523,0,0,0,2245.0,2180.0,212.1025695271038,321438.0,342550.2,374283.4381517568,349139889.0,376890035.6,437605400.0850249,7470486.0,6828045.2,5250292.478621877,328.2712136636971,345.6749729384551,47.53921008073883,143.17951002227173,149.49133169285741,154.9131614535982,155518.8815144766,163925.39163737954,181415.07068590043,1.0169724770637536,0.1744439026944342,0.21003052983183135,-0.7229927173274502,0.1453443838407491,-0.7360768069530568,0.44068454614213737,-0.7273939910110375,1.0400882061878816,0.29149600017250393,0.21708256755260552,-0.7555159838126372,0.15073044718713768,-0.7673940402205496
4,2011-08-15 11:12:52.660505,2004,356607.0,386362831.0,7245588.0,389.8340575718563,177.94760479041915,192795.8238522954,-213.0,284661.0,331583981.0,4236574.0,30.30159504321398,0,0,0,2217.0,2142.2,175.42719287499276,71946.0,166034.4,160683.46778153616,54778850.0,168397554.0,182686960.80394626,3009014.0,4486181.4,2965173.3463360206,359.5324625286423,347.9671283705344,47.95811163153078,32.45196211096076,76.63633758138373,74.20557791316152,24708.54758682905,77658.3515288102,84385.8636118166,0.9354868826435743,-0.7877912069065122,2.147789855596177,1.1860124917088526,2.2943494238639595,1.1931080140629922,1.6150902859166592,0.9306054917193014,1.1203186329589714,0.8729895272382427,2.3219742801399694,1.3652783261957588,2.4826154567647274,1.364416590593037
4,2011-08-15 11:13:22.643646,2204,29121.0,19681342.0,1855164.0,305.5830081515427,13.212794918330308,8929.828493647912,200.0,-327486.0,-366681489.0,-5390424.0,-84.25104942031362,0,0,0,2004.0,2172.6,115.5002164500133,356607.0,231093.6,158335.6648967628,386362831.0,241391590.2,182178398.94244695,7245588.0,5600008.6,2677951.7462459165,389.8340575718563,355.3384157697869,51.61389644284069,177.94760479041915,108.84454104486713,76.70619130401123,192795.8238522954,113907.29491697988,87750.26519674489,1.01445272944812,0.27186096238458274,0.12601387489744362,-1.2755976370307212,0.08153284040961589,-1.2169952611672792,0.33127877696473534,-1.3983988342021862,0.8599774034808012,-0.9639924719185141,0.12139143397887481,-1.2467278651115765,0.07839558037223379,-1.1963207881817879
4,2011-08-15 11:13:52.620223,2666,331423.0,348553014.0,6502624.0,258.85891021417854,124.31470367591898,130740.06526631658,462.0,302302.0,328871672.0,4647460.0,-46.72409793736415,0,0,0,2204.0,2191.8,109.921335508626,29121.0,164928.4,160141.5741751653,19681342.0,168129909.4,183143600.96169922,1855164.0,4389687.4,2741533.699713457,305.5830081515427,333.39795685759066,42.22271269942458,13.212794918330308,77.33653076857114,77.27285776274485,8929.828493647912,79071.842589144,87983.7332589357,1.2163518569206968,4.313994165022434,2.0094962420056097,1.039671308700167,2.0731172415655865,0.9851455560149865,1.4813410175858988,0.7707133420321777,0.776426204447235,-1.7653779654631852,1.6074512580131393,0.6079517992071625,1.653433902452965,0.587247446355938
4,2011-08-15 11:14:22.614682,2996,320758.0,351719114.0,6042041.0,249.2873349432577,107.06208277703604,117396.23297730308,330.0,-10665.0,3166100.0,-460583.0,-9.571575270920874,0,0,0,2666.0,2267.2,242.5504071322082,331423.0,222107.0,157875.58989121774,348553014.0,231703185.2,178619952.90900946,6502624.0,5216575.2,2599198.9179422096,258.85891021417854,328.4159304259834,50.249296650496625,124.31470367591898,98.22131510358018,71.78168600332128,130740.06526631658,102538.62934271313,81499.56823751413,1.3214537755816331,3.00473624684433,1.4441597968546627,0.6248654403633498,1.5179727188316616,0.6719066198675865,1.1582390300824186,0.31758469669321127,0.7590598136306962,-1.5747204589055466,1.0900086469321117,0.12316188383933528,1.144897622777173,0.1823028508726606
4,2011-08-15 11:14:52.623984,2853,38140.0,22395240.0,3456840.0,292.87001456677183,13.36838415702769,7849.716088328076,-143.0,-282618.0,-329323874.0,-2585201.0,43.58267962351417,0,0,0,2996.0,2417.4,404.0975129841805,320758.0,221971.0,157768.88737485593,351719114.0,232219030.2,179047105.2508701,6042041.0,4930886.2,2356720.652152892,249.2873349432577,312.6191546818955,61.46867152473066,107.06208277703604,90.99782965453305,67.83521938208726,117396.23297730308,94914.09963527843,76960.85448279217,1.180193596425424,1.077957636467747,0.171824247311585,-1.1651917121226811,0.09644015815892422,-1.1718915528179439,0.7010585642799867,-0.6254649649093714,0.9368268392378063,-0.3212878955234413,0.14690882417342174,-1.1443826113262339,0.08270337198047178,-1.1312814044497923
4,2011-08-15 11:15:22.622977,2913,118174.0,121783306.0,2954611.0,199.5430644122897,40.56779951939581,41806.83350497769,60.0,80034.0,99388066.0,-502229.0,-93.32695015448208,0,0,0,2853.0,2544.6,424.8138415824041,38140.0,215209.8,166299.31907767983,22395240.0,225742308.2,187458481.62994877,3456840.0,5020451.4,2272423.7473720773,292.87001456677183,299.28666508952136,55.70902979897027,13.36838415702769,87.18111406374643,72.34007113415687,7849.716088328076,91542.33333557822,81065.46088651138,1.1447771751940798,0.8672033816668183,0.549110681762631,-0.583500885861554,0.5394793159114158,-0.5545708110728198,0.588515008829684,-0.9090911861790834,0.6667288846696077,-1.7904386602203022,0.46532784026214086,-0.6443636813303714,0.4566939904374151,-0.61352269248463
4,2011-08-15 11:15:52.626550,2353,23002.0,13483580.0,1225313.0,287.19386228601786,9.775605609859754,5730.378240543986,-560.0,-95172.0,-108299726.0,-1729298.0,87.65079787372812,0,0,0,2913.0,2726.4,316.2598615063251,118174.0,167523.2,148891.38097855082,121783306.0,172826403.2,167011067.091415,2954611.0,4162256.0,2018019.1833323224,199.5430644122897,261.2284664576081,41.59869943804835,40.56779951939581,59.70515300954177,52.659155522791245,41806.83350497769,61344.535266114675,59051.35763750544,0.8630428403752702,-1.180674645907766,0.13730635517946088,-0.9706485294861942,0.07801805598185359,-0.9540854146676536,0.29438674603388154,-1.4553593069171287,1.0993972677611077,0.6241876832340649,0.16373135511659667,-0.9481646050537974,0.09341301903560469,-0.9417930298396288
4,2011-08-15 11:16:22.634645,2157,305653.0,323745098.0,6555933.0,364.9591066439499,141.7028280018544,150090.44877144182,-196.0,282651.0,310261518.0,5330620.0,77.76524435793203,0,0,0,2353.0,2756.2,256.01113257044096,23002.0,166299.4,150331.54456999357,13483580.0,171586850.8,168448678.54088783,1225313.0,4036285.8,2208688.747285016,287.19386228601786,257.5506372845031,37.28622887294527,9.775605609859754,59.01771514784765,53.43454905321385,5730.378240543986,60704.645215493896,59774.235742849596,0.7825992308247651,-2.3405232185861706,1.8379681466078541,0.9269751095726738,1.886771022899384,0.9032914269082043,1.624248956800829,1.1407887159733223,1.41703825892452,2.880647161249961,2.40102192442503,1.547409200929454,2.472470570227979,1.495390153384589
4,2011-08-15 11:16:52.615671,2168,197950.0,220470734.0,6024150.0,316.4581387661439,91.30535055350552,101693.14298892987,11.0,-107703.0,-103274364.0,-531783.0,-48.50096787780598,0,0,0,2157.0,2654.4,374.58483685274814,305653.0,161145.4,143543.6319966858,323745098.0,166625267.6,162181882.4211571,6555933.0,4046947.6,2223648.660160043,364.9591066439499,278.77067657045734,60.91893964494165,141.7028280018544,62.49534001303474,59.020475119680256,150090.44877144182,64574.721916518945,65768.17502001877,0.8167570825795597,-1.298504242951801,1.2283937363399686,0.25640008886531107,1.3231530678123875,0.3320066680455283,1.4885663456576503,0.889170324172387,1.1351916301176181,0.6186493464056424,1.4609945402809368,0.48813586270802495,1.5748134869306196,0.5643827133885365
4,2011-08-15 11:17:22.620345,2617,212647.0,233214324.0,4413275.0,310.52822532709206,81.25601834161253,89115.14100114634,449.0,14697.0,12743590.0,-1610875.0,-5.929913439051859,0,0,0,2168.0,2488.8,368.7928958101009,197950.0,136583.8,117559.70044704931,220470734.0,140375591.6,132670858.48900837,6024150.0,4043369.4,2219646.429816707,316.4581387661439,292.20483733503465,60.19377631005304,91.30535055350552,59.34399356832864,56.408849390161635,101693.14298892987,61434.103918844296,62928.84697613439,1.0515107682413003,0.3476205790733698,1.5568976701482788,0.647017640490326,1.6613595094547762,0.6997673298970293,1.09148449310617,0.1666506859070099,1.0627073396802995,0.3044066864549382,1.3692374485496188,0.38845012812328616,1.450580952867284,0.43987834534453774
4,2011-08-15 11:17:52.618960,2241,73580.0,51090018.0,2853472.0,287.9077542106203,32.83355644801428,22797.866131191437,-376.0,-139067.0,-182124306.0,-1559803.0,-22.620471116471776,0,0,0,2617.0,2441.6,322.7565646117829,212647.0,171485.2,106401.38944440513,233214324.0,182539408.4,118550576.13008608,4413275.0,4234656.4,2197565.751439204,310.52822532709206,295.7364794870987,60.75793041069926,81.25601834161253,72.92152040524562,50.429324683105385,89115.14100114634,77687.18890140796,55709.73538016351,0.9178407601568981,-0.6215210533073541,0.42907492891514587,-0.9201496381882747,0.2798848667683093,-1.1088043153477383,0.6738379057153253,-0.6285065186766088,0.9735280365444621,-0.12885108533866277,0.4502588024097497,-0.7949335869228188,0.2934572154505897,-0.9852734427053106
4,2011-08-15 11:18:22.648249,2151,212319.0,220675807.0,5151237.0,287.1705949800093,98.7071129707113,102592.1929335193,-90.0,138739.0,169585789.0,2297765.0,-0.7371592306109847,0,0,0,2241.0,2307.2,189.99526309884664,73580.0,162566.4,113611.88524665879,51090018.0,168400750.8,131153618.3899852,2853472.0,4214428.6,2212707.0088961287,287.9077542106203,313.40941744676485,31.67237197556648,32.83355644801428,71.3746717909693,51.77061195281453,22797.866131191437,73885.3954266507,59303.17897715666,0.9322988904295544,-0.8221257596191403,1.3060447915436322,0.43791721167185493,1.3104205649420417,0.3985788332927281,1.2222859820190095,0.423376613457447,0.9162794064025575,-0.8284451346482333,1.382943143450185,0.5279528316977544,1.3885314187073101,0.4840684429063381
4,2011-08-15 11:18:52.659045,2081,44910.0,22185330.0,1887466.0,288.858003175877,21.58097068716963,10660.898606439212,-70.0,-167409.0,-198490477.0,-3263771.0,1.687408195867704,0,0,0,2151.0,2266.8,199.08088808321094,212319.0,200429.8,82854.62575921736,220675807.0,209839196.2,98682210.11577566,5151237.0,4999613.4,1452972.0649641042,287.1705949800093,313.4047639855631,31.677187967119327,98.7071129707113,89.16097326313961,39.02447896526072,102592.1929335193,93257.75836524577,45743.85142706419,0.9180342332799902,-0.9332889851355649,0.22406847684326273,-1.8770201250072864,0.10572538592291844,-1.9015977244514615,0.37752239003119714,-2.141918261915713,0.921677129286591,-0.7749034047589868,0.24204503267630276,-1.731733628894762,0.11431647932910297,-1.8056385105766721
4,2011-08-15 11:19:22.614010,2543,30888.0,18222641.0,2777730.0,290.9181906366496,12.146283916633896,7165.804561541487,462.0,-14022.0,-3962689.0,890264.0,2.0601874607726245,0,0,0,2081.0,2251.6,212.03961893948014,44910.0,148281.2,82122.86527332058,22185330.0,149527242.6,103687601.32367542,1887466.0,4065920.0,1684408.293899449,288.858003175877,298.1845432919485,14.143855375345009,21.58097068716963,65.13660180020265,35.39843909651356,10660.898606439212,65371.84833224524,44928.18276119049,1.1294190797649986,1.3742714755670098,0.20830691955554576,-1.4294825151228172,0.12186836781807947,-1.2663481450411243,0.6831737958444828,-0.7647730094096165,0.9756313570916381,-0.5137462496577515,0.186474018919569,-1.4969676413582562,0.1096160617200536,-1.2955352340887811
4,2011-08-15 11:19:52.623572,2249,283259.0,301714884.0,6019060.0,270.3804841765229,125.948866162739,134155.12850155626,-294.0,252371.0,283492243.0,3241330.0,-20.537706460126746,0,0,0,2543.0,2326.6,239.60550911863433,30888.0,114868.8,90427.99807968749,18222641.0,109077624.0,108433776.88469043,2777730.0,3416636.0,1329082.896412881,290.9181906366496,293.0765536660497,9.856626943075803,12.146283916633896,49.30478847282832,38.347544816462396,7165.804561541487,46466.38064676757,45705.0051109228,0.9666466087849366,-0.32386567523059107,2.4659350493780514,1.862146719775974,2.7660566203752293,1.77654293278793,1.761691909820068,1.958059957752667,0.9225592453352284,-2.3026203201459268,2.554495619215453,1.9986697467789156,2.8871439228586846,1.9185808565598543
4,2011-08-15 11:20:22.630500,2392,229097.0,239292019.0,5280649.0,296.2784810355351,95.77633779264214,100038.46948160537,143.0,-54162.0,-62422865.0,-738411.0,25.89799685901221,0,0,0,2249.0,2253.0,176.24414883904643,283259.0,128991.2,112368.10434771945,301714884.0,122777736.0,130184738.14859232,6019060.0,3737793.0,1755666.3740841404,270.3804841765229,285.04700543593583,8.318576822236885,125.948866162739,58.243358037053625,50.83325732072228,134155.12850155626,55474.37814684955,58780.246712917884,1.0616955170878555,0.7886786648795472,1.7760668944858116,0.8908737989405335,1.9489854333199303,0.8949918758296466,1.4127719218265962,0.8787865523737927,1.0394021876545696,1.3501679239441016,1.6444164797308929,0.7383548041795418,1.8033274607745173,0.75814740200744
4,2011-08-15 11:20:52.648330,2400,243649.0,250208436.0,5831693.0,234.54205248416667,101.52041666666666,104253.515,8.0,14552.0,10916417.0,551044.0,-61.73642855136842,0,0,0,2392.0,2283.2,186.32283810633618,229097.0,160094.6,114695.27687442044,239292019.0,160418136.2,131476913.16553071,5280649.0,4223228.4,1785329.173863199,296.2784810355351,286.7211508009188,9.756321392652264,95.77633779264214,70.8319143059792,50.761176127032854,100038.46948160537,70922.49881693235,58192.46354194368,1.0511562718986287,0.6268689398811887,1.5219064228274937,0.7284903291308391,1.5597266115101518,0.6829358678884798,1.3808613808336765,0.900934473904053,0.8180144779280688,-5.348234873720058,1.4332581246736638,0.6045664167292559,1.469963928782337,0.5727720421913898
4,2011-08-15 11:21:22.625930,2119,121232.0,124158125.0,3023802.0,262.92767834686174,57.21189240207645,58592.79141104295,-281.0,-122417.0,-126050311.0,-2807891.0,28.385625862695065,0,0,0,2400.0,2333.0,175.0928325203518,243649.0,166360.6,119035.35417387543,250208436.0,166324662.0,135463639.58176044,5831693.0,4359319.6,1896243.3500463627,234.54205248416667,276.19544230175023,25.245033335780583,101.52041666666666,71.39457504517027,51.1614174652274,104253.515,71254.76323022848,58422.78315964971,0.908272610372521,-1.2222087958620673,0.728730240213123,-0.37911929874279277,0.7464805489879787,-0.3112756834984488,0.6936408149565357,-0.7042965239494952,0.9519624080496408,-0.5255593754973622,0.8013478946415467,-0.27721441948820263,0.8222999944821268,-0.2167300346610401
4,2011-08-15 11:21:52.621592,1935,213323.0,230639040.0,4872012.0,302.66672797467703,110.24444444444444,119193.3023255814,-184.0,92091.0,106480915.0,1848210.0,39.73904962781529,0,0,0,2119.0,2340.6,161.73527753709132,121232.0,181625.0,103439.58977828539,124158125.0,186719221.0,114371948.29162891,3023802.0,4586586.8,1565107.8644519846,262.92767834686174,271.0093773359472,24.649866104213952,57.21189240207645,78.52075938815163,44.54156300460736,58592.79141104295,80841.14179114923,49198.836874501256,0.8267110997176679,-2.5078016755155623,1.1745244322092159,0.30643973035799793,1.2352185209684439,0.3840086634531395,1.0622304150005402,0.18236775016138607,1.1168127499823377,1.28428083558773,1.4040165339979598,0.7122265793030006,1.4744138898175436,0.7795338867921191
4,2011-08-15 11:22:22.625758,1893,149248.0,164353684.0,3933933.0,330.8683472562071,78.84204965662968,86821.8087691495,-42.0,-64075.0,-66285356.0,-938079.0,28.201619281530043,0,0,0,1935.0,2219.0,196.37082267994896,213323.0,218112.0,60053.328642132416,230639040.0,229202500.8,64879653.86113567,4872012.0,5005443.2,1196928.5392476243,302.66672797467703,273.35908480355266,27.425740520209143,110.24444444444444,98.14039149371374,25.553741013877715,119193.3023255814,103246.6413439572,28350.05753928537,0.8530869761149829,-1.6601244296341542,0.6842723004694805,-1.1467141215497092,0.7170675862014853,-0.9995247036736408,0.7859310040717272,-0.8952165186683062,1.2103799202165628,2.0969082825012797,0.8033598445638609,-0.7552061291475213,0.8409165435213466,-0.5793579978469825
4,2011-08-15 11:22:52.617094,1919,88534.0,30802359.0,7773810.0,283.7605479979156,46.13548723293382,16051.255341323606,26.0,-60714.0,-133551325.0,3839877.0,-47.10779925829149,0,0,0,1893.0,2147.8,242.0097105489777,149248.0,191309.8,53225.788831166814,164353684.0,201730260.8,54797767.77043796,3933933.0,4588417.8,1115987.8899990148,330.8683472562071,285.4566574194895,37.3342063746205,78.84204965662968,88.71902819249188,21.019508921430756,86821.8087691495,93779.97739747586,22810.38669819146,0.8934723903525033,-0.9454166094411754,0.4627781744583892,-1.9309399119664492,0.15269082029561326,-3.1192493554858154,1.694224532038037,2.854325059031608,0.9940582593592292,-0.04543043996996491,0.5200179507412386,-2.0259056059162,0.1711586608012497,-3.4076021193587054
4,2011-08-15 11:23:22.670109,2191,27255.0,18503481.0,1540090.0,210.5923981154724,12.439525330899134,8445.221816522137,272.0,-61279.0,-12298878.0,-6233720.0,-73.1681498824432,0,0,0,1919.0,2053.2,213.4506968833786,88534.0,163197.2,64256.01056477099,30802359.0,160032328.8,88208638.57891615,7773810.0,5087050.0,1830716.0458192993,283.7605479979156,282.95307081196563,36.8435783203033,46.13548723293382,78.79085808055021,27.558975644044548,16051.255341323606,76982.53456941951,40844.43060807213,1.0671147477103706,0.6455823382701033,0.16700654177890203,-2.1156339898034315,0.11562339396513237,-1.6044783150505237,0.3027471717400064,-1.9374714107630107,0.7442661693347579,-1.9639968752615327,0.15788031294219387,-2.407612445551179,0.1097030886779454,-1.6780087696791297
4,2011-08-15 11:23:52.649095,2074,164411.0,164178585.0,7229976.0,292.79517802459014,79.27242044358727,79160.35920925747,-117.0,137156.0,145675104.0,5689886.0,82.20277990911777,0,0,0,2191.0,2011.4,134.37559302194708,27255.0,119918.4,69205.95448586748,18503481.0,113691337.8,89839165.86784776,1540090.0,4228729.4,2331788.248528917,210.5923981154724,278.1631399382268,45.29768239782205,12.439525330899134,60.9746798133967,36.5266137155377,8445.221816522137,57820.87593272394,46879.849359793174,1.0311226011727994,0.4658584091927306,1.3710239629614691,0.6429013273573906,1.4440729450190357,0.5619736861122029,1.7097277494275225,1.2871008342603283,1.0526023616520872,0.3230195743247091,1.3000875229667102,0.500942703645866,1.3690619163459439,0.4551952185843633
4,2011-08-15 11:24:22.625707,2385,54909.0,21725175.0,4951281.0,306.57377689895173,23.022641509433964,9109.088050314464,311.0,-109502.0,-142453410.0,-2278695.0,13.778598874361592,0,0,0,2074.0,2002.4,126.65227988472986,164411.0,128554.2,72046.57737672179,164178585.0,121695429.8,92740746.09785086,7229976.0,5069964.2,2538020.7305593374,292.79517802459014,284.1366398737725,44.75232916763902,79.27242044358727,65.38678542169887,37.283003505851376,79160.35920925747,61934.389492366834,47856.69709655211,1.191070715141235,3.0208694256842046,0.4271272350494933,-1.0221887379176695,0.17852087819324175,-1.0779539631320334,0.9765909195177352,-0.04676210819359397,1.078966010980027,0.5013624417319149,0.3520993020317788,-1.136285704677194,0.1470764162684929,-1.1038225503835937
4,2011-08-15 11:24:52.615333,2772,95960.0,63387524.0,4979456.0,355.93440347799424,34.61760461760462,22867.07215007215,387.0,41051.0,41662349.0,28175.0,49.3606265790425,0,0,0,2385.0,2092.4,203.4104225451587,54909.0,96871.4,59122.128254148294,21725175.0,79912656.8,77135797.4462309,4951281.0,5085818.0,2536722.33544593,306.57377689895173,284.9180496586274,45.18874807492156,23.022641509433964,47.94242483469677,30.907409858481913,9109.088050314464,39917.54663731345,39526.18231959047,1.3247944943599097,3.3410284069676046,0.9905916503735779,-0.015415547899124058,0.7932100688210382,-0.21423429000677904,0.9790865500888941,-0.04192890901530325,1.249251859975896,1.5715494861697061,0.722066202038016,-0.4311205719816831,0.5728576547511636,-0.4313716500465084
4,2011-08-15 11:25:22.662940,2624,62676.0,47652158.0,3123223.0,236.110423496189,23.88567073170732,18160.12118902439,-148.0,-33284.0,-15735366.0,-1856233.0,-119.82397998180522,0,0,0,2772.0,2268.2,329.04057500557604,95960.0,86213.8,51651.002968964305,63387524.0,59719424.8,61040324.452572346,4979456.0,5294922.6,2459963.9723842605,355.93440347799424,289.93126090298483,52.379201587804694,34.61760461760462,39.09753582689176,25.752066172058946,22867.07215007215,27126.599313497973,29672.982500715185,1.1568644740317624,1.081325608529858,0.7269833831706672,-0.455708478964925,0.7979339747425029,-0.19769335940172025,0.5898524371253321,-0.8828176446401902,0.8143669046242674,-1.0275230582800499,0.6109252213963711,-0.5907046445499834,0.6694580835271672,-0.3021765043084957
4,2011-08-15 11:25:52.627797,2103,72558.0,62410175.0,3610841.0,328.25614980694246,34.502139800285306,29676.735615786973,-521.0,9882.0,14758017.0,487618.0,92.14572631075345,0,0,0,2624.0,2409.2,290.8258929325244,62676.0,81042.2,52645.56462514159,47652158.0,63089384.6,59490175.50271217,3123223.0,4364805.2,2147760.1998105966,236.110423496189,280.4012360026395,57.83342676236092,23.88567073170732,34.64757252664646,26.15116087926617,18160.12118902439,27548.372483038132,29490.62810781148,0.8729038685037055,-1.0528636116660683,0.8953113316272152,-0.1611569760987632,0.9892341698321147,-0.011417172571108589,0.8272628065967295,-0.3510467323430657,1.170665844720748,0.827461149762275,0.9958025132281605,-0.005561234051024282,1.0772591242570944,0.07217083084727541
4,2011-08-15 11:26:22.647436,2174,25782.0,13921423.0,1784364.0,251.4415025823367,11.859245630174794,6403.598436062557,71.0,-46776.0,-48488752.0,-1826477.0,-76.81464722460575,0,0,0,2103.0,2391.6,309.4015190654373,72558.0,90102.8,44313.28328729389,62410175.0,71870723.4,54275507.58773311,3610841.0,4778955.4,1595567.2671915316,328.25614980694246,303.93398634093353,44.79589333841783,34.502139800285306,39.060095420523695,23.157098589403663,29676.735615786973,31794.6752428911,27514.69022798785,0.9090148854319665,-0.7032932503258816,0.2861398313925839,-1.451501564056787,0.19370088878220473,-1.0676878572960082,0.37337950465074426,-1.8768192739820906,0.8272898520123333,-1.1718146429375131,0.30361537784774256,-1.1746225324454496,0.20140474425805377,-0.922818923143823
4,2011-08-15 11:26:52.625370,2035,35115.0,22159950.0,2196070.0,332.0009121031941,17.255528255528255,10889.41031941032,-139.0,9333.0,8238527.0,411706.0,80.55940952085737,0,0,0,2174.0,2411.6,286.09316664331595,25782.0,62377.0,25624.81756032538,13921423.0,41819291.0,22941556.468830243,1784364.0,3689833.0,1342802.7849383752,251.4415025823367,295.66325125248284,50.7839806087246,11.859245630174794,25.5774604578412,9.473024572296469,6403.598436062557,17243.32308825212,9627.074186058744,0.8438381157734103,-1.316354404466452,0.5629478814306466,-1.0638905013009101,0.5298977928631071,-0.8569314390987527,0.5951678571902846,-1.1124217321820282,1.1229021892157902,0.7155339225959173,0.6746380581174408,-0.878487344556422,0.6315146021261208,-0.6600045502965409
4,2011-08-15 11:27:22.644380,2151,32972.0,23033794.0,1838314.0,253.64749709205017,15.328684332868434,10708.41190144119,116.0,-2143.0,873844.0,-357756.0,-78.35341501114391,0,0,0,2035.0,2341.6,333.1730781440784,35115.0,58418.2,28441.212319448692,22159950.0,41906246.0,22846982.501650013,2196070.0,3138790.8,1258403.412017966,332.0009121031941,300.74867829333135,53.35758833368824,17.255528255528255,24.424037807060056,10.18612186817693,10889.41031941032,17599.387542071294,9277.59058000493,0.9186026648441584,-0.5720750339767975,0.5644131452184326,-0.8946946323592001,0.5496506177146003,-0.8260369612764848,0.5856758596335887,-1.0334339430267154,0.8433869054074944,-0.8827456913126691,0.6276064774109501,-0.8929162237606878,0.6084536678246415,-0.7427548759783382
4,2011-08-15 11:27:52.616878,1892,154285.0,141783578.0,4899192.0,304.7253399487315,81.54598308668076,74938.46617336152,-259.0,121313.0,118749784.0,3060878.0,51.07784285668134,0,0,0,2151.0,2217.4,233.43800033413612,32972.0,45820.6,20495.334537400457,23033794.0,33835500.0,20352996.540554166,1838314.0,2510562.4,816111.7425831228,253.64749709205017,280.2912970161425,46.012671336129564,15.328684332868434,20.56625375011282,8.936337004090156,10708.41190144119,15167.655492345099,9144.194718820878,0.8532515558758667,-1.3939461421569685,3.367153638319809,5.292150747872197,4.190379276203987,5.303792873197276,1.9514320775297194,2.926841356846069,1.0871737481385113,0.5310285671867124,3.9650382647966884,6.823794727284095,4.9406756509716985,6.53647614895904
4,2011-08-15 11:28:22.615401,1952,26739.0,17017818.0,1547883.0,289.3908379318648,13.698258196721312,8718.144467213115,60.0,-127546.0,-124765760.0,-3351309.0,-15.334502016866736,0,0,0,1892.0,2071.0,113.32475457727739,154285.0,64142.4,53577.54831363563,141783578.0,52661784.0,53260493.17289762,4899192.0,2865756.2,1356792.0513973245,304.7253399487315,294.014280306651,39.28146894858425,81.54598308668076,32.09831622110751,28.99137377260451,74938.46617336152,26523.324489212526,28518.871186071097,0.9425398358276472,-1.050079485659089,0.4168693407168984,-0.6981170504675751,0.32315308573670803,-0.6692383768263331,0.5401307340798912,-0.9713155369997608,0.9842747693379099,-0.11770034314959525,0.4267594007715185,-0.6346735469686061,0.32869727438423485,-0.6243297606637045
4,2011-08-15 11:28:52.617316,1828,24782.0,12862388.0,1733185.0,273.37328064332604,13.556892778993436,7036.317286652079,-124.0,-1957.0,-4155430.0,185302.0,-16.01755728853874,0,0,0,1952.0,2040.8,122.42017807534897,26739.0,54978.6,55656.380113154686,17017818.0,43583312.6,55022923.63733109,1547883.0,2453164.6,1386904.6428174367,289.3908379318648,286.24121793163545,34.34713710821797,13.698258196721312,27.93753990039471,30.034240802946027,8718.144467213115,22331.606259497752,29464.09671195969,0.8957271658168876,-1.7382755305851982,0.4507572037119816,-0.542554149921481,0.2951218535876045,-0.5583295573766449,0.7065098689260392,-0.5191269664635286,0.9550451280837627,-0.3746436638195372,0.48525721401534866,-0.47880841121550455,0.31508334890416495,-0.5191161678014953
4,2011-08-15 11:29:22.658619,2055,22626.0,10782033.0,1336322.0,304.7967363318735,11.01021897810219,5246.731386861314,227.0,-2156.0,-2080355.0,-396863.0,31.42345568854745,0,0,0,1828.0,1971.6,126.04086638864455,24782.0,54778.6,55789.1651425253,12862388.0,43371505.6,55167498.821788915,1733185.0,2442928.8,1393248.9437392233,273.37328064332604,290.6275735438333,29.905126458532393,13.556892778993436,28.27706933015844,29.815841201698024,7036.317286652079,22458.150029615656,29379.824476660506,1.0423006695064707,0.6616901516860105,0.41304451008239695,-0.5763233760150158,0.24859715730043735,-0.5907368159879035,0.547016351847831,-0.7942635126139558,1.0487536767905967,0.473803807758977,0.38936916867725235,-0.5791166593177919,0.23362259936558413,-0.5858244203067517
4,2011-08-15 11:29:52.615960,2247,32110.0,21216270.0,1720724.0,270.76130606898084,14.29016466399644,9442.042723631508,192.0,9484.0,10434237.0,384402.0,-34.035430262892646,0,0,0,2055.0,1975.6,128.84215148778037,22626.0,52280.8,57152.561812222906,10782033.0,41095922.2,56480226.49416963,1336322.0,2270979.2,1481585.0038801224,304.7967363318735,285.1867383895692,21.89900082589586,11.01021897810219,27.028007474673228,30.515596512627354,5246.731386861314,21329.614243105854,30036.334551772554,1.1373759870413356,2.10645349261832,0.6141834095882118,-0.352929061452602,0.5162621706540023,-0.35197543342097165,0.7577013475068372,-0.37139630771028104,0.9494175907231969,-0.6587255936750943,0.5287169125159676,-0.41742073778529765,0.442672924883436,-0.39577304277869757
4,2011-08-15 11:30:22.623989,1940,50937.0,27396000.0,2381119.0,262.8226474659794,26.25618556701031,14121.649484536085,-307.0,18827.0,6179730.0,660395.0,-7.938658603001443,0,0,0,2247.0,1994.8,163.89844416589239,32110.0,52108.4,57226.6198835818,21216270.0,40732417.4,56631182.57001265,1720724.0,2247461.2,1491072.8204136987,270.76130606898084,288.6095001849553,16.37878058009305,14.29016466399644,26.820303540898827,30.61849643172617,9442.042723631508,21076.34040754392,30153.39637790889,0.9725285742926747,-0.3343533874195836,0.9775199392036413,-0.020469494832702034,0.672584681900073,-0.23549600758402492,1.0594705706154122,0.08963868039853098,0.9106514071665657,-1.5744061403901546,0.9789667565094016,-0.018424091304678432,0.6700237902534923,-0.23064370049215352
4,2011-08-15 11:30:52.660684,2148,163934.0,177724888.0,4717021.0,245.65453558286777,76.3193668528864,82739.70577281193,208.0,112997.0,150328888.0,2335902.0,-17.168111883111635,0,0,0,1940.0,2004.4,157.65880882462656,50937.0,31438.8,11453.131261797358,27396000.0,17854901.8,6670508.365769628,2381119.0,1743846.6,390909.9858894171,262.8226474659794,280.22896168840487,16.786394547079887,26.25618556701031,15.762344036964738,5.999899589704352,14121.649484536085,8912.977069778832,3332.0919811185527,1.0716423867486171,0.9108276351296303,5.214384772955545,10.0,9.953842927324304,10.0,2.704951800232886,7.605777563433903,0.8766207964440946,-2.059669573862834,4.841879270561899,10.0,9.283060544758673,10.0
4,2011-08-15 11:31:22.631139,1958,14511.0,4935514.0,1001412.0,312.1924703396323,7.411133810010215,2520.6915219611847,-190.0,-149423.0,-172789374.0,-3715609.0,66.53793475676451,0,0,0,2148.0,2043.6,165.5424416879253,163934.0,58877.8,59776.86249879597,177724888.0,49996315.8,71711822.65870501,4717021.0,2377674.2,1360507.2230563357,245.65453558286777,271.4817012186055,21.540719017451007,76.3193668528864,28.286565768197754,27.48912099564502,82739.70577281193,23717.289330898595,33162.18083716394,0.958113133685184,-0.5170879390606844,0.24645961635794397,-0.7422069032293708,0.09871755390424189,-0.6283594549598318,0.4211729260468064,-1.011580222932055,1.1499576912076857,1.889944763967971,0.2620018941316822,-0.7594070381783156,0.10628075944063102,-0.6391798510785012
4,2011-08-15 11:31:52.622784,2074,23035.0,12381601.0,1364723.0,262.819582807136,11.10655737704918,5969.913693346191,116.0,8524.0,7446087.0,363311.0,-49.37288753249635,0,0,0,1958.0,2069.6,129.50019305004975,14511.0,56823.6,61396.017454717374,4935514.0,48410941.0,72817103.47654445,1001412.0,2231319.6,1481177.9590481566,312.1924703396323,279.2455391578668,28.321427643769514,7.411133810010215,27.05741397440111,28.43357792673964,2520.6915219611847,22814.164177960418,33785.661554240076,1.0021260146883446,0.03397678332622705,0.4053773432165438,-0.5503386278258232,0.25576038689270675,-0.49479227104392615,0.6116214817455999,-0.5850725732895034,0.941177372425685,-0.5799833453581006,0.4104811120215169,-0.5609866137103472,0.26167575751528754,-0.4985621032629976
4,2011-08-15 11:32:22.628458,1864,52104.0,45125348.0,1757250.0,279.8749898036481,27.95278969957081,24208.877682403432,-210.0,29069.0,32743747.0,392527.0,17.055406996512147,0,0,0,2074.0,2073.4,129.24318163833692,23035.0,56905.4,61339.310448520366,12381601.0,48730854.6,72613685.2371179,1364723.0,2236999.8,1476936.036635122,262.819582807136,270.85010845291924,24.86435770600321,11.10655737704918,27.07668165419051,28.42001459177372,5969.913693346191,22958.800639257395,33693.07491020812,0.8990064628142669,-1.6202015250935788,0.9156248791854391,-0.07827606741731384,0.9260118331682202,-0.04965326561000621,0.7855387380901864,-0.3248277434498824,1.03332057498978,0.3629645879888108,1.032356551498339,0.03082714973704018,1.0544487084838163,0.03710189843098172
4,2011-08-15 11:32:52.623064,2259,84382.0,33731120.0,5032569.0,254.01745546170872,37.35369632580788,14931.881363435148,395.0,32278.0,-11394228.0,3275319.0,-25.85753434193936,0,0,0,1864.0,1996.8,113.1247099443802,52104.0,60904.2,59954.844672469626,45125348.0,53512670.2,71120685.53668302,1757250.0,2244305.0,1473831.1101042964,279.8749898036481,272.6728451998527,25.188161345245927,27.95278969957081,29.80920666130538,27.526024057156533,24208.877682403432,25912.167631011776,32848.67292884077,1.1313100961532796,2.3177959981209906,1.38548737197104,0.3915913739458034,0.6303389435423837,-0.27814060073699604,2.2423730286213317,1.891847702823077,0.9315832505235265,-0.7406411878064455,1.2530926015230968,0.27408570335340204,0.5762497980124226,-0.3342687934871099
4,2011-08-15 11:33:22.616020,2081,70365.0,69060541.0,2066989.0,260.4461407770303,33.81307063911581,33186.228255646325,-178.0,-14017.0,35329421.0,-2965580.0,6.428685315321559,0,0,0,2259.0,2060.6,155.2088914978783,84382.0,67593.2,60428.63975549971,33731120.0,54779694.2,70593572.9399775,5032569.0,2774595.0,1938967.0708295333,254.01745546170872,270.91180679899855,26.33089809262014,37.35369632580788,32.028708813064895,27.61517887853342,14931.881363435148,26074.214006791586,32777.89013176363,1.0099000291172426,0.13143576893690734,1.041007083552768,0.04586897886854538,1.2606959934434974,0.20229669933468802,0.744969626197697,-0.3649396684685677,0.9613687341774123,-0.39746711201256213,1.055711325592599,0.06461525503183921,1.2727604462784954,0.21697596215817988
4,2011-08-15 11:33:52.624300,1731,203502.0,232998944.0,3445828.0,274.07713631831314,117.5632582322357,134603.6649335644,-350.0,133137.0,163938403.0,1378839.0,13.630995541282855,0,0,0,2081.0,2047.2,148.52508205687064,70365.0,48879.4,29923.166565388085,69060541.0,33046824.8,25790715.416336846,2066989.0,2244588.6,1609466.2758660286,260.4461407770303,273.8701278378311,23.457977729388766,33.81307063911581,23.52744957031078,13.514408347546139,33186.228255646325,16163.518503358468,12708.79310499251,0.8455451348178753,-2.128933346603352,4.1633489772786865,5.167320766741502,7.050569772137382,7.752872146902234,1.5351713004334062,0.7463588507647549,1.0007558636683584,0.008824651590229582,4.996855178709705,6.95818908506203,8.327621545122618,9.319543205378698
4,2011-08-15 11:34:22.633299,1869,209446.0,234431655.0,5080973.0,292.41622367629753,112.06313536650616,125431.59711075442,138.0,5944.0,1432711.0,1635145.0,18.3390873579844,0,0,0,1731.0,2001.8,206.13029859775625,203502.0,86677.6,69218.90183540879,232998944.0,78659510.8,88668853.8379596,3445828.0,2733471.8,1505322.298854455,274.07713631831314,266.24706103356726,10.51180356532901,117.5632582322357,45.557874454755876,41.493543190499636,134603.6649335644,42580.11318567911,52437.61263171749,0.9336597062638957,-0.6442526930914816,2.4163797797815993,1.7736253645271831,2.9803345153781455,1.7567853587537083,1.8587983969690116,1.5594674986123829,1.0982890197549737,2.4895026317419293,2.459797273363527,1.602785778134622,2.945778856053808,1.5800010673056473
4,2011-08-15 11:34:52.640852,2583,46239.0,18085595.0,2656894.0,205.4173341618273,17.901277584204415,7001.778939217964,714.0,-163207.0,-216346060.0,-2424079.0,-86.99888951447022,0,0,0,1869.0,1960.8,208.5526312468873,209446.0,123959.8,76218.29308768308,234431655.0,123069521.6,101808173.60197301,5080973.0,3476721.8,1576322.1980066316,292.41622367629753,272.16638920739956,15.328709119375182,112.06313536650616,65.74919005264726,44.95683167965259,125431.59711075442,66472.44986916076,58456.513312869174,1.3173194614436368,2.983419563095554,0.3730160907003692,-1.0197132059961955,0.14695429676554458,-1.031193497394844,0.7641951679884192,-0.520088977390998,0.7547490884502198,-4.3545124720807875,0.2722661308770204,-1.0643079300678224,0.1053335472515248,-1.0173489241762448
5,2011-08-15 16:43:20.931208,3737,930782.0,627527620.0,504326805.0,423.6423398672732,249.0719828739631,167922.83114797965,0.0,0.0,0.0,0.0,0.0,0,0,0,3737.0,3737.0,3737.0,930782.0,930782.0,930782.0,627527620.0,627527620.0,627527620.0,504326805.0,504326805.0,504326805.0,423.6423398672732,423.6423398672732,423.6423398672732,249.0719828739631,249.0719828739631,249.0719828739631,167922.83114797965,167922.83114797965,167922.83114797965,10.0,10.0,10.0,10.0,10.0,10.0,10.0,10.0,10.0,10.0,10.0,10.0,10.0,10.0
5,2011-08-15 16:43:50.935353,2973,361919.0,307905261.0,10876615.0,296.56050024016145,121.73528422468888,103567.19172552976,-764.0,-568863.0,-319622359.0,-493450190.0,-127.08183962711178,0,0,0,3737.0,2973.0,2973.0,930782.0,361919.0,361919.0,627527620.0,307905261.0,307905261.0,504326805.0,10876615.0,10876615.0,423.6423398672732,296.56050024016145,296.56050024016145,249.0719828739631,121.73528422468888,121.73528422468888,167922.83114797965,103567.19172552976,103567.19172552976,10.0,10.0,10.0,10.0,10.0,10.0,10.0,10.0,10.0,10.0,10.0,10.0,10.0,10.0
5,2011-08-15 16:44:20.938654,2587,67680.0,38954279.0,10221202.0,245.72884335214536,26.161577116350987,15057.70351758794,-386.0,-294239.0,-268950982.0,-655413.0,-50.83165688801608,0,0,0,2973.0,3355.0,540.2295808265224,361919.0,646350.5,402246.884866123,307905261.0,467716440.5,226007137.46774113,10876615.0,257601710.0,348921975.5267903,296.56050024016145,360.10142005371733,89.86043056599205,121.73528422468888,185.403633549326,90.04064310880969,103567.19172552976,135745.01143675472,45506.30904321064,0.7710879284647478,-1.4216178218593278,0.10471098885202361,-1.4385953546727739,0.08328610163533476,-1.8971177915175306,0.03967831579999993,-0.7089851753433227,0.6823878764899258,-1.2727801990254857,0.14110606472687973,-1.768557519505611,0.11092638586283077,-2.652100564881348
5,2011-08-15 16:44:50.952945,2576,38818.0,19812395.0,2130795.0,218.5340057872671,15.069099378881988,7691.147127329193,-11.0,-28862.0,-19141884.0,-8090407.0,-27.19483756487827,0,0,0,2587.0,3099.0,585.2623343424724,67680.0,453460.3333333333,438772.2955957148,38954279.0,324795720.0,294649979.02239627,10221202.0,175141540.66666666,285082989.81560624,245.72884335214536,321.97722781986,91.63956891651695,26.161577116350987,132.32294807166764,111.83173171358068,15057.70351758794,95515.90879703245,76749.94579125136,0.8312358825424875,-0.8936163653632073,0.08560395947899871,-0.9450057296128472,0.06099955689071272,-1.0350699023020067,0.0121661314151357,-0.6068785295768481,0.6787250367558724,-1.1288052012302698,0.11388122467318752,-1.0484846017769216,0.08052215828959443,-1.1442973772069185
5,2011-08-15 16:45:20.945204,2664,47703.0,34177861.0,2291248.0,181.28032973986487,17.90653153153153,12829.527402402402,88.0,8885.0,14365466.0,160453.0,-37.25367604740222,0,0,0,2576.0,2968.25,544.7356392477609,38818.0,349799.75,413919.6593578477,19812395.0,248549888.75,284838165.5559515,2130795.0,131888854.25,248323821.35128325,218.5340057872671,296.1164223117118,90.95969129376915,15.069099378881988,103.00948589847124,108.51116872019762,7691.147127329193,73559.71837960664,76520.14969857107,0.8974985260672459,-0.5585278033572173,0.136372310157454,-0.7298439278498399,0.13750905772634348,-0.7526099156395892,0.017372567325945967,-0.5218895454523026,0.6121927596046158,-1.262494308602066,0.17383381127643746,-0.7842782947587484,0.1744096862388074,-0.7936496624279018
5,2011-08-15 16:45:50.942658,2457,65568.0,50641059.0,2658619.0,162.0717424831095,26.686202686202687,20610.931623931625,-207.0,17865.0,16463198.0,367371.0,-19.20858725675538,0,0,0,2664.0,2907.4,490.98503032169936,47703.0,289380.4,383079.10746254487,34177861.0,205675483.2,264651957.624139,2291248.0,105969333.0,222727744.3360482,181.28032973986487,273.1492037973424,94.03570976829651,17.90653153153153,85.9888950250833,101.38790791393065,12829.527402402402,61413.68018416579,71617.9530679587,0.8450849556301695,-0.9173395769398004,0.22658065300897978,-0.5842459054540907,0.24621825709171352,-0.5858049401628882,0.025088569727998573,-0.46384303988696796,0.5933451030769324,-1.181226382900134,0.3103447564724244,-0.5849089261082142,0.33560815053134335,-0.5697279356967326
5,2011-08-15 16:46:20.940771,2552,37089.0,26642194.0,1991918.0,137.09812282092477,14.533307210031348,10439.73119122257,95.0,-28479.0,-23998865.0,-666701.0,-24.97361966218472,0,0,0,2457.0,2651.4,194.4281358240109,65568.0,116337.6,137818.11841082433,50641059.0,90298171.0,122146900.50199245,2658619.0,5635695.8,4495184.872423294,162.0717424831095,220.83508432050968,53.331608289971186,26.686202686202687,41.51173898753122,45.132195312840196,20610.931623931625,31951.300279356183,40302.08031025786,0.9625103718786443,-0.5112428794228734,0.31880492635226854,-0.5750230877754836,0.29504688417221653,-0.521142793950483,0.35344668532322127,-0.8105957604443724,0.6208167657876598,-1.5701188128947017,0.3501011416083191,-0.5977646686560956,0.3267388525645506,-0.5337582805287067
5,2011-08-15 16:46:50.939212,1923,26543.0,16268125.0,1418850.0,186.4619178673947,13.80291211648466,8459.763390535622,-629.0,-10546.0,-10374069.0,-573068.0,49.36379504646993,0,0,0,2552.0,2567.2,74.52315076538324,37089.0,51371.6,14513.320133587766,26642194.0,34045557.6,11799538.411328893,1991918.0,3858756.4,3565426.4326842977,137.09812282092477,188.94260883666232,43.4998043493283,14.533307210031348,20.07134358459971,5.941927519965936,10439.73119122257,13325.808172494746,4909.114615374585,0.7490651293234851,-8.644293664118573,0.5166862624485024,-1.7107456992241328,0.47783400087416983,-1.5066210202707293,0.3676961831537227,-0.6843238659009633,0.9868706641369656,-0.057027635096682704,0.6876924834462816,-1.0549491635495474,0.6348405500835917,-0.9912265577826266
5,2011-08-15 16:47:20.947131,2226,48748.0,39132631.0,2138452.0,135.0057674824798,21.89937106918239,17579.798292902065,303.0,22205.0,22864506.0,719602.0,-51.456150384914906,0,0,0,1923.0,2434.4,295.2275393658255,26543.0,43144.2,14616.692159993125,16268125.0,29508326.8,13655819.952350765,1418850.0,2098286.0,454205.80934101687,186.4619178673947,177.08922373971217,30.198905690744528,13.80291211648466,17.599610584626443,5.31227303264613,8459.763390535622,12006.220147084281,5205.045455545519,0.914393690436693,-0.7058962061837306,1.129885361184096,0.3833835958684003,1.3261555379005765,0.7047767350171626,1.019142290421801,0.08843127757056791,0.762360151739953,-1.3935424245765542,1.2443099784871121,0.8094012595592747,1.4642242169089217,1.0708029725040258
5,2011-08-15 16:47:50.944294,2252,32667.0,20211413.0,2092143.0,148.5395939760213,14.505772646536412,8974.872557726465,26.0,-16081.0,-18921218.0,-46309.0,13.533826493541511,0,0,1,2226.0,2364.4,294.75294739832555,48748.0,45130.2,14556.410501906175,39132631.0,33372374.0,12941092.576834777,2138452.0,2099817.4,454355.7019290372,135.0057674824798,160.38357607875474,24.00963156942812,21.89937106918239,18.96566492268652,5.376683691714717,17579.798292902065,13983.950380198856,5031.34739866028,0.9524615124340414,-0.38133630551189285,0.7238390257521411,-0.85620009124963,0.6056330604469433,-1.0169899428398184,0.9963452060164847,-0.016890731132936244,0.926152151029207,-0.4933012848610839,0.7648438747022216,-0.8294875672513822,0.6417980837828314,-0.9955738345170092
5,2011-08-15 16:48:20.934268,2242,22089.0,10099798.0,1404974.0,128.50102064005353,9.852363960749331,4504.816235504014,-10.0,-10578.0,-10111615.0,-687169.0,-20.038573335967783,0,0,1,2252.0,2282.0,243.12651027808562,32667.0,42123.0,15419.566644364702,20211413.0,30579084.4,14172484.428619454,2092143.0,2059996.4,441939.2144559354,148.5395939760213,153.83542892598604,21.184098253193945,14.505772646536412,18.2855131456875,5.746537075901305,8974.872557726465,13213.019411263671,5523.683599049322,0.982471516213417,-0.16452339958354967,0.5243928495121306,-1.299258303560717,0.3302845130313974,-1.445003273995122,0.682027405484786,-1.4821549628864379,0.8353148656090346,-1.1959162944741772,0.5388070808685033,-1.467518450169917,0.34093768390769663,-1.5765209971941265
5,2011-08-15 16:48:50.954327,1823,20479.0,7024196.0,1568514.0,132.8125215063083,11.23368074602304,3853.0970927043336,-419.0,-1610.0,-3075602.0,163540.0,4.311500866254761,0,0,1,2242.0,2239.0,222.58256894914317,22089.0,33427.2,10303.647228045273,10099798.0,22470832.2,11086442.592486534,1404974.0,1809267.4,366613.300073029,128.50102064005353,147.12128455737485,23.149842247724923,9.852363960749331,14.918745400596828,4.35779613541124,4504.816235504014,9991.79633357815,4776.678471294828,0.8142027690929816,-1.8689693535399032,0.6126447922649636,-1.2566618124070976,0.3125917161181062,-1.3932905953500754,0.8669332128573141,-0.656695760770385,0.9027417202411041,-0.6180933285562531,0.7529909817229432,-0.8456257565110734,0.38562606402968186,-1.285139721620931
5,2011-08-15 16:49:21.040689,2233,31183.0,11832418.0,1668300.0,114.92462493103449,13.96462158531124,5298.888490819525,410.0,10704.0,4808222.0,99786.0,-17.8878965752738,0,0,1,1823.0,2093.2,204.31030321547678,20479.0,30105.2,11442.566023405992,7024196.0,18547232.6,12608151.91601299,1568514.0,1724586.6,362756.12181249174,132.8125215063083,146.26416429445152,23.686834093590686,11.23368074602304,14.258820107795168,4.669453409674048,3853.0970927043336,8674.4695138745,5478.888159476,1.066787693483152,0.6842533039162261,1.0358011240582679,0.09419215915339654,0.6379613743561937,-0.5325772281877289,0.9673622652524373,-0.15516374946001443,0.785733303059035,-1.323078434132064,0.9793672603175307,-0.0630049165522051,0.6108602355848428,-0.6161069408245045
5,2011-08-15 16:49:50.979718,2624,1153788.0,1395210232.0,16936420.0,99.30856654878048,439.7057926829268,531711.2164634146,391.0,1122605.0,1383377814.0,15268120.0,-15.616058382253996,0,0,1,2233.0,2155.2,185.96155516665286,31183.0,31033.2,11268.271083001384,11832418.0,17660091.2,12959757.745527823,1668300.0,1774476.6,325429.0506046408,114.92462493103449,131.95670570717948,12.114608088757262,13.96462158531124,14.291162001560483,4.666065024838801,5298.888490819525,8042.294533931281,5688.213347652844,1.2175204157381136,2.5209511695971543,10.0,10.0,10.0,10.0,9.54445947610692,10.0,0.7525844633345127,-2.6949397715971157,10.0,10.0,10.0,10.0
5,2011-08-15 16:50:20.931331,1933,43275.0,28932040.0,2076639.0,113.82093787066736,22.387480600103466,14967.428867046045,-691.0,-1110513.0,-1366278192.0,-14859781.0,14.51237132188686,0,0,1,2624.0,2234.8,283.4637542967355,1153788.0,252041.2,504120.4573801781,1395210232.0,288875611.4,618479152.7911723,16936420.0,4734070.2,6826047.4371173065,99.30856654878048,124.8172655204396,18.633310887179544,439.7057926829268,97.85244632430937,191.11146656825326,531711.2164634146,110868.57816803378,235266.5381387587,0.8649543583314546,-1.0646863855581525,0.17169811919638467,-0.4141196750572659,0.10015397236126802,-0.4202947993103483,0.4386582607076675,-0.3893074615259712,0.9119005883934909,-0.5901435185492454,0.22878815441850614,-0.3948740862017277,0.1350015406922698,-0.4076276637539736
5,2011-08-15 16:50:50.985021,2655,57893.0,43272628.0,2642210.0,102.03525808399246,21.80527306967985,16298.541619585689,722.0,14618.0,14340588.0,565571.0,-11.78567978667489,0,0,1,1933.0,2171.0,312.98642143070686,43275.0,254162.8,502987.45583284675,28932040.0,290619736.8,617543692.5215014,2076639.0,4730969.4,6827550.945121783,113.82093787066736,117.87353429936884,13.284336985218806,22.387480600103466,99.42878791502278,190.28284170546465,14967.428867046045,112067.0894298977,234632.10400497753,1.2229387379082346,1.5463929642251526,0.22777920293607,-0.39020814082732147,0.14889776061485993,-0.40053377889757646,0.5584923039240117,-0.30593098708291555,0.865633313615448,-1.1922519153049969,0.21930542981270684,-0.407937542603484,0.14543557526566184,-0.40816472330777015
5,2011-08-15 16:51:20.938271,2161,29154.0,19352381.0,2335885.0,106.15914790236002,13.4909763998149,8955.289680703378,-494.0,-28739.0,-23920247.0,-306325.0,4.123889818367559,0,0,1,2655.0,2253.6,383.06109173342054,57893.0,261323.6,499097.3660928296,43272628.0,297254302.8,613944198.915847,2642210.0,4978416.6,6698065.531914073,102.03525808399246,112.58038178815661,13.263810223364942,21.80527306967985,101.81936973680888,188.94651314016346,16298.541619585689,114425.83450671405,233336.1580758938,0.9589101881429896,-0.241736897842395,0.11156282861555515,-0.46517897262719105,0.06510378762463451,-0.4526501305668203,0.4692023966013611,-0.3945216103678305,0.9429631185758239,-0.4841168395187921,0.13249911519345475,-0.4674782924996511,0.07826283041158716,-0.4520111486180611
5,2011-08-15 16:51:50.950165,2098,20495.0,11527086.0,1847158.0,112.06430442183031,9.76882745471878,5494.321258341278,-63.0,-8659.0,-7825295.0,-488727.0,5.905156519470296,0,0,1,2161.0,2321.2,311.14819620238853,29154.0,263058.6,498064.82360562263,19352381.0,299719939.8,612510302.7597984,2335885.0,5131890.8,6608594.656665761,106.15914790236002,107.24970706736697,6.9556981804977775,13.4909763998149,102.27082886756725,188.6784687332722,8955.289680703378,115446.27302431385,232742.10499783925,0.9038428399100019,-0.717343062641766,0.07791039715105275,-0.4870121086729587,0.03845952327259876,-0.4705110305924397,0.3599371210314919,-0.497039532707132,1.0448914732270014,0.6921803144463943,0.09551919704565151,-0.490262625266081,0.04759201933858952,-0.47241968429817577
5,2011-08-15 16:52:20.935806,1921,41356.0,16099094.0,2320720.0,97.2378057850078,21.52837064029152,8380.579906298803,-177.0,20861.0,4572008.0,473562.0,-14.826498636822508,0,0,1,2098.0,2294.2,326.2080624386835,20495.0,260921.0,499330.10963539936,11527086.0,299658873.4,612546194.3958423,1847158.0,5167662.4,6585603.686169617,112.06430442183031,106.67764296552613,6.248332687629712,9.76882745471878,101.43167004144877,189.17807175863305,5494.321258341278,115485.35957781819,232718.99766353675,0.837328916397508,-1.144055107678417,0.15850008240041946,-0.4397191272129002,0.053724736455609996,-0.462919828731736,0.4490850640707488,-0.43229786298541545,0.911510632227969,-1.5107769785844323,0.2122450574981362,-0.42237083113248586,0.0725683319248064,-0.4602322145885578
5,2011-08-15 16:52:50.947767,1814,18037.0,11360849.0,851981.0,93.79826402205072,9.94321940463065,6262.871554575524,-107.0,-23319.0,-4738245.0,-1468739.0,-3.4395417629570773,3,1,0,1921.0,2153.6,298.87923982772713,41356.0,38434.6,14305.175332723797,16099094.0,23836645.8,12601825.733361257,2320720.0,2244522.4,299329.2203092312,97.2378057850078,106.26349081277158,6.8941329083487854,21.52837064029152,17.796185632921702,5.789112245035202,8380.579906298803,10819.232266395038,4609.9444293135275,0.8423105497767263,-1.136244859946137,0.4692906912001044,-1.4258895487521954,0.4766127371830142,-0.9899991528189747,0.3795823111411139,-4.652206685873795,0.8826951129097916,-1.8080920334183574,0.5587275615780081,-1.356506126421944,0.5788646920935112,-0.9883764938348766
5,2011-08-15 16:53:20.932270,2175,51483.0,43011145.0,1847255.0,61.52298843310344,23.67034482758621,19775.23908045977,361.0,33446.0,31650296.0,995274.0,-32.27527558894729,4,1,0,1814.0,2129.8,324.47912105403645,18037.0,33387.0,16460.50918106636,11360849.0,20322407.6,13258555.35461749,851981.0,1999590.8,701680.3402991559,93.79826402205072,102.25895604304826,7.214597243323775,9.94321940463065,15.307333393827141,5.993172033849175,6262.871554575524,9078.320803900935,4283.846836161928,1.0212226500136063,0.139300180094895,1.5420073681372528,1.0993584585350347,2.1164394419487973,1.7112526058201585,0.9238165128585304,-0.21710142247259293,0.6016391210428775,-5.646325945913977,1.5463401898324896,1.395423222482138,2.1782926058264227,2.4970356517555
5,2011-08-15 16:53:50.973551,1944,33796.0,26162910.0,2383971.0,47.560019414094654,17.38477366255144,13458.287037037036,-231.0,-17687.0,-16848235.0,536716.0,-13.962969019008789,17,1,0,2175.0,2033.8,159.11850929417383,51483.0,32105.0,14164.189087271112,43011145.0,20270111.0,13145433.371436916,1847255.0,1840599.8,602759.7508952832,61.52298843310344,94.15650211287046,19.61709631559812,23.67034482758621,15.680347745408412,6.532485855074306,19775.23908045977,9773.66029607575,5772.355710713341,0.9558461992324929,-0.5643592338677323,1.0526709235321272,0.1193855849834373,1.2907137015677912,0.44827727116278876,1.2952142013706611,0.9014722684998892,0.5051166764519012,-2.3752996848646912,1.1086982217300267,0.26091536280298977,1.3769955809124381,0.6383228833458889
5,2011-08-15 16:54:20.969042,1816,14818.0,6882487.0,1105037.0,53.063344594713655,8.159691629955947,3789.9157488986784,-128.0,-18978.0,-19280423.0,-1278934.0,5.503325180619001,8,1,0,1944.0,1990.4,144.69035904302712,33796.0,33033.4,14074.253596548911,26162910.0,21632216.8,13377367.68520887,2383971.0,1850217.0,612935.4876674572,47.560019414094654,82.43667641521738,26.831506636109342,17.38477366255144,16.45910719795572,6.437640778663552,13458.287037037036,10674.259767342483,5960.950186880699,0.9123794212214065,-1.2053325539605082,0.44857628945247996,-1.2942355965836247,0.31815911719227963,-1.1025883527376261,0.5972472418100144,-1.2157560053110998,0.6436861225069325,-1.0947328533493124,0.4957554216837262,-1.289201409655778,0.3550518566630199,-1.154907154499332
5,2011-08-15 16:54:50.960240,2357,16037.0,6465862.0,1246758.0,31.934366763258375,6.803988120492151,2743.25922783199,541.0,1219.0,-416625.0,141721.0,-21.12897783145528,12,1,0,1816.0,1934.0,147.2022418307551,14818.0,31898.0,15495.822937165038,6882487.0,20703297.0,14378301.929077206,1105037.0,1701792.8,697835.010471564,53.063344594713655,70.63648444979404,23.283538295807215,8.159691629955947,16.13728003300315,6.880687961380223,3789.9157488986784,10333.378665453962,6366.182892853022,1.218717683556764,2.8735975399305955,0.5027587936547588,-1.0235661613013207,0.31231073968556794,-0.9902028118638729,0.732614452241189,-0.6520664529177295,0.45209450911312155,-1.6622094628909019,0.421631657017499,-1.3564474894865532,0.2654755348318796,-1.1922559507584687
5,2011-08-15 16:55:20.961096,2406,51240.0,41165839.0,2236491.0,36.0720715166251,21.296758104738156,17109.65876974231,49.0,35203.0,34699977.0,989733.0,4.137704753366723,26,1,0,2357.0,2021.2,238.44013923834237,16037.0,26834.2,15766.969578836977,6465862.0,18776650.6,15731245.213075731,1246758.0,1487000.4,620725.7289217631,31.934366763258375,57.575796645444164,22.94454406454269,6.803988120492151,13.192403529043279,7.1424865970789035,2743.25922783199,9205.9145297606,7237.985764324439,1.190381951315461,1.6138222416224306,1.9095035439848436,1.5479068363750024,2.1923952187724045,1.4232305260482632,1.504028512702484,1.2074424582043792,0.626514501191064,-0.9372042899345558,1.6143197906460862,1.1346685029657158,1.8585506865644763,1.0919811805844741
5,2011-08-15 16:55:51.029469,2254,25874.0,14908929.0,1641855.0,46.0561608176575,11.479148181011537,6614.431677018633,-152.0,-25366.0,-26256910.0,-594636.0,9.984089301032398,8,1,0,2406.0,2139.6,256.1548359879237,51240.0,33474.8,17973.270589961357,41165839.0,24737648.6,17737689.12426154,2236491.0,1763902.4,573653.7839310799,36.0720715166251,46.03055814435904,12.141754410408975,21.296758104738156,15.463111269064779,7.6387704601115365,17109.65876974231,11375.271972793957,7743.23679376541,1.0534679379318315,0.4466048808266373,0.7729396441502033,-0.42289465136327875,0.6026817358865708,-0.5541149994875216,0.930808303225847,-0.21275445820934868,1.0005562103378718,0.00210864694103848,0.7423569539484693,-0.5215450717278819,0.5814745961975832,-0.6148385258743442
5,2011-08-15 16:56:20.931564,1771,16121.0,7776267.0,1310555.0,33.96467923941276,9.102766798418973,4390.890457368719,-483.0,-9753.0,-7132662.0,-331300.0,-12.09148157824474,4,1,0,2254.0,2155.4,261.2695925667587,25874.0,28353.0,14953.816736872579,14908929.0,19117205.4,14690461.287415931,1641855.0,1722822.4,573547.0196927601,46.0561608176575,42.93719262126986,8.68662058281055,11.479148181011537,13.024871939749847,6.168295563542057,6614.431677018633,8743.11049210573,6270.878064258742,0.8216572329958144,-1.4712772206750706,0.5685818079215402,-0.8179851482222569,0.40676797875488646,-0.7719933484808141,0.7607023219572716,-0.718803142279153,0.7910316712647999,-1.0329118551096124,0.6988757232952052,-0.6358490932044137,0.5022114796939612,-0.6940367824311663
5,2011-08-15 16:56:50.934568,2084,28406.0,17929947.0,2854722.0,31.16790509740883,13.630518234165066,8603.621401151631,313.0,12285.0,10153680.0,1544167.0,-2.7967741420039296,6,1,0,1771.0,2120.8,304.19352392843626,16121.0,24818.0,15427.094590361818,7776267.0,15439876.8,14786816.879136868,1310555.0,1508139.2,452279.5847712491,33.96467923941276,40.218124586333474,8.99997670187139,9.102766798418973,11.368470566923353,5.806188913661633,4390.890457368719,6929.631176172066,5864.320933013163,0.9826480573363906,-0.12097561948273651,1.1445724877104866,0.23257781813572304,1.1612752635435535,0.1683979872309982,1.8928769970305117,2.977323861922847,0.7749716183241679,-1.0055825462345056,1.198975548445732,0.3895925021539776,1.2415698876924985,0.2854533788482756
5,2011-08-15 16:57:20.936911,2077,31961.0,20977773.0,1784043.0,37.76667170438132,15.388059701492535,10100.035146846412,-7.0,3555.0,3047826.0,-1070679.0,6.598766606972486,7,1,0,2084.0,2174.4,257.0122565170776,28406.0,27535.6,14386.868884506126,17929947.0,17649368.8,13992516.469437975,2854722.0,1858076.2,681311.5339126026,31.16790509740883,35.83903668687252,6.021276112978493,13.630518234165066,12.462635887765178,5.560618837872104,8603.621401151631,7892.372306622657,5609.614913460366,0.9552060338479786,-0.3789702534795231,1.1607155827364881,0.3075999396064288,1.1885848858232255,0.2378703078370354,0.9601559936024148,-0.10866277219005173,1.0537859048304468,0.32013729000630975,1.23473555986375,0.5260968065778701,1.2797210717454344,0.39354980230925257
5,2011-08-15 16:57:50.969201,2389,19720.0,9433835.0,1489566.0,33.591015580996235,8.25449979070741,3948.86354123064,312.0,-12241.0,-11543938.0,-294477.0,-4.175656123385082,26,1,0,2077.0,2118.4,237.00485227100333,31961.0,30720.4,12889.720644760699,20977773.0,20551751.0,12520487.276744856,1784043.0,1965533.2,598075.5729369327,37.76667170438132,37.0054976750971,5.627815683682311,15.388059701492535,14.179450203965251,4.622836802081154,10100.035146846412,9363.727490425543,4832.367360897801,1.1277379154073226,1.1417487760522322,0.6419187250165804,-0.8534242365035657,0.4590282842566553,-0.8879779000814172,0.7578432152659641,-0.795831198493355,0.9077304100869755,-0.6067153377809331,0.5821452645474866,-1.2816698199920922,0.4217191866452703,-1.120540626321042
5,2011-08-15 16:58:20.943247,1635,37108.0,13975892.0,2841779.0,33.342630206116205,22.696024464831805,8547.946177370031,-754.0,17388.0,4542057.0,1352213.0,-0.2483853748800299,34,1,0,2389.0,2115.0,231.91485506538842,19720.0,24416.4,6438.795096908339,9433835.0,14205350.2,5575253.876027262,1489566.0,1816148.2,606696.9628128565,33.591015580996235,36.50928648797133,5.8362126705697115,8.25449979070741,11.570998541159105,2.996303791919433,3948.86354123064,6731.568444723207,2649.862790679496,0.7730496453897054,-2.0697251146874325,1.5197981684440982,1.9711141306689577,0.9838470578500768,-0.04115654732542931,1.5647285832731044,1.69051579761471,0.9132643612793775,-0.5425875409374723,1.9614577239931803,3.712916544030767,1.269829794877803,0.6854610506758997
5,2011-08-15 16:58:50.962948,1868,24698.0,12332036.0,2636799.0,33.7524664480728,13.221627408993577,6601.732334047109,233.0,-12410.0,-1643856.0,-204980.0,0.4098362419565973,24,1,0,1635.0,1991.2,295.6284830661622,37108.0,26663.2,8653.668164424298,13975892.0,14018742.8,5561414.825781566,2841779.0,2056133.0,742613.9165024702,33.342630206116205,33.96658036566307,2.387658045184856,22.696024464831805,13.814373797923157,5.798824196643386,8547.946177370031,7118.271344793486,2766.9885533917577,0.9381277621530041,-0.4167392760054549,0.9262954184043578,-0.22709444858063982,0.8796820211295978,-0.303287356336157,1.2824068287411363,0.7819217861345691,0.9936963357429879,-0.08967528576061891,0.9570920550900551,-0.10221837543729458,0.9274347681161219,-0.18667912814927234
5,2011-08-15 16:59:20.944904,1948,19878.0,11400920.0,1475861.0,35.86377766735113,10.204312114989731,5852.628336755647,80.0,-4820.0,-931116.0,-1160938.0,2.111311219278328,9,1,0,1868.0,2010.6,280.3538835115364,24698.0,28378.6,6662.48705814656,12332036.0,14929896.6,4567351.774743228,2636799.0,2321381.8,639414.4852709626,33.7524664480728,33.92413780739508,2.389585636915269,13.221627408993577,14.63814592003808,5.226484321995302,6601.732334047109,7560.439720129165,2370.4189662484796,0.9688650154178012,-0.22328922009457616,0.7004573869041919,-1.2758899080493684,0.7636302049138103,-0.7726526823518852,0.6357683169567365,-1.3223360112677067,1.0571758041401442,0.8117055229911075,0.6971041394200067,-0.8483396354104655,0.7741121619120435,-0.7204681567645607
5,2011-08-15 16:59:50.979861,2305,20777.0,10223320.0,1923581.0,28.928586553145337,9.013882863340564,4435.279826464208,357.0,899.0,-1177600.0,447720.0,-6.935191114205793,12,1,0,1948.0,1983.4,278.0401050208407,19878.0,26673.0,7669.240966351925,11400920.0,13624091.2,4426356.9576024385,1475861.0,2045609.6,649154.3843204312,35.86377766735113,34.86331232138353,1.9102106075451937,10.204312114989731,13.952904696203012,5.602685616190856,5852.628336755647,7010.241107249967,2386.9616375054266,1.1621458102242803,1.1566676684096975,0.7789524987815102,-0.7687853368889278,0.7503854642429286,-0.7683002596885105,0.9403460953644327,-0.18798086086678106,0.8297716030433552,-3.106843686078181,0.6460219616598887,-0.8815454177382231,0.6326857747983338,-1.0787610660872327
5,2011-08-15 17:00:20.946059,2205,33690.0,22781571.0,1936544.0,31.35361860272109,15.27891156462585,10331.778231292516,-100.0,12913.0,12558251.0,12963.0,2.425032049575755,20,1,0,2305.0,2029.0,313.6455005256733,20777.0,24436.2,7366.351349207481,10223320.0,11473200.6,1783781.1341164056,1923581.0,2073517.2,638001.8379721466,28.928586553145337,33.095695291136344,2.5379491065602977,9.013882863340564,12.678069328572617,5.911188229936633,4435.279826464208,5877.290043173527,1834.1245362672817,1.0867422375549105,0.5611430730058646,1.378692268028524,1.2562257162759858,1.9856334595945264,6.3395503987105375,0.9339416137951492,-0.21469091756124314,0.9473624387087836,-0.6864111984065322,1.2051449765293962,0.43998636728256035,1.7579153241366943,2.4286726991734766
5,2011-08-15 17:00:50.956411,2484,129975.0,132342151.0,10464088.0,25.045194361916263,52.32487922705314,53277.8385668277,279.0,96285.0,109560580.0,8527544.0,-6.3084242408048254,21,1,0,2205.0,1992.2,268.37417908584297,33690.0,27230.2,7768.6971365841355,22781571.0,14142747.8,5020341.580154482,1936544.0,2162912.8,562581.1426059663,31.35361860272109,32.648215895481314,2.624549609983323,15.27891156462585,14.082951683356304,5.4105574085661905,10331.778231292516,7153.872981185903,2314.701250416842,1.2468627647820265,1.832516085091997,4.77319299894952,10.0,9.357598174804473,10.0,4.837961105043161,10.0,0.7671229092985608,-2.8968861940150092,3.715476726741662,7.068019918998144,7.447411871434756,10.0
5,2011-08-15 17:01:20.958969,2151,22380.0,12316484.0,2156025.0,27.12257540539284,10.404463040446304,5725.933984193399,-333.0,-107595.0,-120025667.0,-8308063.0,2.0773810434765743,30,1,0,2484.0,2162.0,254.0738081739244,129975.0,45803.6,47369.49882888744,132342151.0,37815999.6,53079591.51211715,10464088.0,3687374.6,3810994.675060553,25.045194361916263,30.988728726641323,4.216256618979965,52.32487922705314,20.008722635800574,18.233092980208845,53277.8385668277,16099.851459077434,20897.10191718808,0.9949121184084205,-0.04329450595091146,0.48860788234984837,-0.49448697113331175,0.32569505315945685,-0.48040150411065063,0.5847046296842201,-0.4018241248200296,0.8752400152898189,-0.9169634748813876,0.5199963650508174,-0.5267487861358733,0.35565135484306853,-0.49642852468221366
5,2011-08-15 17:01:50.937523,2009,104007.0,112220800.0,2323454.0,20.224264889995023,51.77053260328522,55859.03434544549,-142.0,81627.0,99904316.0,167429.0,-6.898310515397817,21,1,0,2151.0,2218.6,197.40896636171345,22380.0,45340.0,47638.27698920237,12316484.0,37812889.2,53081458.59683128,2156025.0,3591219.8,3849994.007516413,27.12257540539284,29.662750518105334,4.172082326948502,10.404463040446304,19.445289762091118,18.536265644953207,5725.933984193399,15924.691789106693,21000.03551462413,0.9055260073916409,-1.061755217414426,2.293934715482967,1.2315096957284193,2.9677922627504483,1.401768390826431,0.6469818416572551,-0.32929033071867575,0.6818067959331309,-2.2622961116760623,2.662368791312654,1.7438918635831735,3.50769955771781,1.9016321438374322
5,2011-08-15 17:02:20.957943,2132,110506.0,117306481.0,2575644.0,19.51646696716698,51.832082551594745,55021.80159474672,123.0,6499.0,5085681.0,252190.0,-0.7077979228280427,17,1,0,2009.0,2230.8,177.37305319580014,104007.0,62165.8,51126.28349195711,112220800.0,57976865.2,59322382.83107098,2323454.0,3760738.4,3750953.876143758,20.224264889995023,26.534847962634114,4.223105641441073,51.77053260328522,27.75853385975022,22.295448503970004,55859.03434544549,25925.97299084466,26254.442915912063,0.9557109557105272,-0.5570180938948993,1.7776011890782106,0.9455058474493585,2.0233325930150494,1.000121926473345,0.6848772039022973,-0.31594480740945796,0.7355032519468062,-1.6619004092472365,1.8672485662106182,1.0797517119459676,2.122265637404415,1.1082249468057388
5,2011-08-15 17:02:50.997996,1837,14920.0,7571182.0,1539733.0,14.919137957539467,8.121937942297224,4121.492651061513,-295.0,-95586.0,-109735299.0,-1035911.0,-4.597329009627513,12,1,0,2132.0,2196.2,176.1496522846416,110506.0,80111.6,48654.57567690796,117306481.0,79393497.4,57058789.806832924,2575644.0,3891151.0,3681809.477592992,19.51646696716698,24.652424045438437,4.928198792986237,51.832082551594745,36.32217379740105,21.50489628378546,55021.80159474672,36043.27734450116,25642.256159701767,0.8364447682356633,-2.0391751862077285,0.18624019492807298,-1.3398863127058238,0.09536274692440995,-1.2587423540377842,0.3957011691399279,-0.6386582505994457,0.6051793498860755,-1.9750189663161044,0.2236082561406268,-1.311340239992474,0.11434844316925533,-1.2448898604953986
5,2011-08-15 17:03:20.951640,2029,20971.0,11118399.0,1543696.0,21.12082755889601,10.33563331690488,5479.743223262691,192.0,6051.0,3547217.0,3963.0,6.201689601356543,24,1,0,1837.0,2122.6,237.68529613756112,14920.0,76357.6,53604.076620159816,7571182.0,76351419.6,61094364.65189149,1539733.0,3811788.8,3738317.482822491,14.919137957539467,21.365527916402115,4.820814042558688,8.121937942297224,34.89077907293533,23.409571863371816,4121.492651061513,34801.220228454964,27296.09324522118,0.9559031376609084,-0.39379802419681365,0.27464194788730556,-1.0332535040659347,0.14562137885907758,-1.067742024517156,0.40497941543875665,-0.606714868499492,0.9885469547276294,-0.050759136381346236,0.29622821820639633,-1.0489361316941528,0.15745836460016024,-1.074200499748242
5,2011-08-15 17:03:51.001092,1963,17711.0,9202495.0,1698201.0,12.010477238410596,9.022414671421291,4687.975038206826,-66.0,-3260.0,-1915904.0,154505.0,-9.110350320485416,48,1,0,2029.0,2031.6,125.22300108207007,20971.0,54556.8,48244.33540530917,11118399.0,52106669.2,57252578.39821437,1543696.0,2027710.4,468121.78593389184,21.12082755889601,20.580654555798066,4.370377394616935,10.33563331690488,26.492929890905675,23.121527846365318,5479.743223262691,25241.601159741964,27575.980629239904,0.966233510533094,-0.5478226795929626,0.3246341427649656,-0.7637331862995144,0.17660877467869313,-0.749384139550615,0.8374968141407172,-0.7038967420468069,0.5835809160133526,-1.9609696238092682,0.3405593382171705,-0.7555951896783991,0.18572415468173745,-0.7453452480214091
5,2011-08-15 17:04:20.949446,2234,38146.0,24006952.0,3166949.0,10.920942559534469,17.075201432408235,10746.173679498655,271.0,20435.0,14804457.0,1468748.0,-1.089534678876129,70,1,0,1963.0,1994.0,107.35921013122312,17711.0,53623.0,49061.11036758104,9202495.0,51483871.4,57807873.324076615,1698201.0,1936145.6,481337.5299578656,12.010477238410596,17.558234922401617,3.9171706285567325,9.022414671421291,26.216520217100673,23.368880614494714,4687.975038206826,25034.00937054465,27762.896284156013,1.1203610832491875,2.235485895475731,0.711373850772976,-0.31546371217530966,0.4663004422002344,-0.4753144826131501,1.6356977491775404,2.5570484813593013,0.6219840779655497,-1.694409815285025,0.6513145638839972,-0.39117486776971655,0.42926298861828815,-0.5146377937232505
5,2011-08-15 17:04:50.945136,2241,40251.0,28736815.0,2743425.0,12.076521081659974,17.961178045515396,12823.210620258811,7.0,2105.0,4729863.0,-423524.0,1.1555785221255075,35,1,0,2234.0,2039.0,152.76943411559827,38146.0,40450.8,40191.49789072272,24006952.0,33841101.8,47108043.053095326,3166949.0,2104844.6,733027.2369973261,10.920942559534469,15.697570456309506,4.500346536048299,17.075201432408235,19.277453982925273,18.535245370487814,10746.173679498655,16011.43723735528,21966.10846780362,1.099068170671359,1.3222540305139017,0.995060666290877,-0.004971200639081361,0.8491690125762986,-0.10835276672917556,1.3033860076891182,0.871155078242104,0.7693242157761168,-0.8046156767795303,0.9317194096529827,-0.07101475653700613,0.8008781741554707,-0.1451429879702817
5,2011-08-15 17:05:20.934297,1991,23932.0,15853214.0,2253766.0,10.920687096433952,12.020090406830738,7962.43797086891,-250.0,-16319.0,-12883601.0,-489659.0,-1.1558339852260229,56,1,0,2241.0,2060.8,175.45141777711603,40251.0,26399.8,11901.490230217842,28736815.0,16127168.6,9583031.264110506,2743425.0,2138400.8,763187.1461429583,12.076521081659974,14.209581279208104,4.13732839025506,17.961178045515396,12.503273081709406,4.655705920269913,12823.210620258811,7571.719042457698,3944.988292009072,0.9661296583846243,-0.3978309259847218,0.906522019106171,-0.20735218466457725,0.9830128519894061,-0.028587468041139482,1.0539492877107037,0.15116239913504795,0.7685439057690526,-0.794931867077746,0.9613555048600151,-0.10378290275406239,1.0516024070913408,0.09904184739978801
5,2011-08-15 17:05:50.937704,2094,16721.0,8094331.0,1519450.0,10.152039623686724,7.985195797516714,3865.487583572111,103.0,-7211.0,-7758883.0,-734316.0,-0.7686474727472277,48,1,0,1991.0,2091.6,135.25457478399795,23932.0,28202.2,10303.432423225308,15853214.0,17783575.0,8373913.160066722,2253766.0,2281207.4,686067.7535323526,10.920687096433952,13.409891106987,4.347004061512575,12.020090406830738,13.282903574616109,4.021835396627091,7962.43797086891,8339.90810641918,3447.816607490044,1.001147446930101,0.017744316625261332,0.5928970080348132,-1.1143082740193193,0.45515769467050354,-1.1570748125506949,0.6660727121961815,-1.1103238653586958,0.7570560821064473,-0.7494475359236802,0.6011634242512621,-1.3172363494102906,0.46349282680901527,-1.2977547915760748
5,2011-08-15 17:06:20.933039,2277,24386.0,14407967.0,2494055.0,14.456918505050504,10.709705753184014,6327.609574000879,183.0,7665.0,6313636.0,974605.0,4.304878881363781,36,1,0,2094.0,2104.6,130.78340873367728,16721.0,27352.2,11186.577658067308,8094331.0,17178761.4,9057007.883073052,1519450.0,2276358.2,692637.9911918845,10.152039623686724,11.216133519945142,0.8182253374788262,7.985195797516714,12.812816070738474,4.55453165109463,3865.487583572111,8017.056978481063,3836.2901688322377,1.0819158034775815,1.3182100211942875,0.8915553410694244,-0.26515705613151774,0.8387081387602252,-0.3059282310196979,1.0956338066654003,0.3143009808419388,1.2889395867170699,3.9607487481753494,0.8358588536057003,-0.46176214772538454,0.7892683800282704,-0.4403857190484655
5,2011-08-15 17:06:50.940440,2465,52945.0,16131421.0,5776880.0,10.888098778093305,21.47870182555781,6544.187018255578,188.0,28559.0,1723454.0,3282825.0,-3.5688197269572,35,1,0,2277.0,2167.4,120.79859270703486,24386.0,28687.2,10093.222463612427,14407967.0,18219855.8,8166312.7443010565,2494055.0,2435529.0,613481.6579011342,14.456918505050504,11.705421773273125,1.6846855206510296,10.709705753184014,13.150274287091019,4.256218222913101,6327.609574000879,8344.983885639873,3539.147309846206,1.1373073728886511,2.463604859365263,1.8455966424049106,2.403375144801433,0.8853758875523043,-0.25573779322343926,2.371920022303162,5.4465377358331235,0.9301756902108234,-0.48514870263669463,1.6333272869455715,1.956767040673437,0.7842060701298768,-0.5088222415534436
5,2011-08-15 17:07:20.946740,2294,37200.0,26036850.0,1718596.0,10.579905932868352,16.216216216216218,11349.978204010462,-171.0,-15745.0,9905429.0,-4058284.0,-0.3081928452249531,24,1,0,2465.0,2213.6,181.54007821965953,52945.0,31647.0,14685.557888618672,16131421.0,16644749.6,7503681.348683786,5776880.0,2957515.2,1641092.7991869652,10.888098778093305,11.698853016984893,1.6885685293193415,21.47870182555781,14.030974365720937,5.53491335228431,6544.187018255578,7504.586553391258,3318.436125434807,1.036320925189268,0.44287741190832236,1.1754668688974887,0.37812659499324874,1.5642680500282202,1.25166567762735,0.5810945620837382,-0.7549354921390115,0.9043541205794824,-0.6626601550515256,1.1557441267000172,0.39481048952620024,1.5124055300394919,1.1587963442008975
5,2011-08-15 17:07:50.968360,2502,31789.0,17253026.0,2010992.0,11.34781287490008,12.705435651478815,6895.693844924061,208.0,-5411.0,-8783824.0,292396.0,0.767906942031729,18,1,0,2294.0,2224.2,185.0532355837101,37200.0,31036.8,14296.920252277068,26036850.0,16104756.6,6437322.370673572,1718596.0,2752549.4,1735783.2221160035,10.579905932868352,11.399529987226568,1.7368428787666301,16.216216216216218,13.6819819998611,5.274013317496563,11349.978204010462,7209.940070141587,2743.7777563924174,1.1248988400318656,1.5011896394150552,1.0242357459531581,0.052612729645753274,1.071300015797817,0.17837686756704257,0.7305925190661426,-0.42721774847898647,0.9954632240645096,-0.029776505940155403,0.9286253739172567,-0.1851619041153015,0.9564148630694079,-0.11453049522151901
5,2011-08-15 17:08:20.933022,1921,13681.0,5959009.0,967278.0,6.524699824049973,7.121811556480999,3102.034877667881,-581.0,-18108.0,-11294017.0,-1043714.0,-4.823113050850107,18,1,0,2502.0,2326.4,163.97042416240836,31789.0,32608.2,13741.805256223435,17253026.0,16384719.0,6454065.219382868,2010992.0,2703994.6,1756495.6754203571,11.34781287490008,11.484955142919793,1.7178030738131922,12.705435651478815,13.819051048790715,5.228735157167693,6895.693844924061,6996.591244952618,2711.926183513855,0.8257393397520522,-2.4723970927585683,0.41955704393372156,-1.3773445080242865,0.36369308500194597,-1.6153710329250275,0.35772186823154145,-0.9887394681938944,0.5681084290089012,-2.8875575970250478,0.5153618385821692,-1.2808526899374706,0.44336374229454434,-1.4360849461754546
6,2011-08-16 10:01:46.972101,3768,6542819.0,6189530033.0,652106244.0,819.6052588251061,1736.416932059448,1642656.5904989385,0.0,0.0,0.0,0.0,0.0,2,1,0,3768.0,3768.0,3768.0,6542819.0,6542819.0,6542819.0,6189530033.0,6189530033.0,6189530033.0,652106244.0,652106244.0,652106244.0,819.6052588251061,819.6052588251061,819.6052588251061,1736.416932059448,1736.416932059448,1736.416932059448,1642656.5904989385,1642656.5904989385,1642656.5904989385,10.0,10.0,10.0,10.0,10.0,10.0,10.0,10.0,10.0,10.0,10.0,10.0,10.0,10.0
6,2011-08-16 10:02:16.974249,2932,128829.0,32597012.0,6909487.0,699.8318450453615,43.93894952251024,11117.671214188267,-836.0,-6413990.0,-6156933021.0,-645196757.0,-119.7734137797446,0,0,0,3768.0,2932.0,2932.0,6542819.0,128829.0,128829.0,6189530033.0,32597012.0,32597012.0,652106244.0,6909487.0,6909487.0,819.6052588251061,699.8318450453615,699.8318450453615,1736.416932059448,43.93894952251024,43.93894952251024,1642656.5904989385,11117.671214188267,11117.671214188267,10.0,10.0,10.0,10.0,10.0,10.0,10.0,10.0,10.0,10.0,10.0,10.0,10.0,10.0
6,2011-08-16 10:02:46.973411,2855,68722.0,33068091.0,7155447.0,710.9881495089317,24.0707530647986,11582.51873905429,-77.0,-60107.0,471079.0,245960.0,11.156304463570107,0,0,0,2932.0,3350.0,591.1412690719537,128829.0,3335824.0,4535375.823462704,32597012.0,3111063522.5,4353609090.460476,6909487.0,329507865.5,456223002.07426906,699.8318450453615,759.7185519352338,84.69259308951965,43.93894952251024,890.1779407909792,1196.7626584607958,11117.671214188267,826887.1308565633,1153672.233596018,0.8522388059698949,-0.8373632935089688,0.02060120677829525,-0.7203597071489451,0.010629191837724683,-0.7069985769380237,0.021715557500098584,-0.7065676588738151,0.9358572957010108,-0.5753797427623802,0.02704038368259629,-0.7237083991569321,0.014007375743115112,-0.7067038525978809
6,2011-08-16 10:03:16.998795,2357,59118.0,28988266.0,7659033.0,664.0054431501909,25.08188375053033,12298.79762409843,-498.0,-9604.0,-4079825.0,503586.0,-46.98270635874076,0,0,0,2855.0,3185.0,506.3585686052918,68722.0,2246790.0,3720591.6316485205,33068091.0,2085065045.3333333,3554570956.0669913,7155447.0,222057059.33333334,372433539.10252094,710.9881495089317,743.4750844597997,66.166217732238,24.0707530647986,601.4755448822523,982.9382740301619,11582.51873905429,555118.9268173937,941835.2729990738,0.740031397174022,-1.6352048752310018,0.02631220541305595,-0.5879903565311965,0.013902811360671835,-0.5784317727077561,0.03449128356015426,-0.575667881174137,0.8931105520930218,-1.2010606625575333,0.04170058776936439,-0.5863986339323772,0.022155248235922773,-0.5763429601280482
6,2011-08-16 10:03:46.977425,2421,25292.0,9286687.0,1923444.0,514.4970602094176,10.446922759190418,3835.8888888888887,64.0,-33826.0,-19701579.0,-5735589.0,-149.50838294077334,0,0,0,2357.0,2978.0,585.0885972796485,59118.0,1699872.0,3228778.704281956,28988266.0,1571045850.5,3078989994.317147,7659033.0,168457552.75,322432611.75454915,664.0054431501909,723.6076741323975,67.06341440603877,25.08188375053033,457.3771295993218,852.7421533991404,12298.79762409843,419413.8945190699,815495.2753641084,0.812961719274408,-0.9519925744388156,0.014878767342482248,-0.5186419241985205,0.005911149567687299,-0.5072309966523176,0.011417974252864125,-0.5164927574905903,0.7110165889625014,-3.118102705803066,0.022840938217263823,-0.5241094333827473,0.009145831692789734,-0.5096019783126642
7,2011-08-16 13:51:24.049047,4724,2627884.0,2144420053.0,508914727.0,509.7970826725232,556.2836579170195,453941.58615580015,0.0,0.0,0.0,0.0,0.0,0,0,0,4724.0,4724.0,4724.0,2627884.0,2627884.0,2627884.0,2144420053.0,2144420053.0,2144420053.0,508914727.0,508914727.0,508914727.0,509.7970826725232,509.7970826725232,509.7970826725232,556.2836579170195,556.2836579170195,556.2836579170195,453941.58615580015,453941.58615580015,453941.58615580015,10.0,10.0,10.0,10.0,10.0,10.0,10.0,10.0,10.0,10.0,10.0,10.0,10.0,10.0
8,2011-08-16 14:18:55.889839,4459,8201472.0,7017385820.0,2146513603.0,1379.011612656874,1839.3074680421616,1573757.7528593857,0.0,0.0,0.0,0.0,0.0,2,1,0,4459.0,4459.0,4459.0,8201472.0,8201472.0,8201472.0,7017385820.0,7017385820.0,7017385820.0,2146513603.0,2146513603.0,2146513603.0,1379.011612656874,1379.011612656874,1379.011612656874,1839.3074680421616,1839.3074680421616,1839.3074680421616,1573757.7528593857,1573757.7528593857,1573757.7528593857,10.0,10.0,10.0,10.0,10.0,10.0,10.0,10.0,10.0,10.0,10.0,10.0,10.0,10.0
8,2011-08-16 14:19:25.904795,3316,1687242.0,1432290559.0,391513430.0,1187.7793425765983,508.8184559710495,431933.2204463209,-1143.0,-6514230.0,-5585095261.0,-1755000173.0,-191.2322700802756,0,0,1,4459.0,3316.0,3316.0,8201472.0,1687242.0,1687242.0,7017385820.0,1432290559.0,1432290559.0,2146513603.0,391513430.0,391513430.0,1379.011612656874,1187.7793425765983,1187.7793425765983,1839.3074680421616,508.8184559710495,508.8184559710495,1573757.7528593857,431933.2204463209,431933.2204463209,10.0,10.0,10.0,10.0,10.0,10.0,10.0,10.0,10.0,10.0,10.0,10.0,10.0,10.0
8,2011-08-16 14:19:55.911926,3148,409688.0,300344207.0,36357113.0,948.7245313961246,130.1423125794155,95407.94377382463,-168.0,-1277554.0,-1131946352.0,-355156317.0,-239.0548111804737,5,1,0,3316.0,3887.5,808.2230508962239,1687242.0,4944357.0,4606256.207208844,1432290559.0,4224838189.5,3949258732.6259503,391513430.0,1269013516.5,1240972523.3118641,1187.7793425765983,1283.3954776167361,135.2216349554602,508.8184559710495,1174.0629620066056,940.7978027296737,431933.2204463209,1002845.4866528533,807391.869794437,0.8097749196139397,-0.9149701919279176,0.0828597125976138,-0.9844587005176112,0.071090108905578,-0.9937292662237189,0.028649902091094078,-0.993298707541348,0.7392300720563281,-2.474980770113982,0.11084781378068242,-1.109612125365516,0.09513723204983732,-1.1239121631359283
8,2011-08-16 14:20:25.914641,3019,177741.0,107394679.0,32729549.0,787.1583188098708,58.87413050679033,35572.93110301424,-129.0,-231947.0,-192949528.0,-3627564.0,-161.56621258625376,0,0,0,3148.0,3641.0,713.3715721838095,409688.0,3432800.6666666665,4178900.0669728075,300344207.0,2916673528.6666665,3596137734.8720574,36357113.0,858128048.6666666,1129817243.9989395,948.7245313961246,1171.838495543199,215.58600610447874,130.1423125794155,826.0894121975422,897.6675480993246,95407.94377382463,700366.305693177,774868.8795191017,0.8291678110406951,-0.8719158770162792,0.051777256316076985,-0.7789273767019341,0.03682094617188596,-0.7811933404065277,0.03814063536421421,-0.7305593042156129,0.6717293567355597,-1.78434669152467,0.07126847244065698,-0.8546764147978387,0.050791893918720736,-0.857943056124212
8,2011-08-16 14:20:55.898192,539,28905.0,22063721.0,19244022.0,509.6174723042672,53.62708719851577,40934.54730983303,-2480.0,-148836.0,-85330958.0,-13485527.0,-277.5408465056036,0,0,0,3019.0,3485.5,660.2931167292296,177741.0,2619035.75,3780342.6482556113,107394679.0,2214353816.25,3254916740.242358,32729549.0,651778423.75,1010599825.5349323,787.1583188098708,1075.6684513598668,260.72896580858895,58.87413050679033,634.2855917748542,827.260241231293,35572.93110301424,534167.9620456364,714680.8691223911,0.15464065413852973,-4.462412109626499,0.011036504560886574,-0.6851576671747416,0.009963954648117088,-0.6735318504911324,0.029525405105127186,-0.6258999712524054,0.47376816867644655,-2.1710321954369585,0.0845472258771829,-0.7019054895124479,0.07663235202850996,-0.690144980852055
9,2011-08-17 11:34:49.436881,1,2.0,214.0,107.0,1823.088379,2.0,214.0,0.0,0.0,0.0,0.0,0.0,0,0,0,1.0,1.0,1.0,2.0,2.0,2.0,214.0,214.0,214.0,107.0,107.0,107.0,1823.088379,1823.088379,1823.088379,2.0,2.0,2.0,214.0,214.0,214.0,1.0,1.0,2.0,2.0,10.0,10.0,10.0,10.0,10.0,10.0,2.0,2.0,10.0,10.0
9,2011-08-17 11:39:01.485380,1,2.0,214.0,107.0,2005.431641,2.0,214.0,0.0,0.0,0.0,0.0,182.34326199999987,0,0,0,1.0,1.0,1.0,2.0,2.0,2.0,214.0,214.0,214.0,107.0,107.0,107.0,1823.088379,2005.431641,2005.431641,2.0,2.0,2.0,214.0,214.0,214.0,1.0,1.0,2.0,2.0,10.0,10.0,10.0,10.0,10.0,10.0,2.0,2.0,10.0,10.0
9,2011-08-17 11:40:19.495285,1,2.0,214.0,107.0,1973.646729,2.0,214.0,0.0,0.0,0.0,0.0,-31.78491199999985,0,0,0,1.0,1.0,0.0,2.0,2.0,0.0,214.0,214.0,0.0,107.0,107.0,0.0,2005.431641,1914.26001,128.9361570638752,2.0,2.0,0.0,214.0,214.0,0.0,0.9999999989999999,0.0,0.9999999995,0.0,0.9999999999953272,0.0,0.9999999999906541,0.0,1.0310233294791387,0.46059011181882215,0.9999999995,0.0,0.9999999999953272,0.0
9,2011-08-17 12:01:01.780520,3113,4196764.0,3520083901.0,890063764.0,998.7820122608416,1348.1413427561838,1130769.001284934,3112.0,4196762.0,3520083687.0,890063657.0,-974.8647167391584,0,0,0,1.0,1.0,0.0,2.0,2.0,0.0,214.0,214.0,0.0,107.0,107.0,0.0,1973.646729,1934.055583,97.40564886286184,2.0,2.0,0.0,214.0,214.0,0.0,10.0,10.0,10.0,10.0,10.0,10.0,10.0,10.0,0.5164184633779086,-9.601841183218598,10.0,10.0,10.0,10.0
9,2011-08-17 12:01:19.440673,4118,230480.0,92539795.0,16668246.0,911.6587599939292,55.968916949975714,22472.024040796503,1005.0,-3966284.0,-3427544106.0,-873395518.0,-87.12325226691246,0,0,0,3113.0,779.0,1556.0,4196764.0,1049192.5,2098381.0,3520083901.0,880021135.75,1760041843.5,890063764.0,222516021.25,445031828.5,998.7820122608416,1700.2371903152105,474.35156088888755,1348.1413427561838,338.53533568904595,673.0706713780919,1130769.001284934,282852.7503212335,565277.500642467,5.286264441584999,2.145886889458775,0.2196737014418229,-0.3901638930203808,0.1051563323205104,-0.4474219426420131,0.07490807136656907,-0.46254618673864134,0.5361950468948269,-1.6624345640223077,0.16532666179704025,-0.4198168643422008,0.07944778339710373,-0.4606246064711587
9,2011-08-17 12:01:49.441506,3718,108751.0,31261000.0,8326575.0,934.441318260355,29.24986551909629,8408.015061861215,-400.0,-121729.0,-61278795.0,-8341671.0,22.78255826642589,0,0,0,4118.0,1446.8,2011.376692715713,230480.0,885450.0,1853769.173171784,92539795.0,722524867.6,1564396318.2515619,16668246.0,181346466.2,396250750.91236734,911.6587599939292,1542.5215042509542,541.4131884631997,55.968916949975714,282.0220519412319,596.4367969046018,22472.024040796503,230776.60506514614,503203.3526051981,2.5698092341701897,1.1291768509718338,0.12282003501044653,-0.4189836637919024,0.04326633089299638,-0.4418725993759605,0.045915286768350605,-0.43664243109097384,0.6057881952922999,-1.1231351561928338,0.10371481704234851,-0.4238038091102919,0.03643356768979106,-0.4419060184158785
9,2011-08-17 12:02:19.454887,3175,64422.0,21480511.0,4117636.0,847.4480948340158,20.2903937007874,6765.515275590551,-543.0,-44329.0,-9780489.0,-4208939.0,-86.99322342633923,0,0,0,3718.0,2190.2,2030.2302086216725,108751.0,907199.8,1841379.8152815187,31261000.0,728777024.8,1560845265.7516544,8326575.0,183011759.8,395314477.70615274,934.441318260355,1364.7920921030252,571.3182091101302,29.24986551909629,287.47202504505117,593.3549377119003,8408.015061861215,232415.40807751837,502277.2398988185,1.4496393023461558,0.48506814439929835,0.07101192041708995,-0.4576881928463802,0.029474736811159693,-0.45314966788805167,0.022499297337503662,-0.45253623099778434,0.6209356719876297,-0.9055268833001225,0.07058215037632623,-0.4502897243496806,0.029109581552932133,-0.4492536688450855
9,2011-08-17 12:02:49.441240,2816,69408.0,40720730.0,6783462.0,732.100446433949,24.647727272727277,14460.486505681818,-359.0,4986.0,19240219.0,2665826.0,-115.34764840006687,0,0,0,3175.0,2825.0,1631.6952840527547,64422.0,920083.8,1833654.4849748004,21480511.0,733073084.2,1558365506.894915,4117636.0,183835265.6,394841929.38343126,847.4480948340158,1133.1953828698283,472.9319680208649,20.2903937007874,291.13010378520863,591.2074863726959,6765.515275590551,233725.71113263647,501528.03974936414,0.9968141592916826,-0.005515735743036874,0.07543660696993026,-0.46392371462047294,0.05554798133727469,-0.444281108081974,0.03689967742511315,-0.44841185908618353,0.6460496199510197,-0.8481028214555708,0.08466224190552048,-0.4507425610372612,0.06186947270630234,-0.43719434856828904
9,2011-08-17 12:03:19.440518,2974,133822.0,115169989.0,5046935.0,630.7516376126429,44.99731002017485,38725.618359112304,158.0,64414.0,74449259.0,-1736527.0,-101.34880882130608,0,0,0,2816.0,3388.0,522.0100573743766,69408.0,933965.0,1825191.1160560693,40720730.0,741217187.4,1553676006.2491906,6783462.0,185191936.6,394063246.7118815,732.100446433949,884.8861263566181,101.10617436156124,24.647727272727277,295.6596492397541,588.5191636512902,14460.486505681818,236575.00843377286,499907.5978714528,0.8778040141673914,-0.7930881678440407,0.14328374189610943,-0.4383886119986021,0.15537954456235267,-0.40294578527435254,0.02725245543979046,-0.4571474328122577,0.7128054320491525,-2.513540744135593,0.1521929358156472,-0.42592043675178604,0.1636927696441488,-0.39577192048506443
9,2011-08-17 12:03:49.449604,3193,34921.0,12819511.0,2719564.0,730.9370999430004,10.9367366113373,4014.8797369245226,219.0,-98901.0,-102350478.0,-2327371.0,100.1854623303575,0,0,0,2974.0,3360.2,543.5726262423449,133822.0,121376.6,67383.98825982327,115169989.0,60234405.0,41181496.51826306,5046935.0,8188570.8,5008509.085604269,630.7516376126429,811.2800514269783,127.8794629589098,44.99731002017485,35.030842692552305,14.968659291851417,38725.618359112304,18166.33184860848,13039.93770904043,0.950241057079653,-0.307594591647351,0.28770784483994205,-1.2830288356729194,0.21282705457122056,-1.151364035033855,0.3321170527096132,-1.0919430725840784,0.9009676728232601,-0.6282709484725113,0.3122030693640805,-1.6096368826245933,0.22100662755601025,-1.085239241739003
9,2011-08-17 12:04:19.441123,2528,74290.0,61964959.0,3262952.0,719.8009306511076,29.386867088607595,24511.45530063291,-665.0,39369.0,49145448.0,543388.0,-11.13616929189277,0,0,0,3193.0,3175.2,340.75460378401334,34921.0,82264.8,39002.44184278724,12819511.0,44290348.2,40979055.124861814,2719564.0,5398834.4,2204124.033252692,730.9370999430004,775.1357194167925,117.53687636643234,10.9367366113373,26.02440662482462,12.577624825610515,4014.8797369245226,14474.902987834084,14086.795929763824,0.7961703199795931,-1.8993140307161545,0.9030593887057294,-0.20446924918560164,1.3990623582408412,0.43130840245452334,0.6043808270911216,-0.9690391138506003,0.9286127740207262,-0.4707866201302025,1.1292041163945818,0.2673366800279339,1.6933761366989948,0.7124794284548412
9,2011-08-17 12:04:49.467017,2783,29269.0,15737100.0,1684885.0,798.8914064664032,10.51706791232483,5654.7251167804525,255.0,-45021.0,-46227859.0,-1578067.0,79.09047581529558,0,0,0,2528.0,2937.2,276.3470643954805,74290.0,75372.6,36087.83873827859,61964959.0,50431140.0,40838747.43569442,3262952.0,4386109.8,1604285.2025406873,719.8009306511076,732.2076418949431,77.02148247427354,29.386867088607595,26.051806938726884,12.586554199036302,24511.45530063291,17695.59103558842,14193.417259276717,0.9475010213805845,-0.5579939860651679,0.3883241390107228,-1.277538406618304,0.3120512445286781,-0.8495373188080754,0.38414109012957215,-1.6837559778785598,1.0910722051436015,0.8657813694103821,0.403698213204826,-1.2342328789524657,0.3195555946906579,-0.8483415726355323
9,2011-08-17 12:05:19.459920,3246,37938.0,20010790.0,2610170.0,646.4321234085028,11.68761552680222,6164.753542821934,463.0,8669.0,4273690.0,925285.0,-152.4592830579004,0,0,0,2783.0,2858.8,245.95060479697923,29269.0,68342.0,41736.69856972399,15737100.0,49282457.8,41923004.74235096,1684885.0,3899559.6,2020878.8804386852,798.8914064664032,722.4963042214206,60.050077262466296,10.51706791232483,24.097141781034374,14.34151352845772,5654.7251167804525,17473.4330038264,14414.242080176928,1.1354414439621046,1.5742998490206646,0.5551198384595043,-0.7284716099239936,0.40604285770828585,-0.6982244707863108,0.6693499440295769,-0.6380340813498449,0.8947203184716894,-1.2666791497901086,0.48502082249090317,-0.8652870722983853,0.35280723264121017,-0.7845490174301883
9,2011-08-17 12:05:49.443694,2570,35956.0,16778640.0,2088772.0,630.8513940867705,13.990661478599222,6528.653696498054,-676.0,-1982.0,-3232150.0,-521398.0,-15.580729321732292,0,0,0,3246.0,2944.8,297.10217097826774,37938.0,62048.0,43854.88202583608,20010790.0,45140469.8,43954238.52263928,2610170.0,3064901.2,1244805.713959216,646.4321234085028,705.3626396163314,68.28205265297757,11.68761552680222,21.50511943184936,15.352657256361072,6164.753542821934,15814.286411254425,15298.088495434811,0.872724803042355,-1.261518886801249,0.5794868488911717,-0.5949622663362294,0.3716983911408029,-0.645258131030795,0.6815136487923328,-0.7841618889226764,0.8943646270080532,-1.091227381624716,0.6505735307486039,-0.48945650432254734,0.41283264554077176,-0.606979932004364
9,2011-08-17 12:06:19.440900,2728,55897.0,43138305.0,6117908.0,660.5740044563784,20.490102639296182,15813.161656891496,158.0,19941.0,26359665.0,4029136.0,29.72261036960788,0,0,0,2570.0,2864.0,339.1378775660422,35956.0,42474.8,18074.41082580565,16778640.0,25462200.0,20566894.849692963,2088772.0,2473268.6,606710.3151130805,630.8513940867705,705.3825909111569,68.25481110902966,13.990661478599222,15.303789723534234,7.9862060495266345,6528.653696498054,9374.893478731576,8516.02875535178,0.9525139664801143,-0.4010168400405671,1.316003842278214,0.74260788522278,1.694209651954662,0.8594445164999656,2.4736124495333818,6.007215155589854,0.9364761945743021,-0.6564897876948944,1.3388907589632864,0.6494088535844812,1.6867564087810127,0.7560176654069098
9,2011-08-17 12:06:49.455741,2619,63523.0,56175054.0,23631063.0,648.4746500649103,24.25467735777014,21449.046964490262,-109.0,7626.0,13036749.0,17513155.0,-12.099354391468069,0,0,0,2728.0,2771.0,285.949296204764,55897.0,46670.0,18315.528589150807,43138305.0,31525958.8,20376149.684930205,6117908.0,3152937.4,1759643.1576716383,660.5740044563784,691.3099718138326,68.91926509518606,20.490102639296182,17.21446292912601,7.821305462398866,15813.161656891496,11734.54986272497,8291.14952248565,0.945146156621817,-0.5315627701025133,1.3611099207199195,0.9201481637817401,1.781866631126854,1.2097032845331903,7.494935674904295,10.0,0.9380374600449193,-0.62152899757622,1.4089709017481729,0.9001329076827412,1.8278542607434611,1.1716707165174554
9,2011-08-17 12:07:19.459833,2960,51974.0,32357909.0,2499030.0,613.8881489067568,17.558783783783785,10931.726013513511,341.0,-11549.0,-23817145.0,-21132033.0,-34.58650115815351,0,0,0,2619.0,2789.2,269.0105945869044,63523.0,44516.6,14489.719641870248,56175054.0,30367977.8,18269444.8804006,23631063.0,7226559.6,9337490.453875447,648.4746500649103,677.044715696593,68.92949803686425,24.25467735777014,16.188024982958517,5.933392757045991,21449.046964490262,11122.068195496442,7145.262661798473,1.0612361967585469,0.6349192315702198,1.1675195320397074,0.5146683430954865,1.0655272871017443,0.10892127336254155,0.34581185769228273,-0.5062955216235726,0.9067172886420614,-0.9162487554333149,1.084677334090083,0.23102445038152028,0.9828860803010552,-0.026638934213090895
9,2011-08-17 12:07:49.437675,3066,127626.0,104781498.0,6524267.0,519.0765941581866,41.62622309197652,34175.309197651666,106.0,75652.0,72423589.0,4025237.0,-94.8115547485702,0,0,0,2960.0,2824.6,279.43478666765856,51974.0,49057.6,11830.342399947707,32357909.0,33692139.6,16353420.495199831,2499030.0,7389388.6,9223092.272053424,613.8881489067568,640.0440641846637,18.041602021753388,17.558783783783785,17.59636815725031,5.015542631352595,10931.726013513511,12177.46837484305,6496.040258061057,1.0854634284496618,0.8638867153152323,2.601554091516858,6.6412617102562175,3.1099686527477166,4.347063565134073,0.8829237915569902,-0.09379951696042062,0.8110013406945886,-6.704918436506777,2.3656144675774735,4.791077794797797,2.806437934854364,3.3863461353257005
9,2011-08-17 12:08:19.445003,2877,67889.0,49246081.0,3787943.0,661.804812573514,23.59714980882864,17117.164059784496,-189.0,-59737.0,-55535417.0,-2736324.0,142.72821841532743,0,0,0,3066.0,2788.6,215.95786626099047,127626.0,66995.2,35356.712625751854,104781498.0,50646281.2,33537443.29646069,6524267.0,8172208.0,8875601.36168763,519.0765941581866,614.5729583346005,56.237071740709936,41.62622309197652,23.58408967028517,10.768927494132317,34175.309197651666,17779.579505808997,10719.470272981733,1.0317004948716089,0.4093391064197548,1.0133412542988003,0.025279499524200215,0.972353346251215,-0.04175035609073308,0.46351524581851067,-0.49396821931695717,1.0768531280091267,0.8398704409049561,1.0005537689911082,0.0012127613032377432,0.9627429070631823,-0.06179553925290949
9,2011-08-17 12:08:49.445783,2913,65388.0,42156866.0,5068242.0,627.1208717775489,22.446961894953656,14471.975969790594,36.0,-2501.0,-7089215.0,1280299.0,-34.6839407959651,0,0,0,2877.0,2850.0,178.69667036629374,67889.0,73381.8,30958.892724062345,49246081.0,57139769.4,28031932.267432578,3787943.0,8512042.2,8613091.020839239,661.804812573514,620.7636420319493,60.05137532351859,23.59714980882864,25.50538733633105,9.399316198345662,17117.164059784496,19897.28157846629,8818.45116853272,1.022105263157536,0.35255273570855905,0.8910656320776964,-0.25820690911812494,0.7377850215825338,-0.5344941353688663,0.595420215374402,-0.39983325285519195,1.010240982741483,0.10586318317016145,0.8800870811359559,-0.3253880789317747,0.7273343302057942,-0.6152220503340138
9,2011-08-17 12:09:19.481564,2281,27084.0,15854359.0,1479879.0,670.9575298448049,11.873739587900044,6950.617711530031,-632.0,-38304.0,-26302507.0,-3588363.0,43.83665806725594,0,0,0,2913.0,2887.0,165.80862462489654,65388.0,75280.0,29891.38231162956,42156866.0,56943481.6,28157639.509690933,5068242.0,8302109.0,8698403.14713921,627.1208717775489,614.0730154961833,56.25032824227081,22.446961894953656,25.89675918746255,9.176377361802347,14471.975969790594,19629.044441046106,8992.420053181613,0.7900935226876377,-3.6548159142341317,0.359776833156212,-1.6123710672706904,0.2784227194144729,-1.459253094914383,0.178253381158932,-0.7843083247117305,1.0926347729212056,1.0112743538599105,0.45850291542232813,-1.5281650966542266,0.3540986283058847,-1.4099015231198972
9,2011-08-17 12:09:49.455947,2957,63448.0,56407575.0,2154965.0,586.7478989316875,21.456881974974635,19075.946905647612,676.0,36364.0,40553216.0,675086.0,-84.2096309131174,0,0,0,2281.0,2819.4,309.2463419347105,27084.0,67992.2,37057.543661176474,15854359.0,48879342.6,33667434.105659194,1479879.0,3871872.2,2004985.6707130135,670.9575298448049,618.5695914521623,60.431112112246694,11.873739587900044,23.420571633488528,11.18162251069611,6950.617711530031,16729.35859045406,10474.298050957841,1.048804710221661,0.44495271678461995,0.9331658631431115,-0.12262550485127349,1.1540166458785392,0.22360576622423894,0.5565692483341778,-0.8563189378752181,0.9485560024916221,-0.5265779729626952,0.9161553488036042,-0.17561759543034564,1.1402676798697708,0.22403299044738756
9,2011-08-17 12:10:19.440540,2839,23507.0,6827371.0,1931070.0,660.0828785191969,8.280028178936245,2404.8506516379007,-118.0,-39941.0,-49580204.0,-223895.0,73.33497958750945,0,0,0,2957.0,2818.8,308.90807694199236,63448.0,70287.0,36162.074940467675,56407575.0,53689275.8,32411509.16326832,2154965.0,3803059.2,2068771.8966529425,586.7478989316875,613.1415414571484,62.15115208367332,21.456881974974635,24.2001912717267,10.80012979395617,19075.946905647612,18358.20276888088,9968.349224884518,1.0071661700010617,0.06539162135190023,0.33444306913084443,-1.293620459473383,0.12716452025601732,-1.445841493030759,0.5077675361982268,-0.9048794615920116,1.0765587289183092,0.755277022026828,0.3421472204753906,-1.4740714597916609,0.13099597394763768,-1.6004006036843275
9,2011-08-17 12:10:49.445563,2671,32241.0,19067278.0,1779673.0,589.2434235795582,12.070760014975663,7138.628977910895,-168.0,8734.0,12239907.0,-151397.0,-70.8394549396387,0,0,0,2839.0,2773.4,278.6984032964665,23507.0,49463.2,22154.214626115736,6827371.0,34098450.4,21613910.20758489,1931070.0,2884419.8,1499929.0466133766,660.0828785191969,641.3427983293504,34.748320787731586,8.280028178936245,17.530952289118645,6.96352064566111,2404.8506516379007,12004.111059678125,7069.797129867051,0.963077810629205,-0.3674222700540709,0.6518179171586018,-0.7773780425372163,0.5591831234653408,-0.6954397541045194,0.6169951405825184,-0.7365327063265813,0.918765167572746,-1.4993350345345997,0.6885398930541481,-0.784113748088196,0.5946820170540569,-0.6882067465856745
9,2011-08-17 12:11:19.441161,2454,56764.0,34704356.0,2507315.0,520.3097837628361,23.13121434392828,14141.9543602282,-217.0,24523.0,15637078.0,727642.0,-68.93363981672212,0,0,0,2671.0,2732.2,274.7529799656409,32241.0,42333.6,20409.403403823457,19067278.0,28062689.8,20512056.56844331,1779673.0,2482765.8,1466000.530362289,589.2434235795582,626.8305205305593,38.962812328272925,12.070760014975663,15.22567433034805,6.332572425892618,7138.628977910895,10008.404043303406,6662.272477540418,0.898177293023608,-1.0125458877053033,1.340873443316861,0.7070466350474474,1.2366724732138827,0.32379328605293745,1.0098878436298742,0.01674569653391148,0.8300645337460716,-2.733907805923283,1.5192242944736813,1.2483931458892867,1.4130079380327503,0.6204414981313102
9,2011-08-17 12:11:49.440208,2764,24887.0,12354170.0,1691040.0,492.4264836790883,9.00397973950796,4469.6707670043415,310.0,-31877.0,-22350186.0,-816275.0,-27.883300083747827,0,0,0,2454.0,2640.4,275.9199159176443,56764.0,40608.8,18221.0825611433,34704356.0,26572187.8,19476497.405614473,2507315.0,1970580.4,387581.0504521765,520.3097837628361,605.4683029276167,61.51679512789052,23.13121434392828,15.362524820142974,6.5318990854403705,14141.9543602282,9942.399721390928,6608.4128065489185,1.0468110892285083,0.4479560657609206,0.6128474616339165,-0.8628356711102384,0.464928597260629,-0.7300089694721693,0.8581431135720213,-0.721243723535683,0.8132985348650765,-1.8375765351833147,0.586100256587775,-0.9734603974263437,0.4495565348662718,-0.8281457461256504
9,2011-08-17 12:12:19.450470,2497,2229132.0,2264734329.0,52094060.0,483.7577350340408,892.7240688826591,906982.1101321586,-267.0,2204245.0,2252380159.0,50403020.0,-8.668748645047458,0,0,0,2764.0,2737.0,189.72216528386946,24887.0,40169.4,18650.20654845411,12354170.0,25872150.0,20013531.148522317,1691040.0,2012812.6,327610.08087528776,492.4264836790883,569.7620936944734,65.6738370643674,9.00397973950796,14.788572850464556,7.022734358456289,4469.6707670043415,9446.210332485789,6972.328562832912,0.9123127511870982,-1.265007700284455,10.0,10.0,10.0,10.0,10.0,10.0,0.8490521577109337,-1.3095680487623935,10.0,10.0,10.0,10.0
9,2011-08-17 12:12:49.469733,2196,16687.0,7523159.0,1125691.0,483.5076280264117,7.598816029143898,3425.846539162113,-301.0,-2212445.0,-2257211170.0,-50968369.0,-0.2501070076291398,0,0,0,2497.0,2645.0,166.47672509993666,2229132.0,473306.2,981627.3801991772,2264734329.0,467537500.8,1004717895.680971,52094060.0,12000631.6,22415161.193998475,483.7577350340408,549.1640609149441,74.56381303308461,892.7240688826591,189.04201023200147,393.4152519418214,906982.1101321586,187027.44297778799,402491.28628020245,0.8302457466915576,-2.6970737184298073,0.03525624637919377,-0.465165509042086,0.016091027964873786,-0.45785423329024566,0.093802646187389,-0.4851600443949384,0.8804429540053571,-0.8805401738041423,0.04019644109675975,-0.4612002033648364,0.018317346826844872,-0.4561629100979033
9,2011-08-17 12:13:19.471968,2136,16503.0,5119341.0,1361925.0,566.7185123501872,7.726123595505618,2396.695224719101,-60.0,-184.0,-2403818.0,236234.0,83.21088432377553,0,0,0,2196.0,2516.4,219.16500633084627,16687.0,471942.2,982413.0655221866,7523159.0,467676658.4,1004638177.8709636,1125691.0,11839555.8,22508311.468112983,483.5076280264117,513.849010816387,44.75228519230612,7.598816029143898,188.905767802043,393.49361100231727,3425.846539162113,187231.64215529285,402374.44571475685,0.8488316642819708,-1.7356785481712425,0.03496826518162598,-0.46359236861117864,0.010946325646257655,-0.46042179919964293,0.11503176495861439,-0.46550052476585924,1.102889176430835,1.1813810469215595,0.040899352546826584,-0.4604385919877362,0.01280069542268519,-0.4593605505991868
9,2011-08-17 12:13:49.440461,2629,22690.0,10092171.0,2221724.0,442.7334089319132,8.630658044883987,3838.7869912514266,493.0,6187.0,4972830.0,859799.0,-123.98510341827398,0,0,0,2136.0,2409.4,252.82958687621965,16503.0,468794.6,984197.6310580615,5119341.0,464887071.0,1006213379.5139654,1361925.0,11756006.2,22555714.03843945,566.7185123501872,509.3440285705128,35.42760403655903,7.726123595505618,188.03684051814898,393.9862167389881,2396.695224719101,186283.25540465448,402910.2708052398,1.09114302315884,0.8685692316012175,0.04840072816538406,-0.45326729705741603,0.02170886572149906,-0.4519865361159092,0.1889862902590167,-0.42269919647640836,0.8692227337455721,-1.880189796859577,0.04589876122708557,-0.45536157066038796,0.020607257388285314,-0.4528166235345072
9,2011-08-17 12:14:19.454582,2612,24505.0,10178939.0,2101223.0,460.0713476921899,9.381699846860643,3896.990428790199,-17.0,1815.0,86768.0,-120501.0,17.337938760276643,0,0,0,2629.0,2444.4,271.9380444145319,22690.0,461979.8,987874.9666874346,10092171.0,459964634.0,1008900582.4786212,2221724.0,11698888.0,22585331.95930404,442.7334089319132,493.82875360432826,45.093149663788964,8.630658044883987,185.13672925834013,395.5537938954467,3838.7869912514266,184222.6219308591,404035.5401320599,1.0685648829974355,0.616316853937144,0.0530434447566754,-0.44284430191297414,0.02212982965990381,-0.4458176581630936,0.17960877991138985,-0.4249512478848573,0.931641473553973,-0.7486149484585215,0.05067443874801703,-0.4443264914240488,0.021153701906667922,-0.44631131074045777
9,2011-08-17 12:14:49.470539,2628,34326.0,19507459.0,2076362.0,470.7472594037291,13.061643835616438,7422.929604261796,16.0,9821.0,9328520.0,-24861.0,10.675911711539245,0,0,0,2612.0,2414.0,232.9839050235014,24505.0,461903.4,987917.2352567295,10178939.0,459529587.8,1009142289.1397874,2101223.0,11780924.6,22540593.27463601,460.0713476921899,487.3577264069486,47.596727078736656,9.381699846860643,185.21227327981066,395.51177979808534,3896.990428790199,184108.08586321629,404099.3117697593,1.0886495443243212,0.918518384252745,0.07431423973064481,-0.4328069040002984,0.04245093138266036,-0.4360357637723055,0.17624779637414875,-0.43053714166965334,0.9659173003644648,-0.34898338651295713,0.0705225609742015,-0.4352604353064893,0.04031832480066436,-0.4372320147865599
9,2011-08-17 12:15:19.493686,2824,29940.0,16626260.0,2435091.0,513.3803919288245,10.601983002832862,5887.485835694051,196.0,-4386.0,-2881199.0,358729.0,42.63313252509533,0,0,0,2628.0,2440.2,251.2970353983507,34326.0,22942.2,7291.9077544989605,19507459.0,10484213.8,5459293.678831947,2076362.0,1777385.0,497244.28729988943,470.7472594037291,484.75563128088623,48.194623391478046,13.061643835616438,9.279788270402117,2.234598908821829,7422.929604261796,4196.249757636927,1901.3624223102404,1.1572821899839534,1.5272762744299047,1.3050186991656725,0.9596665558038001,1.58583755703265,1.1250624277304186,1.370041381017618,1.3227019732523027,1.0590498775047605,0.5939409550901442,1.1424811313319942,0.5916921943438017,1.403035132734359,0.8894864325767559
9,2011-08-17 12:15:49.441283,3008,26182.0,9423820.0,2258023.0,494.0476068806516,8.704122340425531,3132.918882978724,184.0,-3758.0,-7202440.0,-177068.0,-19.332785048172862,0,0,0,2824.0,2565.8,255.6329399744875,29940.0,25592.8,6844.723347230483,16626260.0,12304834.0,5735833.555770883,2435091.0,2039265.0,404343.2841687555,513.3803919288245,490.73018406136873,49.825269444279826,10.601983002832862,9.88042166513991,2.067151300307162,5887.485835694051,4688.577616943314,1969.4885751974734,1.1723439083322267,1.7298240204975233,1.0230220999655755,0.08608090789210891,0.7658632371635407,-0.5022834034473299,1.1072729635432368,0.5410204857234608,1.0067601768263377,0.06658113154663789,0.8809464448520914,-0.569043651507534,0.668202414236781,-0.7898795421079402
9,2011-08-17 12:16:19.447456,2716,51204.0,36291771.0,3310999.0,463.8058051244477,18.85272459499264,13362.213181148749,-292.0,25022.0,26867951.0,1052976.0,-30.24180175620387,0,0,0,3008.0,2740.2,173.29800922110996,26182.0,27528.6,4647.231304779445,9423820.0,13165729.8,4597890.017195055,2258023.0,2218484.6,143562.90228737716,494.0476068806516,476.19600296746165,27.887259897937838,8.704122340425531,10.076021414123892,1.8468785567090487,3132.918882978724,4835.822348595239,1773.026024421962,0.9911685278443212,-0.13964384304601868,1.86002920598934,5.094517239898504,2.7565331775227526,5.029707346959997,1.4924597628489278,7.610004970595055,0.9739808865114844,-0.4442959935079836,1.8710484841462431,4.752182077285995,2.7631728831038593,4.80894849545621
9,2011-08-17 12:16:49.444436,2918,147288.0,125071992.0,4831684.0,438.8195384194654,50.475668265935575,42862.231665524334,202.0,96084.0,88780221.0,1520685.0,-24.986266704982317,0,0,0,2716.0,2757.6,163.42827172799667,51204.0,33231.4,10734.173363614083,36291771.0,18405649.8,10870206.763166096,3310999.0,2436339.6,509586.7058270604,463.8058051244477,480.4104822059686,22.670243079875718,18.85272459499264,12.120434724145623,4.113610219681952,13362.213181148749,6740.507586574704,4066.3440883637904,1.058166521612613,0.9814703313144119,4.432193648175989,10.0,6.795304341822259,9.812724313712314,1.9831734459350403,4.700562971148051,0.9134262358380741,-1.834605109355387,4.164509723501615,9.323983431622123,6.35890266645321,8.883095796616502
9,2011-08-17 12:17:19.486780,2830,46470.0,19596431.0,3493899.0,390.9516737812721,16.420494699646643,6924.533922261484,-88.0,-100818.0,-105475561.0,-1337785.0,-47.86786463819328,0,0,0,2918.0,2818.8,152.18147061978314,147288.0,57788.0,50937.498073620794,125071992.0,41384260.4,47808452.8156487,4831684.0,2982431.8,1137211.7928880157,438.8195384194654,476.16012035142364,28.64244236274306,50.475668265935575,20.33922840796061,17.274023701713876,42862.231665524334,14533.555833921531,16272.49191628054,1.0039733219806286,0.07359634490527953,0.8041461895203018,-0.22219387343370672,0.47352376992099154,-0.4557317402429804,1.1714933431168482,0.44975544854410887,0.8210508546829045,-2.974901563492796,0.8073312502067415,-0.22685702970862007,0.47645146180255793,-0.46760028831520234
9,2011-08-17 12:17:49.444602,2489,20177.0,7481479.0,1499781.0,425.8868663394938,8.10646846122941,3005.817195660908,-341.0,-26293.0,-12114952.0,-1994118.0,34.93519255822167,0,0,0,2830.0,2859.2,109.76884803986924,46470.0,60216.8,49816.29043997678,19596431.0,41402054.8,47798290.0577247,3493899.0,3265939.2,1026128.2366819826,390.9516737812721,460.20100322693224,48.060563938392676,16.420494699646643,21.01099858076665,16.983112496191517,6924.533922261484,14433.876697521471,16328.368734235919,0.8705232232789345,-3.37254154167826,0.3350726043230405,-0.8037491279733647,0.18070308433097385,-0.7096608635797439,0.4592188978900769,-1.7211866283993174,0.9254366317158091,-0.7139769922531639,0.38582023741909177,-0.7598448235958662,0.20824739317447868,-0.6998898474100779
9,2011-08-17 12:18:19.442033,2541,28734.0,15778186.0,1850174.0,414.3556558673751,11.30814639905549,6209.439590712318,52.0,8557.0,8296707.0,350393.0,-11.531210472118744,0,0,0,2489.0,2792.2,200.9731325326843,20177.0,58264.2,51463.79529533478,7481479.0,39573098.6,49139460.163125984,1499781.0,3078877.2,1271397.0396013493,425.8868663394938,442.70229810906613,38.91548672417591,8.10646846122941,20.51189567244596,17.397113366677317,3005.817195660908,13857.54296951484,16750.831669423467,0.9100350977720401,-1.2499183190961967,0.49316733088242026,-0.5738053291743206,0.39870989531256973,-0.48423227526328405,0.6009249085997972,-0.9664197427935362,0.9359690646203888,-0.7284154619953014,0.5512969926857931,-0.5290388743738617,0.4480909497716871,-0.45658051670131183
9,2011-08-17 12:18:49.451209,2465,26137.0,9312511.0,1923918.0,485.0338283935091,10.603245436105476,3777.894929006085,-76.0,-2597.0,-6465675.0,73744.0,70.67817252613406,0,0,0,2541.0,2698.8,183.3540291348949,28734.0,58774.6,51077.2736136153,15778186.0,40843971.8,48238701.92227039,1850174.0,2997307.4,1348002.550433483,414.3556558673751,426.7639079064108,27.17853201603473,11.30814639905549,21.03270048417195,16.989463759486114,6209.439590712318,14472.84711106156,16309.080093859968,0.913368904698046,-1.2751287828352913,0.4446989005454662,-0.6389847713269369,0.22800209160853452,-0.6536548361273969,0.641882110590325,-0.7962814311106642,1.1365390076490263,2.1439686459362997,0.5041314330311869,-0.6138778242267524,0.2610332922067828,-0.6557667336541714
9,2011-08-17 12:19:19.475074,2983,31993.0,15466472.0,2269290.0,417.3743075893396,10.72510895072075,5184.871605766008,518.0,5856.0,6153961.0,345372.0,-67.65952080416952,0,0,0,2465.0,2648.6,209.90545490767954,26137.0,53761.2,53192.52666211788,9312511.0,35448119.8,50338414.37364587,1923918.0,2719891.2,1408670.219383364,485.0338283935091,431.0095125602231,34.95656626395566,10.603245436105476,19.38280465239452,17.642122688208627,3777.894929006085,12555.983460633028,17019.995866702397,1.1262553802004356,1.5930981886367963,0.5950946035430646,-0.4092341794228445,0.4363129014250285,-0.39694630926756347,0.8343311673643413,-0.319876997326775,0.9683644917930978,-0.39006133690404604,0.5533311170652725,-0.490740023419604,0.41294030228869,-0.4330854080456796
9,2011-08-17 12:19:49.480461,2559,24031.0,7065295.0,1496018.0,386.932981455256,9.39077764751856,2760.959359124658,-424.0,-7962.0,-8401177.0,-773272.0,-30.441326134083624,0,0,0,2983.0,2661.6,231.64800884099972,31993.0,30702.2,9820.697261402654,15466472.0,13527015.8,4999440.57867328,2269290.0,2207412.4,769351.5381431137,417.3743075893396,426.72046639419796,35.074167222721705,10.72510895072075,11.432692789351554,3.047380259389084,5184.871605766008,5020.511448681362,1633.1682947736897,0.9614517583404865,-0.4429133689207765,0.7827126394850928,-0.6793000356724669,0.5223099539811286,-1.2924887691564024,0.6777247423272604,-0.924667547577797,0.9067598391142233,-1.1343814575883207,0.8213968327255118,-0.6700559061744026,0.549935875527039,-1.3835390368439826
9,2011-08-17 12:20:19.442857,2918,27633.0,13898128.0,2145206.0,412.4558812227553,9.4698423577793,4762.895133653187,359.0,3602.0,6832833.0,649188.0,25.522899767499325,0,0,0,2559.0,2607.4,213.37947417687553,24031.0,26214.4,4499.000644601149,7065295.0,11020788.6,4286250.84822979,1496018.0,1807836.2,324166.5001632263,386.932981455256,425.9167279289947,36.12892290342869,9.39077764751856,10.026749378925938,1.2800362265151894,2760.959359124658,4187.7965360539965,1473.2751061137499,1.119122497506666,1.455622670346822,1.054115295410116,0.3153144691592829,1.2610828956468685,0.6712951485768345,1.1866152475539538,1.0407299947098931,0.9683955904416793,-0.37257813474946905,0.9444578695402924,-0.43507129655830806,1.1373272537590726,0.39035384173144216
9,2011-08-17 12:20:49.448937,2398,31153.0,19123131.0,9164729.0,407.7906872385321,12.991242702251876,7974.616763969975,-520.0,3520.0,5225003.0,7019523.0,-4.665193984223208,0,0,0,2918.0,2693.2,238.6256482442738,27633.0,27705.6,2975.2255040789046,13898128.0,12304118.4,3905300.181679458,2145206.0,1936921.2,298304.11030201206,412.4558812227553,423.230530905647,36.62755626144307,9.4698423577793,10.299424158235915,0.8373887860096982,4762.895133653187,4539.212123652453,1322.7203798409691,0.8903906133963723,-1.2370841197111198,1.1244297181796776,1.1587020867065732,1.5542057040023278,1.7460917939136527,4.731596205359307,10.0,0.9635190693000347,-0.421536276034515,1.2613562177262208,3.2145385581629307,1.7568283981299126,2.5972266645864823
9,2011-08-17 12:21:19.476808,2475,57620.0,35046406.0,6634882.0,389.3842614965656,23.28080808080808,14160.16404040404,77.0,26467.0,15923275.0,-2529847.0,-18.406425741966476,0,0,0,2398.0,2664.6,268.1684172306648,31153.0,28189.4,3356.5054446733093,19123131.0,12973107.4,4826943.488769224,9164729.0,3399832.2,3236088.6466659214,407.7906872385321,421.9175371798784,37.13932253569381,12.991242702251876,10.636043418875193,1.4548783280189246,7974.616763969975,4892.247558303984,1961.3472393601367,0.9288448547620923,-0.707018380304675,2.044030734957039,8.76822650375761,2.70146580301956,4.572934953839341,1.9515321962066239,0.9996789807760696,0.9228918619934834,-0.8759792441332175,2.1888598195550864,8.691286693685026,2.894408729657603,4.725280815200711
9,2011-08-17 12:21:49.444786,2385,25298.0,13884841.0,1509996.0,387.0644806209644,10.60712788259958,5821.736268343816,-90.0,-32322.0,-21161565.0,-5124886.0,-2.319780875601225,0,0,0,2475.0,2666.6,266.3386941471327,57620.0,34486.0,13311.42862355959,35046406.0,18119886.4,10423308.117890771,6634882.0,4342025.0,3381481.4444699935,389.3842614965656,402.7876238004897,13.804863221426434,23.28080808080808,13.171555947815714,5.835485466593098,14160.16404040404,6968.701380583574,4429.49556185136,0.894397359933663,-1.057300370495093,0.7335730441338302,-0.6902339530813154,0.7662763823949802,-0.4063053065399537,0.3477630828933504,-0.8375113235151541,0.960964184966432,-1.1389568245763264,0.8053056088300101,-0.43945410873824986,0.8354119297698268,-0.25893808814656794
10,2011-08-18 09:56:29.146156,3,8.0,1142.0,707.0,2231.2397053333334,2.6666666666666665,380.6666666666667,0.0,0.0,0.0,0.0,0.0,0,0,0,3.0,3.0,3.0,8.0,8.0,8.0,1142.0,1142.0,1142.0,707.0,707.0,707.0,2231.2397053333334,2231.2397053333334,2231.2397053333334,2.6666666666666665,2.6666666666666665,2.6666666666666665,380.6666666666667,380.6666666666667,380.6666666666667,3.0,3.0,8.0,8.0,10.0,10.0,10.0,10.0,10.0,10.0,2.6666666666666665,2.6666666666666665,10.0,10.0
10,2011-08-18 10:10:52.782230,1,2.0,290.0,145.0,1535.769409,2.0,290.0,-2.0,-6.0,-852.0,-562.0,-695.4702963333334,0,0,0,3.0,1.0,1.0,8.0,2.0,2.0,1142.0,290.0,290.0,707.0,145.0,145.0,2231.2397053333334,1535.769409,1535.769409,2.6666666666666665,2.0,2.0,380.6666666666667,290.0,290.0,1.0,1.0,2.0,2.0,10.0,10.0,10.0,10.0,10.0,10.0,2.0,2.0,10.0,10.0
10,2011-08-18 10:19:13.328372,1826,944164.0,596868774.0,411970711.0,1271.0472561106244,517.0668127053669,326872.27491785324,1825.0,944162.0,596868484.0,411970566.0,-264.7221528893756,0,0,0,1.0,2.0,1.4142135623730951,2.0,5.0,4.242640687119285,290.0,716.0,602.4549775709385,145.0,426.0,397.39401102683973,1535.769409,1883.5045571666667,491.77176265111774,2.0,2.333333333333333,0.47140452079103146,290.0,335.33333333333337,64.11101482758033,10.0,10.0,10.0,10.0,10.0,10.0,10.0,10.0,0.6748309959079529,-1.2454096545785167,10.0,10.0,10.0,10.0
10,2011-08-18 10:19:29.146497,2927,170057.0,54424834.0,12522123.0,891.8984545404852,58.09941920054664,18594.066962760506,1101.0,-774107.0,-542443940.0,-399448588.0,-379.1488015701392,0,0,0,1826.0,610.0,1053.0873657963996,944164.0,314724.6666666667,545110.4528160631,596868774.0,198956735.33333334,344601933.95725244,411970711.0,137323854.33333334,237851154.9430428,1271.0472561106244,1679.352123481319,495.93788099866316,517.0668127053669,173.91115979067786,297.18169981778993,326872.27491785324,109180.98052817331,188526.1965746454,4.798360655729839,2.2001973200443476,0.5403357855649471,-0.26539147418529085,0.27355110099095814,-0.4194169767812806,0.0911868011627783,-0.5247051727086172,0.5310967497936269,-1.587807060339012,0.3340752788385859,-0.38970010825279217,0.17030500067694737,-0.4805004037173432
10,2011-08-18 10:19:59.155627,2804,89657.0,21848195.0,6378498.0,793.0359640570614,31.974679029957205,7791.795649072753,-123.0,-80400.0,-32576639.0,-6143625.0,-98.8624904834238,0,0,0,2927.0,1189.25,1442.7234373457259,170057.0,278557.75,450920.3040718504,54424834.0,162823760.0,290498473.1178625,12522123.0,106123421.5,203983616.92656174,891.8984545404852,1482.4887062461107,564.7923583539865,58.09941920054664,144.95822464314506,249.46155004801102,18594.066962760506,86534.25213682011,160456.37545429013,2.3577885221758605,1.1192373799441726,0.3218614452478873,-0.4189226971910758,0.1341830885123891,-0.48528848873777963,0.060104526501720455,-0.48898497341534153,0.5349355854889548,-1.220718963332203,0.22057857778302117,-0.45290965918792014,0.09004290736520126,-0.49074059079801763
10,2011-08-18 10:20:29.207325,2286,76246.0,42434952.0,3968001.0,815.9019630704288,33.353455818022745,18562.97112860892,-518.0,-13411.0,20586757.0,-2410497.0,22.8659990133674,0,0,0,2804.0,1512.2,1443.1118113299467,89657.0,240777.6,399541.6613299544,21848195.0,134628647.0,259358524.3408648,6378498.0,86174436.8,182199881.81564742,793.0359640570614,1344.5981578083008,578.1970449454869,31.974679029957205,122.36151552050748,221.87013100039556,7791.795649072753,70785.76083927063,143351.87898556143,1.5117048009512553,0.5362023884250128,0.31666566989620165,-0.4118008606469804,0.3152000183140814,-0.3554681506393575,0.04604614950033535,-0.4511881949691806,0.6067998519347555,-0.9143875766207067,0.2725812578887208,-0.4011718896128694,0.2622415992781173,-0.3642979086163307
10,2011-08-18 10:20:59.170379,2655,71786.0,41811277.0,4634136.0,601.2500966952919,27.03804143126177,15748.12693032015,369.0,-4460.0,-623675.0,666135.0,-214.65186637513693,0,0,0,2286.0,1968.8,1184.1611799075326,76246.0,256025.2,389381.67558926035,42434952.0,143115409.0,254500669.567925,3968001.0,86967895.6,181738841.63099477,815.9019630704288,1061.53060935572,327.87098786440515,33.353455818022745,128.4988733507787,218.12419751411358,18562.97112860892,74422.22173165908,141335.8306263539,1.348537180007442,0.5794819249631235,0.28038646195764994,-0.4731583727487588,0.292150770431715,-0.3980505519768875,0.05328559427624003,-0.4530333684373959,0.5663992082712012,-1.40384642037733,0.21041461863437816,-0.4651516570621965,0.21160517065860063,-0.41513956185996315
10,2011-08-18 10:21:29.153629,2779,93283.0,70007028.0,12519671.0,543.4004917689816,33.56711047139259,25191.445843828715,124.0,21497.0,28195751.0,7885535.0,-57.84960492631024,0,0,0,2655.0,2499.6,446.8895836781162,71786.0,270382.0,378760.4693226314,41811277.0,151477606.4,249255552.2898111,4634136.0,87894693.8,181195467.5070767,601.2500966952919,874.6267468947783,246.11378515106048,27.03804143126177,133.50648163703107,214.75545215182868,15748.12693032015,77513.84711772311,139465.53377054443,1.111777884461069,0.6252103656115198,0.34500447514997173,-0.4675751942031339,0.462160907237573,-0.32685562127528306,0.1424394404113619,-0.4159873524267718,0.6212941619926631,-1.3458256916456337,0.2514268225748117,-0.4653636038749674,0.324992846833795,-0.37516366846576893
10,2011-08-18 10:21:59.152745,2787,59903.0,38449443.0,14628888.0,570.2051233028346,21.493720846788666,13795.996770721204,8.0,-33380.0,-31557585.0,2109217.0,26.80463153385301,0,0,0,2779.0,2690.2,245.7268809064243,93283.0,100205.8,40062.91780062955,70007028.0,46105257.2,17754045.160896387,12519671.0,8004485.8,4215810.92145609,543.4004917689816,729.0973940264497,149.12715228276292,33.56711047139259,36.80654119023619,12.191952708743207,25191.445843828715,17177.68130291821,6290.549927610092,1.0359824548356866,0.39393329554558926,0.5977997281594418,-1.0059876367608374,0.8339492139304234,-0.4312152036687434,1.827586226713026,1.5713233642157771,0.7820698962495085,-1.0654818273554292,0.5839647016847762,-1.2559776688774615,0.8031349823900089,-0.5375817012998795
10,2011-08-18 10:22:29.211362,2241,39876.0,20863471.0,2482492.0,630.5397938656849,17.79384203480589,9309.893351182507,-546.0,-20027.0,-17585972.0,-12146396.0,60.33467056285031,0,0,0,2787.0,2662.2,218.46212486378508,59903.0,78175.0,13587.62611716999,38449443.0,42910179.0,17314574.696724728,14628888.0,8425838.8,4839375.315714049,570.2051233028346,664.7587277789196,129.42263974139337,21.493720846788666,29.485401519484594,5.1883336902226045,13795.996770721204,16218.067264510348,6385.714916737351,0.841784989857696,-1.9280229937372317,0.5100863447393602,-2.8186674897979924,0.48621263034115986,-1.273303467521522,0.29462847069896464,-1.2281227249932898,0.9485242803377477,-0.2643968163633892,0.6034797261432527,-2.2534324468100366,0.5740445639632149,-1.0818168370185162
10,2011-08-18 10:22:59.210896,2193,34778.0,16254438.0,1971958.0,598.2808391554947,15.858641130870954,7411.964432284541,-48.0,-5098.0,-4609033.0,-510534.0,-32.25895471019021,0,0,0,2241.0,2549.6,266.8385279527677,39876.0,68218.8,19861.028540838463,20863471.0,42713234.2,17616996.161829162,2482492.0,7646637.6,5517567.581568172,630.5397938656849,632.2594937406444,107.74479539187621,17.79384203480589,26.64923412045433,7.034771833674146,9309.893351182507,16521.6868049323,5902.738968995483,0.8601349231248587,-1.3363887244265724,0.5098008173699843,-1.6837395873651246,0.38054805037451367,-1.501890331186449,0.25788563590355057,-1.028474869788033,0.9462583718829312,-0.3153623751500136,0.5950880636417141,-1.5338938125038994,0.4486203206606823,-1.5433042898382625
10,2011-08-18 10:23:29.164758,2082,37928.0,28108256.0,2066406.0,617.7699108357349,18.217098943323727,13500.603266090298,-111.0,3150.0,11853818.0,94448.0,19.48907168024016,0,0,0,2193.0,2531.0,291.87326016612076,34778.0,59925.2,23915.340154386264,16254438.0,37477131.4,21238766.48827017,1971958.0,7247429.0,5908616.417252752,598.2808391554947,588.7352689576576,33.143496523546204,15.858641130870954,23.15027118302397,7.215065129930603,7411.964432284541,14291.485465667423,6951.987472887309,0.8225997629392245,-1.538338934313173,0.6329223765627711,-0.9197945694267959,0.7500108719633756,-0.44112144672687453,0.2851226276242237,-0.876858918252295,1.0493169738725407,0.8760283290139331,0.7869065031037462,-0.6837321840037168,0.944660602183166,-0.1137634673050613
10,2011-08-18 10:23:59.147199,2565,42590.0,23732714.0,3844404.0,527.8870831633528,16.60428849902534,9252.52007797271,483.0,4662.0,-4375542.0,1777998.0,-89.88282767238206,0,0,0,2082.0,2416.4,339.60241459683414,37928.0,53153.6,24503.567991213036,28108256.0,34736527.2,21422985.664039165,2066406.0,6733883.0,6291701.74549412,617.7699108357349,592.0392317857461,35.4463471709846,18.217098943323727,21.386082685436364,7.104369867991911,13500.603266090298,13841.980732821452,6906.770900093907,1.0614964409861523,0.4375705048386533,0.8012627554859728,-0.4311045641919441,0.6832206876454823,-0.5136451740464502,0.5709044840844427,-0.4592523798619882,0.8916420649527141,-1.809838071921177,0.7764062611408602,-0.6730778766575599,0.668439023039015,-0.6644871708117144
10,2011-08-18 10:24:29.194399,2476,27065.0,13749972.0,2198608.0,578.4451871231826,10.930936995153472,5553.300484652666,-89.0,-15525.0,-9982742.0,-1645796.0,50.55810395982974,0,0,0,2565.0,2373.6,292.72990964368506,42590.0,43015.0,9861.088023134163,23732714.0,25481664.4,8434905.305782698,3844404.0,4998829.6,5435157.26596881,527.8870831633528,588.9365500646205,41.01040137636442,16.60428849902534,17.993518290962918,2.16961613832012,9252.52007797271,10654.195579650252,2839.756017163961,1.0431412200871912,0.3498105134671513,0.6291991165872224,-1.6174685757372411,0.539602585771438,-1.3908505163605247,0.4398245541316311,-0.5152052577269561,0.9821859197883559,-0.2558220009821371,0.6074930326458691,-3.255221588655128,0.5212313255501965,-1.7962441365262105
11,2011-08-18 15:39:35.087798,4922,1553697.0,1012130069.0,167139646.0,258.6973787612759,315.6637545713125,205633.90268183663,0.0,0.0,0.0,0.0,0.0,0,0,0,4922.0,4922.0,4922.0,1553697.0,1553697.0,1553697.0,1012130069.0,1012130069.0,1012130069.0,167139646.0,167139646.0,167139646.0,258.6973787612759,258.6973787612759,258.6973787612759,315.6637545713125,315.6637545713125,315.6637545713125,205633.90268183663,205633.90268183663,205633.90268183663,10.0,10.0,10.0,10.0,10.0,10.0,10.0,10.0,10.0,10.0,10.0,10.0,10.0,10.0
11,2011-08-18 15:40:05.112527,4253,1253107.0,1198207468.0,30670232.0,191.30865592428876,294.64072419468613,281732.2990830002,-669.0,-300590.0,186077399.0,-136469414.0,-67.38872283698717,0,0,0,4922.0,4253.0,4253.0,1553697.0,1253107.0,1253107.0,1012130069.0,1198207468.0,1198207468.0,167139646.0,30670232.0,30670232.0,258.6973787612759,191.30865592428876,191.30865592428876,315.6637545713125,294.64072419468613,294.64072419468613,205633.90268183663,281732.2990830002,281732.2990830002,10.0,10.0,10.0,10.0,10.0,10.0,10.0,10.0,10.0,10.0,10.0,10.0,10.0,10.0
11,2011-08-18 15:40:35.107200,3408,78380.0,50935766.0,4089930.0,128.11501855252348,22.99882629107981,14945.94072769953,-845.0,-1174727.0,-1147271702.0,-26580302.0,-63.19363737176525,0,0,0,4253.0,4587.5,473.0544366138003,1253107.0,1403402.0,212549.2273568643,1198207468.0,1105168768.5,131576590.6584549,30670232.0,98904939.0,96498448.06395437,191.30865592428876,225.00301734278233,47.65102289353437,294.64072419468613,305.1522393829993,14.865527340403283,281732.2990830002,243683.10088241842,53809.692132684744,0.7428882833785846,-2.4933705483042443,0.05584999878865781,-6.2339535009238976,0.04608867663635936,-8.012314327527811,0.041352131059905914,-0.982554755048095,0.5693924466656215,-2.0332826643553967,0.07536836805624228,-10.0,0.061333513376913076,-4.250854280873623
11,2011-08-18 15:41:05.118467,3037,91019.0,70973314.0,4982722.0,110.48456748304248,29.9700362199539,23369.54692130392,-371.0,12639.0,20037548.0,892792.0,-17.630451069480998,0,0,0,3408.0,4194.333333333333,758.7030600527015,78380.0,961728.0,779625.7780839471,50935766.0,753757767.6666666,615731495.1541023,4089930.0,67299936.0,87479162.56609842,128.11501855252348,192.70701774602938,65.3024100723738,22.99882629107981,211.1011016856928,163.2401343359753,14945.94072769953,167437.38083084548,137433.5146980374,0.7240721608517704,-1.5254101298226161,0.0946411043455113,-1.1168294128753709,0.09415931356794513,-1.1088996730560008,0.0740375444042027,-0.7123663758545209,0.5733292371743199,-1.259102844299341,0.14197006069837637,-1.1095988508060861,0.13957186146451367,-1.0482729356524114
11,2011-08-18 15:41:35.112433,1649,27261.0,18077920.0,11227649.0,93.66073285021226,16.531837477258946,10962.959369314736,-1388.0,-63758.0,-52895394.0,6244927.0,-16.823834632830227,0,0,0,3037.0,3905.0,847.7078899400822,91019.0,744050.75,771196.7603918709,70973314.0,583061654.25,607699625.8778068,4982722.0,51720632.5,77926854.88557652,110.48456748304248,172.15140518028267,67.32807244618932,29.9700362199539,165.8183353192581,161.1428249241646,23369.54692130392,131420.42235346008,133344.91303889544,0.4222791293212747,-2.66129409289419,0.03663862982464565,-0.9294511943174841,0.03100516020600578,-0.9297088729220382,0.21708259271577934,-0.5196280994460466,0.5440602285620821,-1.1657941402026144,0.09969848898392146,-0.9264234874331417,0.08341899358555833,-0.9033525182097359
12,2011-08-19 10:02:43.748728,1,3.0,435.0,290.0,3063.798096,3.0,435.0,0.0,0.0,0.0,0.0,0.0,0,0,0,1.0,1.0,1.0,3.0,3.0,3.0,435.0,435.0,435.0,290.0,290.0,290.0,3063.798096,3063.798096,3063.798096,3.0,3.0,3.0,435.0,435.0,435.0,1.0,1.0,3.0,3.0,10.0,10.0,10.0,10.0,10.0,10.0,3.0,3.0,10.0,10.0
12,2011-08-19 10:10:35.615858,1,3.0,433.0,290.0,2408.900391,3.0,433.0,0.0,0.0,-2.0,0.0,-654.8977049999999,0,0,0,1.0,1.0,1.0,3.0,3.0,3.0,435.0,433.0,433.0,290.0,290.0,290.0,3063.798096,2408.900391,2408.900391,3.0,3.0,3.0,435.0,433.0,433.0,1.0,1.0,3.0,3.0,10.0,10.0,10.0,10.0,10.0,10.0,3.0,3.0,10.0,10.0
12,2011-08-19 10:16:33.807982,1,2.0,290.0,145.0,1981.947021,2.0,290.0,0.0,-1.0,-143.0,-145.0,-426.9533700000002,0,0,0,1.0,1.0,0.0,3.0,3.0,0.0,433.0,434.0,1.4142135623730951,290.0,290.0,0.0,2408.900391,2736.3492435,463.08260818900686,3.0,3.0,0.0,433.0,434.0,1.4142135623730951,0.9999999989999999,0.0,0.6666666664444444,-10.0,0.6682027649754189,-10.0,0.4999999999982759,-10.0,0.7243033855079895,-1.6290877894305675,0.6666666664444444,-10.0,0.6682027649754189,-10.0
12,2011-08-19 10:26:31.883066,1,2.0,290.0,145.0,1559.903076,2.0,290.0,0.0,0.0,0.0,0.0,-422.0439449999999,0,0,0,1.0,1.0,0.0,2.0,2.6666666666666665,0.5773502691896257,290.0,386.0,83.14445261110329,145.0,241.66666666666666,83.71578903249574,1981.947021,2484.881836,544.9131326256322,2.0,2.6666666666666665,0.5773502691896257,290.0,386.0,83.14445261110329,0.9999999989999999,0.0,0.74999999971875,-1.1547005363792513,0.7512953367856184,-1.1546170187429357,0.5999999999975173,-1.1547005383654583,0.6277574464105714,-1.6974792946195776,0.74999999971875,-1.1547005363792513,0.7512953367856184,-1.1546170187429357
12,2011-08-19 10:26:56.132358,1,2.0,290.0,145.0,1848.048584,2.0,290.0,0.0,0.0,0.0,0.0,288.14550799999984,0,0,0,1.0,1.0,0.0,2.0,2.5,0.5773502691896257,290.0,362.0,83.14244804350342,145.0,217.5,83.71578903249574,1559.903076,2253.637146,641.7553853959499,2.0,2.5,0.5773502691896257,290.0,362.0,83.14244804350342,0.9999999989999999,0.0,0.79999999968,-0.8660254022844387,0.8011049723734777,-0.8659836424525383,0.6666666666636015,-0.8660254037740938,0.8200293411383005,-0.6319986886422906,0.79999999968,-0.8660254022844387,0.8011049723734777,-0.8659836424525383
12,2011-08-19 10:32:11.292538,398,3128323.0,1723899518.0,681165037.0,1302.6531876884424,7860.108040201005,4331405.824120603,397.0,3128321.0,1723899228.0,681164892.0,-545.3953963115575,0,0,0,1.0,1.0,0.0,2.0,2.4,0.5477225575051661,290.0,347.6,78.8752179077814,145.0,203.0,79.4197708382491,1848.048584,2172.5194336,584.6262886139947,2.0,2.4,0.5477225575051661,290.0,347.6,78.8752179077814,10.0,10.0,10.0,10.0,10.0,10.0,10.0,10.0,0.5996048493473153,-1.4879013531401555,10.0,10.0,10.0,10.0
12,2011-08-19 10:32:13.751934,3716,442117.0,197088459.0,40916604.0,1044.9217270091497,118.97658772874058,53037.79843918192,3318.0,-2686206.0,-1526811059.0,-640248433.0,-257.7314606792927,0,0,0,398.0,80.4,177.5437974134833,3128323.0,625666.4,1399027.570484692,1723899518.0,344780164.2,770951156.0455981,681165037.0,136233152.4,304626184.2681742,1302.6531876884424,1820.2904519376884,421.0448145585821,7860.108040201005,1573.821608040201,3514.1409737644726,4331405.824120603,866541.7648241206,1936917.8933354642,10.0,10.0,0.7066337588209934,-0.1311978433251386,0.5716351445487247,-0.19157076818919086,0.3003424884411615,-0.3128967676530694,0.5740412063889379,-1.8415349105761667,0.0755972513789669,-0.4139973413623656,0.06120628063431747,-0.41999920037087685
12,2011-08-19 10:32:43.750293,2960,307199.0,175342328.0,115742374.0,910.2059036003378,103.78344594594594,59237.272972972976,-756.0,-134918.0,-21746131.0,74825770.0,-134.71582340881184,0,0,0,3716.0,823.4,1626.124626220266,442117.0,714089.2,1363108.149253646,197088459.0,384197769.4,753762857.0664983,40916604.0,144416415.2,300574230.1071706,1044.9217270091497,1547.4947191395186,384.63046666137876,118.97658772874058,1597.0169255859491,3501.5407511915405,53037.79843918192,877062.724511957,1931171.5718668983,3.59485061937868,1.3139214335404044,0.4301969557864754,-0.2985017734820144,0.45638559607941337,-0.2770837531220703,0.8014488785067143,-0.09539753687392355,0.5881802970583757,-1.6568859483993519,0.0649858146668061,-0.42645040733324147,0.0675405205550556,-0.423486687279876
12,2011-08-19 10:33:13.757874,2923,545584.0,381028926.0,162669696.0,688.2408265641465,186.6520697913103,130355.43140608964,-37.0,238385.0,205686598.0,46927322.0,-221.96507703619136,0,0,0,2960.0,1415.2,1782.884376509032,307199.0,775528.6,1329381.4738946455,175342328.0,419266177.0,735271668.3205055,115742374.0,167564861.0,290975239.5151327,910.2059036003378,1333.146495659586,380.5997933561727,103.78344594594594,1617.3736147751383,3490.227277229181,59237.272972972976,888852.1791065515,1924649.8163618038,2.0654324477091115,0.8457082354109213,0.7034995227771088,-0.17297111815943894,0.9087995810356054,-0.05200424910610367,0.9707864466882469,-0.01682330430643195,0.5162529615495235,-1.6944456627443036,0.11540442361992219,-0.40992217163554984,0.14665591700199127,-0.3940959759288887
12,2011-08-19 10:33:43.755079,2736,150667.0,115853223.0,14676479.0,662.1576518790205,55.06834795321637,42344.01425438596,-187.0,-394917.0,-265175703.0,-147993217.0,-26.083174685125982,0,0,0,2923.0,1999.6,1679.329419738724,545584.0,884645.0,1270917.137400586,381028926.0,495471904.2,699846294.5552784,162669696.0,200098771.2,276278895.3536189,688.2408265641465,1158.8140457724153,444.9580234967364,186.6520697913103,1654.3040287334002,3469.7787657663443,130355.43140608964,914865.2653877694,1910464.5265831505,1.368273654730262,0.43850836610373517,0.17031351559099958,-0.5775183750383671,0.23382400095331177,-0.5424315083946125,0.07334617255260786,-0.6711417170054613,0.5714097566336309,-1.1161870730844825,0.033287924708341285,-0.4609042214904764,0.046284426632415894,-0.4567063345027818
12,2011-08-19 10:34:13.771471,2763,58358.0,29027876.0,21085246.0,593.1355845588129,21.121245023525155,10505.926891060442,27.0,-92309.0,-86825347.0,6408767.0,-69.02206732020761,0,0,0,2736.0,2546.6,1258.2157207728728,150667.0,914778.0,1246245.5575792438,115853223.0,518642490.8,681005357.2168406,14676479.0,203034038.0,273687321.29608357,662.1576518790205,921.6358593482194,265.66258441326244,55.06834795321637,1664.9176983240436,3463.5365467558227,42344.01425438596,923276.0682386465,1905517.6815584525,1.0849760464929377,0.17198958527310565,0.06379471303420058,-0.6872000423925628,0.055968950702872104,-0.7189585362455535,0.10385079372750297,-0.6648053374864306,0.6435682580511077,-1.2365319546735936,0.012686059524007554,-0.47460057981479425,0.011378965893812034,-0.4790142595796144
12,2011-08-19 10:34:43.758407,2936,36420.0,14924386.0,2594247.0,520.9714210885559,12.404632152588556,5083.237738419619,173.0,-21938.0,-14103490.0,-18490999.0,-72.164163470257,0,0,0,2763.0,3019.6,401.2883003527511,58358.0,300785.0,200778.91340601482,29027876.0,179668162.4,130031899.0399688,21085246.0,71018079.8,65142236.6078706,593.1355845588129,779.7323387222934,189.9747451897006,21.121245023525155,97.12033928854767,63.40791681130984,10505.926891060442,59096.08879273819,44034.79465048251,0.9723142138028308,-0.2083290241113516,0.12108316571637509,-1.3166970351383473,0.08306639195637479,-1.2669489380399004,0.03652938811223674,-1.0503758600105066,0.6681413546879129,-1.3620806143152764,0.12772434943422376,-1.336043058893123,0.08601648336233325,-1.2265948208237074
12,2011-08-19 10:35:13.754149,2461,85454.0,28638023.0,3794423.0,705.1241007135311,34.72328321820398,11636.742381145876,-475.0,49034.0,13713637.0,1200176.0,184.15267962497524,0,0,0,2936.0,2863.6,105.4338655271623,36420.0,219645.6,211095.23686786494,14924386.0,143235347.8,148183563.7834658,2594247.0,63353608.4,71512316.07492599,520.9714210885559,674.9422775381747,146.70432122078657,12.404632152588556,75.80594817331726,71.60620565635536,5083.237738419619,49505.176652585724,50440.583309097594,0.8594077385106651,-3.8185074405003387,0.38905400335813517,-0.635692221156068,0.19993684128855796,-0.7733470694999353,0.05989276847567849,-0.8328521388902819,1.044717636127935,0.2057323391976145,0.4580548631666358,-0.5737305108959266,0.2350611222500877,-0.7507532979819656
12,2011-08-19 10:35:43.752517,2556,45070.0,24471412.0,6928725.0,973.5951912010954,17.63302034428795,9574.104851330205,95.0,-40384.0,-4166611.0,3134302.0,268.4710904875643,0,0,0,2461.0,2763.8,192.0018229080124,85454.0,175296.6,211395.6094430535,28638023.0,113894486.8,154621095.2254905,3794423.0,40964018.2,68469501.34804659,705.1241007135311,633.9259169608133,76.22153728871108,34.72328321820398,61.993915627768864,71.5209383974393,11636.742381145876,39985.07053422031,52590.76033654688,0.9248136623486052,-1.0822813911432205,0.2571070973424456,-0.6160326619038903,0.21486037373320865,-0.5783368347610689,0.16914173229226814,-0.49708691504836,1.5358185635747454,4.456342476395226,0.2844314666277537,-0.6202504647848543,0.23944198980807568,-0.5782568171343977
12,2011-08-19 10:36:13.765325,2810,53222.0,32939374.0,5361923.0,534.151567002847,18.94021352313167,11722.19715302491,254.0,8152.0,8467962.0,-1566802.0,-439.4436241982485,0,0,0,2556.0,2690.4,185.98198837521812,45070.0,75193.8,46086.25249681297,24471412.0,42582984.0,41351414.41636758,6928725.0,9815824.0,7863994.2816707855,973.5951912010954,690.996789888203,172.756023600371,17.63302034428795,28.1901057383644,17.144418426246617,9574.104851330205,15828.805223268422,15029.564463857878,1.0444543562291686,0.6430730257494838,0.7077977173649861,-0.4767538866719301,0.7735337194781841,-0.23321112798944302,0.5462529686758849,-0.5663662561887981,0.7730159891024889,-0.9079001682006261,0.6718745115128721,-0.5395279084260112,0.7405610839024339,-0.27323533427189745
12,2011-08-19 10:36:43.811535,2154,34302.0,19086709.0,2722573.0,712.2647731165273,15.924791086350975,8861.05338904364,-656.0,-18920.0,-13852665.0,-2639350.0,178.11320611368035,0,0,0,2810.0,2705.2,193.31761430350772,53222.0,55704.8,18595.840588690793,32939374.0,26000214.2,6879097.260046391,5361923.0,7952912.8,7520450.462604486,534.151567002847,665.3955729129684,186.99611711786088,18.94021352313167,20.96447885234746,8.333614381683521,11722.19715302491,9704.44180299621,2730.3852866372313,0.7962442702939538,-2.8512663058823353,0.6157817638695298,-1.15094555139471,0.7340981444683636,-1.0050018103615788,0.3423365838991721,-0.6954822488370763,1.0704381004479855,0.2506426386049892,0.7596082496373725,-0.6047421364334413,0.9130925373066701,-0.3088898911373007
12,2011-08-19 10:37:13.765243,2404,136552.0,127452182.0,3994387.0,540.4372897188019,56.80199667221298,53016.714642262894,250.0,102250.0,108365473.0,1271814.0,-171.82748339772536,0,0,1,2154.0,2583.4,306.5090536998863,34302.0,50893.6,20727.53783737953,19086709.0,24011980.8,7213743.382661686,2722573.0,4280378.2,1849961.3407182472,712.2647731165273,689.2214106245113,183.03487001533452,15.924791086350975,19.925188064912625,8.628003319025831,8861.05338904364,9375.46710259285,2708.6813746181747,0.9305566307962644,-0.5853008184713251,2.683087853875484,4.1325892477938995,5.307857900669319,10.0,0.9331855301945046,-0.1545930683551279,0.7841272505279856,-0.8128730929381464,2.850763389751288,4.27408372939638,5.654834480470322,10.0
12,2011-08-19 10:37:43.780071,2402,44224.0,28303358.0,4655413.0,597.629431989592,18.411323896752705,11783.246461282264,-2.0,-92328.0,-99148824.0,661026.0,57.1921422707901,0,0,1,2404.0,2477.0,238.2456715241639,136552.0,70920.0,41355.52021193785,127452182.0,46517540.0,45532796.54514851,3994387.0,4560406.2,1622968.113330651,540.4372897188019,693.1145843505606,178.71760280722998,56.80199667221298,28.80466096883751,17.370123932084358,53016.714642262894,18962.162483361506,19078.518230215275,0.9697214372220551,-0.3148011022398717,0.6235758601240746,-0.6455244635586322,0.6084448575741538,-0.40002335419788115,1.0208329687824735,0.058538919661845386,0.8622375657391496,-0.5342795049876946,0.6391786355698449,-0.5983455910921237,0.6214083689885551,-0.3762826827247716
12,2011-08-19 10:38:13.757653,3009,35543.0,15145678.0,4442488.0,471.3903745706215,11.812229976736456,5033.458956463942,607.0,-8681.0,-13157680.0,-212925.0,-126.23905741897056,0,0,1,2402.0,2465.2,240.68485619165946,44224.0,62674.0,41840.688593760024,28303358.0,46450607.0,45565884.010219045,4655413.0,4732604.2,1566056.9323061188,597.629431989592,671.6156506057727,183.31809191263852,18.411323896752705,25.542269104547255,17.51185444524806,11783.246461282264,18991.463299388786,19064.562638122912,1.2205906214500972,2.259386022877601,0.5671091680760671,-0.6484357908977048,0.3260598510585664,-0.6870256043530123,0.9386984020341272,-0.1852526520685205,0.7018752081562465,-1.0922286717313077,0.4624581288344144,-0.7840425564268256,0.26503797401570794,-0.7321439577644783
12,2011-08-19 10:38:43.813478,2206,98908.0,18445256.0,7644556.0,593.4864293608341,44.83590208522212,8361.403445149592,-803.0,63365.0,3299578.0,3202068.0,122.09605479021263,0,0,1,3009.0,2555.8,345.7415219495624,35543.0,60768.6,43042.45139162034,15145678.0,44585460.2,46862882.024183616,4442488.0,4235356.8,979168.4250133148,471.3903745706215,571.174687279678,90.66238738554054,11.812229976736456,24.37811103103696,18.34285707601989,5033.458956463942,18083.334120415533,19722.106545707946,0.8631348305810849,-1.0117384745301667,1.6276168942512808,0.8860880076970763,0.4137056322231255,-0.5578018907695506,1.80493789803022,3.481729100847628,1.0390629041815225,0.24609700587333594,1.8391868847549415,1.1153001393558741,0.46238173721013975,-0.4929458550857083
12,2011-08-19 10:39:13.786022,2181,45310.0,25631011.0,2679272.0,594.7754671930307,20.774873911049976,11751.953690967446,-25.0,-53598.0,7185755.0,-4965284.0,1.289037832196641,0,0,1,2206.0,2435.0,340.1940622644666,98908.0,69905.8,45800.739701450235,18445256.0,41686636.6,48192794.86336752,7644556.0,4691883.4,1812904.321657145,593.4864293608341,583.0416597512755,88.46136327125863,44.83590208522212,29.557248743455045,20.004216875039347,8361.403445149592,17411.175378840468,20047.68585191581,0.8956878850098992,-0.746632666979925,0.6481579496980129,-0.5370175276715163,0.6148495798771157,-0.33315406681682747,0.5710440289287665,-1.110158642106554,1.0201251612890592,0.13264330333280083,0.7028690014643989,-0.43902617567221147,0.6749661315369173,-0.2822880271406452
12,2011-08-19 10:39:43.773477,2927,41714.0,23068536.0,2967846.0,490.88353109600274,14.251451998633414,7881.290058079945,746.0,-3596.0,-2562475.0,288574.0,-103.891936097028,0,0,1,2181.0,2440.4,334.7899341378109,45310.0,72107.4,43885.984719497865,25631011.0,42995497.0,47509585.125317566,2679272.0,4683223.2,1824728.371462052,594.7754671930307,559.543798566576,54.72653144324251,20.774873911049976,30.527265308394846,19.2824811446639,11751.953690967446,17989.35543922523,19779.342603012443,1.1993935420417967,1.453448716287406,0.57849818465233,-0.6925536750345717,0.5365337677106047,-0.4194303306888076,0.6337186747793697,-0.9400726304406416,0.877292416344632,-1.254606598639035,0.46684338915374424,-0.8440725644594453,0.43810852949709356,-0.5110415236755791
12,2011-08-19 10:40:13.778612,2960,198979.0,183691891.0,12099578.0,413.5990301621621,67.22263513513514,62058.071283783785,33.0,157265.0,160623355.0,9131732.0,-77.2845009338406,0,0,1,2927.0,2545.0,396.5747092289166,41714.0,53139.8,25863.68914520896,23068536.0,22118767.8,5329299.629754764,2967846.0,4477915.0,1973309.4575729507,490.88353109600274,549.6330468420163,62.924620827789134,14.251451998633414,22.017156373678937,13.225799943925967,7881.290058079945,8962.270522388639,2859.429915270513,1.163064833005437,1.0464610837283657,3.744443900804976,5.638762482072667,8.304797656947237,10.0,2.7020562024960273,3.8623759546433094,0.7525002954931355,-2.161856756355951,3.0531933366492887,3.4179769049658977,6.924369346891466,10.0
12,2011-08-19 10:40:43.781416,2819,103829.0,65137038.0,5491297.0,489.68469142532814,36.83185526782547,23106.43419652359,-141.0,-95150.0,-118554853.0,-6608281.0,76.085661263166,0,0,1,2960.0,2656.6,423.8482039598608,198979.0,84090.8,69057.00621008704,183691891.0,53196474.4,73061808.56859629,12099578.0,5966748.0,3954457.0960344034,413.5990301621621,512.8269664765303,79.47671761709773,67.22263513513514,31.779418621355422,23.73663622896988,62058.071283783785,19017.235486888945,24178.50237721862,1.0611307686512605,0.38315604143741167,1.234724845048433,0.28582472776117224,1.224461559429961,0.1634309885552483,0.9203165610479945,-0.12023167490596628,0.9548731315532017,-0.2911830753052186,1.1589845524082647,0.2128539443213457,1.2150259280562965,0.16912539270783727
12,2011-08-19 10:41:13.748841,2931,54167.0,29985798.0,13266296.0,415.4175535499829,18.48072330262709,10230.569089048107,112.0,-49662.0,-35151240.0,7774999.0,-74.26713787534521,0,0,1,2819.0,2618.6,391.64946061497363,103829.0,97748.0,63591.65142139336,65137038.0,63194746.4,69905289.89772217,5491297.0,6176509.8,3880515.7112042527,489.68469142532814,516.4858298474716,77.48843770635098,36.83185526782547,36.78334367957322,20.94847107560167,23106.43419652359,22631.83053490087,22881.482480649665,1.1193003895206908,0.7976520624046499,0.554149445512946,-0.6853258096917089,0.4744982725336168,-0.47505630044003433,2.1478628593773132,1.8270216454811885,0.8043154904595535,-1.3043013807968507,0.5024209724682401,-0.8736971929846081,0.45204337639728026,-0.5419780582984375
12,2011-08-19 10:41:43.776435,2453,26619.0,12561667.0,1934284.0,471.21317821932325,10.851610273134936,5120.94048104362,-478.0,-27548.0,-17424131.0,-11332012.0,55.79562466934033,0,0,1,2931.0,2763.6,330.07090147421326,54167.0,88799.8,66470.29236207706,29985798.0,65502854.8,68228803.96793889,13266296.0,7300857.8,5050314.973604819,415.4175535499829,480.87205468530135,74.09762336692127,18.48072330262709,31.51230792305422,21.717371432075876,10230.569089048107,23005.663663680574,22603.630251204842,0.8876103632939327,-0.9410099424451218,0.2997641886580792,-0.9354675267755366,0.1917728172055182,-0.7759360375843225,0.264939278778995,-1.0626216044044954,0.9799138328525264,-0.13035339093155945,0.3443610128235514,-0.9513443058054779,0.22259477300487146,-0.7912323367474502
12,2011-08-19 10:42:13.769660,2164,33538.0,18084674.0,10579566.0,490.4939944681146,15.49815157116451,8357.058225508317,-289.0,6919.0,5523007.0,8645282.0,19.280816248791325,12,1,0,2453.0,2818.0,210.97393203900762,26619.0,85061.6,69961.44930459917,12561667.0,62888986.0,70355388.29884839,1934284.0,7151860.2,5228594.049802589,471.21317821932325,456.1595968905598,38.8188414848357,10.851610273134936,29.52765519547121,23.336958850976604,5120.94048104362,21679.46102169581,23601.48125682107,0.7679205110004372,-3.0999090440992494,0.3942789695937956,-0.7364570132856321,0.28756504358330726,-0.6368284374991272,1.4792747207223091,0.655569311243319,1.075268388104782,0.8844776470231036,0.5248690242433021,-0.6011710314653284,0.38548274872445265,-0.5644731638331648
12,2011-08-19 10:42:43.785546,2283,85254.0,54345505.0,3164275.0,413.7836341226456,37.34296977660972,23804.426193604904,119.0,51716.0,36260831.0,-7415291.0,-76.71036034546898,24,1,0,2164.0,2665.4,345.48560027879574,33538.0,83426.4,71310.43943771486,18084674.0,61892213.6,71092040.71172589,10579566.0,8674204.2,4796048.344845894,490.4939944681146,456.0816895649822,38.73202395774064,15.49815157116451,29.776995109977427,23.13875714854424,8357.058225508317,21774.61465518148,23532.803133696,0.8565318526296779,-1.1068478677267846,1.0219067345588324,0.025628786113375063,0.8780669140584754,-0.10615405781642234,0.36479138916282366,-1.1488477187518933,0.9072577206868612,-1.0920693296945876,1.2540879171130017,0.3269827596069186,1.0932191715245494,0.08625455823904389
12,2011-08-19 10:43:13.761166,2336,31296.0,18560684.0,2100397.0,465.76825851926367,13.397260273972602,7945.498287671233,53.0,-53958.0,-35784821.0,-1063878.0,51.98462439661808,97,1,0,2283.0,2530.0,333.622541204877,85254.0,60681.4,33184.99932650292,54345505.0,36022936.4,22869230.922397744,3164275.0,6887143.6,4864836.20184998,413.7836341226456,456.11861035707886,38.681458891807885,37.34296977660972,23.801062038272345,12.430984121260868,23804.426193604904,14123.885637145708,8715.880301397334,0.9233201581024019,-0.5814954807873233,0.5157428800258314,-0.8855025040344273,0.5152462807002042,-0.7635697264702399,0.30497360328017553,-0.9839481539336749,1.0211560062274356,0.2494644317559331,0.5628849776479213,-0.8369250303899162,0.5625575349303362,-0.7088655575597159
12,2011-08-19 10:43:43.804274,2467,55428.0,38495748.0,2789883.0,396.0955102922578,22.46777462505067,15604.27563842724,131.0,24132.0,19935064.0,689486.0,-69.67274822700585,18,1,0,2336.0,2433.4,296.93147357597485,31296.0,46174.8,24261.882917448904,18560684.0,26707665.6,16699063.51002454,2100397.0,6208963.6,5322862.0074918475,465.76825851926367,451.33532377586596,34.774472701890566,13.397260273972602,19.114143039501773,10.567863257849849,7945.498287671233,11091.698455375235,7337.945451644636,1.013807840880655,0.1131574217958058,1.200395020660594,0.38138837086485183,1.441374494369886,0.705912783248207,0.44933151162297036,-0.6423387634674157,0.8776080431233476,-1.5885162071491723,1.1754528872909835,0.31734244694550373,1.406842757329354,0.6149646672611877
12,2011-08-19 10:44:13.753800,3067,58350.0,38491104.0,5455686.0,311.3436700238018,19.025105966742743,12550.0828170851,600.0,2922.0,-4644.0,2665803.0,-84.75184026845602,262,1,0,2467.0,2340.6,125.63558413124785,55428.0,46427.0,24372.034568332594,38495748.0,28409655.6,17529716.00799691,2789883.0,4113681.0,3649128.850804443,396.0955102922578,447.470915124321,40.384831036392704,22.46777462505067,19.911553303986487,10.658157016405942,15604.27563842724,12166.439765251063,7570.142641273831,1.3103477740744638,5.7818014300420595,1.2568117690136935,0.4892082344036828,1.3548599300865865,0.5751062022568378,1.326229719805692,0.3677603764811312,0.6957852667063407,-3.370751878953701,0.9554807540795047,-0.08317078982755446,1.0315328937006485,0.05067844425312311
12,2011-08-19 10:44:43.753530,2292,21026.0,11092232.0,1404587.0,436.0515425767889,9.173647469458988,4839.542757417103,-775.0,-37324.0,-27398872.0,-4051099.0,124.70787255298706,87,1,0,3067.0,2463.4,354.52827813871187,58350.0,52773.2,21934.072061521067,38491104.0,33595543.0,15371837.006623764,5455686.0,4817961.4,3458168.4894749057,311.3436700238018,415.49701348521666,69.60427103095219,19.025105966742743,21.54625244270805,9.4832386178747,12550.0828170851,13652.268232459359,6494.188346024211,0.9304213688394372,-0.48345931923787216,0.39842192628075623,-1.4473919804290536,0.33016974900509866,-1.4639311482618027,0.29153139333992995,-0.987046874780324,1.0494697396693902,0.2953055722993865,0.42576533870222444,-1.3046813931923626,0.354486351645974,-1.3570172291716966
12,2011-08-19 10:45:13.770537,2844,63655.0,44367122.0,4776830.0,349.17246873663856,22.38220815752461,15600.253867791842,552.0,42629.0,33274890.0,3372243.0,-86.87907384015028,68,1,0,2292.0,2489.0,331.36912952174623,21026.0,50270.8,25154.501728318908,11092232.0,32197054.6,17329213.71294525,1404587.0,2982965.6,1537425.32372589,436.0515425767889,404.60852310695157,58.2755600124107,9.173647469458988,20.281351622366945,10.819302403336858,4839.542757417103,12948.765138841116,7345.887069674433,1.142627561269127,1.0713128302304082,1.2662420331484427,0.532079710604307,1.3779869789704304,0.702286185720517,1.6013694559534974,1.1667977444606148,0.8629884166910582,-0.9512745026826983,1.1035856274853588,0.19417670905617238,1.204767690240679,0.36094874639392976
12,2011-08-19 10:45:43.798005,2521,41721.0,27118571.0,2389879.0,322.61642856525185,16.549385164617217,10757.069020230068,-323.0,-21934.0,-17248551.0,-2386951.0,-26.556040171386712,7,1,0,2844.0,2601.2,339.06739743006824,63655.0,45951.0,18661.491071187185,44367122.0,30201378.0,14481450.648813324,4776830.0,3305476.6,1740669.1361074788,349.17246873663856,391.6862900297501,62.726024309154894,22.38220815752461,17.289199298549924,5.847630384927513,15600.253867791842,11307.930673678504,4784.651350807949,0.9691680762721171,-0.2365311457475186,0.907945420121414,-0.22666999029518994,0.8979249556096414,-0.21287970899880937,0.7230058745537631,-0.526003236920417,0.8236602525452811,-1.1011356486260897,0.9572094622709354,-0.12651520104846078,0.9512853704761713,-0.11513099138462832
12,2011-08-19 10:46:13.823679,2026,48472.0,35316748.0,2322702.0,365.84121545952615,23.92497532082922,17431.76110562685,-495.0,6751.0,8198177.0,-67177.0,43.2247868942743,9,1,0,2521.0,2638.2,311.8985411956905,41721.0,48036.0,17134.70707365606,27118571.0,31912955.4,13211738.225842224,2389879.0,3363373.0,1694775.67267127,322.61642856525185,363.0559240389478,52.254748411359955,16.549385164617217,17.919624276678846,5.481607469333357,10757.069020230068,11870.24482019027,4443.761503756851,0.7679478432261513,-1.9628177728921543,1.0090765259388583,0.025445430617854415,1.1066586455982075,0.2576339722915616,0.6905870981303588,-0.6140464586441199,1.007671797194726,0.05330216880193674,1.3351270623810343,1.0955456180785532,1.4685258282100002,1.2515334769279367
12,2011-08-19 10:46:43.755507,2246,15786.0,5382498.0,1390124.0,341.5832090271594,7.028495102404274,2396.481745325022,220.0,-32686.0,-29934250.0,-932578.0,-24.25800643236676,4,1,0,2026.0,2550.0,417.0449616048608,48472.0,46644.8,16660.31205289982,35316748.0,31277155.4,12888284.847507082,2322702.0,3269936.8,1746389.9947822527,365.84121545952615,357.0050650724014,49.130728784235906,23.92497532082922,18.211064415834556,5.812614828756783,17431.76110562685,12235.741913630192,4881.280616399563,0.8807843137251448,-0.7289381912909982,0.338430007203368,-1.8522342139820247,0.1720903941283612,-2.009162406509713,0.4251225895252776,-1.076399203852735,0.9568021365661262,-0.31389430660911294,0.3859464192497742,-1.9238448858133257,0.19585912830142554,-2.0157128715866786
12,2011-08-19 10:47:13.802645,2063,52519.0,26315685.0,2798407.0,362.1849966398449,25.45758603974794,12756.027629665536,-183.0,36733.0,20933187.0,1408283.0,20.601787612685484,11,1,0,2246.0,2385.8,310.6544704329874,15786.0,38132.0,19768.52929532187,5382498.0,24655434.2,16307113.589237737,1390124.0,2456824.4,1382927.1291428048,341.5832090271594,363.052972873073,43.6614782896472,7.028495102404274,15.811742242966861,7.595219268509066,2396.481745325022,10205.021699278177,6546.004684830255,0.8646994718748995,-1.0390965871150843,1.3772946606524343,0.7277729053624585,1.0673381286467063,0.10181144510428394,1.139034193896804,0.2469997101088955,0.9976092297844118,-0.019879680377519932,1.6100430709627558,1.2699888514745357,1.2499755517978512,0.38970426286108273
12,2011-08-19 10:47:43.751426,2406,116689.0,90848142.0,5300286.0,368.4534769522028,48.499168744804656,37758.995012468826,343.0,64170.0,64532457.0,2501879.0,6.268480312357951,39,1,0,2063.0,2340.0,343.1246129323862,52519.0,44430.6,17882.866976522502,26315685.0,27700124.8,14457982.993846187,2798407.0,2735588.4,1252086.0659575919,362.1849966398449,348.27966368568417,17.363810267130503,25.45758603974794,19.06852995702465,7.5281819220275095,12756.027629665536,11788.318673727863,5843.497021691823,1.028205128204689,0.19234994375880918,2.626320598866488,4.04064963939285,3.279701541272478,4.367692037463176,1.9375305144589727,2.0483397026214205,1.0579241780928879,1.1618310126058897,2.5434141410777524,3.909395268166457,3.203085703529336,4.4443723069131345
12,2011-08-19 10:48:13.793257,2652,106787.0,84251273.0,5959930.0,347.1555047386878,40.26659125188537,31768.95663650076,246.0,-9902.0,-6596869.0,659644.0,-21.29797221351504,102,1,0,2406.0,2252.4,213.83942573809875,116689.0,55037.4,37310.740776618186,90848142.0,36996328.8,32069920.975814667,5300286.0,2840279.6,1468594.850473458,368.4534769522028,352.13586532879697,19.60766312735429,48.499168744804656,24.291922074480663,15.374142271858425,37758.995012468826,16220.066902663262,13212.958104779304,1.1774107618534997,1.868691887002839,1.9402624397227715,1.3869893473792658,2.2772873885800258,1.4734973695643663,2.098360316357586,2.1242416851688257,0.9858567073636627,-0.254000721937494,1.6576123999890866,1.0390608395504741,1.9586205671742625,1.17679096615103
12,2011-08-19 10:48:43.749479,2334,31585.0,14568035.0,3128167.0,345.4279849061697,13.532562125107113,6241.660239931448,-318.0,-75202.0,-69683238.0,-2831763.0,-1.7275198325181125,269,1,0,2652.0,2278.6,258.36563238944893,106787.0,68050.6,42492.185249760914,84251273.0,48422869.2,37405045.9503978,5959930.0,3554289.8,1975309.369982853,347.1555047386878,357.0436805634842,11.94587173613394,40.26659125188537,29.035363291934296,16.03277118117075,31768.95663650076,20422.444425917398,14334.859515935394,1.02431317475598,0.2144248036684622,0.46413991941290056,-0.8581719152748052,0.3008503056650761,-0.9050873575959332,0.8801102825098841,-0.21572458799387897,0.9674670179291505,-0.9723606542004746,0.466071734270335,-0.9669445781192885,0.3056274807147999,-0.9892517028311889
12,2011-08-19 10:49:13.764933,2203,60272.0,23082708.0,4552866.0,328.8280826654562,27.35905583295506,10477.852019972765,-131.0,28687.0,8514673.0,1424699.0,-16.599902240713504,76,1,0,2334.0,2340.2,216.39131221007898,31585.0,64673.2,45032.56455277668,14568035.0,44273126.6,40264213.07369178,3128167.0,3715382.8,1880319.5065529568,345.4279849061697,352.9610344528129,11.672651532278863,13.532562125107113,26.95688065278987,17.470112588274542,6241.660239931448,18184.42425277832,15724.658750643654,0.9413725322617976,-0.6340365451740874,0.931947081635037,-0.09773371878125746,0.5213706320890379,-0.5262841859399359,1.2254096670738743,0.445394092377041,0.931627150215884,-2.067478131986841,1.0149192031648755,0.023020754909850956,0.5761992722079898,-0.49009472033786516
12,2011-08-19 10:49:43.762922,2311,441086.0,404289383.0,11068055.0,453.3812248195586,190.8636953699697,174941.3167459974,108.0,380814.0,381206675.0,6515189.0,124.55314215410245,27,1,0,2203.0,2331.6,221.8564851429858,60272.0,73570.4,36555.91224138715,23082708.0,47813168.6,36601641.96626251,4552866.0,4347931.2,1363485.241805555,328.8280826654562,350.4100091804723,15.535515569411338,27.35905583295506,31.022992798900027,13.612257249396214,10477.852019972765,19800.698307707866,14019.004860852105,0.9911648653281047,-0.09285281873383337,5.995427508889363,10.0,8.455607416070727,9.739350347412861,2.5455911077893774,4.92863699140672,1.2938592304444108,6.628117050405681,6.152330195898597,10.0,8.835108440488119,10.0
12,2011-08-19 10:50:13.792592,1894,26497.0,17370860.0,3641695.0,334.97235804487855,13.989968321013729,9171.520591341075,-417.0,-414589.0,-386918523.0,-7426360.0,-118.40886677468006,6,1,0,2311.0,2381.2,167.97231914812596,441086.0,151283.8,165660.06684080506,404289383.0,123407908.2,160778611.08864057,11068055.0,6001860.8,3021505.87665514,453.3812248195586,368.649254816415,49.41275009982546,190.8636953699697,64.10421466494438,72.08920591004085,174941.3167459974,52237.75613097424,69900.46582902284,0.795397278682683,-2.9004779029541368,0.17514763642901507,-0.7532702502161613,0.14075969889910184,-0.6595221060936992,0.6067609898583451,-0.7811223596270956,0.9086478642437078,-0.6815426525101237,0.21823788644658265,-0.6951699038795403,0.17557263693228722,-0.6161079905386173
12,2011-08-19 10:50:43.803705,2319,31653.0,16443056.0,2794747.0,345.4892486748598,13.64941785252264,7090.580422595946,425.0,5156.0,-927804.0,-846948.0,10.516890629981276,75,1,0,1894.0,2278.8,272.57054132829523,26497.0,133245.4,175015.03998028283,17370860.0,108712451.8,167707321.06583652,3641695.0,5670142.6,3203356.896799223,334.97235804487855,361.9530310349502,51.66327871961513,13.989968321013729,57.20237458018619,75.52674638933166,9171.520591341075,46520.26124674869,72501.58252364266,1.017640863611981,0.14748475680441853,0.23755416697311701,-0.5804781121179345,0.15125273809710912,-0.5501810846038021,0.492888309369856,-0.897619494996976,0.9545140364926102,-0.31867474863767875,0.23861628039847008,-0.5766560696600966,0.15241918752318606,-0.5438457955216942
12,2011-08-19 10:51:13.749562,2533,54132.0,41973951.0,2751535.0,262.6468296020529,21.37070667193052,16570.845242795105,214.0,22479.0,25530895.0,-43212.0,-82.84241907280693,48,1,0,2319.0,2212.2,185.29624928745838,31653.0,118218.6,180978.5913396941,16443056.0,95150808.4,172842908.03413513,2794747.0,5037106.0,3436067.085625927,345.4892486748598,361.61977982218457,51.78781597900308,13.64941785252264,51.878939900313654,77.91903198105376,7090.580422595946,41584.58600396773,74567.43955207511,1.1450140131990123,1.731281670470283,0.45789748821251086,-0.35411149752906446,0.44113078707169445,-0.30766004810274306,0.5462531461517783,-0.6651706567549891,0.7263065912226236,-1.9111242354446514,0.41193414346135054,-0.39153763146608084,0.39848527628034164,-0.3354512493848421
12,2011-08-19 10:51:43.778648,1737,15408.0,7467379.0,998449.0,320.04484052964887,8.870466321243523,4299.009211283823,-796.0,-38724.0,-34506572.0,-1753086.0,57.398010927595976,7,1,0,2533.0,2252.0,233.18233209229192,54132.0,122728.0,178544.84051772542,41973951.0,100631991.6,170060769.56380206,2751535.0,4961779.6,3492049.6998654893,262.6468296020529,345.0635487613612,68.72197292983866,21.37070667193052,53.44656880967833,77.02844033814573,16570.845242795105,43650.423004540455,73478.63393216731,0.7713143872110252,-2.2085721305590087,0.12554592269082748,-0.6010814968878644,0.07420482175968383,-0.5478313007695007,0.2012280029528115,-1.1349582453401688,0.9274953604272406,-0.3640568971570559,0.16596886420651297,-0.5786966773852917,0.09848722911199619,-0.5355490662712078
12,2011-08-19 10:52:13.766347,2414,32046.0,20482293.0,1690334.0,270.3761998769677,13.27506213753107,8484.79411764706,677.0,16638.0,13014914.0,691885.0,-49.66864065268118,221,1,0,1737.0,2158.8,330.4878212582121,15408.0,113755.2,183526.09832582396,7467379.0,97508925.8,171973578.88103738,998449.0,4250896.2,3930383.17139615,320.04484052964887,343.3069003341997,69.35011641523565,8.870466321243523,49.74885090733602,79.01206786787593,4299.009211283823,42414.65444280267,74224.18281844002,1.1182138224934601,0.7721918436438793,0.2817101987425605,-0.44521842258607125,0.21005557011274142,-0.4478980626046232,0.397641796099373,-0.6514790259216475,0.7875641288100426,-1.0516305411732247,0.2668415831752744,-0.46162301220029883,0.2000439288993581,-0.45712676161287047
12,2011-08-19 10:52:43.765180,1840,66144.0,50423287.0,2764990.0,413.6011303179348,35.947826086956525,27403.960326086955,-574.0,34098.0,29940994.0,1074656.0,143.22493044096706,56,1,0,2414.0,2179.4,345.2278957442459,32046.0,31947.2,14102.406557038546,20482293.0,20747507.8,12815265.373968361,1690334.0,2375352.0,1035149.981990465,270.3761998769677,306.7058953456816,37.888378543604325,13.27506213753107,14.231124260848295,4.500580070091963,8484.79411764706,9123.349917132602,4562.939721712937,0.8442690648798549,-0.9831186998007067,2.0704161867080035,2.4248910894523794,2.4303298249633625,2.315658578579292,1.1640337937282554,0.3764072905172389,1.3485268349681554,2.821319863197897,2.526000435772158,4.825311733835938,3.003716899493514,4.00632301188668
12,2011-08-19 10:53:13.753505,2024,34515.0,23468662.0,3947279.0,348.3664764510869,17.052865612648223,11595.188735177866,184.0,-31629.0,-26954625.0,1182289.0,-65.2346538668478,3,1,0,1840.0,2168.6,357.03123112691407,66144.0,39876.6,20129.896989304336,50423287.0,27357993.2,18080940.52493379,2764990.0,2200011.0,818628.8516246909,413.6011303179348,322.4316498002928,61.50857357935616,35.947826086956525,18.622695814036852,10.678815036699303,27403.960326086955,12769.83786408178,9367.17273767577,0.933321036613053,-0.40500658595940553,0.8655452069634607,-0.2663500962199917,0.8578356544075755,-0.21510668621671392,1.7942087562289453,2.1343836056257777,1.0804351144367408,0.42164571768051595,0.9157033859125232,-0.14700415690754784,0.9080137789212811,-0.1254006050490799
12,2011-08-19 10:53:43.773664,1821,32340.0,25928741.0,1232806.0,327.50533945414605,17.759472817133442,14238.73750686436,-203.0,-2175.0,2460079.0,-2714473.0,-20.8611369969409,5,1,0,2024.0,2109.6,350.27460655891105,34515.0,40449.0,19876.694644734165,23468662.0,28763114.4,17275711.680236753,3947279.0,2430517.4,1130727.7898297007,348.3664764510869,323.00709535553824,61.79102923297064,17.052865612648223,19.30338536606197,10.387041737179905,11595.188735177866,13670.759526598162,8888.80245968529,0.8631968145615931,-0.8239249851263132,0.7995253281910357,-0.40796521478725184,0.9014580493411382,-0.16406695437285482,0.5072195739063623,-1.0592393773044055,1.0139261463982474,0.0727976885054834,0.9200185604457258,-0.14863833109031716,1.0415469220389755,0.0638981440798318
12,2011-08-19 10:54:13.773702,2133,27976.0,18852357.0,1765592.0,227.42898654571027,13.115799343647446,8838.423347398031,312.0,-4364.0,-7076384.0,532786.0,-100.07635290843578,0,0,1,1821.0,1967.2,270.8333435897432,32340.0,36090.6,18465.40751784276,25928741.0,25554072.4,15619047.44490347,1232806.0,2126771.6,1223144.930278567,327.50533945414605,335.97879732595686,51.980939854844294,17.759472817133442,18.581138595102555,10.332765733165335,14238.73750686436,13204.337979412012,8758.81831635424,1.0842822285476392,0.6121845921990339,0.7751602910452924,-0.4394487363551864,0.7377437421676868,-0.4290732468571111,0.8301747117556014,-0.2952876564821656,0.6769146992462991,-2.0882617952134273,0.7058662888612499,-0.52893285225503,0.6693575521300718,-0.49845932114627367
12,2011-08-19 10:54:43.758667,1924,21228.0,11356390.0,1237129.0,242.6354910680873,11.033264033264032,5902.489604989605,-209.0,-6748.0,-7495967.0,-528463.0,15.206504522377031,3,1,0,2133.0,2046.4,243.17545106363,27976.0,38604.2,15575.38895822521,18852357.0,27831068.0,12919747.856377454,1765592.0,2280200.2,1086734.9284853505,227.42898654571027,317.45562652916914,71.8012945429567,13.115799343647446,19.430205199583337,9.474075118644597,8838.423347398031,14112.220806634854,7786.248569776076,0.9401876465984459,-0.5033402815297717,0.5498883541168954,-1.1156190093617329,0.40804722262185555,-1.2751547617756145,0.5425527986533811,-0.9598211787061929,0.7643130906833325,-1.0420443800672285,0.5678408395261204,-0.8863072184120808,0.4182537735105543,-1.0543885323044981
12,2011-08-19 10:55:13.753483,1847,32367.0,19008903.0,1856823.0,209.1551908316188,17.52409312398484,10291.772062804548,-77.0,11139.0,7652513.0,619694.0,-33.48030023646848,0,0,1,1924.0,1948.4,130.7375233052849,21228.0,36440.6,17362.945308904356,11356390.0,26005887.4,14734599.06800535,1237129.0,2189559.2,1164361.1616592852,242.6354910680873,311.9074847673931,77.21621342640499,11.033264033264032,18.98184557872993,9.882435181967052,5902.489604989605,13595.759904103363,8320.167713235685,0.9479572982955512,-0.775599823490962,0.888212598036232,-0.23461457301893776,0.730946139526852,-0.47486764775250806,0.8480350748223656,-0.2857671751313232,0.6705680403499358,-1.3307087899664636,0.9232028071442233,-0.14750943747727394,0.7569839520112157,-0.39710591843508736
12,2011-08-19 10:55:43.769567,2130,205160.0,42835808.0,20566920.0,195.1621550741784,96.31924882629109,20110.707981220658,283.0,172793.0,23826905.0,18710097.0,-13.993035757440424,0,0,1,1847.0,1949.8,129.3162789442996,32367.0,29685.2,5291.799760006402,19008903.0,19723010.6,5563481.864519027,1856823.0,2007925.8,1122228.4718748496,209.1551908316188,271.01829687012986,62.662154433247565,17.52409312398484,15.297098986135595,3.0431834014207033,10291.772062804548,10173.322251446883,3105.853442922858,1.0924197353569123,1.393482719033573,6.91118806678052,10.0,2.1718696434711644,4.154376335330813,10.0,10.0,0.7201069349460885,-1.210557512438366,6.296569624560363,10.0,1.9768083114007784,3.199566854132916
12,2011-08-19 10:56:13.748769,2668,30973.0,13870504.0,1897938.0,167.56025536506746,11.609070464767616,5198.839580209895,538.0,-174187.0,-28965304.0,-18668982.0,-27.60189970911094,6,1,0,2130.0,1971.0,151.33571951129022,205160.0,63814.2,79145.66924475403,42835808.0,23596439.8,11926478.443293625,20566920.0,5331854.0,8521594.165117426,195.1621550741784,240.37743259474814,51.921293654030954,96.31924882629109,31.150375628864168,36.544212974074846,20110.707981220658,11876.42610065544,5495.7351572485,1.3536276002022558,4.605654251661291,0.48536219211397336,-0.4149462669705883,0.5878218967591882,-0.8154909973001282,0.3559621099902585,-0.40296638556861863,0.6970714910948397,-1.402453061233096,0.37267834592780597,-0.5347304969305207,0.4377444473739909,-1.215048820472553
12,2011-08-19 10:56:43.810546,2044,26074.0,16518598.0,2812058.0,237.76985610420743,12.756360078277886,8081.505870841487,-624.0,-4899.0,2648094.0,914120.0,70.20960073913997,1,1,0,2668.0,2140.4,320.71685331457076,30973.0,63540.8,79283.81495425156,13870504.0,21184792.4,12540310.349249301,1897938.0,5464880.4,8446469.276169786,167.56025536506746,208.38841577693248,29.059706209711084,11.609070464767616,29.920295158391003,37.20517049807087,5198.839580209895,10068.446515324547,5989.117533655045,0.9549616894034035,-0.30057665820619317,0.41035051494472197,-0.47256555479348045,0.7797384882563211,-0.3720956076879971,0.5145689922143583,-0.31407471136898196,1.140993635450375,1.0110714855212573,0.42634472722686634,-0.46133198289043603,0.8026566817969717,-0.33175849919748296
12,2011-08-19 10:57:13.751388,2236,46479.0,30749450.0,4646551.0,137.2144965214669,20.78667262969589,13751.99016100179,192.0,20405.0,14230852.0,1834493.0,-100.55535958274052,0,0,1,2044.0,2122.6,323.68626785824557,26074.0,63160.4,79501.37709058884,16518598.0,20718040.6,12691349.058427148,2812058.0,5674173.6,8344235.8358158935,237.76985610420743,210.4565896886319,31.053200655641326,12.756360078277886,29.84840730531709,37.24608232986255,8081.505870841487,9917.063020013238,6037.352620261981,1.0534250447559346,0.3503392366626807,0.7358883097637011,-0.20982529624602553,1.48418716777686,0.7904131667814359,0.8188947550000937,-0.12315359012135582,0.6519847951723545,-2.3586004540082977,0.6964081003175208,-0.24329363274033622,1.386699886170739,0.6352001253194162
12,2011-08-19 10:57:43.788078,2460,25471.0,11688685.0,3534178.0,151.11276788577234,10.354065040650406,4751.497967479675,224.0,-21008.0,-19060765.0,-1112373.0,13.89827136430543,3,1,0,2236.0,2185.0,305.3850029061675,46479.0,68210.6,76932.26919375252,30749450.0,24596652.6,12062875.70453835,4646551.0,6356058.0,8024165.042010313,137.2144965214669,189.3723907793078,38.611560390372055,20.78667262969589,31.79908902460346,36.25659325841743,13751.99016100179,11486.963131215674,5745.9864540791195,1.1258581235692788,0.900502635630722,0.37341703488899997,-0.5555484122320705,0.4752144606864106,-1.0700572497106726,0.5560330003281908,-0.3516727267231068,0.7979662043823447,-0.9908851780588689,0.32560885729505307,-0.5914792884845254,0.4136426584818686,-1.1722034532387853
12,2011-08-19 10:58:13.772620,2186,33176.0,23089745.0,2369321.0,170.19622419213175,15.17657822506862,10562.554894784997,-274.0,7705.0,11401060.0,-1164857.0,19.08345630635941,6,1,0,2460.0,2307.6,254.59143740510976,25471.0,66831.4,77792.50439020462,11688685.0,23132609.0,13292172.929109553,3534178.0,6691529.0,7821542.13815363,151.11276788577234,177.7639061901385,39.88127811667509,10.354065040650406,30.365083407936574,37.094453439806074,4751.497967479675,10378.908312150703,6516.604238279913,0.9473045588486102,-0.4776280036709582,0.4964133625810548,-0.43263037054553727,0.9981470313184302,-0.003224754916190476,0.3540776704397455,-0.5526030447264597,0.9574284669978523,-0.18975525246902272,0.49980360734336365,-0.40945488540773883,1.0176942099409703,0.028181331245418682
12,2011-08-19 10:58:43.753859,2406,137325.0,90828155.0,5778979.0,161.59394971903575,57.07605985037407,37750.68786367415,220.0,104149.0,67738410.0,3409658.0,-8.602274473096003,0,0,1,2186.0,2318.8,245.90892623083028,33176.0,32434.6,8498.236246422184,23089745.0,19183396.4,7754544.319273578,2369321.0,3052009.2,1075938.008794447,170.19622419213175,172.7707200137292,38.70392933058896,15.17657822506862,14.13654928769208,4.1202566422004185,10562.554894784997,8469.27769486357,3773.4890681395736,1.037605658098569,0.354602825266262,4.233904534046844,10.0,4.734727527185958,9.239067526112411,1.8934998623202046,2.534504569696796,0.9353086547608264,-0.2887761136327654,4.0374817563172645,10.0,4.457368057085276,7.759770769188767
12,2011-08-19 10:59:13.796531,2093,35321.0,16785723.0,2348589.0,193.98366591208796,16.875776397515526,8019.934543717152,-313.0,-102004.0,-74042432.0,-3430390.0,32.38971619305218,2,1,0,2406.0,2266.4,168.68550619421913,137325.0,53705.0,47504.18464198711,90828155.0,34574926.6,32252055.865126833,5778979.0,3828217.4,1389474.5861098573,161.59394971903575,171.57745888452285,38.99560383640032,57.07605985037407,23.229947164813375,19.312366844813273,37750.68786367415,14979.64735155642,13150.451795165372,0.9234909989406443,-1.0279484225474884,0.6576855041429912,-0.38699748534891615,0.485488319156692,-0.5515680511776282,0.6134941552692382,-1.06488338454793,1.1305894560515355,0.5745828971130207,0.7264664132491425,-0.32902081956232976,0.5353887415035393,-0.5292375437927846
12,2011-08-19 10:59:43.768481,1945,38485.0,26527494.0,2282703.0,202.00515556915167,19.786632390745503,13638.81439588689,-148.0,3164.0,9741771.0,-65886.0,8.02148965706374,1,1,0,2093.0,2276.2,153.25207992063247,35321.0,55554.4,46324.907250851604,16785723.0,34628351.6,32214868.155740596,2348589.0,3735523.6,1486297.2511300219,193.98366591208796,162.82022084609895,21.32948105104443,16.875776397515526,24.0538304286609,18.83584079695589,8019.934543717152,14967.333086131554,13158.552522426717,0.8544943326593206,-2.16114522014555,0.6927444090836965,-0.3684713259665694,0.766062858158111,-0.2514633169019024,0.6110797961495945,-0.9774764764554529,1.2406638101716523,1.8371255553494512,0.8225979828288182,-0.2265467246027309,0.9112387836496699,-0.1009623731774683
12,2011-08-19 11:00:13.762936,2223,19057.0,10214683.0,1481954.0,164.7256197440396,8.572649572649572,4594.99910031489,278.0,-19428.0,-16312811.0,-800749.0,-37.27953582511208,1,1,0,1945.0,2218.0,215.1081123528351,38485.0,53955.6,46851.3843210636,26527494.0,33783960.4,32396774.35681987,2282703.0,3262754.0,1499956.6138458336,202.00515556915167,175.7783526556359,21.56401596828381,19.786632390745503,23.853822380870824,18.88445284505629,13638.81439588689,14944.697933108575,13161.262854260553,1.0022542831375103,0.02324412568771657,0.3531978144993226,-0.7448787374316586,0.3023530361467035,-0.7275192628873068,0.4542034122094401,-1.1872343396880616,0.9371211941314149,-0.512554476278446,0.3593826362673382,-0.8091933048201857,0.3074668434839886,-0.7863758172296136
12,2011-08-19 11:00:43.749144,2212,120863.0,93602023.0,80307803.0,178.30493318218805,54.63969258589512,42315.56193490054,-11.0,101806.0,83387340.0,78825849.0,13.57931343814846,27,1,0,2223.0,2170.6,169.78898668641594,19057.0,52672.8,47902.29852731499,10214683.0,33489160.0,32653786.383373335,1481954.0,2852309.2,1677403.6750785601,164.7256197440396,178.50092302728933,18.280707209749306,8.572649572649572,23.497539287270655,19.216700698640867,4594.99910031489,14913.398159675617,13191.715219095884,1.019073067354179,0.24383206948645092,2.2945998693822562,1.4235266802722413,2.794994649014786,1.840915546339468,10.0,10.0,0.9989020233465672,-0.010721130361194986,2.3253367901876345,1.6205775270885323,2.8374191771607684,2.077225237212246
12,2011-08-19 11:01:13.752497,2700,47099.0,20695820.0,3206529.0,133.33978563444444,17.444074074074074,7665.118518518519,488.0,-73764.0,-72906203.0,-77101274.0,-44.96514754774361,5,1,0,2212.0,2175.8,170.7738270344725,120863.0,70210.2,54567.61170511317,93602023.0,47591615.6,41158508.405457914,80307803.0,18440005.6,34624751.18778582,178.30493318218805,180.1226648253006,17.7105701583401,54.63969258589512,31.390162159435953,22.72803435753846,42315.56193490054,21263.999567698724,17509.879018125535,1.2409228789405087,3.0695570222895747,0.6708284551247444,-0.4235332879308327,0.43486273241793455,-0.6534686664309105,0.17388980619398509,-0.4399591643960677,0.7402721126907004,-2.6415230435810715,0.5557178706155435,-0.6136073126852969,0.3604739782896689,-0.7766404916391715
12,2011-08-19 11:01:43.760082,2080,36959.0,26385897.0,3273834.0,191.53167133125,17.76875,12685.527403846154,-620.0,-10140.0,5690077.0,67305.0,58.19188569680557,0,0,1,2700.0,2234.6,283.3554305108691,47099.0,52165.0,39724.30603547409,20695820.0,33565148.6,34082135.554449126,3206529.0,17925515.6,34878099.48313068,133.33978563444444,174.47183200838234,27.11236860552429,17.444074074074074,23.463765004175958,17.936299481850703,7665.118518518519,15246.8856986676,15479.614265011971,0.930815358452998,-0.5456045071051641,0.7085018690692858,-0.3827883106735849,0.7861099414289499,-0.21064559139877057,0.1826354160769579,-0.4200825680621305,1.097779905933184,0.6292271830046754,0.7572846896514829,-0.31751337613542235,0.8320077722464916,-0.16546654528792937
12,2011-08-19 11:02:13.757110,2132,21970.0,10356919.0,1913762.0,136.8918116228893,10.304878048780488,4857.841932457786,52.0,-14989.0,-16028978.0,-1360072.0,-54.63985970836072,0,0,1,2080.0,2232.0,285.0342084732988,36959.0,52492.6,39557.07095830028,26385897.0,35485183.4,33158436.775998246,3273834.0,18110564.6,34777101.69768546,191.53167133125,173.98143309221473,26.6901017493314,17.76875,23.64235972467285,17.858579717154903,12685.527403846154,16180.004270693398,15070.268852490326,0.9551971326160595,-0.350835082340711,0.41853518400688067,-0.7716092031226254,0.2918660130131947,-0.7578241570841816,0.10567102916272417,-0.46573181229412103,0.7868185080964716,-1.3896395681168547,0.4358650392071731,-0.7468388800445074,0.30023737022470526,-0.7512913305699852
12,2011-08-19 11:02:43.828103,2743,36725.0,22395539.0,2178481.0,131.59427238680277,13.388625592417062,8164.615020051039,611.0,14755.0,12038620.0,264719.0,-5.297539236086521,2,1,0,2132.0,2269.4,247.7979015246093,21970.0,49189.6,41653.07509416326,10356919.0,32251068.4,34988639.90967212,1913762.0,18036776.4,34819445.70964242,136.8918116228893,160.95876430296227,25.45489939510322,10.304878048780488,21.746008856279847,18.84646206292311,4857.841932457786,14423.80977800758,15927.68526574252,1.208689521458884,1.9112349099173245,0.7466009075088892,-0.299248014025892,0.6944123128646492,-0.2816779796369157,0.12077995267491369,-0.45544364870829696,0.8175651258001324,-1.1535889990849768,0.6156819708980755,-0.44344573721669106,0.5660512129395459,-0.39297579362762197
12,2011-08-19 11:03:13.763078,2070,25428.0,14766611.0,1893494.0,120.14935497149756,12.284057971014493,7133.628502415459,-673.0,-11297.0,-7628928.0,-284987.0,-11.444917415305198,2,1,0,2743.0,2373.4,321.589489878012,36725.0,52723.2,39130.792493891604,22395539.0,34687239.6,33461448.782864984,2178481.0,18176081.8,34737953.15081445,131.59427238680277,154.3324948315149,28.37408396273953,13.388625592417062,22.709204060233347,18.113712101303886,8164.615020051039,15137.732961954807,15449.823622095351,0.8721665121762567,-0.9434387924622315,0.4822924253459487,-0.6975376234524291,0.4257072966970828,-0.5953307260922008,0.10417503732845217,-0.4687261718993436,0.7785097694551387,-1.2047310462498617,0.5409286004869049,-0.5755389083330346,0.47124814001830484,-0.5180709278837249
12,2011-08-19 11:03:43.750377,2155,24591.0,13733401.0,1587227.0,128.52768006960557,11.411136890951276,6372.8078886310905,85.0,-837.0,-1033210.0,-306267.0,8.378325098107993,0,0,1,2070.0,2345.0,344.8361929960368,25428.0,33636.2,10066.074691755623,14766611.0,18920157.2,6355106.653343033,1893494.0,2493220.0,691496.8245409735,120.14935497149756,142.7013791893768,28.007809436419418,12.284057971014493,14.238077137257221,3.269322602771342,7133.628502415459,8101.34627545779,2857.7006632256875,0.9189765458418256,-0.5509862475532917,0.7310873404248778,-0.8985826428853496,0.7258608295284144,-0.816155649767351,0.6366173061342358,-1.3101911214146371,0.9006758084526835,-0.5060623948988557,0.8014521048133632,-0.8646868446218539,0.786635661770943,-0.6048703452638641
12,2011-08-19 11:04:13.827618,2201,415203.0,382999895.0,347878282.0,127.61097925670153,188.64288959563837,174011.76510676966,46.0,390612.0,369266494.0,346291055.0,-0.916700812904054,8,1,0,2155.0,2236.0,285.6212527106482,24591.0,29134.6,7151.050363408365,13733401.0,17527673.4,6625781.616799673,1587227.0,2169359.6,651969.5595900548,128.52768006960557,141.73895807640903,28.488473978803093,11.411136890951276,13.031489700632662,2.8804422277737767,6372.8078886310905,7842.8841494803055,2963.500854917533,0.9843470483000964,-0.12253990089223017,10.0,10.0,10.0,10.0,10.0,10.0,0.9003239545969312,-0.4959191155596309,10.0,10.0,10.0,10.0
12,2011-08-19 11:04:43.770946,1933,40563.0,28705055.0,2670347.0,128.61813590170718,20.98448008277289,14850.00258665287,-268.0,-374640.0,-354294840.0,-345207935.0,1.007156645005665,8,1,0,2201.0,2260.2,273.98850340844587,415203.0,104783.4,173622.02741962209,382999895.0,88850473.0,164493443.52444354,347878282.0,71090249.2,154729355.89620554,127.61097925670153,128.95481966149933,6.113246186708792,188.64288959563837,47.206317619760334,79.07356639727954,174011.76510676966,40108.131690065005,74864.11717221582,0.855234050083685,-1.1942106910633226,0.3871128442100525,-0.3698862463158962,0.3230714933841714,-0.3656402146573244,0.037562774502132426,-0.44219082929484277,0.9973891339488256,-0.05507446444232582,0.4445269434348839,-0.3316131892282776,0.3702491729459172,-0.3373863214777319
12,2011-08-19 11:05:13.848980,2339,35545.0,24718133.0,1919262.0,106.61893310731082,15.19666524155622,10567.820863616931,406.0,-5018.0,-3986922.0,-751085.0,-21.999202794396357,1,1,0,1933.0,2220.4,309.42818229760513,40563.0,108502.0,171592.1722049115,28705055.0,92520100.2,162497134.06551674,2670347.0,71241566.2,154645139.3156053,128.61813590170718,127.30008451726292,4.269481476957307,20.98448008277289,49.34223802655881,77.96405157607013,14850.00258665287,42106.56382090402,73813.89717187839,1.0534137993149641,0.38328764729499737,0.32759764796961965,-0.42517673774113646,0.2671650046483629,-0.41725023391897564,0.02694019941408868,-0.44826694525797267,0.8375401596219277,-4.843949204774813,0.30798492020302204,-0.4379656020217026,0.2509779926133567,-0.42727378130228694
12,2011-08-19 11:05:43.756706,2132,212503.0,190818252.0,7522810.0,102.6732212326454,99.67307692307692,89501.99437148217,-207.0,176958.0,166100119.0,5603548.0,-3.94571187466542,3,1,0,2339.0,2139.6,151.0754778248276,35545.0,108266.0,171716.33723091116,24718133.0,92984619.0,162249690.37115732,1919262.0,71189722.4,154674121.25104252,106.61893310731082,122.30501666136452,9.452914207873318,15.19666524155622,49.703845956386644,77.75952907023898,10567.820863616931,42587.204989617196,73544.96414110102,0.9964479341928415,-0.05030598022507546,1.962786100899618,0.6070301852515603,2.0521485601828404,0.6029819396030824,0.1056726974960082,-0.4116196806876696,0.8394849535574269,-2.076798222741832,2.0053393254222454,0.6426123147030793,2.101617008988985,0.6379062105714691
12,2011-08-19 11:06:13.766309,1927,182270.0,173318442.0,5066936.0,81.92123806227296,94.58744161909704,89942.10793980281,-205.0,-30233.0,-17499810.0,-2455874.0,-20.75198317037244,2,1,0,2132.0,2152.0,146.40696704733685,212503.0,145681.0,169521.24401384036,190818252.0,128194947.2,160120560.05778718,7522810.0,72315585.6,154062897.67777276,102.6732212326454,118.80978991359409,13.010647682071113,99.67307692307692,67.18164974679914,77.06408506683387,89501.99437148217,59060.878163430534,72839.85660317795,0.895446096653859,-1.5368121103534327,1.2511583528394146,0.21583725516438826,1.3519912117097856,0.281809498940767,0.07006699811610183,-0.43650126418271445,0.689515890240709,-2.8352586858007767,1.4079356784803532,0.35562339899545403,1.5228711583142676,0.4239606064109759
12,2011-08-19 11:06:43.777826,2461,51955.0,41445717.0,2766401.0,98.29923152824055,21.11133685493702,16841.006501422187,534.0,-130315.0,-131872725.0,-2300535.0,16.37799346596759,1,1,0,1927.0,2106.4,177.4536559217645,182270.0,177216.8,155445.52269267844,173318442.0,160111955.4,146965627.08262286,5066936.0,73011527.4,153670885.54058963,81.92123806227296,109.48850151212757,19.422947727589435,94.58744161909704,83.81691069242828,70.7328788807765,89942.10793980281,75774.73817366488,67088.43205221079,1.1683440941885832,1.9982682135009784,0.29317197918030186,-0.805824431802043,0.25885460518209374,-0.807442126132574,0.03788992092774654,-0.45711408607355175,0.8978041544979457,-0.576085058779058,0.25187443297874096,-0.886512394643202,0.22225093622659284,-0.8784484876077789
12,2011-08-19 11:07:13.760509,1848,20522.0,11818125.0,2027634.0,80.27920263095238,11.104978354978355,6395.089285714285,-613.0,-31433.0,-29627592.0,-738767.0,-18.02002889728817,0,0,1,2461.0,2158.4,239.39047600103052,51955.0,104567.2,85610.31968869179,41445717.0,91801119.8,82864910.23071153,2766401.0,3989151.2,2300389.5572109115,98.29923152824055,103.62615196643537,16.837038381979852,21.11133685493702,50.31060014428802,42.844776588229244,16841.006501422187,44340.586452595395,41489.67539322508,0.8561897701997515,-1.2966263536623206,0.19625656993779889,-0.9817180955008218,0.12873617474108415,-0.9652215223224433,0.5082870762080914,-0.8526891429546501,0.7747002190738512,-1.3866422825931102,0.22072840162727464,-0.9150618794255907,0.14422653819771067,-0.9145768629724297
12,2011-08-19 11:07:43.749536,2128,31310.0,21281867.0,3799072.0,108.3283542650376,14.713345864661656,10000.87734962406,280.0,10788.0,9463742.0,1771438.0,28.04915163408521,4,1,0,1848.0,2141.4,261.40447586068603,20522.0,100559.0,89726.301938172,11818125.0,88423733.8,86350312.35198511,2027634.0,3860608.6,2407948.17570813,80.27920263095238,93.95836531228443,12.115008607166832,11.104978354978355,48.334699798729105,44.722024984137285,6395.089285714285,42649.60379240768,43131.895865018116,0.9937424115060269,-0.051261555318931416,0.31135950039280114,-0.7717803866219392,0.24068048345635457,-0.7775521011008418,0.9840603888205603,-0.02555561644589937,1.152939963395909,1.1861311384513786,0.30440544630721217,-0.7517851426727886,0.23448933777443773,-0.756950877952537
12,2011-08-19 11:08:13.756603,2450,145290.0,130358230.0,4446715.0,74.18405664285714,59.30204081632653,53207.44081632653,322.0,113980.0,109076363.0,647643.0,-34.144297622180446,1,1,0,2128.0,2099.2,237.46515533863064,31310.0,99712.0,90510.01850347842,21281867.0,87736480.6,86995360.35392492,3799072.0,4236570.6,2163393.206988298,108.3283542650376,94.30024954382978,12.57692247409712,14.713345864661656,48.238035923350196,44.81198908007384,10000.87734962406,42536.215089609104,43237.9347942843,1.167111280487249,1.4772693682080398,1.4570964377406785,0.5035685634982814,1.4857927866324743,0.48993129319312106,1.0496024780042612,0.09713647954573475,0.7866793248260757,-1.5994527230968953,1.229362673665395,0.24689832162904754,1.250873889560592,0.24680239186927658
12,2011-08-19 11:08:43.765720,1892,39890.0,24702317.0,2461139.0,119.89072687156448,21.083509513742072,13056.192917547569,-558.0,-105400.0,-105655913.0,-1985576.0,45.70667022870734,0,0,1,2450.0,2162.8,286.0589100168005,145290.0,86269.4,72835.91272030582,130358230.0,75644476.2,71993836.48504822,4446715.0,3621351.6,1232213.4410387722,74.18405664285714,88.60241662587214,14.185767319750775,59.30204081632653,40.16382870200012,35.99771559284127,53207.44081632653,35277.304378577974,35786.54681756283,0.8747919363783637,-0.946658155074244,0.46238874966094046,-0.6367655496828738,0.3265581076229331,-0.7075905617362084,0.6796189025114268,-0.9415678821210752,1.3531315672399271,2.2056128186963964,0.5249377411114992,-0.5300425005725207,0.37010177357756197,-0.6209347768118386
12,2011-08-19 11:09:13.791064,1622,34846.0,26367711.0,1649711.0,79.34979985265105,21.483353884093717,16256.295314426634,-270.0,-5044.0,1665394.0,-811428.0,-40.54092701891344,1,1,0,1892.0,2155.8,293.6004087190615,39890.0,57793.4,50251.37160118125,24702317.0,45921251.2,48399378.70003832,2461139.0,3100192.2,996461.6495053944,119.89072687156448,96.19631438773044,19.045522917109906,21.083509513742072,25.463042280929127,19.396555377169552,13056.192917547569,19900.121374126924,19012.86401963709,0.7523889043507039,-1.8181173600100853,0.6029408202320576,-0.4566522120454942,0.5741940890321385,-0.4040039505710539,0.5321318465351921,-1.4556317352704564,0.8248735968407019,-0.8845393538163485,0.8437072697845003,-0.2051750075848247,0.8168942796279316,-0.19165056121669197
12,2011-08-19 11:09:43.760941,2381,51814.0,36769609.0,2779976.0,62.953579901721966,21.76144477110458,15442.92692146157,759.0,16968.0,10401898.0,1130265.0,-16.39621995092908,1,1,0,1622.0,1988.0,314.56954715928873,34846.0,54371.6,51319.47502459476,26367711.0,42905650.0,49210874.583747566,1649711.0,2876854.2,1195284.810293769,79.34979985265105,92.40642805261253,20.36230814556559,21.483353884093717,25.537445686760467,19.376392480836834,16256.295314426634,19783.179136727813,19038.164959045756,1.1976861166995987,1.2493262731492158,0.9529607368552526,-0.049836830925768905,0.8569875762283056,-0.1246887207736498,0.9663249531380488,-0.08105030630832667,0.6812684055398986,-1.4464395656372693,0.8521386608972548,-0.19487636407011574,0.7806089615187647,-0.2279763950256033
12,2011-08-19 11:10:13.785915,2330,130922.0,118440202.0,4072608.0,71.55416071330471,56.18969957081545,50832.70472103005,-51.0,79108.0,81670593.0,1292632.0,8.600580811582745,0,0,1,2381.0,2094.6,344.18280026753223,51814.0,60630.0,47957.43454356171,36769609.0,47895946.8,46458428.15614013,2779976.0,3027322.6,1105647.9832467528,62.953579901721966,88.94130350676645,24.07726935950383,21.76144477110458,27.668738969985714,17.92364608988775,15442.92692146157,21592.746663877275,17839.780451900817,1.112384226104692,0.6839388831061298,2.1593600527791166,1.4657164351889889,2.4728648228747407,1.5184382683570536,1.3452837831025999,0.9454052427523106,0.8045099171169279,-0.7221393146011595,2.0308008843387366,1.5912476990565876,2.354156491173318,1.6390312726093912
12,2011-08-19 11:10:43.762084,1987,68965.0,59266531.0,4217192.0,72.86944933970811,34.7081026673377,29827.141922496223,-343.0,-61957.0,-59173671.0,144584.0,1.315288626403401,0,0,1,2330.0,2135.0,360.54958050176674,130922.0,80552.4,53142.3909586312,118440202.0,67327613.8,52473270.512434356,4072608.0,3082029.8,1158866.8920354967,71.55416071330471,81.58646479641988,22.21962158982917,56.18969957081545,35.96400971121647,19.915909195610492,50832.70472103005,29759.112138158474,20372.69713351513,0.9306791569082292,-0.4104844603996545,0.856150778871879,-0.21804438586551386,0.8802707782880017,-0.15362264866051753,1.368316425752924,0.9795449398042072,0.8931561077029601,-0.3923116071566937,0.9650787814003912,-0.06306049256804783,1.002286015255459,0.0033392625380872752
12,2011-08-19 11:11:13.780220,2019,31339.0,17521560.0,2618307.0,89.46692523625558,15.522040614165428,8678.335809806835,32.0,-37626.0,-41744971.0,-1598885.0,16.597475896547465,0,0,1,1987.0,2042.4,316.1444290193961,68965.0,65287.4,38970.067767454624,59266531.0,53109274.0,39035538.350008324,4217192.0,3036125.2,1094027.108613864,72.86944933970811,81.32354333579005,22.336581027034622,34.7081026673377,31.045222081418707,15.18646604921408,29827.141922496223,25083.052359392408,15819.607998896034,0.9885428907163197,-0.07401680324561542,0.48001605210192966,-0.8711403891463264,0.32991526112746333,-0.9116747329294207,0.8623843970597784,-0.3819084524599915,1.1001356011473928,0.3645760239781002,0.4999816259312814,-1.0221720718912386,0.34598404075638206,-1.036986286305535
12,2011-08-19 11:11:43.782268,2210,27727.0,16028756.0,2553254.0,59.542838821266976,12.546153846153846,7252.830769230769,191.0,-3612.0,-1492804.0,-65053.0,-29.9240864149886,0,0,1,2019.0,2067.8,305.9782672021004,31339.0,63577.2,40520.077562857725,17521560.0,51673122.6,40448456.53614987,2618307.0,3067558.8,1075477.0824550432,89.46692523625558,75.23878300872828,9.867331067909683,15.522040614165428,29.932928301503374,16.263936044019324,8678.335809806835,24207.480937844266,16745.71765722612,1.0687687397228605,0.4647388891368914,0.4361154627759569,-0.8847515147123213,0.310195227102455,-0.8812293385816509,0.832340687324396,-0.4782108409283544,0.7913849272863459,-1.5906980396063335,0.41914221419842096,-1.069038540684256,0.29961113210635254,-1.0124767726091577
12,2011-08-19 11:12:13.765463,2491,24412.0,12553129.0,2301949.0,40.95410602970694,9.800080289040546,5039.393416298675,281.0,-3315.0,-3475627.0,-251305.0,-18.588732791560037,0,0,1,2210.0,2185.4,178.06262943133223,27727.0,62153.4,41884.14287412368,16028756.0,49605331.6,42287967.439327806,2553254.0,3248267.4,824248.5778441549,59.542838821266976,71.27739080245148,11.623854276874805,12.546153846153846,28.1454882939154,17.839509324796623,7252.830769230769,22406.788028805087,18232.543529228475,1.1398371007590646,1.7162500687216615,0.39277014612232974,-0.9010904225359236,0.2530600763084104,-0.8761878341199595,0.7086697973202574,-1.1480983109186804,0.5745735859304745,-2.60871171023391,0.3481936495950213,-1.028358329247693,0.22490476590486994,-0.9525491923090104
12,2011-08-19 11:12:43.768242,1999,22768.0,13234950.0,1494409.0,47.45468773986994,11.389694847423712,6620.785392696348,-492.0,-1644.0,681821.0,-807540.0,6.500581710162997,4,1,0,2491.0,2207.4,211.85915132464763,24412.0,56673.0,45234.00783149781,12553129.0,44762035.6,45397993.13496085,2301949.0,3152662.0,914885.5923872732,40.95410602970694,66.87749602804845,17.985246414553625,9.800080289040546,25.753215397502593,19.622534921026688,5039.393416298675,20326.08132777251,19755.928897462556,0.9055902872153186,-0.9836724007247132,0.4017433345684823,-0.7495466713075594,0.2956735506461194,-0.6944598961957438,0.4740149752812067,-1.8125249908821996,0.7095763232411967,-1.0799300626418822,0.4422630211870926,-0.7319910810277394,0.32572856941439676,-0.6937307785530537
12,2011-08-19 11:13:13.757737,2089,20524.0,11487652.0,1848439.0,71.40983897367161,9.82479655337482,5499.115366203925,90.0,-2244.0,-1747298.0,354030.0,23.955151233801672,1,1,0,1999.0,2141.2,215.65296195508176,22768.0,35042.2,19246.034259036427,13234950.0,23720985.2,19973526.45012108,1494409.0,2637022.2,990220.043854401,47.45468773986994,62.057601433361505,19.577370380559408,11.389694847423712,16.793214452824248,10.23106270170246,6620.785392696348,11483.69746210577,10337.18058850371,0.9756211470199069,-0.24205556708574433,0.5856938205934393,-0.7543476128430269,0.48428224642204154,-0.6124773825268017,0.7009569354402854,-0.7963716801070433,1.150702529958429,0.47770652329892566,0.5850456194905235,-0.6811040164585025,0.4788627865153695,-0.5789375589081708
12,2011-08-19 11:13:43.757430,2016,21329.0,13137317.0,1466349.0,66.0703083531746,10.57986111111111,6516.52628968254,-73.0,805.0,1649665.0,-382090.0,-5.339530620497015,0,0,1,2089.0,2161.6,201.7989098087498,20524.0,25354.0,4253.087525551675,11487652.0,14165209.4,2518501.274455746,1848439.0,2163271.6,480851.2380384519,71.40983897367161,61.76567936015421,19.385793273984852,9.82479655337482,11.81655323003167,2.370570589292897,5499.115366203925,6618.092150847311,1448.439077402678,0.9326424870462007,-0.7215103398589586,0.8412479293207841,-0.9463713069194276,0.9274354249927289,-0.40813654153187984,0.6778386033450443,-1.4493517846454382,1.0696928947684767,0.22205070135432725,0.8953423984353696,-0.5216854220602468,0.984653302061871,-0.07012090653258805
12,2011-08-19 11:14:13.773664,2035,18800.0,9820732.0,1447817.0,64.64372961621622,9.238329238329236,4825.9125307125305,19.0,-2529.0,-3316585.0,-18532.0,-1.4265787369583762,5,1,0,2016.0,2161.0,202.33264689614464,21329.0,23352.0,2858.994316189376,13137317.0,13288360.8,1682152.6964717233,1466349.0,1932880.0,484281.45248327643,66.0703083531746,57.08635598353801,12.69770052815973,10.57986111111111,10.828117329420808,1.1610515352714432,6516.52628968254,6185.730246822452,897.6261267087426,0.9416936603419983,-0.6227368738177573,0.8050702295306267,-1.592168257985753,0.7390476634258756,-2.061423322194989,0.7490465005587513,-1.0016138291332757,1.1323849368441934,0.5951765530556512,0.8531796393057934,-1.3692657400867467,0.7801686038913148,-1.514904341180828
12,2011-08-19 11:14:43.780155,1985,17824.0,9285914.0,1378270.0,52.81134723929471,8.979345088161208,4678.042317380353,-50.0,-976.0,-534818.0,-69547.0,-11.832382376921515,0,0,1,2035.0,2126.0,206.8235963327201,18800.0,21566.6,2141.0982695810712,9820732.0,12046756.0,1425247.5243338798,1447817.0,1711792.6,368828.59256585833,64.64372961621622,58.106534142527856,13.141557800758939,9.238329238329236,10.166552407855885,0.8336064186332874,4825.9125307125305,5700.346599118804,829.961583784656,0.9336782690494198,-0.6817403937435144,0.8264631420807719,-1.7479814229780917,0.7708227841586563,-1.937096506300081,0.8051617935490545,-0.9042753374399658,0.908871059300257,-0.40293449095695544,0.883224197058137,-1.4241820740979207,0.8206592767714674,-1.2317489167094622
12,2011-08-19 11:15:13.792700,1888,27818.0,18631040.0,1558342.0,45.50994450264831,14.734110169491526,9868.13559322034,-97.0,9994.0,9345126.0,180072.0,-7.301402736646395,2,1,0,1985.0,2024.8,40.47468344533343,17824.0,20249.0,1972.790662995692,9285914.0,11393313.0,1827308.0053092674,1378270.0,1527056.8,184698.6004400465,52.81134723929471,60.47798238444541,9.956361610510136,8.979345088161208,10.002405367680018,0.9899541399506131,4678.042317380353,5628.076379335139,913.4381387751855,0.9324377716313056,-3.3798905476651124,1.3737962368511347,3.836696990699764,1.6352609640409244,3.9608686543104312,1.0204872536502891,0.16938514924023487,0.7525043446819863,-1.5033642273994121,1.4730566925059483,4.779721207355972,1.7533762742545327,4.64186794254725
12,2011-08-19 11:15:43.794329,1987,29681.0,16733231.0,6095987.0,51.05863022395571,14.937594363361852,8421.354302969301,99.0,1863.0,-1897809.0,4537645.0,5.5486857213074,0,0,1,1888.0,2002.6,74.39287600301486,27818.0,21259.0,3918.274875503637,18631040.0,12472531.0,3759179.631721842,1558342.0,1539843.4,184085.3682496573,45.50994450264831,60.08903373700109,10.608912473207395,14.734110169491526,10.67128843209358,2.353055049207531,9868.13559322034,6277.546419439937,2134.306164808048,0.992210126834619,-0.20969749844270036,1.3961616256643588,2.149415308418179,1.3416066875279762,1.133412184947502,3.9588356842000927,10.0,0.8497162801216018,-0.8512091635217351,1.39979295443254,1.8130922737621458,1.341504106905399,1.0044519005178274
12,2011-08-19 11:16:13.751099,2018,21060.0,11466053.0,1444276.0,42.33233639197225,10.43607532210109,5681.889494549058,31.0,-8621.0,-5267178.0,-4651711.0,-8.726293831983462,3,1,0,1987.0,1982.2,56.64538816179074,29681.0,23090.4,5362.6309121552595,16733231.0,13521646.8,4129348.7395266215,6095987.0,2389353.0,2073067.181028828,51.05863022395571,56.01879198705791,8.954737745233032,14.937594363361852,11.693847994090987,2.9327525367682132,8421.354302969301,6861.994206793012,2264.0181357864813,1.0180607405907487,0.6320020245446263,0.9120673526660035,-0.37862012755668056,0.8479775555149095,-0.4978009680615274,0.6044632166113586,-0.4558834410426458,0.7556809936386465,-1.5284038441933276,0.892441506549606,-0.42887105399865966,0.8280230678311356,-0.5212434889941747
12,2011-08-19 11:16:43.749822,2290,18777.0,8952080.0,1251389.0,37.68346249388647,8.199563318777292,3909.205240174672,272.0,-2283.0,-2513973.0,-192887.0,-4.648873898085782,3,1,0,2018.0,1982.6,56.949978050917146,21060.0,23036.6,5386.01808389121,11466053.0,13187394.0,4234537.042417139,1444276.0,2384938.4,2075546.1243177932,42.33233639197225,51.271197594817444,8.578128223502349,10.43607532210109,11.665090836288982,2.9470765266620864,5681.889494549058,6695.066847766316,2325.7841586672603,1.1550489256526002,5.397719376112242,0.8150942413376621,-0.7908625507105232,0.6788361673276766,-1.0001834811161356,0.5247049567401822,-0.5461451262002589,0.7349830755067165,-1.5839976677102245,0.7029146564865418,-1.1759204367390115,0.5838933843473604,-1.1978160558058075
12,2011-08-19 11:17:13.749226,1782,24066.0,12896906.0,1659048.0,42.30994444893378,13.505050505050503,7237.320987654321,-508.0,5289.0,3944826.0,407659.0,4.626481955047318,3,1,0,2290.0,2033.6,151.42423848248322,18777.0,23032.0,5390.548905260312,8952080.0,13013663.6,4420909.8682099,1251389.0,2345652.8,2099439.6745767696,37.68346249388647,45.879144170351495,6.220286712115125,8.199563318777292,11.457337652378595,3.1877085190691665,3909.205240174672,6511.7253896587445,2536.5480675131075,0.8762785208492938,-1.661556977401894,1.0448940604376065,0.19181720046928613,0.9910280760599958,-0.026410309977044768,0.7072862616325823,-0.32704192852715025,0.9222043090192069,-0.5737998722618783,1.1787250156730844,0.6423776953820978,1.1114290843939427,0.2860563169641336
12,2011-08-19 11:17:43.770286,2002,31253.0,20442220.0,1716700.0,42.8635357952048,15.610889110889111,10210.899100899102,220.0,7187.0,7545314.0,57652.0,0.5535913462710127,24,1,0,1782.0,1993.0,190.0105260242178,24066.0,24280.4,4538.321528935914,12896906.0,13735862.0,3927067.5721009565,1659048.0,2401808.4,2070653.1096092872,42.30994444893378,43.7788636122793,4.934463554250131,13.505050505050503,12.36247873575645,2.941182639890553,7237.320987654321,7023.581123713538,2323.2745368909414,1.0045158053181111,0.047365796981192185,1.287169898354175,1.5363829899538441,1.4882371415787372,1.7077266629288324,0.7147531002056614,-0.3308658494368828,0.9790920151294914,-0.18549692521299954,1.2627636773581985,1.1044572105012436,1.4538024009465556,1.3719075927417228
12,2011-08-19 11:18:13.748776,2093,15460.0,6321328.0,1272619.0,39.78256602484472,7.3865265169612995,3020.223602484472,91.0,-15793.0,-14120892.0,-444081.0,-3.0809697703600776,42,1,0,2002.0,2015.8,180.88172931504153,31253.0,24967.4,5388.138389091659,20442220.0,14098098.0,4528902.577815834,1716700.0,2433480.0,2055683.5664765653,42.8635357952048,43.24958187079061,4.84345461492197,15.610889110889111,12.537834524035969,3.1375152322398367,10210.899100899102,7092.133825249291,2430.7625700756457,1.0382974501433484,0.4267982194327327,0.6192074465102245,-1.7645055329770418,0.4483816185701078,-1.717142258279824,0.522962588556306,-0.5647080216678053,0.9198370088935534,-0.715814665538252,0.589138938004935,-1.6418431861302438,0.42585541628268475,-1.6751575299419001
12,2011-08-19 11:18:43.756166,1820,23335.0,10608288.0,2028590.0,52.095616463186815,12.821428571428571,5828.729670329671,-273.0,7875.0,4286960.0,755971.0,12.313050438342096,2,1,0,2093.0,2037.0,182.86333694866215,15460.0,22123.2,5996.94511397287,6321328.0,12015717.4,5336115.514264955,1272619.0,1468806.4,214478.82501219443,39.78256602484472,40.9943690309684,2.204838336291109,7.3865265169612995,11.027620954755859,3.4910388533811805,3020.223602484472,6011.907685152325,2855.4163401966307,0.8934707903775683,-1.1866785525178012,1.0547750777463905,0.20206954990738626,0.8828676346865479,-0.2637554221301133,1.381114624772876,2.6099714037885575,1.2707993242330768,5.034948478743137,1.1626649685249142,0.5138320401165175,0.9695308004685399,-0.06415107045649819
12,2011-08-19 11:19:13.789405,1797,36642.0,25303183.0,2223107.0,81.40909408903728,20.390651085141904,14080.791875347802,-23.0,13307.0,14694895.0,194517.0,29.313477625850467,0,0,1,1820.0,1997.4,207.75177496233323,23335.0,22578.2,5982.397989101286,10608288.0,11844164.4,5371873.2656920655,2028590.0,1585669.2,327290.4038083175,52.095616463186815,42.94702504521132,5.518796487893447,12.821428571428571,11.504691604621355,3.552437424099581,5828.729670329671,6041.2757203084475,2851.926527585707,0.8996695704411236,-0.9646126972218135,1.6228928789716794,2.350863320297151,2.1363417583092645,2.505460932214687,1.4019992316177918,1.9476214168910466,1.8955700424287945,6.969285626174241,1.7723770253153717,2.501369740600416,2.3307646476076664,2.8189773043846165
12,2011-08-19 11:19:43.769609,2086,44615.0,34592634.0,2255200.0,61.53314600287632,21.387823585810164,16583.237775647172,289.0,7973.0,9289451.0,32093.0,-19.87594808616096,0,0,1,1797.0,1898.8,140.15955193992295,36642.0,26151.2,8103.48762570804,25303183.0,15114385.0,7660571.211824379,2223107.0,1780012.8,365449.2290838928,81.40909408903728,51.692151364241475,17.25592616625137,20.390651085141904,13.942909157894277,4.711452146809433,14080.791875347802,8075.5930473430735,4240.571901716164,1.098588582261903,1.335620708026411,1.7060402581907634,2.278500425103623,2.2887225646296554,2.5426627416418492,1.2669571814315037,1.3002823981629317,1.1903769600940246,0.5702965197725102,1.53395703450931,1.5801740513012243,2.053500922895207,2.0062493751984345
12,2011-08-19 11:20:13.752124,2261,27411.0,16506311.0,1852411.0,42.31186226846528,12.123396727111896,7300.447147279965,175.0,-17204.0,-18086323.0,-402789.0,-19.22128373441104,5,1,0,2086.0,1959.6,142.73857222208704,44615.0,30261.0,11344.35562295204,34592634.0,19453530.6,11347702.999575438,2255200.0,1899243.2,410579.9273393812,61.53314600287632,55.53679167502999,16.777820364246942,21.387823585810164,15.51946377404621,5.735820204584355,16583.237775647172,9944.776404941644,5615.55622511838,1.153806899366629,2.1115525768951935,0.9058193714681965,-0.251226256891453,0.848499500651054,-0.2597194868521205,0.9753416518748095,-0.11406354008458094,0.7618708425810513,-0.788238824749752,0.7811736863360665,-0.592080456710956,0.7340986715047285,-0.4708935591870889
12,2011-08-19 11:20:43.753895,1619,23657.0,14741303.0,1090382.0,34.890235646695494,14.612106238418775,9105.190240889438,-642.0,-3754.0,-1765008.0,-762029.0,-7.421626621769789,1,1,0,2261.0,2011.4,198.1951058931576,27411.0,29492.6,11390.389163676697,16506311.0,18666348.8,11398374.600968212,1852411.0,1926385.4,399840.9830552785,42.31186226846528,55.42645696968208,16.883479345034548,12.123396727111896,14.821965297290769,5.930660288849533,7300.447147279965,9362.686014217816,5730.7372276309525,0.8049120015905314,-1.9798672536826112,0.8021334165180146,-0.5123266568107157,0.7897261086217353,-0.344351360383137,0.5660248463261814,-2.090839697351433,0.6294870275606963,-1.2163500722858978,0.9858413472404909,-0.03538544590577412,0.9724976600797756,-0.04493239928831622
12,2011-08-19 11:21:13.750675,2001,30301.0,18028742.0,1762006.0,42.534922699650174,15.142928535732134,9009.866066966517,382.0,6644.0,3287439.0,671624.0,7.64468705295468,2,1,0,1619.0,1916.6,254.71022751354124,23657.0,31132.0,9255.620778748642,14741303.0,20350343.8,9598424.6670421,1090382.0,1889938.0,475484.0589155556,34.890235646695494,54.44799089405224,18.113707393875554,14.612106238418775,16.267081241582265,4.330341105308116,9105.190240889438,10579.67934189881,4577.1035469920835,1.0440363143060398,0.33135693381288256,0.9733072080174427,-0.08978328086949358,0.8859183008004021,-0.24187321154601893,0.9323088905561977,-0.2690563386957207,0.7812027955565094,-0.6576824906519315,0.9308940128787553,-0.2595991119989484,0.8516199570703246,-0.3429708895188921
12,2011-08-19 11:21:43.795492,1796,18194.0,8384844.0,1127965.0,36.20317143541203,10.130289532293986,4668.621380846325,-205.0,-12107.0,-9643898.0,-634041.0,-6.331751264238143,0,0,1,2001.0,1952.8,250.37412006834882,30301.0,32525.2,8259.212807526132,18028742.0,21834434.6,8185178.381528341,1762006.0,1836621.2,470974.83341470757,42.534922699650174,52.53585214134491,18.911185430170892,15.142928535732134,16.73138123444297,3.978716530464488,9009.866066966517,11215.906621226179,3926.4606422679817,0.9197050389180051,-0.6262628100562845,0.5593816486908441,-1.7351774719909252,0.3840192866729876,-1.6431640183129015,0.6141522269262706,-1.5046583165856875,0.6891136235369366,-0.8636518723470439,0.6054664220330153,-1.6591007803512083,0.41625002226841934,-1.6674776183663405
12,2011-08-19 11:22:13.751301,1766,19841.0,10153484.0,1353854.0,46.0529517180068,11.234994337485844,5749.424688561721,-30.0,1647.0,1768640.0,225889.0,9.849780282594764,4,1,0,1796.0,1952.6,250.53003811918433,18194.0,28835.6,9914.987332316843,8384844.0,18450766.8,9741686.372121062,1127965.0,1617592.8,500056.07460665004,36.20317143541203,43.49466761061986,10.664298000526264,10.130289532293986,14.67930892387339,4.255875142085281,4668.621380846325,9333.472522325883,4433.112859978338,0.904435112157685,-0.744820866192836,0.6880730763361717,-0.9071721121299018,0.5503014649775965,-0.8517296167268653,0.836956000298715,-0.5274184504357027,1.0588183390486123,0.23989240614063925,0.7653626199288361,-0.8093081847064248,0.6160006015776387,-0.808472048189828
12,2011-08-19 11:22:43.770046,1798,108176.0,55293774.0,5886284.0,51.45101391601779,60.16462736373749,30752.93325917686,32.0,88335.0,45140290.0,4532430.0,5.398062198010997,0,0,1,1766.0,1888.6,248.79971864935848,19841.0,23880.8,5059.4230105816605,10153484.0,13562936.8,4136194.7520431243,1353854.0,1437323.6,353820.08203126566,46.0529517180068,40.39862875364596,4.694141008290698,11.234994337485844,12.648743074208527,2.1617723371999125,5749.424688561721,7166.709904908794,1963.5401678148673,0.952027957216482,-0.36414832175642964,4.529831496432091,10.0,4.076828994735122,10.0,4.0953088086774585,10.0,1.2735831760156162,2.3545064241778904,4.75656964537922,10.0,4.291081077260925,10.0
12,2011-08-19 11:23:13.753405,2010,15854.0,6962752.0,1453068.0,39.48844758159204,7.8875621890547265,3464.0557213930347,212.0,-92322.0,-48331022.0,-4433216.0,-11.962566334425752,1,1,0,1798.0,1796.0,136.2516054951278,108176.0,40033.8,38376.46554465385,55293774.0,21320429.4,19367100.277556535,5886284.0,2244098.2,2053489.6771653155,51.45101391601779,42.226459083156456,6.890750611338683,60.16462736373749,22.256989201533646,21.298969114529623,30752.93325917686,11857.207127288173,10743.721253180393,1.119153674832339,1.57062369445681,0.39601536701486256,-0.6300684457734752,0.32657653696224337,-0.7413436804805683,0.6475064237384974,-0.3852126498595095,0.9351588657455836,-0.3973458996849617,0.35438585683264107,-0.6746536386121056,0.29214769415814335,-0.7812145538874427
12,2011-08-19 11:23:43.754303,2066,20433.0,9406825.0,1525548.0,44.65444648354308,9.890125847047434,4553.158276863504,56.0,4579.0,2444073.0,72480.0,5.165998901951042,0,0,1,2010.0,1874.2,120.57031143693679,15854.0,38473.2,39355.108368546054,6962752.0,19764719.2,20316834.87681518,1453068.0,2316635.4,2008459.5401170298,39.48844758159204,43.14610147013577,5.9029144925204164,7.8875621890547265,20.912080391660837,22.099641625938265,3464.0557213930347,10728.980223388893,11382.191125943278,1.1023369971181824,1.5907730328682814,0.5310969713982583,-0.45839538367064653,0.47594022990217844,-0.5098182991003212,0.6585188156927928,-0.39387768794879685,1.0349590104546613,0.2555254722159728,0.4729384002616213,-0.49873906240987353,0.4243794081134864,-0.5425863858891261
12,2011-08-19 11:24:13.778385,1959,37654.0,26679820.0,2135349.0,45.02625497498724,19.221031138335885,13619.10158244002,-107.0,17221.0,17272995.0,609801.0,0.3718084914441562,0,0,1,2066.0,1887.2,139.65385780564722,20433.0,36499.6,40107.6261364345,9406825.0,18040335.8,20859649.940229047,1525548.0,2269343.8,2027477.615356705,44.65444648354308,43.57000622691435,5.924117803519568,9.890125847047434,19.861519853923895,22.562461200017164,4553.158276863504,9837.63866536829,11719.962389840563,1.038045782110514,0.5141282964012931,1.031627743865658,0.028782556117209212,1.478898192127887,0.41417206064125994,0.9409543851398802,-0.0660894103022811,1.0334231934568765,0.24581698003404,0.9677522807284445,-0.028387360309749143,1.384387254472187,0.3226514549525658
12,2011-08-19 11:24:44.020626,2629,41473.0,27133381.0,2491312.0,32.346560013313045,15.775199695701788,10320.799163179916,670.0,3819.0,453561.0,355963.0,-12.679694961674194,12,1,0,1959.0,1919.8,131.84915623544936,37654.0,40391.6,38810.391730823896,26679820.0,21699331.0,20340666.89227309,2135349.0,2470820.6,1933578.7066820192,45.02625497498724,45.3346229348294,4.262092559459958,19.221031138335885,21.679668175132274,21.939938965513004,13619.10158244002,11627.73470568703,11412.587092929272,1.3694134805701794,5.378874012118582,1.0267728933738445,0.027863671346071643,1.2504247711599956,0.26715200778713205,1.0082933580851636,0.010597654974781302,0.7135067619090867,-3.0473441712665905,0.7276494994083501,-0.2691196401431423,0.8876018781311901,-0.11451702684632459
12,2011-08-19 11:25:13.777943,2059,28537.0,18183327.0,1804780.0,40.35167014618747,13.859640602234094,8831.144730451675,-570.0,-12936.0,-8950054.0,-686532.0,8.005110132874428,31,1,0,2629.0,2092.4,316.18554679175315,41473.0,44718.0,37115.4940893962,27133381.0,25095310.4,19323106.986964002,2491312.0,2698312.2,1833640.4930725954,32.346560013313045,42.59334459389064,7.128507547896156,15.775199695701788,22.587709246775464,21.488907200882515,10320.799163179916,12542.009600610667,10999.575395807058,0.9840374689347237,-0.10563417695335847,0.6381546580795063,-0.4359634809394181,0.7245707150129532,-0.35770559075530906,0.6688551458204129,-0.48729955701552236,0.9473703117230181,-0.3144661673326403,0.6135921288077963,-0.4061662402161035,0.7041251770386928,-0.3373643742260454
12,2011-08-19 11:25:43.776648,1990,25270.0,15284907.0,1640261.0,44.73319183467337,12.698492462311558,7680.857788944723,-69.0,-3267.0,-2898420.0,-164519.0,4.381521688485897,40,1,0,2059.0,2144.6,274.1866152823655,28537.0,28790.2,10916.415835795344,18183327.0,17673221.0,9406395.562754309,1804780.0,1882011.4,433719.50779865903,40.35167014618747,40.37347583992457,5.128113481749749,13.859640602234094,13.326711894474787,4.539178836830222,8831.144730451675,8157.65189486563,4182.77571353669,0.9279119649347534,-0.5638495513000312,0.8777292273064835,-0.32246847801975514,0.864862551087886,-0.2539032070325428,0.8715467929684163,-0.5573888092490978,1.1079846583169233,0.850159812066224,0.952860132485002,-0.13839935693380284,0.941552531038749,-0.11398988102033472
12,2011-08-19 11:26:13.766140,1948,22606.0,11603784.0,2625322.0,36.43356169045175,11.604722792607802,5956.767967145791,-42.0,-2664.0,-3681123.0,985061.0,-8.299630144221624,1,1,0,1990.0,2140.6,276.77481821870987,25270.0,30673.4,8717.609551935866,15284907.0,19337652.0,7600318.327640066,1640261.0,1919450.0,393666.42523437407,44.73319183467337,41.42242469054084,5.429377763786262,12.698492462311558,14.288897949126152,3.4856089198681968,7680.857788944723,9001.012308375966,3340.046942912272,0.910025226571564,-0.6958725553099626,0.7369903564651868,-0.9254142379211739,0.6000616827730688,-1.017571589320707,1.367747010862486,1.7930713790990653,0.8795612995077059,-0.9188645948428481,0.8121496026574497,-0.770073527310624,0.6617886703256709,-0.9114375915252586
12,2011-08-19 11:26:43.861962,1868,113080.0,37820187.0,9054757.0,38.9179516761242,60.53533190578158,20246.35278372591,-80.0,90474.0,26216403.0,6429435.0,2.4843899856724505,1,1,0,1948.0,2117.0,289.4658874548086,22606.0,31108.0,8112.638750739706,11603784.0,19777043.8,6915298.588886181,2625322.0,2139404.8,424584.7801064128,36.43356169045175,39.778247731922576,5.450659854883433,11.604722792607802,14.631817338238225,2.9943910022222626,5956.767967145791,9281.734246432425,2903.172765026623,0.8823807274440801,-0.8602049871524626,3.6350777934935183,10.0,1.9123276149087558,2.609163287467842,4.232372013000997,10.0,0.9783727010155264,-0.15783337770926525,4.137239448953729,10.0,2.181311406486963,3.7767709415630177
12,2011-08-19 11:27:13.780367,2077,39087.0,26089249.0,2212083.0,40.26797230524795,18.81896966779008,12561.025036109771,209.0,-73993.0,-11730938.0,-6842674.0,1.3500206291237546,1,1,0,1868.0,2098.8,304.36113418109073,113080.0,46193.2,38085.43685846342,37820187.0,22005117.2,10540049.33792161,9054757.0,3523286.4,3121198.773245243,38.9179516761242,38.556587072149966,4.598234086492811,60.53533190578158,22.894677491727368,21.098358861922364,20246.35278372591,10607.184486689603,5620.045840077104,0.98961311225415,-0.07162543949175144,0.8461635045850723,-0.18658575524310042,1.1855991841752154,0.3874869717455563,0.6278464901405686,-0.42009608975870694,1.0443863257100825,0.3721831469504674,0.8219801162854571,-0.19317653332268506,1.1841997329141165,0.3476556250639079
12,2011-08-19 11:27:43.777117,2036,123944.0,112668342.0,3986223.0,24.5171487740668,60.8762278978389,55338.08546168959,-41.0,84857.0,86579093.0,1774140.0,-15.750823531181156,12,1,0,2077.0,1988.4,85.0958283348835,39087.0,45716.0,38174.20986084721,26089249.0,21796290.8,10422734.295927137,2212083.0,3467440.6,3146673.5036963415,40.26797230524795,40.14086953053695,3.0161927848510066,18.81896966779008,23.503431486145026,20.884411110414614,12561.025036109771,11055.229661275574,5680.480061688423,1.0239388453022409,0.5593693713411774,2.7111733310000283,2.0492369137476585,5.169152083436141,8.718638374529974,1.1496153675999523,0.16486692991522484,0.6107777200691862,-5.17994765777612,2.590099574657197,1.7895068341796503,5.005602520906795,7.795618560316522
12,2011-08-19 11:28:13.781421,2149,40773.0,19751336.0,5853262.0,29.67814252722196,18.973010702652395,9190.942764076315,113.0,-83171.0,-92917006.0,1867039.0,5.160993753155164,15,1,0,2036.0,1983.8,80.8405838672629,123944.0,64797.4,49580.954022689046,112668342.0,40693293.8,41514232.89300686,3986223.0,3903729.2,3006624.883102564,24.5171487740668,36.97396525611281,7.587810547538159,60.8762278978389,32.90674894526599,25.525701863746647,55338.08546168959,20356.617807523155,20325.581613756516,1.08327452364095,2.0435280411780363,0.62923821017509,-0.4845489658993969,0.4853707860826936,-0.5044524814892509,1.4994026737305441,0.6484123812573048,0.8026767570327793,-0.961518831054162,0.5765689808383612,-0.5458709153795052,0.4514965526679577,-0.5493409859371144
12,2011-08-19 11:28:43.752529,1987,34791.0,21654625.0,1746416.0,38.460485993960745,17.5093105183694,10898.1504781077,-162.0,-5982.0,1903289.0,-4106846.0,8.782343466738784,34,1,0,2149.0,2015.6,109.92861319965776,40773.0,67898.0,46903.54957250043,19751336.0,41586579.6,40873939.77186262,5853262.0,4746329.4,2796725.188118705,29.67814252722196,33.96295539462253,6.670682234324577,18.973010702652395,34.16165259333415,24.41386562002547,9190.942764076315,20658.634802549474,20100.11447449208,0.9858106767210827,-0.2601688420083587,0.512400954372728,-0.705852761715287,0.5207118548407862,-0.48764456549209484,0.36795086325024123,-1.0726521907638606,1.1324245945603986,0.6742234812987423,0.5125428423001231,-0.68208543183852,0.5275348822547672,-0.48559346947141857
12,2011-08-19 11:29:13.752788,1973,306790.0,400682681.0,6162546.0,45.91862253471871,155.49417131272173,203082.960466295,-14.0,271999.0,379028056.0,4416130.0,7.458136540757962,15,1,0,1987.0,2023.4,105.2154931557134,34791.0,70335.0,44200.636844959656,21654625.0,43596747.8,39245466.97110074,1746416.0,4570548.2,2984669.159919908,38.460485993960745,34.36834025532433,6.91545745923389,17.5093105183694,35.34257013848647,23.160634281875517,10898.1504781077,21646.911304741858,19302.18330350575,0.9750914302654071,-0.47901690604568775,4.361839766830108,5.349583555309303,9.190655294705262,9.09878161120998,1.3483165979958374,0.5333917143576208,1.3360733219076224,1.6702123244647555,4.399628286766727,5.187750892602834,9.38161373728174,9.399768218375094
12,2011-08-19 11:29:43.783489,1869,25962.0,15241913.0,2845701.0,31.133218391118245,13.890850722311397,8155.116639914393,-104.0,-280828.0,-385440768.0,-3316845.0,-14.785404143600465,11,1,0,1973.0,2044.4,71.5318111052696,306790.0,109077.0,116612.50401436377,400682681.0,116169246.6,163786433.9890348,6162546.0,3992106.0,2024002.9345464911,45.91862253471871,35.76847442704323,8.576164434658937,155.49417131272173,54.33433801987451,59.464181875145144,203082.960466295,58214.23284125568,83248.91961842097,0.9142046566225228,-2.452055907537712,0.2380153469567348,-0.7127451785938974,0.13120437160517834,-0.6162130229098027,0.7128320239993626,-0.5664048111950337,0.8704094566222024,-0.5404812455148363,0.2556551018800436,-0.6801319049810649,0.14008802043569707,-0.6013185087661344
12,2011-08-19 11:30:13.755121,1893,24104.0,14330963.0,3910938.0,24.1798368483888,12.73322768092974,7570.503433703117,24.0,-1858.0,-910950.0,1065237.0,-6.953381542729446,17,1,0,1869.0,2002.8,101.87835884033453,25962.0,106452.0,118710.73495055115,15241913.0,113999779.4,165342350.59090889,2845701.0,4118829.6,1900777.4531571567,31.133218391118245,33.94152364421729,8.347960187816971,13.890850722311397,53.348714230778775,60.23585458150551,8155.116639914393,57333.05116201659,83873.93486169838,0.9451767525459631,-1.0777558771927471,0.2264306917671793,-0.6936862115654603,0.1257104450151243,-0.6028027062866744,0.9495265354021927,-0.10937187815159309,0.7123969183332755,-1.1693499459790628,0.2386791858864484,-0.6742742645780463,0.1320443144096695,-0.5933016951019106
12,2011-08-19 11:30:43.792390,1612,14538.0,6922060.0,1000001.0,22.422658276674937,9.018610421836229,4294.08188585608,-281.0,-9566.0,-7408903.0,-2910937.0,-1.7571785717138615,16,1,0,1893.0,1974.2,109.97817965396577,24104.0,86484.0,123339.54383124663,14330963.0,94332303.6,171282240.62276345,3910938.0,4103772.6,1902388.008955089,24.1798368483888,33.87406125908169,8.443972535619656,12.73322768092974,43.72011418739694,62.53566442509672,7570.503433703117,47779.53475641931,86826.45145122081,0.8165332793025952,-3.293380570003332,0.16810045788816233,-0.5833165728133067,0.07337952891887187,-0.510328702393114,0.24367846308053223,-1.6315134375267561,0.6619418352147382,-1.3561629828548747,0.20628057792744092,-0.5549074129782404,0.08987282751385663,-0.5008318564647651
12,2011-08-19 11:31:13.755047,1890,24563.0,14987374.0,1400675.0,19.12754734920635,12.996296296296295,7929.827513227513,278.0,10025.0,8065314.0,400674.0,-3.2951109274685884,30,1,0,1612.0,1866.8,151.11320259990512,14538.0,81237.0,126292.96164078188,6922060.0,91766448.4,172768440.1913,1000001.0,3133120.4,2021025.5480754338,22.422658276674937,32.422964408972284,9.851436121808787,9.018610421836229,41.7292341312337,63.668662849296695,4294.08188585608,46800.16258077526,87396.2814091068,1.0124276837363337,0.15352728683324912,0.3023622241097,-0.44875026496883313,0.16332084614053777,-0.4444045122765791,0.44705431684016983,-0.8572110340959116,0.5899382643532532,-1.349591764492426,0.3114434416676083,-0.451288538955134,0.16944017020327165,-0.44475959893068123
12,2011-08-19 11:31:43.777328,1857,507654.0,251301740.0,68288637.0,35.20093957458266,273.37318255250403,135326.7312870221,-33.0,483091.0,236314366.0,66887962.0,16.073392225376313,3,1,0,1890.0,1847.4,137.43107363329432,24563.0,79191.4,127312.05520609587,14987374.0,90432998.2,173469164.22134495,1400675.0,3063972.2,2085227.0659978513,19.12754734920635,28.55637668002141,10.650905116747964,12.996296296296295,40.82663128681908,64.12818817300493,7929.827513227513,46206.497987799215,87710.64117819132,1.0051964923671077,0.06985319801506915,6.4104688135327015,3.365451915031855,2.77887214846317,0.9273621771459801,10.0,10.0,1.232682282061969,0.6238495997386357,6.695952468507166,3.6262766481830884,2.9287381035185156,1.0160709362295828
12,2011-08-19 11:32:13.785256,2519,62421.0,20387904.0,5006310.0,103.72388263795158,24.780071456927352,8093.649861055975,662.0,-445233.0,-230913836.0,-63282327.0,68.52294306336891,0,0,1,1857.0,1824.2,119.55626290579666,507654.0,119364.2,217107.83333449764,251301740.0,60556810.0,106685468.84019999,68288637.0,15489190.4,29538611.129153214,35.20093957458266,26.412840087994198,6.585894179189072,273.37318255250403,64.40243353477554,116.8330642254232,135326.7312870221,32655.252151944638,57416.54049265758,1.3808792895508273,5.811489779850765,0.5229457408502673,-0.26228072532172275,0.3366740090833715,-0.3765171249344879,0.3232131487001412,-0.35488738296344247,3.927024973023315,10.0,0.3847691786858027,-0.33913654786165504,0.247851396871659,-0.42777920926861085
12,2011-08-19 11:32:43.767268,2393,80402.0,45557408.0,23381310.0,111.9527223146678,33.59882992060176,19037.78019222733,-126.0,17981.0,25169504.0,18375000.0,8.22883967671622,11,1,0,2519.0,1954.2,336.6804122606481,62421.0,126656.0,213773.21540946147,20387904.0,61586008.2,106162566.28522003,5006310.0,15921312.2,29322421.032291792,103.72388263795158,40.93097293736086,35.61716731519818,24.780071456927352,66.58027768169875,115.75259839197315,8093.649861055975,32642.958796172956,57423.10379963563,1.2245420120759265,1.3033131243138392,0.6348060889338,-0.2163694825444096,0.7397363351112599,-0.15098165729092317,1.468554206229308,0.2544127509725257,2.735159080710362,1.9940313823049949,0.5046363741635851,-0.2849305174915119,0.5832124566618245,-0.2369286524709192
12,2011-08-19 11:33:13.754471,2329,62995.0,34560272.0,14799718.0,91.31115839587804,27.048089308716182,14839.103477887506,-64.0,-17407.0,-10997136.0,-8581592.0,-20.641563918789743,15,1,0,2393.0,2054.2,384.7774681552962,80402.0,137915.6,208437.38709574155,45557408.0,67831297.2,103574635.49912296,23381310.0,19815386.6,28612938.080387056,111.9527223146678,58.48555003061667,45.543942709106965,33.59882992060176,70.75339812963315,113.68360982265816,19037.78019222733,34936.4141478778,56391.09987317548,1.1337747054809009,0.7141790326672057,0.45676486198805316,-0.3594393551171622,0.5095033329246135,-0.3212275383801059,0.746880103767443,-0.17529372851919836,1.561260146250077,0.7207458645862211,0.3822867879614326,-0.38444687751128803,0.4247460376178441,-0.35639153545841673
12,2011-08-19 11:33:43.816829,2050,100748.0,26053064.0,7024523.0,83.73718030243901,49.14536585365854,12708.811707317072,-279.0,37753.0,-8507208.0,-7775195.0,-7.573978093439038,14,1,0,2329.0,2197.6,303.8795814134277,62995.0,147607.0,202303.00622457394,34560272.0,73358939.6,100193652.82312863,14799718.0,22575330.0,26962254.45294113,91.31115839587804,72.26325005445729,42.204461207080776,27.048089308716182,74.35929390700913,111.50090823986592,14839.103477887506,37045.418466284085,55141.94060164298,0.932835820895098,-0.485718715660282,0.6825421558598124,-0.23162779868917124,0.3551450462896277,-0.47214443497243114,0.3111592610163395,-0.576762118581062,1.1587796042687843,0.27186534123517836,0.6609175971258807,-0.22613204189227848,0.3430602820395543,-0.4413447639570642
12,2011-08-19 11:34:13.815103,2569,37754.0,22046494.0,6352034.0,56.47272385247177,14.695990657843518,8581.741533670689,519.0,-62994.0,-4006570.0,-672489.0,-27.26445644996724,12,1,0,2050.0,2229.6,269.9162833176243,100748.0,162844.0,193391.52929355518,26053064.0,75572077.6,98692943.72043382,7024523.0,23700099.6,25956640.342393015,83.73718030243901,85.18517664510382,29.99263835678832,49.14536585365854,81.58910781848158,107.63222542458485,12708.811707317072,38001.21530510199,54549.3343389035,1.1522246142800716,1.2574269170687764,0.23184151703470665,-0.646822539006459,0.291728038981424,-0.5423445849545353,0.26801718588558165,-0.668347882128132,0.6629407377657262,-0.95731667384894,0.18012196787785512,-0.6214971110755938,0.22582808114871766,-0.539318657651325
12,2011-08-19 11:34:43.752278,2645,40716.0,24776718.0,5658418.0,48.02322751115312,15.393572778827975,9367.379206049149,76.0,2962.0,2730224.0,-693616.0,-8.44949634131865,3,1,0,2569.0,2372.0,203.95587758140246,37754.0,68864.0,23417.431594861275,22046494.0,29721028.4,10412358.637904415,6352034.0,11312779.0,7755286.355321789,56.47272385247177,89.43953350068163,21.41095894033241,14.695990657843518,29.85366943954948,12.743269595897255,8581.741533670689,12652.217354431714,4552.757340213723,1.1150927487347744,1.3385247987751776,0.5912523234200657,-1.20201055721993,0.8336426878149344,-0.47485018255144223,0.5001793104947952,-0.7290976426834188,0.5369351295895365,-1.9343508202043738,0.5156341939634153,-1.1347242205597114,0.7403745085652738,-0.7215052116587529
12,2011-08-19 11:35:13.760298,2219,57716.0,49688093.0,2400153.0,54.05218260883281,26.00991437584497,22392.11041009464,-426.0,17000.0,24911375.0,-3258265.0,6.028955097679685,0,0,1,2645.0,2397.2,232.45257580848624,40716.0,64523.0,26693.073352463685,24776718.0,30598791.2,9580651.155032791,5658418.0,11443200.6,7627140.0917019425,48.02322751115312,78.29940247532195,26.098236656000125,15.393572778827975,27.976369703929606,14.276689107039358,9367.379206049149,12906.96322343035,4260.150947326493,0.92566327381907,-0.7666079817762449,0.8945027354586599,-0.255009976188129,1.6238580365880597,1.9924847999472601,0.2097449030125365,-1.1856406846176213,0.6903268849999001,-0.9290750246908158,0.9297101321642124,-0.13773889122354724,1.7348860473580583,2.226481480102149
12,2011-08-19 11:35:43.755415,2142,32677.0,22007601.0,1743961.0,28.095451907096173,15.255368814192344,10274.323529411764,-77.0,-25039.0,-27680492.0,-656192.0,-25.956730701736635,1,1,0,2219.0,2362.4,245.87557829113499,57716.0,59985.8,25205.864143091912,49688093.0,31424928.2,11229249.98771201,2400153.0,7246969.2,4580107.202663386,54.05218260883281,66.71929453415495,19.42523527276791,26.00991437584497,26.45858659497825,13.928675163816054,22392.11041009464,13577.829267003812,5539.096013378962,0.906705045715837,-0.8963883340139366,0.5447455897895744,-1.0834304209912735,0.7003230320825363,-0.8386425816777816,0.24064694520848795,-1.201502051480353,0.4210993551841655,-1.9883333242927006,0.5765753495128567,-0.8043275938464933,0.7566985360744795,-0.5963979915878448
12,2011-08-19 11:36:13.768205,2262,21955.0,10163369.0,1360783.0,19.065223542882404,9.706012378426172,4493.089743589743,120.0,-10722.0,-11844232.0,-383178.0,-9.03022836421377,0,0,1,2142.0,2325.0,265.65296911572443,32677.0,53922.2,27812.863016956853,22007601.0,28914394.0,11744424.018943345,1743961.0,4635817.8,2400940.15941215,28.095451907096173,54.07615323639858,19.982213361641747,15.255368814192344,24.10004249607348,14.776526072949645,10274.323529411764,12664.873277308663,5654.229233710525,0.9729032258060332,-0.23715149960292228,0.4071606870639476,-1.1493674700266991,0.3514985996248097,-1.5965895789998088,0.2935367735979615,-1.3640634845317692,0.3525624956935189,-1.7521046872100638,0.4027383926648591,-0.9741146224499506,0.3547678405625696,-1.4452515446309262
12,2011-08-19 11:36:43.751335,1708,12266.0,4900991.0,902579.0,24.294912167447308,7.181498829039812,2869.432669789227,-554.0,-9689.0,-5262378.0,-458204.0,5.229688624564904,9,1,0,2262.0,2367.4,224.52238195779069,21955.0,38163.6,13055.653537835837,10163369.0,25736455.0,14531373.213585604,1360783.0,3503069.8,2327144.432963722,19.065223542882404,41.14176188448725,16.63318728093542,9.706012378426172,16.212171801027008,5.962596992316169,4493.089743589743,11021.728884563196,6729.742397905436,0.7214665878175545,-2.9369009639360932,0.32140573740421974,-1.983631070244448,0.19042991740703993,-1.4338262250755904,0.25765372988000407,-1.1174599922395698,0.590517057462659,-1.0128455497724465,0.44296957352388217,-1.5145536386427283,0.2603432455871632,-1.2113831009802214
12,2011-08-19 11:37:13.775266,2270,18944.0,9219408.0,1172364.0,15.131156804845814,8.345374449339207,4061.413215859031,562.0,6678.0,4318417.0,269785.0,-9.163755362601494,17,1,0,1708.0,2195.2,334.4931987350416,12266.0,33066.0,17481.35179269627,4900991.0,22307354.4,17366277.113843553,902579.0,2413178.8,1895326.3753305252,24.294912167447308,34.70619954748236,15.397624119065142,7.181498829039812,14.709273435266265,7.248637512493519,2869.432669789227,9879.267111786905,7667.10557769836,1.0340743440228526,0.2236218861329586,0.5729147765075736,-0.807832264201638,0.4132900672434738,-0.7536414577633869,0.4858172962567049,-0.6546707818507586,0.4359784995677371,-1.2713028055495703,0.5673546341699905,-0.8779441617932338,0.4111047074547633,-0.7588070670175401
12,2011-08-19 11:37:43.807620,2438,25430.0,11693842.0,2698176.0,22.446519500820347,10.430680885972109,4796.489745693191,168.0,6486.0,2474434.0,1525812.0,7.315362695974533,2,1,0,2270.0,2120.2,235.95168997063783,18944.0,28711.6,17807.96892685982,9219408.0,19195892.4,18187502.087094538,1172364.0,1515968.0,581411.2315292429,15.131156804845814,28.127785406220898,15.31183133698578,8.345374449339207,13.299633769368512,7.750266252252793,4061.413215859031,8818.073913748882,8110.067377445257,1.1498915196674135,1.346885881759104,0.8857047325819222,-0.18427705110436068,0.6091845982633244,-0.4124838234560695,1.7798370414151212,2.033342212689156,0.7980194379276632,-0.3710376492527315,0.7842833168242265,-0.37017475137609646,0.5439384827807012,-0.49587555576166237
12,2011-08-19 11:38:13.753130,2061,156807.0,147827550.0,4551706.0,16.890224812712276,76.08296943231441,71726.12809315867,-377.0,131377.0,136133708.0,1853530.0,-5.556294688108071,2,1,0,2438.0,2164.0,275.83328298086144,25430.0,22254.4,7575.14932526115,11693842.0,11597042.2,6343003.421794172,2698176.0,1575572.6,698252.3146983837,22.446519500820347,21.80665278461841,4.95549037530229,10.430680885972109,10.18378707139394,3.0985344216505193,4796.489745693191,5298.949780868591,2876.2071626684788,0.9524029574856967,-0.3734139654451098,7.046112229491379,10.0,10.0,10.0,2.8889217799294027,4.26226070053998,0.7745445841120311,-0.992117348349024,7.470989808747966,10.0,10.0,10.0
12,2011-08-19 11:38:43.790672,2425,34508.0,17477362.0,3504015.0,17.698643066804124,14.230103092783503,7207.159587628866,364.0,-122299.0,-130350188.0,-1047691.0,0.8084182540918476,8,1,0,2061.0,2147.8,279.7984989237791,156807.0,47080.4,61529.77276327295,147827550.0,36761032.0,62139307.96460615,4551706.0,2137121.6,1516785.593307653,16.890224812712276,19.56560736574163,3.799288952935188,76.08296943231441,22.349307195018355,30.064038140779758,71726.12809315867,17589.310693617972,30272.269027681155,1.1290622963026682,0.9907129633119374,0.7329589383267616,-0.20433034993271174,0.4754317561052149,-0.31032965495823933,1.639595519506236,0.9011777314018495,0.9045792821585982,-0.4913983436305265,0.6367133874878533,-0.27006365758136985,0.40974656216877614,-0.3429591318871822
12,2011-08-19 11:39:13.751442,2111,29570.0,14905471.0,1775429.0,15.470015369493131,14.007579346281384,7060.857887257224,-314.0,-4938.0,-2571891.0,-1728586.0,-2.2286276973109924,18,1,0,2425.0,2180.4,304.80862848679334,34508.0,49591.0,60495.693441764975,17477362.0,38223830.6,61438790.12921556,3504015.0,2565768.0,1545118.2323863916,17.698643066804124,19.292291270525972,3.892301680092079,14.230103092783503,23.25412533788982,29.653670301487026,7207.159587628866,18132.124662425795,30001.85790800789,0.9681709778017941,-0.2276838432832598,0.5962775503619488,-0.33094917771746024,0.3899523089661244,-0.3795380662763342,0.6919678630336021,-0.5115071348160478,0.8018754823759973,-0.9820091591565454,0.6023696502080573,-0.3118179266609347,0.38941150133876273,-0.36901937237070687
12,2011-08-19 11:39:43.836702,2033,333182.0,425926941.0,10662447.0,15.651036787014265,163.88686669945892,209506.61141170684,-78.0,303612.0,411021470.0,8887018.0,0.1810214175211317,11,1,0,2111.0,2261.0,173.78578768127153,29570.0,53051.8,58281.03214768941,14905471.0,40224726.6,60233329.77177313,1775429.0,2740338.0,1346813.4678669674,15.470015369493131,17.527311910935136,2.9414225300774617,14.007579346281384,24.619341441338133,28.875642262266414,7060.857887257224,18970.409705919395,29523.530800885394,0.8991596638651486,-1.3119599884476576,6.280314711282062,4.806541505478489,10.0,6.4034682436027275,3.890924039297341,5.882112994122886,0.8929513473401913,-0.6378801767162571,6.656833899611182,4.823010480195873,10.0,6.453706468606625
12,2011-08-19 11:40:13.775856,1781,25932.0,18955451.0,2123135.0,11.93514182257159,14.560359348680516,10643.150477259966,-252.0,-307250.0,-406971490.0,-8539312.0,-3.7158949644426738,15,1,0,2033.0,2213.6,200.91988453112344,333182.0,115899.4,133367.16015871378,425926941.0,123566233.2,178597348.00758347,10662447.0,4638354.6,3519394.8181022033,15.651036787014265,17.63128790736883,2.8430907482361234,163.88686669945892,55.72763989136208,66.38369771980808,209506.61141170684,60059.44934508896,88213.90986628027,0.8045717383444143,-2.1530969968820335,0.2237457657244108,-0.6745843571455934,0.15340316289579992,-0.5857353615102846,0.45773451645978075,-0.7146738942339822,0.6769296652972515,-2.003504842864291,0.2612771575613797,-0.6201414195970227,0.17721025739191323,-0.5601871512410741
13,2011-08-15 17:13:40.449530,3295,1261583.0,911441516.0,434351434.0,886.249135416085,382.87799696509865,276613.5101669196,0.0,0.0,0.0,0.0,0.0,0,0,1,3295.0,3295.0,3295.0,1261583.0,1261583.0,1261583.0,911441516.0,911441516.0,911441516.0,434351434.0,434351434.0,434351434.0,886.249135416085,886.249135416085,886.249135416085,382.87799696509865,382.87799696509865,382.87799696509865,276613.5101669196,276613.5101669196,276613.5101669196,10.0,10.0,10.0,10.0,10.0,10.0,10.0,10.0,10.0,10.0,10.0,10.0,10.0,10.0
13,2011-08-15 17:14:10.507047,2341,78296.0,15243369.0,5789465.0,818.418601989748,33.445536095685604,6511.4775736864585,-954.0,-1183287.0,-896198147.0,-428561969.0,-67.83053342633696,0,0,1,3295.0,2341.0,2341.0,1261583.0,78296.0,78296.0,911441516.0,15243369.0,15243369.0,434351434.0,5789465.0,5789465.0,886.249135416085,818.418601989748,818.418601989748,382.87799696509865,33.445536095685604,33.445536095685604,276613.5101669196,6511.4775736864585,6511.4775736864585,10.0,10.0,10.0,10.0,10.0,10.0,10.0,10.0,10.0,10.0,10.0,10.0,10.0,10.0
13,2011-08-15 17:14:40.452154,2182,41521.0,11033006.0,2729480.0,732.198144807516,19.028872593950503,5056.373052245646,-159.0,-36775.0,-4210363.0,-3059985.0,-86.22045718223205,0,0,1,2341.0,2818.0,674.5798692519663,78296.0,669939.5,836710.2617898863,15243369.0,463342442.5,633707787.0305183,5789465.0,220070449.5,303039074.43855894,818.418601989748,852.3338687029166,47.96343015726369,33.445536095685604,208.16176653039213,247.08606264746487,6511.4775736864585,141562.49387030303,190990.97885894505,0.7743080198719751,-0.9428090415806658,0.061977238243154695,-0.7510586743082243,0.023811775024257572,-0.7137507945412347,0.012402755600315162,-0.7172044394032948,0.8590508622177805,-2.504735868535504,0.09141386966026169,-0.7654535100408534,0.03571831008344744,-0.7147254893063418
13,2011-08-15 17:15:10.461914,2515,40078.0,11725400.0,2635844.0,579.1248526644134,15.93558648111332,4662.186878727634,333.0,-1443.0,692394.0,-93636.0,-153.07329214310255,0,0,1,2182.0,2606.0,601.964284654829,41521.0,460466.6666666667,694030.7160395232,11033006.0,312572630.3333333,518639941.0514719,2729480.0,147623459.66666666,248318423.2513217,732.198144807516,812.2886274044496,77.20822085880923,19.028872593950503,145.11746855157824,206.03279277881444,5056.373052245646,96060.45359761723,156365.22634422386,0.965080583269008,-0.15117175938773333,0.0870377877515562,-0.6057205494673322,0.037512561440506846,-0.5800695367260117,0.0178551837624706,-0.5838778040239305,0.7129545251842438,-3.019934563230036,0.10981163494689558,-0.6269967043960839,0.04853388365473251,-0.58451785512518
13,2011-08-15 17:15:40.452370,2278,53315.0,25847294.0,16016473.0,624.3245486387182,23.40430201931519,11346.485513608428,-237.0,13237.0,14121894.0,13380629.0,45.199695974304746,0,0,1,2515.0,2583.25,493.6033326467722,40078.0,355369.5,604401.147944255,11725400.0,237360822.75,449390909.6051294,2635844.0,111376555.75,215321569.73123857,579.1248526644134,753.9976837194406,132.53455917185286,15.93558648111332,112.82199803396202,180.1989570742354,4662.186878727634,73210.88691789484,135604.08104573362,0.8818348978995909,-0.6184115458916922,0.15002694378667797,-0.4997583161901249,0.10889452480211374,-0.4706671279484772,0.14380470730259587,-0.4428728755276452,0.8280191864225922,-0.9784099776693072,0.20744449156149947,-0.49621650128260053,0.15498358224143938,-0.4562134187054567
13,2011-08-15 17:16:10.506918,1853,39944.0,14290341.0,2225869.0,648.2029371327577,21.55639503507825,7712.002698327037,-425.0,-13371.0,-11556953.0,-13790604.0,23.87838849403954,0,0,1,2278.0,2522.2,448.74123946880565,53315.0,294958.6,540576.4931268285,25847294.0,195058117.0,400514340.3121162,16016473.0,92304539.2,191288376.20216456,624.3245486387182,728.0630567032961,128.596584027301,23.40430201931519,94.93845883103265,161.0988918959257,11346.485513608428,60838.00663703756,120651.52684245465,0.7346760764409109,-1.4912825948216157,0.13542239487168664,-0.47174563312017476,0.07326196530442258,-0.45133908528501065,0.024114404549240194,-0.4709050909857674,0.8903115343703345,-0.6210127599731816,0.22705650902987934,-0.4555094261163864,0.1267629089877498,-0.44032599776446585
13,2011-08-15 17:16:40.451673,1715,24566.0,12022811.0,1423909.0,566.9704669965014,14.324198250728864,7010.3854227405245,-138.0,-15378.0,-2267530.0,-801960.0,-81.23247013625632,3,1,0,1853.0,2233.8,245.05652409189182,39944.0,50630.8,16440.239952628424,14290341.0,15627882.0,5973179.618415626,2225869.0,5879426.2,5842929.008802734,648.2029371327577,680.4538170466305,95.09196915332248,21.55639503507825,22.67413844502857,6.642694148831859,7712.002698327037,7057.705143319041,2686.2587741901243,0.7677500223830388,-2.117062591662903,0.48519873278714765,-1.5854269813033504,0.7693180048326446,-0.6035430424501846,0.2421850281920368,-0.7625485767989799,0.8332240231328065,-1.193406247229561,0.6317416771898463,-1.2570110870618756,0.9932953106401301,-0.017615473621957766
13,2011-08-15 17:17:10.460206,1991,23902.0,14621501.0,1492784.0,655.1106955585134,12.005022601707685,7343.797589151181,276.0,-664.0,2598690.0,68875.0,88.140228562012,0,0,1,1715.0,2108.6,323.8430175254671,24566.0,39884.8,10219.514259493899,12022811.0,14983770.4,6194549.760011269,1423909.0,5006315.0,6176390.5776715055,566.9704669965014,630.1641900479814,65.89553536793845,14.324198250728864,18.849870876037226,3.7773973819055313,7010.3854227405245,7157.486713129854,2670.1141172903576,0.9442283979887394,-0.36313890877819743,0.5992759146341313,-1.5639490874187552,0.9758225473075854,-0.058481958178562006,0.29818019840940885,-0.5688647691261451,1.0395873105826483,0.3785765662401945,0.6368755881681988,-1.8120540627538004,1.0260302091345175,0.0697763720339884
13,2011-08-15 17:17:40.460115,1938,15115.0,4585087.0,1079285.0,585.90476150516,7.799277605779154,2365.8859649122805,-53.0,-8787.0,-10036414.0,-413499.0,-69.20593405335342,0,0,1,1991.0,2070.4,324.2850597853684,23902.0,36361.0,12333.296396341042,14621501.0,15701469.4,5818870.754233302,1492784.0,4758975.8,6313601.217673838,655.1106955585134,614.7467001981809,39.97434043446386,12.005022601707685,17.44510087758866,4.848400160469876,7343.797589151181,7614.971620510961,2402.686440298396,0.9360510046363331,-0.40828276235489297,0.41569263771622306,-1.7226538078093538,0.2920164274561462,-1.9104020126091803,0.2267893440433128,-0.5828196417758124,0.9530832151117266,-0.7215113089754276,0.4470755233838538,-1.9894857995560353,0.31068874354560233,-2.184673608489919
13,2011-08-15 17:18:10.451490,1676,17204.0,8093487.0,1142388.0,629.1714562303104,10.264916467780427,4829.049522673031,-262.0,2089.0,3508400.0,63103.0,43.26669472515039,0,0,1,1938.0,1955.0,208.51738536630458,15115.0,31368.4,15177.178206109285,4585087.0,14273406.8,7632251.359522078,1079285.0,4447664.0,6480626.935385719,585.90476150516,616.1026819663301,38.553662425756926,7.799277605779154,15.817839102521827,6.548879769071664,2365.8859649122805,7155.711437747891,3196.5204298080407,0.8572890025571063,-1.3380179283782017,0.5484500325167828,-0.933269663678157,0.5670326021955738,-0.8097112514893612,0.25685123696394324,-0.5100241123204345,1.0212120067733665,0.3389762072230593,0.6489455608064033,-0.8479194655730616,0.6748524678060798,-0.7278733129241581
13,2011-08-15 17:18:40.469098,1620,18085.0,9319118.0,1069560.0,619.3378359228395,11.16358024691358,5752.541975308642,-56.0,881.0,1225631.0,-72828.0,-9.833620307470824,2,1,0,1676.0,1834.6,136.8842576777913,17204.0,24146.2,9741.189157387214,8093487.0,10722645.4,4307030.71956672,1142388.0,1472847.0,456598.49508027016,629.1714562303104,617.0720634846487,38.87169539748988,10.264916467780427,13.189961992214876,5.25126519479332,4829.049522673031,5852.22423956081,2248.6854696515434,0.883026272756523,-1.5677478450704985,0.7489791354332876,-0.6222238273037617,0.86910623753351,-0.32586890862510326,0.726185408260328,-0.8832420701016571,1.0036718117238888,0.058288490248843174,0.8463694021754045,-0.38588448111982376,0.9829667729443271,-0.04432912721563092
13,2011-08-15 17:19:10.491257,2105,88283.0,38412048.0,3319544.0,517.1073944874109,41.939667458432304,18248.00380047506,485.0,70198.0,29092930.0,2249984.0,-102.2304414354286,0,0,1,1620.0,1788.0,165.68494198327127,18085.0,19774.4,4218.043065213768,9319118.0,9728400.8,3824293.4027840854,1069560.0,1241585.2,201318.72368655005,619.3378359228395,611.299043242665,35.04781886714317,11.16358024691358,11.111399034581941,2.3879931876445024,5752.541975308642,5460.332094957132,2000.6004560377105,1.1772930648762991,1.9132698252692952,4.46450966906685,10.0,3.948444229394824,7.5003782866446125,2.6736336741127373,10.0,0.8459155959799056,-2.6875181337138745,3.774472262595309,10.0,3.3419219716186475,6.391916820232143
13,2011-08-15 17:19:40.477178,2397,33450.0,20251248.0,1836474.0,383.4514054063413,13.9549436795995,8448.580725907384,292.0,-54833.0,-18160800.0,-1483070.0,-133.65598908106966,6,1,0,2105.0,1866.0,208.89351354218726,88283.0,32517.8,31343.520761075943,38412048.0,15006248.2,13571199.401324853,3319544.0,1620712.2,965414.5883806908,517.1073944874109,601.3264287408468,53.20520945496816,41.939667458432304,16.63449287612263,14.233299627583882,18248.00380047506,7707.855770504038,6161.872233891355,1.2845659163980254,2.5419649992637017,1.0286673760217164,0.02974139399035308,1.3495210615002355,0.38648019566258607,1.1331277693843478,0.22349133998679407,0.6376759561501983,-4.094994185011445,0.8389160873543489,-0.1882591715516162,1.0961000020572274,0.12021102146992133
13,2011-08-15 17:20:10.476870,1735,36978.0,26812266.0,1726533.0,559.0730496910663,21.312968299711816,15453.755619596544,-662.0,3528.0,6561018.0,-109941.0,175.62164428472505,8,1,0,2397.0,1947.2,319.3410402688636,33450.0,34427.4,30976.076660868446,20251248.0,16132197.6,13763475.16980514,1836474.0,1689450.2,966263.9748791499,383.4514054063413,546.9945707104124,101.41523764120588,13.9549436795995,17.024477091700994,14.100840609580807,8448.580725907384,7928.8123978552785,6165.360971822738,0.8910230073947766,-0.6644933573858138,1.074086338207327,0.08234096357406186,1.6620343157710886,0.7759717853402576,1.0219496259789127,0.03837750445434741,1.0220815335770972,0.1190992523556168,1.2519014935765311,0.3041301810611829,1.9490630934558109,1.2205194888232729
13,2011-08-15 17:20:40.454517,1747,20750.0,11141315.0,1116264.0,591.1045306628506,11.87750429307384,6377.398397252433,12.0,-16228.0,-15670951.0,-610269.0,32.03148097178428,13,1,0,1735.0,1906.6,333.39811037256936,36978.0,38800.0,29051.71214403721,26812266.0,20577633.4,12645667.198291747,1726533.0,1818899.8,905531.8664548734,559.0730496910663,541.6282283475937,99.53403972802039,21.312968299711816,19.727215230487523,13.153874976970572,15453.755619596544,10546.386328792132,5988.882559042058,0.9162907793974006,-0.4787069723375746,0.5347938144329759,-0.6213058944859501,0.5414283938015924,-0.7462096109309845,0.6137028548796363,-0.7759371326718679,1.0913473480972522,0.49707921480887607,0.6020872258804986,-0.5967603425271999,0.604699865757926,-0.6961211695902493
13,2011-08-15 17:21:10.459827,1782,44409.0,39763461.0,1552172.0,508.9243198978676,24.920875420875426,22313.951178451174,35.0,23659.0,28622146.0,435908.0,-82.18021076498303,24,1,0,1747.0,1920.8,322.4534074870352,20750.0,39509.2,28429.335090712182,11141315.0,21187199.0,11947635.101410614,1116264.0,1813675.0,910472.9820110243,591.1045306628506,534.0148432341017,92.36120646211576,11.87750429307384,20.04973279554621,12.88080435829278,6377.398397252433,10856.056103708013,5649.776557423085,0.9277384423152188,-0.4304497852302901,1.124016684721505,0.17235014411577243,1.876768184411729,1.5548066075274398,0.85581595379547,-0.28721665021009196,0.9530153072427091,-0.2716565135629099,1.2429529946238649,0.3781706863527478,2.055438085920312,2.0280262340086566
13,2011-08-15 17:21:40.455458,1859,28495.0,21215559.0,2800161.0,454.3424787805272,15.328133405056482,11412.350188273263,77.0,-15914.0,-18547902.0,1247989.0,-54.58184111734039,61,1,0,1782.0,1953.2,291.3077410574597,44409.0,44774.0,25784.34347622602,39763461.0,27276067.6,12143295.446413916,1552172.0,1910197.4,834256.8581023719,508.9243198978676,511.93214002910736,79.11014823060727,24.920875420875426,22.801191830338578,11.943326305143007,22313.951178451174,14168.337944336517,6671.981503299715,0.9517714519757569,-0.3233693675895004,0.6364184571402904,-0.6313521232374647,0.7778085650440314,-0.4990826935524947,1.465901377522553,1.0667740892467332,0.8875052829341927,-0.7279680614423509,0.6722514120507104,-0.6257099767456202,0.8054826355150778,-0.4130688543875356
13,2011-08-15 17:22:10.458759,1667,13099.0,4149032.0,958692.0,568.3145074379124,7.857828434313137,2488.9214157168567,-192.0,-15396.0,-17066527.0,-1841469.0,113.97202865738524,15,1,0,1859.0,1904.0,279.80707639371803,28495.0,32816.4,8893.554480633637,21215559.0,23836769.8,10528703.094774472,2800161.0,1806320.8,619629.6578237256,454.3424787805272,499.37915688773063,82.96921282553272,15.328133405056482,17.478885019663412,5.4429490363733235,11412.350188273263,12801.20722189616,6317.988439252655,0.8755252100835738,-0.8470121737224009,0.39916017600954407,-2.217043820098461,0.17406016145694372,-1.8699110063965305,0.5307429333704177,-1.3679603442111787,1.1380421060796129,0.8308545808950589,0.44956119483729473,-1.7676183479375798,0.19442864821838218,-1.63221030005517
13,2011-08-15 17:22:40.496277,1802,37692.0,10572182.0,1872629.0,514.2732886709213,20.916759156492787,5866.91564927858,135.0,24593.0,6423150.0,913937.0,-54.041218766991165,94,1,0,1667.0,1758.0,70.19259220174142,13099.0,28746.2,12469.19222323557,4149032.0,20616326.6,13841144.61047927,958692.0,1630764.4,724435.7753854775,568.3145074379124,536.3517772940447,54.80311761422177,7.857828434313137,16.259461970606143,6.914014413451654,2488.9214157168567,11609.275359858053,7745.358045148017,1.025028441410111,0.6268467742708831,1.3111993933110702,0.7174321992830727,0.5128062920772705,-0.7256729759470526,1.1483136374573784,0.3338661731211464,0.9588358059789216,-0.40286920861215897,1.286436119043771,0.6736024698114563,0.5053645010061859,-0.7413937066700179
13,2011-08-15 17:23:10.450004,1761,151910.0,142114227.0,4370867.0,442.1364272640545,86.26348665530948,80700.867120954,-41.0,114218.0,131542045.0,2498238.0,-72.13686140686673,54,1,0,1802.0,1771.4,71.09360027456741,37692.0,28889.0,12590.530826776067,10572182.0,17368309.8,13928893.051357524,1872629.0,1659983.6,732169.1782602953,514.2732886709213,527.3918250900158,53.81293181941078,20.916759156492787,16.180220141962334,6.843527521680456,5866.91564927858,9691.907365794463,7742.342207707997,0.9941289375629478,-0.1462860223661262,5.25840285229654,9.770914482681189,8.182386693724222,8.955910332576078,2.63307842318442,3.7025369006126656,0.8383452420555663,-1.584292008294272,5.331416129886849,10.0,8.326623860001213,9.171508808336629
13,2011-08-15 17:23:40.453084,1781,18320.0,10709752.0,1009542.0,414.0592673290286,10.286355979786636,6013.336327905671,20.0,-133590.0,-131404475.0,-3361325.0,-28.07715993502592,20,1,0,1761.0,1774.2,70.16195550296449,151910.0,55121.0,55365.647891991655,142114227.0,43562892.2,56718700.41005589,4370867.0,2310904.2,1330324.818402151,442.1364272640545,497.5982044102566,50.87779811717359,86.26348665530948,31.057416614409465,31.519166719892812,80700.867120954,24556.60111053478,32273.310360992324,1.003832713335022,0.09691862136903698,0.3323597177119368,-0.6646901355113087,0.24584575217896115,-0.5792294245545748,0.43686016927919363,-0.9782289122163873,0.8321156781884518,-1.6419526821344064,0.3312044947963557,-0.6589977716909157,0.2448765731396641,-0.5745696544672144
13,2011-08-15 17:24:10.475061,1715,24382.0,15942511.0,1527573.0,414.0353737965015,14.216909620991254,9295.924781341108,-66.0,6062.0,5232759.0,518031.0,-0.023893532527154,49,1,0,1781.0,1774.0,70.13558298039568,18320.0,49903.2,57803.242423760275,10709752.0,37752150.4,58660279.250632375,1009542.0,2202378.2,1426362.1604206006,414.0592673290286,478.6251938964888,62.05803501935188,10.286355979786636,28.130512726191704,32.881520163606,6013.336327905671,21296.478140425676,33361.457656281265,0.9667418263805148,-0.8412277690149159,0.48858590230685633,-0.4415184846016347,0.4222941165226975,-0.37179569682605773,0.6936015803280287,-0.4730952760279448,0.8650513576708605,-1.040797055188826,0.5053910591273656,-0.42314354797310116,0.4365005669033529,-0.35971310015060914
13,2011-08-15 17:24:40.465565,1694,42704.0,30931432.0,1866298.0,350.5699294811098,25.208972845336483,18259.404958677685,-21.0,18322.0,14988921.0,338725.0,-63.46544431539167,58,1,0,1715.0,1745.2,54.27890934792232,24382.0,49080.6,58211.89012392571,15942511.0,36697540.8,59077817.2320925,1527573.0,1947860.6,1406427.9033371524,414.0353737965015,470.56377289968367,68.30457690843186,14.216909620991254,27.90826796937866,32.99324909926904,9295.924781341108,20873.193059039244,33531.21259385233,0.9706623882643991,-0.9432761382670743,0.8700790128889854,-0.1095411948731594,0.8428747901276262,-0.09760192691864904,0.9581270856857,-0.05799273450595615,0.744999827164979,-1.756746748869833,0.9032797331634066,-0.08181355876284903,0.8747777547513019,-0.07795089703498218
13,2011-08-15 17:25:10.449875,1682,110115.0,31755696.0,5203859.0,332.96529821521995,65.46670630202141,18879.72413793104,-12.0,67411.0,824264.0,3337561.0,-17.60463126588985,31,1,0,1694.0,1750.6,45.12538088481876,42704.0,55001.6,55057.22225830141,30931432.0,42054020.8,56548954.78979223,1866298.0,2129381.8,1301499.711619917,350.5699294811098,427.0148573083231,59.20903017327723,25.208972845336483,31.37849685158333,31.22207380463617,18259.404958677685,24027.28976763141,32079.891233445793,0.9608134353930305,-1.5202087750478879,2.002032668140527,1.0010203519064953,0.7551167616296038,-0.18211344203056726,2.443835577067484,2.3622573040552863,0.7797510848059905,-1.588432690356108,2.0863557170882028,1.0917983751702143,0.7857617034845209,-0.16046081927900896
13,2011-08-15 17:25:40.504447,1704,13817.0,5801575.0,915490.0,410.0075642640845,8.10856807511737,3404.680164319249,22.0,-96298.0,-25954121.0,-4288369.0,77.04226604886458,63,1,0,1682.0,1726.6,42.80537349445702,110115.0,69486.2,58766.56641492678,31755696.0,46290723.6,54351490.82051782,5203859.0,2795627.8,1866994.6028188425,332.96529821521995,390.75325921718286,46.582199543841575,65.46670630202141,40.28848628068905,33.74496288503949,18879.72413793104,26629.851465361902,30738.043582179693,0.98691069153192,-0.5279710969558172,0.19884523833509102,-0.9472937317273483,0.1253291058945555,-0.7449501014370565,0.32747206191038725,-1.0070397617439881,1.049274841838621,0.4133404011626121,0.20126266393887032,-0.953621383856514,0.1278520148243287,-0.755583914732512
13,2011-08-15 17:26:10.470181,1629,27895.0,18276844.0,1262058.0,350.15546391712707,17.124002455494168,11219.67096378146,-75.0,14078.0,12475269.0,346568.0,-59.85210034695746,52,1,0,1704.0,1715.2,38.75177415293348,13817.0,41867.6,39703.52315979023,5801575.0,19028193.2,11804000.901175296,915490.0,2104552.4,1775407.6260936048,410.0075642640845,384.32748661718887,39.38162894720398,8.10856807511737,24.65750256465063,23.743937631879927,3404.680164319249,11170.614074034955,7072.889037875487,0.9497434701487,-2.2244142850747486,0.6662669940478876,-0.3519234286530624,0.9605138968212705,-0.0636520791797965,0.5996800079674897,-0.4745357559681794,0.9110861858938284,-0.8677148105022771,0.6944743252039208,-0.3172809929690974,1.0043916018779602,0.006935905467171582
13,2011-08-15 17:26:40.478910,1627,18585.0,9892911.0,1060070.0,341.71434028457287,11.422864167178856,6080.461585740627,-2.0,-9310.0,-8383933.0,-201988.0,-8.441123632554195,50,1,0,1629.0,1684.8,33.49179003875372,27895.0,43782.6,38496.38608103363,18276844.0,20541611.6,10923067.729065161,1262058.0,2155055.6,1739704.3661953965,350.15546391712707,371.5467259348086,37.651892140887895,17.124002455494168,26.025031859792136,22.890890027105087,11219.67096378146,12211.881001210111,6482.413634749871,0.9656932573593509,-1.725796081111017,0.42448369900370414,-0.6545445576880704,0.4816034492639321,-0.9748818614083021,0.49189914172051963,-0.6294090083791944,0.9197075803155111,-0.7923210216850447,0.43891835477012064,-0.6379030118394243,0.4979135962050071,-0.9458543932772541
13,2011-08-15 17:27:10.500831,1455,14183.0,5910105.0,876598.0,435.8276366920962,9.747766323024054,4061.9278350515465,-172.0,-4402.0,-3982806.0,-183472.0,94.11329640752336,44,1,0,1627.0,1667.2,36.62922330598839,18585.0,42623.2,39305.53933226206,9892911.0,19331691.6,11855138.1324987,1060070.0,2061555.0,1793588.0496187054,341.71434028457287,357.08251923242284,30.451927631838608,11.422864167178856,25.466222769029656,23.281975847472747,6080.461585740627,11568.788362090014,6984.096376549284,0.8727207293660793,-5.793188630333721,0.33275305467444183,-0.7235672244460339,0.30572104719485593,-1.1321324517685007,0.425212036545229,-0.660662854133036,1.2205235854942484,2.585882851460495,0.38277236522472713,-0.675134127288286,0.35111091221633933,-1.074850649576287
13,2011-08-15 17:27:40.459634,1884,14160.0,5631461.0,914556.0,385.33049106369424,7.515923566878981,2989.098195329087,429.0,-23.0,-278644.0,37958.0,-50.497145628402,41,1,0,1455.0,1619.4,97.79212647243115,14183.0,36919.0,41309.3532023923,5910105.0,14327426.2,10983497.269861521,876598.0,1863615.0,1873361.213483679,435.8276366920962,374.1340606746201,45.86361291010816,9.747766323024054,22.373981464567173,24.327944382673564,4061.9278350515465,8729.292937364788,6449.522113738584,1.1633938495731977,2.7057393017411098,0.38354234946774335,-0.5509406038989115,0.3930546157690206,-0.791730082535873,0.49074299144404804,-0.5066075848955692,1.029926252551974,0.24412447424878625,0.3359224900782966,-0.6107403758970859,0.3424215703123257,-0.8900186154579135
13,2011-08-15 17:28:10.453672,1654,66182.0,30862527.0,7533572.0,363.94017282406287,40.01330108827086,18659.32708585248,-230.0,52022.0,25231066.0,6619016.0,-21.39031823963137,46,1,0,1884.0,1659.8,155.06998420068268,14160.0,17728.0,6014.480609329353,5631461.0,9102579.2,5429754.616444402,914556.0,1005754.4,159521.08443993895,385.33049106369424,384.60709924431495,39.67352493565533,7.515923566878981,10.783824917538686,3.8573247917826885,2989.098195329087,5551.167748844397,3383.8412171650057,0.9965056030841086,-0.03740246721413555,3.7331904332127857,8.056223495813185,3.390525511714306,4.0075379712553545,7.4904688460721545,10.0,0.9462648337438253,-0.520924885128052,3.7104924635305605,7.577654913950328,3.361333674294654,3.8737513068022364
13,2011-08-15 17:28:40.489522,1765,40809.0,17585012.0,1827805.0,296.8924056402266,23.121246458923512,9963.179603399434,111.0,-25373.0,-13277515.0,-5705767.0,-67.04776718383624,45,1,0,1654.0,1649.8,153.1068254520352,66182.0,28201.0,21958.890329431473,30862527.0,14114769.6,10664396.106674798,7533572.0,2329370.8,2913170.1370989676,363.94017282406287,375.39362095631066,37.59471916673335,40.01330108827086,17.164771520169385,13.258381297424304,18659.32708585248,8602.097133151043,6451.30039692932,1.0698266456533703,0.7524158355392008,1.4470763448104165,0.5741638038558323,1.245858947637374,0.3254044922269898,0.7846775618549007,-0.1721718184642232,0.7908829267879033,-2.0880915472686854,1.347017432210384,0.44926109791864455,1.158226819481246,0.2109780023413615
13,2011-08-15 17:29:10.449741,2085,24715.0,9127859.0,1751725.0,318.12184577410073,11.853717026378895,4377.870023980815,320.0,-16094.0,-8457153.0,-76080.0,21.229440133874107,54,1,0,1765.0,1677.0,160.39482535293953,40809.0,30783.8,22662.1115896114,17585012.0,13976403.2,10601195.333317606,1827805.0,2442520.2,2872047.9929757807,296.8924056402266,364.74100930093056,51.506157876675715,23.121246458923512,18.364220320855253,13.522418819904225,9963.179603399434,8350.798861074638,6347.4838690215465,1.24329159212806,2.5437229605112006,0.8028573470461475,-0.2677949923599241,0.6530907036225171,-0.45735825513580686,0.7171793297758599,-0.24052355729761138,0.872185571847122,-0.9051182508613391,0.6454789159914287,-0.4814599651662771,0.5242456556326296,-0.6259060943002628
13,2011-08-15 17:29:40.453919,2125,19326.0,10171523.0,961107.0,263.1204259383529,9.094588235294118,4786.599058823529,40.0,-5389.0,1043664.0,-790618.0,-55.00141983574781,72,1,0,2085.0,1768.6,237.1271810653515,24715.0,32009.8,21993.1207358119,9127859.0,13823392.8,10680095.755422467,1751725.0,2580851.2,2804683.173768599,318.12184577410073,360.0225103988361,55.098400519831905,11.853717026378895,18.45039089269526,13.468392109134168,4377.870023980815,8010.280548722675,6542.403504553209,1.2015153228535558,1.5029909198822484,0.6037526007659966,-0.5767166993880092,0.7358195739037379,-0.34193230881341896,0.372399230145465,-0.5775141431834457,0.7308443731647084,-1.7587095731362643,0.49292116832071337,-0.6946488178318965,0.5975569806461031,-0.49273657420474304
13,2011-08-15 17:30:10.459877,1884,23651.0,13706905.0,2900607.0,314.1843718158174,12.553609341825902,7275.427282377919,-241.0,4325.0,3535382.0,1939500.0,51.063945877464505,42,1,0,2125.0,1902.6,202.369217026701,19326.0,33038.4,21051.02926937301,10171523.0,14675676.4,10041686.535840858,961107.0,2597753.0,2792071.577269734,263.1204259383529,325.48106824808747,49.551426898115515,9.094588235294118,18.31975527514927,13.57663788150698,4786.599058823529,8155.214793477071,6440.298478832562,0.9902239041306685,-0.09191121195796235,0.7158639643566058,-0.4459354400146702,0.9339879557442408,-0.09647496927356322,1.1165830623619717,0.10846928225821127,0.9652923087230844,-0.22797923569929898,0.6852498383627216,-0.4247108881612614,0.8921196395950551,-0.13660663616610746
13,2011-08-15 17:30:40.483223,1986,37499.0,30420077.0,1958916.0,309.8190771379658,18.881671701913397,15317.259315206446,102.0,13848.0,16713172.0,-941691.0,-4.365294677851637,50,1,0,1884.0,1902.6,202.369217026701,23651.0,34936.6,19276.260070355955,13706905.0,16290765.2,8795453.379456677,2900607.0,2994963.2,2629274.7792869,314.1843718158174,311.2518443985121,36.58785151068622,12.553609341825902,19.32729243013866,12.735289439316013,7275.427282377919,9012.48061088684,5837.818940673428,1.0438347524434755,0.41211801490828526,1.0733442865075289,0.13293035011186957,1.86732032697887,1.6064335959077998,0.6540701401606535,-0.3940429536546925,0.9953967589676119,-0.03915964456367944,0.9769434476757173,-0.03499101691513685,1.6995608619342712,1.0799887369564822
13,2011-08-15 17:31:10.509021,1883,29448.0,19132666.0,1230796.0,331.4116429399894,15.6388741370154,10160.736059479554,-103.0,-8051.0,-11287411.0,-728120.0,21.59256580202361,58,1,0,1986.0,1969.0,147.41268602125126,37499.0,29200.0,9381.428249472414,30420077.0,16202275.2,8612520.80093226,1958916.0,1880032.0,691268.6737984312,309.8190771379658,300.42762526129275,22.331915405779352,18.881671701913397,15.100966552867163,5.73865968535437,15317.259315206446,8344.06705675763,4493.751888414306,0.9563230066018505,-0.5833961941852054,1.0084931506848969,0.026435207241916538,1.180862919795363,0.34024774717325507,0.6546675801262954,-0.9391948812500528,1.1031330512653277,1.387432162191102,1.0356207386612934,0.09373400995136473,1.2177198469719193,0.4042655330849963
13,2011-08-15 17:31:40.477266,1637,12640.0,4780851.0,888549.0,379.72275626511913,7.721441661576054,2920.4954184483813,-246.0,-16808.0,-14351815.0,-342247.0,48.311113325129725,41,1,0,1883.0,1992.6,111.71078730364408,29448.0,26927.8,6919.590717665237,19132666.0,16511806.0,8701985.991540533,1230796.0,1760630.2,751482.749710696,331.4116429399894,307.33147272124523,26.000258689851066,15.6388741370154,13.604492088485543,3.7581955650986165,10160.736059479554,8383.578347973656,4512.3768474773515,0.821539696878038,-3.183219889322334,0.4694033675235084,-2.064833106894916,0.2895413742143046,-1.3480778998499905,0.5046766777032449,-1.1604806635092162,1.2355479017545934,2.7842524339708525,0.5675655960389508,-1.565392306876857,0.348359053524433,-1.2106885382541144
13,2011-08-15 17:32:10.455981,1643,19588.0,9066226.0,1172155.0,373.3814049793062,11.922093730979917,5518.092513694462,6.0,6948.0,4285375.0,283606.0,-6.341351285812948,49,1,0,1637.0,1903.0,178.66868779951346,12640.0,24512.8,9507.977739771943,4780851.0,15642404.4,9775116.073360382,888549.0,1587995.0,847103.4541102749,379.72275626511913,319.65165481944894,42.039223219518405,7.721441661576054,12.778037015524973,4.5996213075497225,2920.4954184483813,8092.103426867169,4868.802907912615,0.8633736205986005,-1.4552074188304014,0.7990927189060083,-0.5179650326061457,0.5795928661708809,-0.6727468349886625,0.7381351956397844,-0.49089635744286075,1.1680884467469368,1.27808617866262,0.9330144931934286,-0.18608994678627966,0.681910774320156,-0.5286742884968669
13,2011-08-15 17:32:40.540150,1812,19039.0,8342629.0,1712845.0,301.18561134437084,10.507174392935982,4604.099889624724,169.0,-549.0,-723597.0,540690.0,-72.19579363493534,35,1,0,1643.0,1806.6,157.75075277157953,19588.0,24565.2,9472.903393363556,9066226.0,15421345.0,9940860.372155834,1172155.0,1630204.6,812613.5516433112,373.3814049793062,341.7038506276396,32.896788100139474,11.922093730979917,13.343538114662135,4.189031845653857,5518.092513694462,8238.402117841355,4754.290786843663,1.0029890401854296,0.03423121541476871,0.7750394867535874,-0.5833691921603374,0.5409793374053948,-0.7120828313641092,1.0506932688080985,0.1016970487790659,0.8814229362363739,-1.2316776689170243,0.7874354089492248,-0.6770929001152862,0.558858359153576,-0.7644257348063161
13,2011-08-15 17:33:10.451309,1550,23688.0,9622211.0,1889037.0,315.9201271567742,15.282580645161293,6207.878064516129,-262.0,4649.0,1279582.0,176192.0,14.734515812403345,43,1,0,1812.0,1792.2,152.1042405720498,19039.0,23642.8,9802.966525496184,8342629.0,14348489.8,10448643.979591489,1712845.0,1392652.2,433622.7050429556,301.18561134437084,339.1040985333503,35.98404894882244,10.507174392935982,12.93425112488415,4.38107702829369,4604.099889624724,7704.136639290717,5031.569280251839,0.8648588327190799,-1.5923290441312892,1.0019117870979326,0.004610849163101502,0.6706079269750046,-0.4523341793663816,1.356431275518754,1.14473894984541,0.9316316981193089,-0.6442846776054783,1.181558986014864,0.5360164874014405,0.8057850418767822,-0.29737413745784697
13,2011-08-15 17:33:40.450031,1679,17639.0,9527483.0,864474.0,311.986269884455,10.50565812983919,5674.498511018463,129.0,-6049.0,-94728.0,-1024563.0,-3.9338572723191874,47,1,0,1550.0,1705.0,137.50090908790386,23688.0,20880.6,6209.904008919829,9622211.0,10188916.6,5343879.540800607,1889037.0,1378676.4,411363.9401027645,315.9201271567742,340.32430853711196,34.82759898198687,15.282580645161293,12.214432913533729,3.3289447442149824,6207.878064516129,5882.260389152652,2690.248370404433,0.9847507331372524,-0.18908965891410362,0.8447554189055466,-0.5220048482783763,0.9350830293379768,-0.12377404747804348,0.6270318401040298,-1.2499938615707145,0.9167322523172526,-0.8136661578795591,0.8601019960033266,-0.513308244647415,0.9646799249964719,-0.07722776841711393
13,2011-08-15 17:34:10.459319,1424,41246.0,18815213.0,1731931.0,395.329043798455,28.96488764044944,13212.93047752809,-255.0,23607.0,9287730.0,867457.0,83.34277391400002,32,1,0,1679.0,1664.2,95.25597094145859,17639.0,18518.8,3983.3642439523946,9527483.0,8267880.0,2013897.1653773987,864474.0,1305412.0,472381.81029552256,311.986269884455,336.4392339260051,37.08094661131367,10.50565812983919,11.187789712098487,2.7500283949983957,5674.498511018463,4985.012879460434,1290.5706728069113,0.8556663862511382,-2.521626703538595,2.2272501457976634,5.70552894691945,2.2756998166398157,5.237274862554094,1.3267313307982451,0.9029115658225035,1.175038473319752,1.5881420312202619,2.588973191598141,6.464332497154813,2.6505308606054343,6.375410329266253
13,2011-08-15 17:34:40.485991,1555,23094.0,5397891.0,1314279.0,397.6622134874598,14.85144694533762,3471.312540192926,131.0,-18152.0,-13417322.0,-417652.0,2.3331696890047624,57,1,0,1424.0,1621.6,145.0665364582749,41246.0,24240.0,9769.511835296518,18815213.0,11074752.4,4356527.458524134,1731931.0,1474088.4,435449.0084382617,395.329043798455,339.5604914326723,41.969696106186156,28.96488764044944,15.436478907873163,7.810305167350165,13212.93047752809,7043.499891276377,3496.8500972564584,0.9589294523921073,-0.4590996767796741,0.9527227722771884,-0.11730371172277719,0.4874051179690481,-1.3030702673278125,0.891587641555282,-0.36699911333626895,1.1711086051515411,1.3843731893221687,0.9621006858501095,-0.07490513493714393,0.4928391557855742,-1.0215443189529567
13,2011-08-15 17:35:10.481338,1387,62510.0,55392558.0,2862748.0,417.3020430454217,45.06849315068493,39936.956020187456,-168.0,39416.0,49994667.0,1548469.0,19.639829557961946,35,1,0,1555.0,1604.0,147.14448681483108,23094.0,24941.2,9473.479439994515,5397891.0,10341085.4,5035339.281229398,1314279.0,1502513.2,414969.5096681968,397.6622134874598,344.4166531343029,47.85359428826492,14.85144694533762,16.022349550744703,7.587466711677793,3471.312540192926,6634.14389657607,3824.514203216009,0.8647132169570669,-1.4747409481376048,2.5062948053821583,3.965681272436243,5.3565516439889365,8.94705800023082,1.9053063893215703,3.277915047511851,1.2116198193282077,1.5230912326155053,2.812851698506187,3.8281741060435133,6.01991103038829,8.707723479128033
13,2011-08-15 17:35:40.458768,1654,100646.0,17764210.0,5975041.0,316.1772313748489,60.85006045949214,10740.15114873035,267.0,38136.0,-37628348.0,3112293.0,-101.12481167057284,29,1,0,1387.0,1519.0,116.5182389156307,62510.0,33635.4,18422.950708287728,55392558.0,19751071.2,20520238.536462035,2862748.0,1732493.8,746716.5859573164,417.3020430454217,367.63993947451314,49.76599715488342,45.06849315068493,22.934613302294494,14.183114560590766,39936.956020187456,13700.715122688616,15114.411233688468,1.088874259380455,1.1586168934169445,2.992264102701232,3.6373434994781295,0.8994048889864769,-0.09682446899774494,3.448809456056926,5.6816030067966174,0.860018723281038,-1.0340937797039653,2.653197577599933,2.6732807517381487,0.7839117193922012,-0.1958768971006477
13,2011-08-15 17:36:10.596897,1327,13744.0,4713089.0,987191.0,370.98361314016574,10.357196684250187,3551.6872645064054,-327.0,-86902.0,-13051121.0,-4987850.0,54.80638176531687,48,1,0,1654.0,1539.8,131.72585167688231,100646.0,49027.0,33780.85050735105,17764210.0,21379471.0,19826851.34676537,5975041.0,2549694.6,2053409.2305318255,316.1772313748489,367.69136031812803,49.699285733128946,60.85006045949214,32.04810926516067,21.02612327899447,10740.15114873035,14607.16973953146,14682.43627404688,0.8618002337960373,-1.615476364657512,0.280335325432919,-1.0444674858710565,0.22044928052710003,-0.8405965076607598,0.38718009600051695,-0.7609314192063492,1.008953848733841,0.06624346353084287,0.32317652808261815,-1.0316173025366275,0.2431468469141022,-0.7529732987546698
13,2011-08-15 17:36:40.458324,1203,17168.0,7963989.0,1025068.0,461.9771411995013,14.27098919368246,6620.107231920199,-124.0,3424.0,3250900.0,37877.0,90.99352805933556,36,1,0,1327.0,1469.4,132.7904364026265,13744.0,48248.0,34717.54881900507,4713089.0,20416592.2,20646301.90135306,987191.0,2574238.0,2028817.0820125707,370.98361314016574,379.4908289692702,39.02473746134264,10.357196684250187,32.018416976042865,21.064220375370613,3551.6872645064054,14182.607490229047,15031.84579257492,0.8187015108201859,-2.0061685706812296,0.3558282208588884,-0.8952244918565595,0.3900743533487435,-0.6031396450317291,0.398202497204998,-0.7635828846941858,1.21736048919299,2.113692944374763,0.4457118915002803,-0.8425390289910318,0.46677645394054534,-0.5030985790210735
13,2011-08-15 17:37:10.466150,1572,39088.0,26727814.0,1784069.0,407.160243793257,24.865139949109416,17002.4262086514,369.0,21920.0,18763825.0,759001.0,-54.81689740624432,45,1,0,1203.0,1425.2,180.0505484579261,17168.0,43432.4,37490.73606639379,7963989.0,18246347.4,21412801.23817341,1025068.0,2432865.4,2124553.5151862637,461.9771411995013,392.82044844947944,54.21362701074053,14.27098919368246,29.07963728668947,22.56806671639544,6620.107231920199,12864.042841107472,15422.253602387402,1.103003087285221,0.8153265916515028,0.8999732918281997,-0.11587929328211163,1.4648309282985592,0.3960932764312859,0.7333200595478893,-0.305380116510324,1.0365047069197706,0.26450536763888016,0.8550704984080316,-0.1867460509734989,1.3217016157873998,0.2683384331653726
13,2011-08-15 17:37:40.460738,1899,20905.0,9729361.0,2450073.0,408.182399328594,11.008425487098473,5123.412848867825,327.0,-18183.0,-16998453.0,666004.0,1.0221555353369922,47,1,0,1572.0,1428.6,183.24655522000953,39088.0,46631.2,35973.19437025297,26727814.0,22512332.0,20309428.52623573,1784069.0,2526823.4,2072466.6017290375,407.160243793257,394.72005451063893,54.59078205274044,24.865139949109416,31.082375887443828,21.40406689841136,17002.4262086514,15570.265574799167,14522.9839536741,1.329273414530779,2.5670332489069785,0.44830499751238556,-0.7151491673275713,0.43217917184234844,-0.629410669211443,0.9696257364088045,-0.03703335915568811,1.0341060573514846,0.24660472540405104,0.3541693700188252,-0.9378568332216066,0.32905108935070815,-0.7193323878380877
13,2011-08-15 17:38:10.537288,1433,14924.0,5471139.0,1132159.0,328.16418999651086,10.414515003489184,3817.961618981159,-466.0,-5981.0,-4258222.0,-1317914.0,-80.01820933208313,45,1,0,1899.0,1531.0,274.5150269110964,20905.0,38310.2,36193.192470408016,9729361.0,13379692.6,8876388.933185553,2450073.0,2444288.4,2063943.8229406364,408.182399328594,392.8961257672734,53.79421177512343,11.008425487098473,24.270362354726537,21.259531308870926,5123.412848867825,8607.55694053524,5400.759730407317,0.9359895493135624,-0.3569932076300544,0.3895568282076213,-0.6461491347888194,0.4089136547128145,-0.8909651953659697,0.46318552262490775,-0.635738911793889,0.8352441484497078,-1.2033252952968045,0.42910422394381365,-0.6517475455728415,0.44355926372103727,-0.8868373267166192
13,2011-08-15 17:38:40.481386,1502,153968.0,132823652.0,125354607.0,400.9418455319574,102.508655126498,88431.1930758988,69.0,139044.0,127352513.0,124222448.0,72.77765553544657,53,1,0,1433.0,1486.8,267.46065131155274,14924.0,21165.8,10383.867978744638,5471139.0,10921078.4,9058951.79178693,1132159.0,1475712.0,633289.9896122356,328.16418999651086,395.29351749160577,49.62601686228195,10.414515003489184,14.183253263525945,6.185305756135721,3817.961618981159,7223.119034585402,5600.931761158783,1.0102232983582122,0.05683078959617662,7.274376588647381,10.0,10.0,10.0,10.0,10.0,1.0142889467937135,0.11381788016379828,7.2274430424848095,10.0,10.0,10.0
13,2011-08-15 17:39:10.466323,1263,15699.0,3452509.0,1319722.0,370.2421859722882,12.429928741092636,2733.577988915281,-239.0,-138269.0,-129371143.0,-124034885.0,-30.69965955966921,48,1,0,1502.0,1521.8,252.34440750688333,153968.0,49210.6,59329.769153435955,132823652.0,36543191.0,54469012.92877718,125354607.0,26349195.2,55348657.08848304,400.9418455319574,401.2851639699642,47.72944379764214,102.508655126498,32.613544951975506,39.50123946121364,88431.1930758988,24199.02019686388,36283.0798144,0.8299382310416415,-1.025582467057111,0.3190166346274925,-0.5648361771530453,0.09447749103246074,-0.6075138913067665,0.05008585613271407,-0.4522146428952499,0.9226411021741084,-0.6503947150240856,0.38112780315709255,-0.5109615922353588,0.1129623417261097,-0.5916102579425692
13,2011-08-15 17:39:40.454649,1386,11919.0,5368084.0,742575.0,334.431193481241,8.5995670995671,3873.0764790764792,123.0,-3780.0,1915575.0,-577147.0,-35.810992491047216,51,1,0,1263.0,1533.8,234.16596678424472,15699.0,48916.8,59531.40675055479,3452509.0,35640895.0,55094566.96365673,1319722.0,26408126.0,55315099.90957653,370.2421859722882,382.9381729245215,34.312859111981865,12.429928741092636,32.24533286145754,39.72292407027922,2733.577988915281,23421.714348262896,36791.89288931344,0.9036380232097382,-0.6311762636948366,0.24365862035128538,-0.6214837179142351,0.1506158585523736,-0.5494699871217708,0.02811918573851094,-0.46398815227587803,0.8733294749026895,-1.4136676656282618,0.2666918383583929,-0.5952675014422463,0.16536263834007375,-0.5313300386038027
13,2011-08-15 17:40:10.532383,1315,45318.0,19321862.0,1908884.0,407.9324361551331,34.46235741444867,14693.431178707224,-71.0,33399.0,13953778.0,1166309.0,73.50124267389208,43,1,0,1386.0,1496.6,241.24738340549933,11919.0,43483.0,61847.705175697505,5368084.0,31368949.0,56761337.40374253,742575.0,26199827.2,55432843.36715392,334.431193481241,368.3923628621183,36.802868731384564,8.5995670995671,28.99221829154908,41.11989787739822,3873.0764790764792,20795.844402347913,37818.77690701997,0.8786582921282383,-0.7527542783500611,1.042200400156359,0.029669653785651163,0.6159550324749484,-0.2122410702607173,0.07285864847230748,-0.4382048930651339,1.107331414214758,1.0743747608517704,1.1886761153183438,0.1330290055455914,0.706556122195624,-0.16135934905149696
13,2011-08-15 17:40:40.518477,1286,18952.0,11849760.0,1032725.0,382.5701899618973,14.737169517884915,9214.432348367029,-29.0,-26366.0,-7472102.0,-876159.0,-25.36224619323576,48,1,0,1315.0,1379.8,94.39650417255919,45318.0,48365.6,60570.11798155919,19321862.0,33287449.2,56004140.50928473,1908884.0,26091589.4,55491307.91157328,407.9324361551331,368.3423702274261,36.73541372141463,34.46235741444867,33.68300467701911,39.874403567986285,14693.431178707224,22709.84806831579,37061.89698719779,0.9320191332070358,-0.9936808658458104,0.3918487520055496,-0.4856123940348705,0.35598281889379496,-0.3827875761515512,0.03958076237394722,-0.4515817943943923,1.038626617200318,0.3873052810016376,0.4375253828677022,-0.47513776917957434,0.4057461027765469,-0.3641318123735029
13,2011-08-15 17:41:10.469476,1236,27888.0,15585423.0,2426941.0,426.5777542815534,22.563106796116504,12609.565533980582,-50.0,8936.0,3735663.0,1394216.0,44.00756431965607,49,1,0,1286.0,1350.4,96.55205849695793,18952.0,49171.2,60038.59397670801,11849760.0,34563173.4,55280071.13928054,1032725.0,26071702.6,55502505.70165552,382.5701899618973,379.2235702205034,29.129472216365247,14.737169517884915,34.54753557989826,39.28631195909811,9214.432348367029,23789.142214192965,36447.6862287982,0.9152843601888956,-1.1848530396938108,0.5671612651307968,-0.35449197908026403,0.45092569538189453,-0.34330184474952524,0.09308716953529532,-0.4260125070226285,1.1248714156464235,1.6256451097943425,0.6531032218863076,-0.3050535462823278,0.530055494243798,-0.3067293931920107
13,2011-08-15 17:41:40.480861,1416,21583.0,14245545.0,1119863.0,258.31412103107346,15.24223163841808,10060.41313559322,180.0,-6305.0,-1339878.0,-1307078.0,-168.26363325047993,48,1,0,1236.0,1297.2,57.53868264046362,27888.0,23955.2,13322.003404143035,15585423.0,11115527.6,6701081.039429948,2426941.0,1486169.4,680071.3251207817,426.5777542815534,384.3507519704226,35.47322902033359,22.563106796116504,18.558425913821964,10.250754277948777,12609.565533980582,8624.81670580932,5252.1348100562145,1.0915818686393064,2.064697948339716,0.9009734838364571,-0.178066310902014,1.281589638624081,0.4670914113085053,0.7535231178895214,-0.5386293855794357,0.6720791352849486,-3.553006997574164,0.8213105846571095,-0.3235073425000645,1.1664495001749746,0.27333579234007915
13,2011-08-15 17:42:10.455128,1291,19072.0,12154752.0,1056481.0,346.146007746708,14.773044151820294,9414.9899302866,-125.0,-2511.0,-2090793.0,-63382.0,87.83188671563454,44,1,0,1416.0,1327.8,73.32257496842286,21583.0,25132.0,12653.47088746794,14245545.0,13274134.8,5181582.239744135,1119863.0,1446197.6,697938.9204551057,258.31412103107346,361.9651389821796,67.47963075669048,15.24223163841808,19.120886493287053,9.901624998281216,10060.41313559322,10090.18373514491,4091.375718767302,0.972284982677382,-0.5018918118375735,0.7588731497691883,-0.47891997807505726,0.9156718824341001,-0.21603107857944087,0.7305232701257416,-0.5583820998918883,0.9562965337465642,-0.23442824238733329,0.7726129306940968,-0.4391039189812157,0.9330840921649929,-0.16502855060731894
13,2011-08-15 17:42:40.468883,1371,16001.0,7864291.0,1461790.0,371.6148708796499,11.671043034281546,5736.171407731583,80.0,-3071.0,-4290461.0,405309.0,25.46886313294192,41,1,0,1291.0,1308.8,66.45825757571431,19072.0,26562.6,11094.463159612491,12154752.0,14631468.4,3038535.1783893127,1056481.0,1508978.8,629595.4686268276,346.146007746708,364.3081018352731,66.4806017793512,14.773044151820294,20.355581903737693,8.554997339055609,9414.9899302866,11198.566425386934,2377.9363000821763,1.0475244498769503,0.9359258317629098,0.6023883204204181,-0.9519703520623474,0.5374915753500175,-2.2271183325865556,0.9687279900817686,-0.07495098416594483,1.0200565647773068,0.10990828675886627,0.5733583588472678,-1.0151422056900017,0.5122237248802919,-2.2971157879478463
13,2011-08-15 17:43:10.453856,1378,15941.0,6338896.0,1631584.0,381.6386353018868,11.56821480406386,4600.069666182873,7.0,-60.0,-1525395.0,169794.0,10.023764422236866,52,1,0,1371.0,1320.0,72.23226425912446,16001.0,20699.2,4478.658247734293,7864291.0,12339954.2,2935578.9598211953,1461790.0,1419560.0,589042.8297995316,371.6148708796499,357.0445887801764,62.38027507010498,11.671043034281546,15.79731902770427,4.03990147514054,5736.171407731583,9407.114471191806,2459.4462462591086,1.043939393938603,0.8029652758929041,0.7701263816958737,-1.062416406164963,0.51368877852075,-2.044250310461933,1.1493589562963165,0.35994666138650316,1.0688822833155538,0.394259988332474,0.7322897501179799,-1.0468335053756368,0.4889990102990202,-1.9545232233957692
13,2011-08-15 17:43:40.472757,1456,27488.0,11753891.0,7817618.0,266.33912075480765,18.87912087912088,8072.7273351648355,78.0,11547.0,5414995.0,6186034.0,-115.29951454707911,39,1,0,1378.0,1338.4,73.11839713779281,15941.0,20097.0,4949.950858341765,6338896.0,11237781.4,4005277.1464080424,1631584.0,1539331.8,550334.5028997662,381.6386353018868,356.8582778481743,62.286298896897684,11.56821480406386,15.163528084940058,4.4731467243698795,4600.069666182873,8484.241934754973,3279.0085436497625,1.087866108785798,1.6083503550655307,1.3677663332835066,1.4931461365001295,1.0459262893296712,0.12885740015840097,5.078578900273479,10.0,0.7463442416414271,-1.4532755789800489,1.2450348475712587,0.8306440683261028,0.9514965977213173,-0.1254997033743523
13,2011-08-15 17:44:10.482874,1460,30712.0,22912899.0,1561089.0,351.5657645965753,21.035616438356165,15693.766438356164,4.0,3224.0,11159008.0,-6256529.0,85.22664384176767,46,1,0,1456.0,1382.4,61.33759043196907,27488.0,20017.0,4793.309243101093,11753891.0,10471475.0,3263327.834508478,7817618.0,2617467.2,2916702.764846269,266.33912075480765,324.81055114282515,58.5575797675673,18.87912087912088,14.426730901540932,3.015529834577673,8072.7273351648355,7576.874294991825,2347.4484774012635,1.0561342592584952,1.2651295796303366,1.534295848528674,2.231235135807449,2.1881252641103566,3.8124959032422563,0.596412058191216,-0.36218232887219776,1.0823717498047132,0.45690435908541277,1.4581000075804582,2.1916166966224675,2.071271850019656,3.45775092467489
13,2011-08-15 17:44:40.547328,2096,30548.0,19253473.0,1937678.0,272.771984072042,14.57442748091603,9185.817270992366,636.0,-164.0,-3659426.0,376589.0,-78.79378052453336,50,1,0,1460.0,1391.2,69.91923912629473,30712.0,21842.8,6840.434832669519,22912899.0,12204945.8,6483017.351753033,1561089.0,2705712.4,2866304.2650253414,351.5657645965753,343.4608798559255,45.472115127722,21.035616438356165,15.585407861528548,4.262433161697671,15693.766438356164,8703.544955544416,4341.978132824308,1.5066129959736152,10.0,1.3985386488911038,1.2726091561348116,1.5775140107545578,1.0872294207409532,0.7161433713354012,-0.26795285112315503,0.7941864709182305,-1.5545548207682462,0.9351328890119596,-0.23718386705978833,1.055411021360862,0.11107202770137795
13,2011-08-15 17:45:10.460688,1501,24035.0,14833552.0,1657058.0,313.53111858760826,16.0126582278481,9882.446369087274,-595.0,-6513.0,-4419921.0,-280620.0,40.7591345155663,46,1,0,2096.0,1552.2,306.8602287687344,30548.0,24138.0,7565.210737315822,19253473.0,13624690.0,7206228.282481352,1937678.0,2881951.8,2764842.290126392,272.771984072042,328.78607512099234,55.1901567810511,14.57442748091603,15.545684527347698,4.272809457736802,9185.817270992366,8657.710423685567,4333.792364555145,0.9670145599787611,-0.1668512084647507,0.9957328693346178,-0.013614954503769889,1.0887258352300124,0.16775238760320638,0.5749776939364495,-0.44302483522270075,0.9536021818176944,-0.27640719691423815,1.030038799426868,0.10928961495007934,1.1414618744985927,0.2826014359659203
13,2011-08-15 17:45:40.450983,1785,17254.0,7330738.0,1330403.0,235.9495784179272,9.66610644257703,4106.856022408963,284.0,-6781.0,-7502814.0,-326655.0,-77.58154016968109,49,1,0,1501.0,1578.2,292.8569616724178,24035.0,25744.8,6120.058471942788,14833552.0,15018542.2,6447556.419984921,1657058.0,2921005.4,2741044.094949031,313.53111858760826,317.169324662584,49.76815527699911,16.0126582278481,16.414007566061006,3.689949047340218,9882.446369087274,9486.965415956705,4020.3635948596234,1.1310353567348048,0.7061467783395736,0.6701935924924385,-1.387372365627618,0.4881124880416156,-1.192359352788413,0.4554606437906618,-0.5802907012444747,0.7439230722207919,-1.6319621611645598,0.588893748408804,-1.8287247425595918,0.4328945919314683,-1.338214633230022
13,2011-08-15 17:46:10.454379,1543,42788.0,19496006.0,2030320.0,336.52966165327285,27.730395333765397,12635.130265716138,-242.0,25534.0,12165268.0,699917.0,100.58008323534568,54,1,0,1785.0,1659.6,279.5609057075041,17254.0,26007.4,5600.331668749513,7330738.0,15216910.6,6120728.312572888,1330403.0,2860769.2,2779503.434562342,235.9495784179272,288.0315132857921,45.007699411583914,9.66610644257703,16.03358589376364,4.352923004263705,4106.856022408963,9388.322687201924,4173.381986386837,0.9297421065311342,-0.4170826378763338,1.645224051616015,2.9963582502862565,1.2812065807891384,0.699115396318131,0.7097112203249389,-0.2987761013976807,1.1683779243911805,1.077552263289444,1.7295192426556172,2.6871160886277043,1.3458346806654702,0.7779799666323868
13,2011-08-15 17:46:40.476219,1536,20884.0,12384833.0,1151681.0,272.5159519029948,13.596354166666666,8063.042317708333,-7.0,-21904.0,-7111173.0,-878639.0,-64.01370975027805,47,1,0,1543.0,1677.0,266.1043028588602,42788.0,29067.4,9460.882876349273,19496006.0,16765333.6,6003818.452930541,2030320.0,1703309.6,284292.8026410846,336.52966165327285,302.0696214654851,47.43137179211144,27.730395333765397,17.803840784692547,6.870971993697953,12635.130265716138,10300.803273312184,4310.346071913703,0.9159212880137652,-0.5298674184695747,0.71846811204302,-0.8649721286008472,0.7387167649321335,-0.7296190973032871,0.6761430805063268,-1.9403537299409617,0.9021627218916838,-0.6230827497758026,0.7636753400756603,-0.6123568283021129,0.7827585969530811,-0.5191603918266852
13,2011-08-15 17:47:10.477280,1409,11637.0,4422961.0,792978.0,303.5344993605394,8.259048970901349,3139.0780695528742,-127.0,-9247.0,-7961872.0,-358703.0,31.018547457544628,37,1,0,1536.0,1692.2,252.4295941445852,20884.0,27101.8,10037.163802588795,12384833.0,14659720.4,5084573.10111305,1151681.0,1621428.0,378759.16547157976,272.5159519029948,286.259658926769,39.283319433009595,13.596354166666666,16.315988330354646,6.801306302626424,8063.042317708333,8774.658449182618,3106.21414717596,0.832643895520132,-1.1218969826361502,0.429381074319771,-1.5407539723532022,0.3017084145752193,-2.0132977137764225,0.4890614939423764,-2.1872738022551186,1.0603467512588958,0.43975001814166165,0.506193606122519,-1.1846164545121833,0.3577436190516258,-1.8142922904242014
13,2011-08-15 17:47:40.513173,1381,8224.0,2840446.0,698483.0,298.55963370528605,5.955104996379435,2056.8037653874003,-28.0,-3413.0,-1582515.0,-94495.0,-4.974865655253382,43,1,0,1409.0,1554.8,139.31690493260322,11637.0,23319.6,11818.811162718463,4422961.0,11693618.0,5981458.795923092,792978.0,1392488.0,473835.87446365977,303.5344993605394,292.4121619844685,39.05109797545347,8.259048970901349,15.052912628351706,7.72876940711202,3139.0780695528742,7565.31060889472,3964.6049285185777,0.8882171340359608,-1.24751551208255,0.35266471123002313,-1.277251983483469,0.24290566016437337,-1.480102480357173,0.5016079133177446,-1.4646527150050652,1.0210233106519113,0.15742122601838862,0.39561147686246206,-1.1771353434899123,0.2718730098099203,-1.3894213781256255
13,2011-08-15 17:48:10.499286,1145,10085.0,2496482.0,610075.0,384.69205635196505,8.807860262008735,2180.3336244541483,-236.0,1861.0,-343964.0,-88408.0,86.132422646679,45,1,0,1381.0,1530.8,159.74104043732783,8224.0,20157.4,13565.627401635295,2840446.0,9294996.8,6761359.847343659,698483.0,1200773.0,530554.9436003331,298.55963370528605,289.41786500800407,37.57294578879362,5.955104996379435,13.041401982057973,8.668241212684059,2056.8037653874003,6000.182088154745,4347.377428938356,0.7479749150765953,-2.415158928108698,0.500312540307753,-0.7424942246891627,0.26858341683345166,-1.0054951893546884,0.5080685525074261,-1.113358771085114,1.329192502819399,2.535712580988032,0.6753767941093286,-0.48839685187417115,0.36337790960679156,-0.8786558163256915
13,2011-08-15 17:48:40.495164,1189,10152.0,4976886.0,711477.0,387.2448309772918,8.538267451640033,4185.774600504626,44.0,67.0,2480404.0,101402.0,2.5527746253267765,39,1,0,1145.0,1402.8,161.5338973714186,10085.0,18723.6,14307.773981301154,2496482.0,8328145.6,7425487.06447629,610075.0,1056707.4,581871.9570279712,384.69205635196505,319.16636059481164,43.1287431360052,8.807860262008735,12.869752745944316,8.759802524891231,2180.3336244541483,5614.877608563782,4633.1151243793265,0.8475905332186715,-1.3235612059002153,0.5422034224187366,-0.5990869027705941,0.5975983417004621,-0.45131848872682123,0.6732961271966104,-0.5933099126538653,1.2133008950391673,1.5784941881152967,0.6634367900865296,-0.49447293834555855,0.7454792236467912,-0.3084540249256804
13,2011-08-15 17:49:10.513430,1466,19442.0,7943795.0,1600367.0,318.81038286221013,13.26193724420191,5418.68690313779,277.0,9290.0,2966909.0,888890.0,-68.4344481150817,37,1,0,1189.0,1332.0,162.29910659027053,10152.0,12196.4,5005.119009573889,4976886.0,5424321.6,4028036.0740888184,711477.0,792938.8,210768.27321605335,387.2448309772918,329.3093944596154,53.05455250029152,8.538267451640033,9.031327169519244,2.7924932096338453,4185.774600504626,3925.0064755214794,2466.9357930918427,1.1006006005997744,0.8256360913770265,1.59407694073648,1.4476379055401134,1.4644771430956451,0.6254843188240139,2.018273036960731,3.8308811268398135,0.9681180926660113,-0.19789087085692988,1.4684372511154895,1.5149938623207588,1.3805548951142759,0.6054800582157253
13,2011-08-15 17:49:40.457573,1841,24011.0,14277545.0,1335907.0,223.0854395366649,13.042368278109723,7755.3204780010865,375.0,4569.0,6333750.0,-264460.0,-95.72494332554528,44,1,0,1466.0,1318.0,142.059846543631,19442.0,11908.0,4382.160369041496,7943795.0,4536114.0,2171103.522228525,1600367.0,882676.0,406409.14321441087,318.81038286221013,338.5682806514585,43.91822350558916,13.26193724420191,8.964443785026294,2.656515409663571,5418.68690313779,3396.1353926073707,1418.8292978595114,1.3968133535649494,3.681546986858731,2.016375545851359,2.7618797535345587,3.1475278178634833,4.486856983217881,1.5134738001259787,1.115208669803194,0.6589082683905138,-2.6294970946961786,1.454899889989836,1.535065250031734,2.283572231802185,3.072381640248789
13,2011-08-15 17:50:10.495399,1248,19219.0,13310656.0,1362058.0,361.42751864583335,15.399839743589745,10665.589743589744,-593.0,-4792.0,-966889.0,26151.0,138.34207910916848,39,1,0,1841.0,1404.4,277.780128878939,24011.0,14382.8,6939.007688423327,14277545.0,6507030.8,4855792.1902783485,1335907.0,991261.8,446959.6724263444,223.0854395366649,322.4784686866836,68.06201572581283,13.042368278109723,9.921107646467968,3.1537340604303132,7755.3204780010865,4319.383874297013,2383.6308256801144,0.8886357163195039,-0.5630352344879164,1.3362488527963028,0.6969584437941702,2.0455806049050818,1.4011359904613205,1.3740648535028774,0.8295965450017273,1.120780311679883,0.5722582492338072,1.5522298810576902,1.7372207010495382,2.469238681714326,2.6624113939621186
13,2011-08-15 17:50:40.461626,1492,35467.0,29256468.0,1247522.0,311.9943494530831,23.771447721179623,19608.8927613941,244.0,16248.0,15945812.0,-114536.0,-49.433169192750256,44,1,0,1248.0,1377.8,286.8025453164598,19219.0,16581.8,6202.40515445405,13310656.0,8601072.8,5129212.499456821,1362058.0,1123976.8,436690.9190668581,361.42751864583335,335.052045674793,68.3450721945566,15.399839743589745,11.810054595910028,3.0096046076754046,10665.589743589744,6041.141069937481,3280.990880627491,1.0828857599063124,0.39818335598658244,2.1389113365254593,3.0448188291013496,3.4014905675487355,4.027011008451567,1.109917927131591,0.28291222602933197,0.931181747670864,-0.3373717443114942,2.012814379994413,3.9744068343030867,3.2458922138022155,4.135260409153483
13,2011-08-15 17:51:10.460001,1311,19973.0,12374227.0,1018812.0,284.349716583524,15.23493516399695,9438.769641495042,-181.0,-15494.0,-16882241.0,-228710.0,-27.644632869559075,51,1,0,1492.0,1447.2,256.8008956370674,35467.0,21658.2,9212.389793099208,29256468.0,13953070.0,9372769.539296195,1247522.0,1251466.2,328898.33384337724,311.9943494530831,320.51250429501664,62.63930665019442,23.771447721179623,14.802772087744207,5.601581123380499,19608.8927613941,9526.852897325472,6153.997110557584,0.9058872305134702,-0.5303719820041397,0.92219113315045,-0.18292756145231315,0.8868461922716648,-0.16844999691719248,0.8140946994812959,-0.7073742128191812,0.8871719910213124,-0.5773178159979373,1.0291947395164822,0.07715019503543057,0.9907542126680523,-0.014313177963522791
13,2011-08-15 17:51:40.455492,1532,12660.0,4336832.0,991564.0,250.5012435502611,8.263707571801566,2830.8302872062663,221.0,-7313.0,-8037395.0,-27248.0,-33.848473033262906,54,1,0,1311.0,1471.6,230.59336503897933,19973.0,23622.4,6903.429495547744,12374227.0,15432538.2,8098950.095379199,1018812.0,1312933.2,209967.34045785773,284.349716583524,299.93348141626313,51.068076691519416,15.23493516399695,16.14210563021559,4.401264569019111,9438.769641495042,10577.451905523554,5418.684611002407,1.041043761891111,0.26193294845898185,0.5359319967488259,-1.5879643598979951,0.28101871149102353,-1.370017850379221,0.7552280649160211,-1.5305675601701496,0.8351893305361511,-0.9679674870787329,0.5119349210440809,-1.7900305544185482,0.26762875525132257,-1.4296129364286443
13,2011-08-15 17:52:10.483486,1248,45343.0,19766026.0,1669318.0,334.6625150264423,36.33253205128205,15838.16185897436,-284.0,32683.0,15429194.0,677754.0,84.16127147618118,43,1,0,1532.0,1484.8,232.07692690140476,12660.0,22266.0,8428.059088544556,4336832.0,14711145.6,9038851.63522266,991564.0,1191172.6,175269.00110987455,250.5012435502611,286.2716535538733,53.81861865891949,8.263707571801566,15.142459695735521,5.618314811610069,2830.8302872062663,10059.880582337251,6113.641742625131,0.8405172413787443,-1.0203513255739611,2.0364232462048846,2.738115591923601,1.343608889303631,0.5592392268396248,1.4014073191408185,2.7280659841283184,1.169038257440649,0.8991472222345845,2.3993811295475846,3.7716064446916207,1.574388654948928,0.9451455482497788
13,2011-08-15 17:52:40.653543,1345,44107.0,38810011.0,1354976.0,322.8815464773234,32.79330855018588,28855.02676579925,97.0,-1236.0,19043985.0,-314342.0,-11.780968549118882,45,1,0,1248.0,1366.2,136.29453400632016,45343.0,26532.4,13440.803353966561,19766026.0,15808841.8,9302452.32687033,1669318.0,1257854.8,277632.5309711548,334.6625150264423,308.58706865182876,43.14239195581125,36.33253205128205,19.80049245036999,10.751561305737216,15838.16185897436,11676.448858531907,6413.219427637647,0.984482506220916,-0.15554548943878724,1.662382596372674,1.3075557715686832,2.454955998104807,2.4725919995914016,1.0772117735687767,0.34981923645716506,1.0463223487844089,0.3313325287991563,1.6561865130741693,1.208458541893282,2.4712159591837373,2.6786200130988678
13,2011-08-15 17:53:10.481048,1295,9720.0,4190269.0,658722.0,322.37855649034753,7.505791505791506,3235.7289575289574,-50.0,-34387.0,-34619742.0,-696254.0,-0.5029899869758765,62,1,0,1345.0,1385.6,121.34784711728496,44107.0,31510.0,14612.657321650948,38810011.0,20908712.8,13591467.069151161,1354976.0,1256438.4,276985.32391996746,322.8815464773234,300.87787421812675,33.764346881462615,32.79330855018588,23.279186211689215,11.740158182248225,28855.02676579925,15314.336262973808,9904.899199852089,0.9346131639716119,-0.7466139874050398,0.30847350047602956,-1.4911729961471962,0.2004077936351969,-1.230069109901035,0.5242771949663426,-2.1579352708690904,1.071459831757393,0.6367865591200983,0.3224249953248016,-1.3435419233451573,0.21128757407214052,-1.2194578724863754
13,2011-08-15 17:53:40.483057,1734,26138.0,17879626.0,1200118.0,260.94330415224914,15.073817762399075,10311.202998846598,439.0,16418.0,13689357.0,541396.0,-61.4352523380984,47,1,0,1295.0,1346.2,109.57508840972916,9720.0,26360.6,17180.538882700937,4190269.0,15895473.0,14344601.66857548,658722.0,1138678.4,385594.2761855476,322.37855649034753,302.9547156255797,34.91869644864329,7.505791505791506,20.02605496861159,13.665363161179767,3235.7289575289574,12039.703502200779,10796.5451993717,1.288070123309101,3.539125595284741,0.9915555791597691,-0.01295652025351319,1.1248250366629542,0.13832053659228866,1.053956938148646,0.15933742743223517,0.8613277519465531,-1.2031208419797619,0.7527102959256201,-0.3623933844596473,0.8564332997869026,-0.16009755634187586
13,2011-08-15 17:54:10.454590,1663,26281.0,14435358.0,1506592.0,243.23628198135896,15.803367408298255,8680.311485267588,-71.0,143.0,-3444268.0,306474.0,-17.707022170890156,56,1,0,1734.0,1430.8,200.86736917677786,26138.0,27593.6,16825.058225753597,17879626.0,16996552.8,14217473.35346058,1200118.0,1174939.6,379988.2500749914,260.94330415224914,298.2734331393247,39.32716021636949,15.073817762399075,19.993831488292017,13.679667703463432,10311.202998846598,12214.19017367109,10750.955562391075,1.1622868325404234,1.1559866639886702,0.9524309984923696,-0.07801458885834726,0.8493109261543905,-0.1801441603811128,1.2822718716774877,0.8727964612972818,0.8154808808162504,-1.3994692434888214,0.7904121537066058,-0.3063279145754752,0.7106743354936587,-0.32870368293264696
13,2011-08-15 17:54:40.451157,1233,94216.0,64560961.0,3324579.0,243.75621576804545,76.41200324412003,52360.87672343877,-430.0,67935.0,50125603.0,1817987.0,0.5199337866864369,56,1,0,1663.0,1457.0,224.51837341295692,26281.0,30317.8,14781.191755064914,14435358.0,19016258.0,12594059.480768159,1506592.0,1277945.2,387582.3191187235,243.23628198135896,296.82044082554427,41.601839198729515,15.803367408298255,21.50176345559135,12.421031780091807,8680.311485267588,13384.086413283356,9745.893388835255,0.8462594371991446,-0.997691175977829,3.107613349253471,4.322939655938119,3.395040233467594,3.6163639745825664,2.601503569949633,5.280513839366015,0.8212244921180868,-1.275525940157084,3.5537551791221094,4.420747064838608,3.912174137748248,3.9993039893913287
13,2011-08-15 17:55:10.496156,997,73815.0,14718281.0,4750395.0,303.8523687542628,74.037111334002,14762.568706118354,-236.0,-20401.0,-49842680.0,1425816.0,60.09615298621736,46,1,0,1233.0,1454.0,228.08112591795043,94216.0,40092.4,32609.215803205072,64560961.0,27975245.0,24015005.28728884,3324579.0,1608997.4,1010994.5182185847,243.75621576804545,278.6391809738649,40.785568682510004,76.41200324412003,29.51765769415895,27.798552373295855,52360.87672343877,20688.629386176235,20163.80239538576,0.6856946354878365,-2.003673027124554,1.841122008161102,1.0341432374060482,0.5261180375721464,-0.5520283606606957,2.9523944538381466,3.107235047659084,1.090486871556202,0.6181889475674233,2.508231245805946,1.6015025905092926,0.7135595321738287,-0.29389599063982563
13,2011-08-15 17:55:40.529192,1336,32303.0,24533145.0,19147464.0,248.8915738278443,24.17889221556886,18363.13248502994,339.0,-41512.0,9814864.0,14397069.0,-54.96079492641849,51,1,0,997.0,1384.4,308.5576121245431,73815.0,46034.0,36048.6737134669,14718281.0,23156899.0,23712626.199653663,4750395.0,2288081.2,1701948.7092732517,303.8523687542628,274.83334542925274,36.262054763787816,74.037111334002,37.76641825092217,34.358694920096184,14762.568706118354,17870.13777424006,19716.898731479676,0.9650390060669134,-0.1568588752894145,0.7017204674805426,-0.3809016694800079,1.0594313599588614,0.058038531388821916,8.368349864506552,9.905928838007762,0.9056090826176988,-0.7153971767369108,0.6402220103130444,-0.3954610635402974,1.027587627863704,0.025003663989141882
13,2011-08-15 17:56:10.452579,1174,97504.0,33692834.0,21396813.0,320.06759298381604,83.05281090289608,28699.17717206133,-162.0,65201.0,9159689.0,2249349.0,71.17601915597174,41,1,0,1336.0,1392.6,306.12301448927354,32303.0,50550.6,31487.54870262212,24533145.0,27225474.2,21263519.486689787,19147464.0,5985829.6,7496728.928035631,248.8915738278443,260.13594889675215,25.45637227481347,24.17889221556886,41.10103839287764,31.366369497228177,18363.13248502994,20895.618479740253,17995.373274977963,0.8430274307045506,-0.714092014166238,1.9288396181251672,1.4911735569967843,1.237548104855415,0.3041528381060501,3.5745776993050384,2.0556943632265146,1.2303858591632806,2.3542884837524927,2.020698603937645,1.3374761944441231,1.3734543057381043,0.43364250205197247
13,2011-08-15 17:56:40.458858,1195,17914.0,6152710.0,1569831.0,299.11799532552305,14.990794979079498,5148.71129707113,21.0,-79590.0,-27540124.0,-19826982.0,-20.949597658292987,45,1,0,1174.0,1280.6,246.65623851830702,97504.0,64823.8,33748.660843061625,33692834.0,30388115.8,20694319.26035684,21396813.0,10025168.6,9458036.986260418,320.06759298381604,271.9608066630655,37.0274269700103,83.05281090289608,54.69683702097704,31.991025472201454,28699.17717206133,24573.213314383196,17150.626778462934,0.9331563329681922,-0.34704169865664913,0.2763491186878851,-1.3899751524405386,0.20247092779605638,-1.1711139417099192,0.15658898744106906,-0.8939844084224845,1.0998569940815146,0.7334343994174801,0.27407060070139405,-1.2411619025829255,0.2095253571927964,-1.1325826320063963
13,2011-08-15 17:57:10.579641,1344,17862.0,10086957.0,1049942.0,306.0602713854167,13.290178571428571,7505.176339285715,149.0,-52.0,3934247.0,-519889.0,6.942276059893629,52,1,0,1195.0,1187.0,123.1361035602473,17914.0,63150.4,36252.13442405841,6152710.0,28731586.2,22539761.31132014,1569831.0,10037816.4,9443829.219913421,299.11799532552305,283.13714933189834,34.539769804821596,14.990794979079498,54.5343225351333,32.23910119863064,5148.71129707113,23866.893276743904,18019.492956721344,1.1322662173537217,1.2750119214378823,0.2828485646963395,-1.2492616150607538,0.351075535119603,-0.8271884046365704,0.10459864557793663,-0.9517192857583672,1.0809611953307,0.663673272357904,0.24370301038621647,-1.279320527837087,0.3144597100368528,-0.9080009618891244
13,2011-08-15 17:57:40.478325,1483,25304.0,16934923.0,1125902.0,267.77360881928524,17.062710721510452,11419.36817262306,139.0,7442.0,6847966.0,75960.0,-38.28666256613144,54,1,0,1344.0,1209.2,142.0552709335347,17862.0,47879.6,35975.16507675816,10086957.0,17836785.4,11208903.12400541,1049942.0,9582889.0,9892208.758470288,306.0602713854167,295.5979604553726,27.249932659208845,13.290178571428571,41.90995760059501,33.848973885756934,7505.176339285715,14895.753199913295,9383.501781847297,1.2264306979811226,1.9274188011381783,0.5284923015229759,-0.6275329092119828,0.9494380641031877,-0.08045946958614851,0.11749087357685138,-0.8549139233195652,0.9058709620522096,-1.0210796475367907,0.407127844979282,-0.7340620416504203,0.7666190503672391,-0.37047843205135306
13,2011-08-15 17:58:10.486920,1049,30608.0,8749096.0,1214215.0,331.0335194366063,29.17826501429933,8340.415633937084,-434.0,5304.0,-8185827.0,88313.0,63.259910617321054,35,1,0,1483.0,1306.4,125.91385944366863,25304.0,38177.4,33701.62951253246,16934923.0,18280113.8,11098013.591605421,1125902.0,8857990.4,10451834.975751247,267.77360881928524,288.3822084683771,29.223103974596754,17.062710721510452,30.515077478096693,29.660695111141152,11419.36817262306,14227.113093214237,9513.576345766,0.8029699938756866,-2.0442547082206746,0.8017308669526788,-0.22460041575096484,0.4786127753756106,-0.8588039401221581,0.13707567350716476,-0.7313333417274498,1.1478985516950098,1.4595065262008413,0.956191739453616,-0.045070166384946174,0.5862338746653066,-0.618768089446867
13,2011-08-15 17:58:40.533812,1136,10817.0,5080257.0,608679.0,299.2901595977113,9.522007042253522,4472.057218309859,87.0,-19791.0,-3668839.0,-605536.0,-31.743359838895003,48,1,0,1049.0,1249.0,167.57237242457344,30608.0,37838.4,33783.91615547255,8749096.0,15123304.0,11119535.548604295,1214215.0,5271340.6,9016612.014813231,331.0335194366063,304.8105975901295,24.11495117638821,29.17826501429933,31.51495203784279,29.477399885804218,8340.415633937084,12222.569722995668,9480.085963468662,0.9095276220969499,-0.6743355027105585,0.28587360987778854,-0.7998303061032814,0.33592242806201605,-0.9031894323374491,0.11546948797047946,-0.5171190234580123,0.9818889564961149,-0.22892179842331642,0.3021425204936839,-0.7460951467919184,0.3658851877846701,-0.8175571966911955
13,2011-08-15 17:59:10.593842,1471,37600.0,23812959.0,1706404.0,306.4010150516655,25.56084296397009,16188.279401767506,335.0,26783.0,18732702.0,1097725.0,7.11085545395423,55,1,0,1136.0,1241.4,172.6102546200542,10817.0,20501.0,7626.5490885457475,5080257.0,9400788.6,4660357.265645593,608679.0,1113713.8,345477.54458858503,299.2901595977113,300.6551109129085,22.569240464184354,9.522007042253522,16.808791265714277,7.447337208976832,4472.057218309859,7377.145732245373,2769.8963113723,1.184952473013384,1.3301643086273183,1.8340568752742874,2.2420363130788217,2.5330810013108898,3.0925033379395854,1.5321746035651156,1.71556794148751,1.019111280431226,0.254590053556331,1.5206829901319032,1.1751920789260244,2.194382487390296,3.1810337568750433
13,2011-08-15 17:59:40.454234,1499,15876.0,6896519.0,986479.0,220.24000789859903,10.591060707138093,4600.74649766511,28.0,-21724.0,-16916440.0,-719925.0,-86.16100715306646,50,1,0,1471.0,1296.6,196.53574738454057,37600.0,24438.2,10498.0059630388,23812959.0,12932838.4,7444116.493451054,1706404.0,1141028.4,392723.5896385091,306.4010150516655,302.111714858137,22.679983880600705,25.56084296397009,18.922800862692394,8.258320676248147,16188.279401767506,9585.059353184648,4443.676575362046,1.156100570722539,1.029838096592961,0.6496386804265187,-0.8156025087187826,0.5332564118329971,-0.8108845966221027,0.8645525387448719,-0.3935322554528946,0.7290018793256277,-3.609866188042443,0.5596983651325845,-1.0088903641763909,0.4799914458678888,-1.1216641830222134
13,2011-08-15 18:00:10.457459,1422,24744.0,10837663.0,1278513.0,223.42181143459916,17.40084388185654,7621.422644163151,-77.0,8868.0,3941144.0,292034.0,3.181803536000075,58,1,0,1499.0,1327.6,217.03640247663512,15876.0,24041.0,10840.993266301672,6896519.0,12294750.8,7873401.639410087,986479.0,1128335.8,397401.10270853154,220.24000789859903,284.94766216077346,42.63768418936238,10.591060707138093,18.3829772898343,8.789679377849312,4600.74649766511,9004.173384860527,4945.082526482705,1.0711057547445986,0.43495007714075845,1.029241712075162,0.06484645666049367,0.8814870001269157,-0.18506458411909146,1.1330961935267843,0.37789829715229806,0.7840801701603567,-1.4429923175818566,0.9465737571537203,-0.11173711413650378,0.8464322396297745,-0.27962136795330844
13,2011-08-15 18:00:40.449599,1472,40225.0,33157226.0,1666351.0,281.2809467581522,27.326766304347824,22525.289402173912,50.0,15481.0,22319563.0,387838.0,57.85913532355306,36,1,0,1422.0,1315.4,207.62779197400317,24744.0,23929.0,10827.567362985934,10837663.0,11075298.8,7435025.292687275,1278513.0,1158858.0,402988.76854356,223.42181143459916,276.07730268383625,50.91403113405962,17.40084388185654,18.450603921903518,8.778275310024817,7621.422644163151,8244.584279168546,4769.940263659822,1.1190512391659426,0.7542342887259206,1.6810146683939287,1.5050472053128399,2.9937996796980313,2.9699868300002548,1.4379250952230547,1.2593229380414919,1.0188485037440993,0.10220451923188409,1.4810770649315141,1.011151059627459,2.732131619915082,2.9938960099356136
13,2011-08-15 18:01:10.544380,1129,15883.0,8934822.0,871404.0,313.04583415677587,14.068201948627104,7913.925597874225,-343.0,-24342.0,-24222404.0,-794947.0,31.76488739862367,47,1,0,1472.0,1400.0,150.17156854744485,40225.0,25852.4,12955.675370276855,33157226.0,15956924.8,12084776.90931435,1666351.0,1249285.2,464542.5560133855,281.2809467581522,266.12678814814547,41.475241770029875,27.326766304347824,18.08030417991322,8.234840713486678,22525.289402173912,11081.55903281591,7979.607554150835,0.8064285714279954,-1.804602579699208,0.614372360012973,-0.7695006022512119,0.5599338288540407,-0.5810701225760907,0.6975220710210922,-0.8134479717916538,1.1763033565089118,1.1312543099243122,0.7780954240514626,-0.4872106662886693,0.7141527265647314,-0.3969660679983626
13,2011-08-15 18:01:40.473601,1296,188297.0,165009320.0,84208661.0,326.9604728287037,145.2908950617284,127322.00617283952,167.0,172414.0,156074498.0,83337257.0,13.914638671927833,44,1,0,1129.0,1398.6,153.2491435538872,15883.0,26865.6,11614.548088496529,8934822.0,16727837.8,11315960.220259205,871404.0,1301830.2,381383.06140276627,313.04583415677587,268.87792305995833,44.566037168097075,14.068201948627104,18.989543161187935,7.245159471993366,7913.925597874225,11769.932708728784,7393.8427530411545,0.9266409266402642,-0.6694980318976663,7.008851468048099,10.0,9.864354375793862,10.0,10.0,10.0,1.216018292266328,1.3032917768381007,7.651100072329928,10.0,10.0,10.0
13,2011-08-15 18:02:10.487718,1185,11544.0,5176316.0,713425.0,276.40328195358654,9.741772151898736,4368.199156118143,-111.0,-176753.0,-159833004.0,-83495236.0,-50.55719087511716,41,1,0,1296.0,1363.6,152.5624462310431,188297.0,57005.0,74065.07832642857,165009320.0,44967110.0,67937692.72632776,84208661.0,17802281.6,37123564.765117414,326.9604728287037,272.98981461536596,49.56205345240534,145.2908950617284,42.9355535807396,57.55814837804939,127322.00617283952,33996.67806294319,52633.863842056795,0.8690231739506681,-1.1706681716964242,0.20250855188141037,-0.613798041225828,0.11511337953450866,-0.5856953982863176,0.04007491938561403,-0.46032369757920666,1.0125040098731066,0.06887259708538268,0.22689289735958806,-0.5766999523723922,0.1284889996613936,-0.5629166613291653
13,2011-08-15 18:02:40.480265,1205,33773.0,30084666.0,1061129.0,311.8346658307054,28.027385892116182,24966.527800829877,20.0,22229.0,24908350.0,347704.0,35.43138387711883,41,1,0,1185.0,1300.8,147.43371391917086,11544.0,56138.6,74689.18587252106,5176316.0,44623069.4,68182596.64367555,713425.0,17747670.8,37154673.77933522,276.40328195358654,284.22246942636355,40.0744168696627,9.741772151898736,42.765695869691726,57.67858880668672,4368.199156118143,33950.1685946338,52666.42584670319,0.9263530135294232,-0.6497835362939552,0.6016003249101225,-0.29944897295002165,0.6741953524156274,-0.21322748202122843,0.05978976125700956,-0.4491101684569429,1.0971499419415132,0.6890230366534893,0.6553707433373946,-0.2555248018760715,0.7353874467879781,-0.17057623807532607
13,2011-08-15 18:03:10.466278,1164,12105.0,4169163.0,812264.0,433.3829806941581,10.399484536082474,3581.755154639175,-41.0,-21668.0,-25915503.0,-248865.0,121.54831486345267,42,1,0,1205.0,1257.4,134.1801028468823,33773.0,57944.4,73844.75697569869,30084666.0,48472470.0,66316076.488299936,1061129.0,17704194.0,37178882.45374125,311.8346658307054,301.90504030558475,21.944147074567777,28.027385892116182,44.891004271743654,56.69774204616649,24966.527800829877,37419.18962596714,51044.93620789836,0.9257197391435297,-0.6960793591422871,0.20890715927682038,-0.6207536171469087,0.08601094600708402,-0.6680628491013997,0.04587975030097388,-0.45434205885605344,1.4354943536353597,5.991481005655424,0.23166076822203555,-0.6083402705343699,0.09571974140651918,-0.6628950290683587
13,2011-08-15 18:03:40.465641,1308,8788.0,3253872.0,646306.0,323.2188451383792,6.718654434250764,2487.669724770642,144.0,-3317.0,-915291.0,-165958.0,-110.16413555577884,42,1,0,1164.0,1195.8,62.67934268959687,12105.0,52320.4,76552.79078387671,4169163.0,42674857.4,69194386.9765939,812264.0,17533376.6,37272832.60012571,433.3829806941581,332.3254470927859,59.498470971939746,10.399484536082474,41.505547918090585,58.48587803312498,3581.755154639175,33630.482776460194,53088.87421023649,1.093828399396978,1.7900634432918558,0.16796507671959374,-0.5686585629895556,0.07624798764998333,-0.5697136302881731,0.0368614679730315,-0.4530664675038153,0.972597337835412,-0.15305606691218057,0.16187364752653952,-0.594791335158593,0.07397068134007947,-0.5866165654287706
13,2011-08-15 18:04:10.456721,1145,37746.0,10776841.0,1584604.0,318.2847164951965,32.96593886462882,9412.088209606987,-163.0,28958.0,7522969.0,938298.0,-4.934128643182703,41,1,0,1308.0,1231.6,66.01742194299868,8788.0,50901.4,77457.46741470443,3253872.0,41538667.4,69929647.17986172,646306.0,17488357.0,37298116.20193534,323.2188451383792,334.36004928910654,58.84471277375372,6.718654434250764,40.03563841521532,59.432542752050104,2487.669724770642,32545.231601839478,53796.7445593462,0.9296849626494563,-1.3117749443996924,0.7415513129304746,-0.16984030641702114,0.2594411827472347,-0.43989677684029216,0.0906090835176798,-0.4263956097379196,0.9519220886913965,-0.2731822798667287,0.8234148415946551,-0.11895334143723271,0.2892002221632591,-0.43001009785476135
13,2011-08-15 18:04:40.456806,1193,7915.0,2747332.0,528304.0,345.6118988717519,6.634534786253143,2302.8767812238057,48.0,-29831.0,-8029509.0,-1056300.0,27.327182376555413,39,1,0,1145.0,1201.4,63.68908854741072,37746.0,20791.2,13793.385759123732,10776841.0,10692171.6,11229187.560733596,1584604.0,963545.6,381222.8537988526,318.2847164951965,332.62489802240515,59.24400756353387,32.96593886462882,17.5706471757954,12.008757168970524,9412.088209606987,8963.24800919297,9331.592509298289,0.993008157149165,-0.13189072400706703,0.3806899072684414,-0.9335053934442465,0.2569479898732639,-0.7075168668285177,0.5482916428656822,-1.1416986040129917,1.0390439829535338,0.21921205845502886,0.3775919418047966,-0.910678118872238,0.25692436255938145,-0.7137443283482267
13,2011-08-15 18:05:10.475679,979,10917.0,5740118.0,756726.0,261.10911573340144,11.1511746680286,5863.246169560776,-214.0,3002.0,2992786.0,228422.0,-84.50278313835048,38,1,0,1193.0,1203.0,63.27321708274302,7915.0,20065.4,14480.002185773223,2747332.0,10206374.8,11574696.904366028,528304.0,926521.4,418731.5476328998,345.6118988717519,346.4666214060382,50.22259271303712,6.634534786253143,16.949199702666284,12.58190446852957,2302.8767812238057,8550.183534214102,9626.882084404782,0.8137988362420501,-3.540202479408195,0.5440708881955733,-0.6317954847401738,0.5624051744601813,-0.38586382320864987,0.8167388254604795,-0.4054994207144348,0.7536342596958092,-1.6995838139750101,0.6579174747475828,-0.4608225287895918,0.6857450657167695,-0.2791077465263434
13,2011-08-15 18:05:40.453186,1507,15443.0,7629573.0,868418.0,224.7999370311878,10.247511612475115,5062.755806237558,528.0,4526.0,1889455.0,111692.0,-36.30917870221364,51,1,0,979.0,1157.8,118.29074350937152,10917.0,15494.2,12549.874808140401,5740118.0,5337465.2,3246691.354997063,756726.0,865640.8,416390.28282783786,261.10911573340144,336.32151138657747,62.57225906187587,11.1511746680286,13.573957457848767,11.035701883194601,5863.246169560776,4729.527207960283,2976.727824849816,1.3016064950757458,2.9520483990311788,0.9966955376850049,-0.004079721971950356,1.4294375165200137,0.7059826603080577,1.0032082591301137,0.006669704156252411,0.6684078461223611,-1.7822846102348164,0.7549391283670802,-0.301425852227651,1.0704570633858173,0.11194459751924947
13,2011-08-15 18:06:10.477413,1337,16509.0,11704188.0,710669.0,162.0498882026926,12.347793567688855,8754.067314884069,-170.0,1066.0,4074615.0,-157749.0,-62.75004882849518,36,1,0,1507.0,1226.4,196.4326856711986,15443.0,16161.8,12412.543321173027,7629573.0,6029547.2,3303708.510186945,868418.0,876871.6,415346.67635969614,224.7999370311878,294.6049026539834,49.93972846903216,10.247511612475115,13.543562873127295,11.046834486587704,5062.755806237558,5025.727338279959,2906.8291229129013,1.0901826484009376,0.5630427523888062,1.0214827556335915,0.027971704993587178,1.9411387972881278,1.7176578328573215,0.8104595929438234,-0.4001539183042981,0.5500583552490024,-2.654299863300907,0.911709398955665,-0.10824542603421945,1.741850825890284,1.282614085298106
13,2011-08-15 18:06:40.455208,1110,15081.0,8579464.0,1121310.0,241.0499739153153,13.586486486486486,7729.246846846847,-227.0,-1428.0,-3124724.0,410641.0,79.0000857126227,42,1,0,1337.0,1232.2,199.8429383290786,16509.0,17706.0,11727.209599900445,11704188.0,7719610.4,3669930.754601672,710669.0,889744.2,407334.54783561564,162.0498882026926,262.37111126684607,73.37045306861754,12.347793567688855,14.669390699814912,10.448005267182749,8754.067314884069,6279.006856302645,2889.803495890076,0.9008277876960714,-0.6114802005070779,0.8517451711283829,-0.22383841421424414,1.1113856212225424,0.23429695476456652,1.2602610952676048,0.5684904490189485,0.9187367189569712,-0.29059568885720555,0.9261793324334685,-0.10364698193885757,1.230966460736903,0.5018472683717955
13,2011-08-15 18:07:10.461104,1337,12044.0,4308038.0,748580.0,260.9331810755423,9.00822737471952,3222.167539267016,227.0,-3037.0,-4271426.0,-372730.0,19.88320716022696,51,1,0,1110.0,1225.2,204.2258553660626,15081.0,13173.0,3628.3040115179037,8579464.0,7280135.0,3327933.4094192614,1121310.0,797085.4,218832.15453184798,241.0499739153153,246.9241627508698,66.46072541364519,13.586486486486486,10.793500224186445,2.6428974698645105,7729.246846846847,5942.438583750617,2506.215435309835,1.0912504080957466,0.5474331337677971,0.9142943900401643,-0.31116466437644813,0.5917524881063331,-0.8930758625121177,0.939146545652447,-0.22165572561202618,1.0567340926361666,0.21078641915613908,0.8345974138860883,-0.6754983381489069,0.5422298428253636,-1.0854098997862958
13,2011-08-15 18:07:40.453774,1279,10273.0,3291279.0,635723.0,222.95598269585616,8.032056293979672,2573.322126661454,-58.0,-1771.0,-1016759.0,-112857.0,-37.97719837968612,31,1,0,1337.0,1254.0,208.65521800328867,12044.0,13998.8,2391.4801274518168,4308038.0,7592276.2,2832863.3927101213,748580.0,841140.6,167298.4436838793,260.9331810755423,229.98841919162788,40.89926152837581,9.00822737471952,11.268238741879722,1.7820599370585866,3222.167539267016,6126.2967353592585,2185.6868814070785,1.0199362041459172,0.11981488044783119,0.73384861559557,-1.5579472968351096,0.433503591452587,-1.5182508309676574,0.7557868446725782,-1.2278512308706706,0.9694226495340112,-0.17194531717206402,0.7128049446995468,-1.8159784521196383,0.4200452961751826,-1.6255643198118488
13,2011-08-15 18:08:10.450943,1178,45096.0,43465866.0,1218003.0,172.5821174066214,38.28183361629881,36898.01867572156,-101.0,34823.0,40174587.0,582280.0,-50.37386528923477,52,1,0,1279.0,1314.0,142.43244012513412,10273.0,13870.0,2606.6192664056157,3291279.0,7102508.4,3390028.924435043,635723.0,816940.0,189800.74916277197,222.95598269585616,222.3577925841188,37.01629192656835,8.032056293979672,10.644415067069934,2.3030601072008885,2573.322126661454,5468.3119267793945,2715.6316715681046,0.8964992389643102,-0.9548386581003757,3.251333813986788,10.0,6.119790861493383,10.0,1.4909332386711367,2.113073851231476,0.7761460275360341,-1.3446964184012813,3.5964243569506116,10.0,6.747606787940898,10.0
13,2011-08-15 18:08:40.601325,1270,18232.0,11812826.0,874440.0,174.17870610629922,14.355905511811024,9301.437795275591,92.0,-26864.0,-31653040.0,-343563.0,1.5965886996778238,38,1,0,1178.0,1248.2,100.92918309388975,45096.0,19800.6,14351.885949240166,43465866.0,14269767.0,16666862.212865375,1218003.0,886857.0,263560.67070552387,172.5821174066214,211.91422865920555,43.03236312526412,38.28183361629881,16.25127946783467,12.526981610704338,36898.01867572156,11835.364500676196,14269.40625662344,1.0174651498149194,0.21599302928573622,0.9207801783783865,-0.1092957403332024,0.8278219258940948,-0.14741473041658998,0.9859988701673427,-0.04711249203745371,0.821930208308884,-0.876910302187775,0.8833707856259296,-0.15130332387913317,0.7859020983040599,-0.17757758520781147
13,2011-08-15 18:09:10.489844,1296,10862.0,4851352.0,705628.0,191.11933597145065,8.381172839506172,3743.3271604938273,26.0,-7370.0,-6961474.0,-168812.0,16.940629865151408,45,1,0,1270.0,1234.8,90.05387276513943,18232.0,20145.2,14273.56517132273,11812826.0,14291494.6,16662751.77694091,874440.0,919611.2,245766.50047747302,174.17870610629922,214.33999223992686,39.734219109630374,14.355905511811024,16.652901856659106,12.40211484630957,9301.437795275591,11944.8385967545,14241.930074421689,1.0495626822148936,0.6795932048245176,0.5391855131743274,-0.6503771054095433,0.33945728811316905,-0.5665416328810666,0.7673112289193512,-0.8706768399447214,0.8916643785104964,-0.5843994619303798,0.5032860285339069,-0.6669611690418548,0.31338449072979546,-0.5758707839037841
13,2011-08-15 18:09:40.482917,1414,12802.0,6539971.0,950248.0,167.59527132673267,9.053748231966054,4625.156294200849,118.0,1940.0,1688619.0,244620.0,-23.524064644717956,58,1,0,1296.0,1272.0,58.502136713114375,10862.0,19301.4,14764.063966266105,4851352.0,13545872.2,17060908.695288476,705628.0,836474.8,230300.23337145883,191.11933597145065,204.35386465115394,37.55793760429131,8.381172839506172,15.611839127263044,12.931060961134433,3743.3271604938273,11147.654659483896,14642.799884814394,1.1116352201249122,2.4272617715472387,0.6632679494751331,-0.4402175454434371,0.48280176451096296,-0.4106405658178537,1.136015095732709,0.4940212102021231,0.8201228374712128,-0.9787170347511993,0.5799283580609995,-0.5071579907094101,0.4148994954975188,-0.4454406545599854
13,2011-08-15 18:10:10.460939,1114,29703.0,13246755.0,5387387.0,211.79533119928183,26.66337522441652,11891.162477558348,-300.0,16901.0,6706784.0,4437139.0,44.20005987254919,43,1,0,1414.0,1287.4,84.32555958901145,12802.0,19453.0,14674.53382564493,6539971.0,13992258.8,16785761.734056436,950248.0,876808.4,228712.50440792725,167.59527132673267,185.68628270139203,22.638334552452907,9.053748231966054,15.620943298712353,12.925264058281916,4625.156294200849,11428.252410470664,14465.32333902343,0.8653099269839479,-2.056316030905293,1.5269110162956085,0.6984889688343353,0.9467202679241465,-0.04441286679814219,6.144314995157429,10.0,1.140608385912577,1.1533113637949803,1.706899174578497,0.8543293100286298,1.0405057615513043,0.032001363276743924
13,2011-08-15 18:10:40.582979,1113,18277.0,13368396.0,841386.0,252.77972343845465,16.42138364779874,12011.137466307278,-1.0,-11426.0,121641.0,-4546001.0,40.98439223917279,37,1,0,1114.0,1254.4,115.10343174727643,29703.0,23339.0,14200.817687724797,13246755.0,15983354.0,15758090.737209763,5387387.0,1827141.2,1998797.9276052127,211.79533119928183,183.45415240207714,18.15018328183865,26.66337522441652,19.34720708479972,12.876030946597416,11891.162477558348,13291.82048065004,13614.53619158685,0.8872767857135784,-1.2284603321752605,0.7831098161874638,-0.35645834706935514,0.8363949143590261,-0.16594383441550242,0.4604931463424937,-0.4931740154348901,1.3778904436191695,3.8195521200012443,0.8487728267431196,-0.22723022714906713,0.9036487878986887,-0.09406732600513192
13,2011-08-15 18:11:10.569870,1229,24660.0,11565051.0,1614146.0,286.3699615093572,20.065093572009765,9410.13100081367,116.0,6383.0,-1803345.0,772760.0,33.59023807090256,31,1,0,1113.0,1241.4,128.75092232679316,18277.0,17975.2,7332.426862914977,13368396.0,9963860.0,3988975.2493586983,841386.0,1751817.8,2034273.120569457,252.77972343845465,199.4936736084438,34.34828621848291,16.42138364779874,14.975117091099708,7.376198175263331,12011.137466307278,8314.444238767184,3935.0529647020676,0.9900112775890204,-0.09630998967471732,1.3718901597756146,0.911676328312066,1.1606998693277504,0.4014040950134802,0.9214120326897004,-0.06767616334696558,1.4354839245177988,2.529275764903687,1.3398956047292165,0.69005419313294,1.131781118566719,0.2784426974362629
13,2011-08-15 18:11:40.459746,1437,38610.0,33389670.0,1524758.0,227.97739696450935,26.86847599164927,23235.67849686848,208.0,13950.0,21824619.0,-89388.0,-58.39256454484783,50,1,0,1229.0,1233.2,127.77597583270467,24660.0,19260.8,7928.031010282266,11565051.0,9914305.0,3961709.0068297912,1614146.0,1899759.0,1980706.7705481264,286.3699615093572,221.9319246890554,47.71919248743677,20.065093572009765,16.116954703139452,7.691532194855292,9410.13100081367,8336.1828798748,3942.162404613453,1.1652611093081695,1.5949790144059437,2.0045896328292696,2.4406059934557014,3.367827598606256,5.925565194094171,0.8026060147629248,-0.1893268633075984,1.0272402101811036,0.1266884865438343,1.6670938452627415,1.397838689969139,2.7873283050161044,3.779523542600185
13,2011-08-15 18:12:10.457303,1340,18785.0,10122916.0,1060176.0,321.9970117649254,14.01865671641791,7554.414925373134,-97.0,-19825.0,-23266754.0,-464582.0,94.019614800416,51,1,0,1437.0,1261.4,157.25870405163565,38610.0,24810.4,10015.938563110178,33389670.0,15621968.6,10312040.32876588,1524758.0,2063585.0,1888999.6927633893,227.97739696450935,229.30353688766712,44.508184938647986,26.86847599164927,19.81441533356807,7.483907459103445,23235.67849686848,12234.653147149731,6838.72925979345,1.0623117171388439,0.49981335197631993,0.7571421661883421,-0.6015811660618229,0.6479923407348289,-0.5332652341031051,0.5137544612894548,-0.5311853696133362,1.404239185029507,2.0826163772561914,0.7074978736294617,-0.7744294872761629,0.6174604898490681,-0.6843724972842791
13,2011-08-15 18:12:40.464964,1472,22953.0,14894231.0,1106317.0,242.4028293084239,15.593070652173912,10118.363451086956,132.0,4168.0,4771315.0,46141.0,-79.5941824565015,31,1,0,1340.0,1246.6,142.0538630238542,18785.0,26007.0,8459.027987895397,10122916.0,16338557.6,9624735.101353848,1060176.0,2085570.6,1873377.4893034713,321.9970117649254,260.18388497530566,44.55363302342747,14.01865671641791,20.807397030458443,5.850305155516909,7554.414925373134,12820.504873384187,6110.584010282903,1.1808118081171342,1.5867220728841664,0.8825700772868503,-0.361034388864751,0.911600115789903,-0.15006403654650563,0.5304625026839175,-0.5227209174826211,0.9316596580549136,-0.399093282856034,0.7494003516441265,-0.8912913495591022,0.7892328384112424,-0.44220673797293664
13,2011-08-15 18:13:10.459691,1272,27843.0,23681931.0,1070434.0,282.357282735849,21.889150943396228,18617.870283018867,-200.0,4890.0,8787700.0,-35883.0,39.954453427425136,46,1,0,1472.0,1318.2,148.58230042639644,22953.0,24657.0,8257.944932003213,14894231.0,16668052.8,9520059.134019561,1106317.0,1229356.6,327722.01426670415,242.4028293084239,266.3053845971341,37.83997515306513,15.593070652173912,18.593336116009926,5.130562151396979,10118.363451086956,12465.945068089908,6228.287796149598,0.9649522075550258,-0.3109387852194098,1.1292127996106125,0.3858102743761884,1.420797695097294,0.7367473354168754,0.8707270128130431,-0.48493110954293867,1.0602762807892072,0.42420477480124574,1.1772578522566028,0.6423886368565889,1.493498501824386,0.9877393942410889
13,2011-08-15 18:13:40.498390,1414,488249.0,318592140.0,289062329.0,572.2836757036775,345.2963224893918,225312.6874115983,142.0,460406.0,294910209.0,287991895.0,289.9263929678285,49,1,0,1272.0,1350.0,104.01682556202111,27843.0,26570.2,7481.964026911494,23681931.0,18730759.8,9741137.705991032,1070434.0,1275166.2,271039.42683938675,282.357282735849,272.220896456613,37.50736060967376,21.889150943396228,19.68688957512942,5.134598182182289,18617.870283018867,13787.291631432226,6783.727325000255,1.0474074074066315,0.6152850719446735,10.0,10.0,10.0,10.0,10.0,10.0,2.102276802224795,8.000103829264738,10.0,10.0,10.0,10.0
13,2011-08-15 18:14:10.557996,1475,79808.0,28290166.0,5415783.0,616.8315966054238,54.1071186440678,19179.773559322035,61.0,-408441.0,-290301974.0,-283646546.0,44.54792090174624,27,1,0,1414.0,1387.0,80.44874144447462,488249.0,119288.0,206388.36720125482,318592140.0,80136177.6,133596343.82357557,289062329.0,58764802.8,128740376.75944191,572.2836757036775,329.40363929547703,140.6372580918227,345.2963224893918,84.73313535860584,145.7495675000719,225312.6874115983,56967.802913589156,94320.10201636111,1.0634462869494856,1.0938642223463912,0.6690362819395022,-0.19128985095124962,0.35302614683233907,-0.38807956951626393,0.09216031947613378,-0.41439229201329286,1.8725706793125305,2.0437539895739434,0.6385591470731987,-0.21012766788699253,0.33667743143287937,-0.4006360102082149
13,2011-08-15 18:14:40.484745,1358,43030.0,11372689.0,2758513.0,548.0637771590575,31.68630338733432,8374.586892488955,-117.0,-36778.0,-16917477.0,-2657270.0,-68.76781944636627,43,1,0,1475.0,1394.6,87.8111610218196,79808.0,127527.6,203159.36364046822,28290166.0,79116276.8,134061090.82236479,5415783.0,59543007.8,128318944.0441832,616.8315966054238,407.1744792236599,174.0699455309968,54.1071186440678,90.18086388908952,143.53831463346995,19179.773559322035,56156.62192607987,94699.41321009916,0.9737559156740473,-0.4168035085026221,0.3374171551883644,-0.415917821782191,0.14374651411806577,-0.5053187870130224,0.04632807615741575,-0.4425262008113765,1.3460170151200992,0.8093832482385649,0.35136393709815084,-0.4075187914161844,0.14912910722287478,-0.5045652704054424
13,2011-08-15 18:15:10.493219,1395,45185.0,18103512.0,2553229.0,579.9644942444445,32.39068100358423,12977.427956989248,37.0,2155.0,6730823.0,-205284.0,31.900717085386987,37,1,0,1358.0,1398.2,85.34752486159122,43030.0,132376.6,200182.5638543477,11372689.0,79366231.4,133901364.59065343,2758513.0,59882675.2,128127539.94271478,548.0637771590575,452.38783230248634,175.7659954140369,31.68630338733432,93.71439322327282,141.39615777167617,8374.586892488955,56320.65631950302,94594.83238997393,0.9977113431547721,-0.03749376452512264,0.34133676193526397,-0.4355604120618614,0.22810094016886884,-0.457521247728018,0.04263718999648165,-0.4474404661607624,1.2820072796639075,0.7258324435321571,0.3456318702941222,-0.4337014045196282,0.230420396441565,-0.45819869085266485
13,2011-08-15 18:15:40.484278,1806,33338.0,14831179.0,2169163.0,377.1071972702104,18.45957918050941,8212.169988925803,411.0,-11847.0,-3272333.0,-384066.0,-202.8572969742341,40,1,0,1395.0,1382.8,75.02466261170346,45185.0,136823.0,197371.62536317122,18103512.0,80008087.6,133522211.46007368,2553229.0,60172057.6,127963131.77490295,579.9644942444445,519.9001652896904,135.0622710442385,32.39068100358423,97.07391529355489,139.25939683537777,12977.427956989248,56892.46922068349,94253.7505728093,1.3060457043670046,5.6408117712527,0.24365786454031677,-0.5243154876471386,0.18537099741901594,-0.488135328851181,0.0360493406161999,-0.4532781731384285,0.7253454075348474,-1.0572380200215363,0.1901600355203233,-0.5645172814112721,0.14434546612963833,-0.5164812958201863
13,2011-08-15 18:16:10.528313,1546,45801.0,17935818.0,2523654.0,360.3453543544631,29.6254851228978,11601.434670116429,-260.0,12463.0,3104639.0,354491.0,-16.76184291574731,37,1,0,1806.0,1489.6,181.86890883270826,33338.0,137922.0,196626.99446795194,14831179.0,78237937.2,134510640.98045036,2169163.0,60391803.4,127837147.18666896,377.1071972702104,538.8501481965628,93.72162189361609,18.45957918050941,96.38800094097752,139.72994586650307,8212.169988925803,54811.329161864865,95417.82967283642,1.0378625134257264,0.31011347877810935,0.33207900117457456,-0.46850637293860614,0.2292470717134398,-0.44830742579514027,0.04178802184933593,-0.4526708446919611,0.6687301758379528,-1.9046276647113174,0.30735656755379115,-0.4777967629171368,0.21166125411510633,-0.45284926978431356
13,2011-08-15 18:16:40.464805,1220,21403.0,11997739.0,7995287.0,483.4575549967213,17.54344262295082,9834.212295081968,-326.0,-24398.0,-5938079.0,5471633.0,123.1122006422582,35,1,0,1546.0,1516.0,177.68370775059807,45801.0,49432.4,17705.40161363214,17935818.0,18106672.8,6320762.0695690205,2523654.0,3084068.4,1320585.6611378181,360.3453543544631,496.46248392671987,119.26604702644501,29.6254851228978,33.253833467678724,12.943111652548648,11601.434670116429,12069.0786135685,4475.7900200714785,0.8047493403688623,-1.6658814910245354,0.4329751337179576,-1.5830987972855353,0.6626142269495254,-0.9664869097685457,2.592448014447409,3.7189701088897817,0.973804810329048,-0.10904133451329986,0.5275615107495718,-1.2138032387614104,0.8148270974078479,-0.49932331688123754
13,2011-08-15 18:17:10.471928,1333,18872.0,8283735.0,1092439.0,457.634319975994,14.157539384846212,6214.354838709677,113.0,-2531.0,-3714004.0,-6902848.0,-25.82323502072728,43,1,0,1220.0,1465.0,223.1680980785559,21403.0,37751.4,10424.326947098643,11997739.0,14848187.4,3175493.48403838,7995287.0,3599969.2,2466180.9005799186,483.4575549967213,469.78767560497937,98.76770447325462,17.54344262295082,25.941098263455324,7.325860939374646,9834.212295081968,10199.966360720486,2067.336873630793,0.9098976109208806,-0.5914823898931294,0.49990199038974714,-1.811090547697452,0.5578953697742257,-2.067222758603103,0.3034578740284777,-1.0167665313644905,0.9741301097047539,-0.12304989463588609,0.5457571318113764,-1.608487927155016,0.6092524836787903,-1.9278964995236059
13,2011-08-15 18:17:40.458723,1478,31614.0,16267797.0,10136152.0,364.6300639993234,21.389715832205685,11006.628552097429,145.0,12742.0,7984062.0,9043713.0,-93.0042559766706,37,1,0,1333.0,1460.0,226.421067924343,18872.0,32919.8,12713.307032397457,8283735.0,14230396.6,4166522.9595347536,1092439.0,3266754.4,2708906.217933688,457.634319975994,451.7017841683666,88.60769777637863,14.157539384846212,22.435345462957706,8.047768610792641,6214.354838709677,9767.919949964631,2679.3327290765533,1.0123287671225942,0.07949790258005088,0.9603339023930595,-0.10271127698499816,1.143172425707376,0.48899296122623603,3.10282034058024,2.535856558829072,0.8072362713152458,-0.9826654156821174,0.953393646938407,-0.12992789445012473,1.126813959213103,0.462319811455169
