Scenario,Timestamp,Flow_Count,Total_Packets,Total_Bytes,Total_Source_Bytes,Avg_Duration,Avg_Packets_Per_Flow,Avg_Bytes_Per_Flow,Flow_Count_Change,Total_Packets_Change,Total_Bytes_Change,Total_Source_Bytes_Change,Avg_Duration_Change,Attack_Flow_Count,Attack_State,Target_Early_Warning,Flow_Count_Recent_Ratio,Flow_Count_Recent_Relative_Change,Flow_Count_Recent_ZScore,Total_Packets_Recent_Ratio,Total_Packets_Recent_Relative_Change,Total_Packets_Recent_ZScore,Total_Bytes_Recent_Ratio,Total_Bytes_Recent_Relative_Change,Total_Bytes_Recent_ZScore,Total_Source_Bytes_Recent_Ratio,Total_Source_Bytes_Recent_Relative_Change,Total_Source_Bytes_Recent_ZScore,Avg_Duration_Recent_Ratio,Avg_Duration_Recent_Relative_Change,Avg_Duration_Recent_ZScore,Avg_Packets_Per_Flow_Recent_Ratio,Avg_Packets_Per_Flow_Recent_Relative_Change,Avg_Packets_Per_Flow_Recent_ZScore,Avg_Bytes_Per_Flow_Recent_Ratio,Avg_Bytes_Per_Flow_Recent_Relative_Change,Avg_Bytes_Per_Flow_Recent_ZScore,Flow_Count_Change_Recent_Relative,Total_Packets_Change_Recent_Relative,Total_Bytes_Change_Recent_Relative,Total_Source_Bytes_Change_Recent_Relative,Avg_Duration_Change_Recent_Relative
1,2011-08-10 09:46:53.047277,5886,1161975.0,776712271.0,718127093.0,1266.7665442674142,197.4133537206932,131959.27132178048,0.0,0.0,0.0,0.0,0.0,0,0,0,1.0,0.0,0.0,1.0,0.0,0.0,1.0,0.0,0.0,1.0,0.0,0.0,1.0,0.0,0.0,1.0,0.0,0.0,1.0,0.0,0.0,0.0,0.0,0.0,0.0,0.0
1,2011-08-10 09:47:23.048953,4903,152172.0,35765763.0,10017880.0,1166.9388019749133,31.036508260248823,7294.669182133388,-983.0,-1009803.0,-740946508.0,-708109213.0,-99.82774229250094,0,0,0,0.8329935440027183,-0.16700645599728167,0.0,0.13095978829148647,-0.8690402117085135,0.0,0.046047634800403456,-0.9539523651995966,0.0,0.013950009820893918,-0.9860499901791061,0.0,0.9211948383510298,-0.0788051616489702,0.0,0.15721585027201493,-0.842784149727985,0.0,0.05527970190397201,-0.944720298096028,0.0,0.0,0.0,0.0,0.0,0.0
1,2011-08-10 09:47:53.059501,4266,79274.0,13815863.0,4975252.0,1218.2295638638068,18.58274730426629,3238.5989217065166,-637.0,-72898.0,-21949900.0,-5042628.0,51.290761888893485,0,0,0,0.7908054499953656,-0.20919455000463436,-1.6235401883398146,0.12064708133869347,-0.8793529186613065,-0.80919930841203,0.03400919759511923,-0.9659908024048808,-0.7490016358590164,0.013665553384243443,-0.9863344466157565,-0.7171777600365322,1.001131518032591,0.0011315180325909742,0.019505775823782708,0.16268556385310068,-0.8373144361468994,-0.812964525981272,0.046513569526106045,-0.9534864304738939,-0.7531194381379435,-0.2960325534079349,0.8556193633807783,0.9407517283285449,0.985757485123979,2.0275853327146005
1,2011-08-10 09:48:23.049021,4470,164607.0,135669293.0,5555165.0,1105.6214932843402,36.8248322147651,30351.07225950783,204.0,85333.0,121853430.0,579913.0,-112.60807057946658,0,0,0,0.8907339754234475,-0.10926602457655259,-0.6718659723536106,0.3543946876069759,-0.6456053123930241,-0.4955224352982728,0.4925703559928387,-0.5074296440071613,-0.3218389002894047,0.02273228105253814,-0.9772677189474619,-0.5820711398011748,0.9082485207154539,-0.0917514792845461,-2.2373736685620367,0.44720612782237346,-0.5527938721776265,-0.45589047468938076,0.6390033972694571,-0.3609966027305429,-0.23432378583749544,1.3777777777777778,1.2364447802301837,1.4791742183691077,1.002439507128749,-5.960140678905756
1,2011-08-10 09:48:53.047313,4604,59095.0,20018596.0,3962471.0,914.2338071494352,12.835577758470896,4348.087749782798,134.0,-105512.0,-115650697.0,-1592694.0,-191.38768613490487,0,0,0,0.9432010243277849,-0.05679897567221511,-0.38476590416268436,0.15171742741465494,-0.8482825725853451,-0.6398963850392326,0.08324059052613021,-0.9167594094738698,-0.6100620394895128,0.021457170787834153,-0.9785428292121658,-0.5081074824744758,0.7686583023990265,-0.23134169760097345,-3.979814945768313,0.18087357781630814,-0.8191264221836918,-0.6867586260601973,0.10062478346503831,-0.8993752165349617,-0.6438675589435555,1.3785310734463276,0.5768382382430557,0.27835916798701754,0.9910594625613711,-3.7506934893087687
1,2011-08-10 09:49:23.057275,4646,43867.0,12915485.0,3315361.0,925.4259812557038,9.441885492897116,2779.9149806284977,42.0,-15228.0,-7103111.0,-647110.0,11.192174106268569,0,0,0,0.96274192879937,-0.03725807120062998,-0.28260269681328654,0.13563284920194693,-0.864367150798053,-0.5935964417616734,0.06576234500545003,-0.9342376549945499,-0.559155643676025,0.022321518832447464,-0.9776784811675525,-0.45603377942033074,0.815814713611922,-0.18418528638807796,-1.5267564813569938,0.1591187672109071,-0.8408812327890929,-0.6415483853972294,0.07844371348923322,-0.9215562865107667,-0.5928675482270053,1.1638065522620904,0.9309625707239229,0.9530648184683188,0.9954694619415074,1.1587395003052297
1,2011-08-10 09:49:53.101863,4580,79232.0,25792218.0,5368985.0,924.7253501543668,17.29956331877729,5631.48864628821,-66.0,35365.0,12876733.0,2053624.0,-0.7006311013370805,0,0,0,1.0004805801913583,0.00048058019135825464,0.009382264556764133,0.793883951384227,-0.20611604861577307,-0.37325567166932067,0.5910630428306254,-0.4089369571693746,-0.3414864342980075,0.9647380345286259,-0.035261965471374015,-0.07443166601269881,0.8673990106849374,-0.13260098931506256,-1.0141133561432067,0.7955903477637384,-0.20440965223626162,-0.3775156618168239,0.586462593097256,-0.41353740690274404,-0.33849707013131247,0.7338709677419355,1.1581466191101397,1.084294233990139,1.0143647894128296,0.989737066477607
1,2011-08-10 09:50:23.055359,4510,62225.0,25065580.0,4671152.0,868.2276999984479,13.797117516629712,5557.778270509978,-70.0,-17007.0,-726638.0,-697833.0,-56.497650155918905,0,0,0,0.9992909687139946,-0.0007090312860054547,-0.020950773184750363,0.7302118171683389,-0.2697881828316611,-0.49109547392597974,0.6019260563737956,-0.3980739436262044,-0.3138393831063602,1.007702644759077,0.007702644759076987,0.037149858209670546,0.8531715771477645,-0.14682842285223555,-1.0853872053244558,0.7262817673674526,-0.27371823263254735,-0.49016168633350166,0.5995554141421072,-0.4004445858578927,-0.3136209674667593,-0.08359133126934994,-0.16582122292295037,0.6357172900909356,0.24946358220609413,-0.16627812640599018
1,2011-08-10 09:50:53.055934,4566,64239.0,21323228.0,4505121.0,976.27398539159,14.06898817345598,4670.001752080596,56.0,2014.0,-3742352.0,-166031.0,108.04628539314216,0,0,0,1.0008768084173607,0.0008768084173608067,0.05613240410025967,0.7852679291780963,-0.2147320708219037,-0.3662566273343703,0.48580866960830776,-0.5141913303916922,-0.4377055233980226,0.9848062359972184,-0.015193764002781563,-0.07365260203285126,1.0302086357683375,0.030208635768337624,0.31328602226822827,0.7798862442974177,-0.22011375570258232,-0.36537455695466414,0.4797781852761283,-0.5202218147238716,-0.4371478177931167,0.14754098360655746,1.5906504780339024,-2.663309397027499,-1.7298750411048998,2.543510143058926
1,2011-08-10 09:51:23.058368,4103,54437.0,29524764.0,3305766.0,898.5542061133317,13.26760906653668,7195.896660979771,-463.0,-9802.0,8201536.0,-1199355.0,-77.71977927825833,0,0,0,0.8956168689426351,-0.10438313105736485,-9.554068929787007,0.8818336151986989,-0.1181663848013011,-0.5771894730481042,1.4044015576181643,0.4044015576181643,1.6521585216904247,0.7574009913353242,-0.24259900866467582,-1.3712295555661642,0.9748061087593858,-0.02519389124061427,-0.6038431113481034,0.983614537307022,-0.016385462692978,-0.07843883797601102,1.5651915653638655,0.5651915653638655,2.2442214287929483,-10.0,0.5116969552048461,1.3586278198554538,-4.71097496866798,-2.004301379455278
1,2011-08-10 09:51:53.048034,4803,42403.0,12683222.0,3124137.0,848.10401422132,8.828440557984592,2640.6874869872995,700.0,-12034.0,-16841542.0,-181629.0,-50.45019189201173,0,0,0,1.0718589600535595,0.07185896005355948,1.4853700588073944,0.6974177631578947,-0.3025822368421053,-1.4101456375231627,0.5532664856502425,-0.4467335143497575,-1.6237414553784373,0.737994938672806,-0.26200506132719403,-1.2289097164317255,0.9232154930769413,-0.07678450692305867,-1.7704210708075296,0.6503439619045125,-0.3496560380954875,-1.6956750158513,0.5110662431181573,-0.48893375688184265,-1.5645030075687962,7.986027944111776,-10.0,-9.858218158988985,-0.3828812023663593,-10.0
1,2011-08-10 09:52:23.053904,4434,172122.0,154824482.0,5710146.0,894.4773929709066,38.81867388362652,34917.56472710871,-369.0,129719.0,142141260.0,2586009.0,46.37337874958666,0,0,0,0.9826256537540999,-0.017374346245900108,-0.30780312588867825,2.8446531982970624,1.8446531982970622,8.250213490029479,6.76745429010262,5.767454290102619,10.0,1.3611685745820974,0.3611685745820973,1.5885717176200604,0.9903677156172439,-0.009632284382756125,-0.17327247855219788,2.8856439199250192,1.885643919925019,8.372726465255456,6.794396935566432,5.794396935566432,10.0,-10.0,10.0,10.0,10.0,3.998719544276798
1,2011-08-10 09:52:53.052430,4426,52538.0,28106918.0,3388677.0,848.5938862568911,11.870311793944872,6350.410754631722,-8.0,-119584.0,-126717564.0,-2321469.0,-45.88350671401554,0,0,0,0.9872412562455389,-0.012758743754461059,-0.2257421298623928,0.6643215165416538,-0.33567848345834617,-0.5036404004916782,0.5773307588774614,-0.42266924112253856,-0.3449329643488074,0.7948549942152309,-0.20514500578476913,-0.821584881912691,0.9459011392914652,-0.05409886070853475,-0.995273899482345,0.6685177363820488,-0.3314822636179512,-0.4918774716528931,0.5774998151166408,-0.42250018488335916,-0.3448362350322411,0.726027397260274,-7.4368608031004415,-5.910305379125953,-10.0,-6.584562890598285
1,2011-08-10 09:53:23.051106,4284,32978.0,9747108.0,3412966.0,843.7509863765173,7.697945845004669,2275.235294117647,-142.0,-19560.0,-18359810.0,24289.0,-4.842899880373807,0,0,0,0.9591617409994627,-0.040838259000537266,-0.718253308859074,0.4274652031555015,-0.5725347968444985,-0.8232214464826187,0.19774009213421717,-0.8022599078657828,-0.6660859416096028,0.8517999563438815,-0.14820004365611855,-0.5419343401788338,0.9446376264809391,-0.055362373519060926,-0.9449063247836985,0.44315424530515923,-0.5568457546948409,-0.7957921748629045,0.20396711670605558,-0.7960328832939444,-0.6627885367570877,-7.4523809523809526,-9.096004955094456,-10.0,1.0946958030370963,-0.23330595474769142
1,2011-08-10 09:53:53.048878,4123,36520.0,11294536.0,2613592.0,859.1180261084162,8.85762794081979,2739.397526073248,-161.0,3542.0,1547428.0,-799374.0,15.3670397318989,0,0,0,0.9349206349206349,-0.06507936507936508,-1.1141829904296288,0.5151236466014816,-0.4848763533985184,-0.6005847527522081,0.24042540308852328,-0.7595745969114768,-0.585556341788394,0.6899045766344422,-0.31009542336555784,-1.0874464235568848,0.991256368750285,-0.008743631249714973,-0.2773333440519594,0.550279563118497,-0.44972043688150304,-0.5612105520277686,0.25659498411172854,-0.7434050158882716,-0.5782129126236513,-1.854609929078014,1.5665205847541668,1.6683707494393631,-2.659617911377048,1.5797876536944013
1,2011-08-10 09:54:23.053635,4194,1041377.0,880544952.0,28458066.0,872.6207952682403,248.30162136385312,209953.49356223177,71.0,1004857.0,869250416.0,25844474.0,13.502769159824084,0,0,0,0.9501585863162664,-0.04984141368373358,-0.8739970279275983,10.0,10.0,10.0,10.0,10.0,10.0,7.796936335524039,6.796936335524039,10.0,1.016082663681815,0.016082663681814945,0.6664545494581442,10.0,10.0,10.0,10.0,10.0,10.0,10.0,10.0,10.0,10.0,2.7119773210971534
1,2011-08-10 09:54:53.071763,4374,49483.0,21812349.0,7355127.0,871.2644932432555,11.312985825331504,4986.819615912208,180.0,-991894.0,-858732603.0,-21102939.0,-1.3563020249847568,0,0,0,1.019057825823587,0.019057825823587015,0.5920824545000303,0.18525534710808778,-0.8147446528919122,-0.4984305736664145,0.10056241150653991,-0.8994375884934601,-0.51904204707913,0.8437982199985237,-0.15620178000147628,-0.12270234275661687,1.008743972465538,0.008743972465538118,0.3691753534914841,0.17926038267477853,-0.8207396173252215,-0.4965434970097838,0.0973090750997266,-0.9026909249002734,-0.515427609679384,2.477832512315271,-5.964563642296997,-5.947404484583045,-5.1649558187362095,-1.276606872327379
1,2011-08-10 09:55:23.062914,4139,59141.0,37271356.0,5138640.0,842.9651159449143,14.288717081420632,9004.918096158492,-235.0,9658.0,15459007.0,-2216487.0,-28.299377298341252,0,0,0,0.967010887341713,-0.032989112658286954,-1.1322043480300366,0.24380078753660658,-0.7561992124633934,-0.4107267140425198,0.19585457877520193,-0.804145421224798,-0.39651980708049345,0.5680763434890994,-0.4319236565109006,-0.3548929292536982,0.9812535319563374,-0.018746468043662666,-1.2381198167901684,0.24803313145423012,-0.75196686854577,-0.4063168994911933,0.1989550363579816,-0.8010449636420184,-0.39374264667473896,-10.0,1.3937572876491167,1.5811126643612279,-7.737120367955618,-5.095614427832799
1,2011-08-10 09:55:53.057170,4102,34933.0,9396837.0,2364468.0,790.6241377530472,8.516089712335447,2290.7940029254023,-37.0,-24208.0,-27874519.0,-2774172.0,-52.340978191867066,0,0,0,0.9713933882731837,-0.02860661172681637,-1.1463401909101072,0.1432268497145139,-0.8567731502854861,-0.4686137706381853,0.04890771053408468,-0.9510922894659153,-0.4746543740579622,0.2516548512698104,-0.7483451487301895,-0.6504176435893195,0.9215336259880351,-0.07846637401196488,-4.701726685403071,0.14659715659117045,-0.8534028434088295,-0.46610964412511297,0.050026104181735004,-0.949973895818265,-0.473829528606284,0.35540069686411146,-10.0,-10.0,-8.926373300464068,-10.0
1,2011-08-10 09:56:23.058122,4391,49424.0,23916944.0,4170867.0,790.7842358802095,11.255750398542473,5446.810293782737,289.0,14491.0,14520107.0,1806399.0,0.160098127162314,0,0,0,1.0488725396522072,0.04887253965220724,1.8553826226763546,0.20231625587209998,-0.7976837441279,-0.4372200171990581,0.12452590414051866,-0.8754740958594813,-0.43670978308884423,0.45404710609711196,-0.545952893902888,-0.45739796717886505,0.9332785996390821,-0.06672140036091792,-1.66963882806869,0.19321382701848122,-0.8067861729815188,-0.442290397056312,0.11893875393041115,-0.8810612460695889,-0.43949585250963646,8.93956043956044,10.0,10.0,9.61422244010003,1.0150675347127203
1,2011-08-10 09:56:53.056437,4015,47011.0,25550251.0,2527136.0,797.6461027723536,11.708841843088418,6363.698879202989,-376.0,-2413.0,1633307.0,-1643731.0,6.861866892144121,0,0,0,0.9469339622641509,-0.05306603773584906,-1.6756784198924188,0.19042692638602415,-0.8095730736139759,-0.4499073550360999,0.1313040217082195,-0.8686959782917805,-0.44067570680274254,0.26608619827571106,-0.733913801724289,-0.6483327026963603,0.9568097198825054,-0.04319028011749458,-0.879165021084884,0.19935022200036415,-0.8006497779996359,-0.44368259601501686,0.1373364337396613,-0.8626635662603387,-0.43688181281490923,-8.014925373134329,-1.934981401115933,-0.3530129116409484,-6.2775874524409625,1.502084464305896
1,2011-08-10 09:57:23.077300,3452,50465.0,48098765.0,1595241.0,810.3537114956547,14.619061413673233,13933.593568945538,-563.0,3454.0,22548514.0,-931895.0,12.707608723301064,0,0,0,0.8210836782265354,-0.1789163217734646,-4.451378544719637,1.0513892129737659,0.05138921297376576,0.2847835304488645,2.0389863435870756,1.0389863435870754,2.464093987472065,0.3700184141592796,-0.6299815858407204,-1.3196907593350258,0.9898576479796211,-0.010142352020378899,-0.2267680811743366,1.2805230062955386,0.28052300629553867,1.5634444653065738,2.479901272436889,1.479901272436889,3.4286578274810857,-10.0,1.0173678504695454,1.1318634722158354,0.8203120751936008,1.8474598761440901
1,2011-08-10 09:57:53.065211,3843,29606.0,10949659.0,1705357.0,712.6617566422067,7.703877179287016,2849.247723132969,391.0,-20859.0,-37149106.0,110116.0,-97.691954853448,0,0,0,0.9560177123239961,-0.043982287676003824,-0.5097542074806306,0.614298638027339,-0.38570136197266097,-2.133121128418034,0.3795792734332485,-0.6204207265667515,-1.2240812406677564,0.5397945677584293,-0.4602054322415707,-1.0021792081287177,0.8836753233665792,-0.11632467663342085,-4.279756041587886,0.6378600416370531,-0.3621399583629469,-1.7550158266770175,0.3846195958811763,-0.6153804041188237,-1.0440830253955373,3.120390455531453,-10.0,-8.066217395326925,1.0955886974151918,-7.019266216140455
1,2011-08-10 09:58:23.056309,3932,39483.0,18617035.0,2444046.0,656.2131708715666,10.04145473041709,4734.749491353001,89.0,9877.0,7667376.0,738689.0,-56.44858577064008,0,0,0,0.9927788718880978,-0.007221128111902214,-0.0825008504892975,0.9336735417780069,-0.06632645822199316,-0.29771755457018306,0.7894431017533889,-0.210556898246611,-0.3195462075190992,0.988446315393047,-0.011553684606953102,-0.02769139664429615,0.8408526502570691,-0.15914734974293088,-3.208058089704606,0.933157901674954,-0.06684209832504599,-0.26084876350448905,0.7665340214070698,-0.2334659785929302,-0.3093755724797814,2.503378378378378,2.6720839681733537,2.456474481869463,2.0757764507033065,-1.1660449152160552
1,2011-08-10 09:58:53.048704,4409,75640.0,48651231.0,10148730.0,641.5954006461783,17.155817645724653,11034.527330460422,477.0,36157.0,30034196.0,7704684.0,-14.617770225388313,0,0,0,1.12285437783324,0.12285437783323998,1.4291448319554294,1.7510150979911012,0.7510150979911013,3.7173728407291238,1.9134042069160295,0.9134042069160295,1.671454544706619,4.078203777700999,3.078203777700999,7.435815752295971,0.8514509997456275,-0.1485490002543725,-1.6825493152877387,1.550346303165779,0.5503463031657789,2.4154646599132725,1.65543900565741,0.6554390056574099,1.024840735181362,10.0,10.0,10.0,10.0,0.45622851451259155
1,2011-08-10 09:59:23.051967,3949,35467.0,14048097.0,4940818.0,782.9332904322613,8.981261078754114,3557.3808559128893,-460.0,-40173.0,-34603134.0,-5207912.0,141.337889786083,0,0,0,1.0047834715790545,0.0047834715790545474,0.054687059257447275,0.732169030366838,-0.267830969633162,-0.7550779697208655,0.46251333264163136,-0.5374866673583687,-0.9476787297171474,1.3411186769530268,0.34111867695302683,0.3454208323545444,1.0818567787143882,0.08185677871438814,0.7585685190047595,0.7334149938839155,-0.2665850061160845,-0.876273341156678,0.4570610526491192,-0.5429389473508808,-0.9218648908771238,-10.0,-8.661924015868172,-7.994973010542005,-5.355998121736814,5.736878921414176
1,2011-08-10 09:59:53.073419,4247,32257.0,10817877.0,2284222.0,660.1964444666824,7.595243701436308,2547.1808335295505,298.0,-3210.0,-3230220.0,-2656596.0,-122.73684596557894,0,0,0,1.0842481490936942,0.08424814909369416,0.9678563893694657,0.6992296053515766,-0.3007703946484234,-0.7636435056298181,0.3853486772291401,-0.6146513227708599,-0.9210681373366749,0.5481906857726953,-0.4518093142273048,-0.52203297793108,0.9159834916667173,-0.0840165083332827,-0.8093548237072739,0.6491497936345217,-0.3508502063654782,-1.0230850450422506,0.352702322962101,-0.6472976770378991,-0.9429088824847038,10.0,-0.3903326403326402,-0.4041804691538647,-6.503202161676641,-10.0
1,2011-08-10 10:00:23.074882,4019,26517.0,8223557.0,1837216.0,655.7597314426474,6.597909927842747,2046.1699427718336,-228.0,-5740.0,-2594320.0,-447006.0,-4.43671302403493,0,0,0,0.9860157016683022,-0.013984298331697743,-0.237045686258195,0.6240674407986708,-0.37593255920132923,-0.8454129112126942,0.39887688959068185,-0.6011231104093182,-0.7751258888954857,0.4267995244009794,-0.5732004755990207,-0.7059984320995347,0.9493857416452459,-0.050614258354754076,-0.6013269649250989,0.640851842706965,-0.359148157293035,-0.9327230524488732,0.41381766082377136,-0.5861823391762286,-0.8264954073283028,-2.4339622641509435,-0.5762302284710018,0.6520576441204942,-4.243964637631516,0.8522644587298303
1,2011-08-10 10:00:53.047463,3794,44975.0,24353396.0,2938650.0,651.8132172569847,11.854243542435425,6418.92356352135,-225.0,18458.0,16129839.0,1101434.0,-3.9465141856627497,0,0,0,0.9228449114613738,-0.07715508853862615,-1.520644367475973,1.0740862803538334,0.07408628035383344,0.15938961417055694,1.2133285468591943,0.2133285468591943,0.2604394878407211,0.6785143517682172,-0.3214856482317829,-0.40115919653392496,0.9594806632675683,-0.040519336732431736,-0.4718381926661664,1.176677239599508,0.17667723959950798,0.4267773684882416,1.341747762309114,0.34174776230911413,0.4488293405430584,-7.392045454545453,10.0,10.0,10.0,0.6532184775654244
1,2011-08-10 10:01:23.069908,3439,77918.0,61865203.0,2922663.0,792.1368936783949,22.657167781331783,17989.30008723466,-355.0,32943.0,37511807.0,-15987.0,140.32367642141023,0,0,0,0.8421490841414438,-0.15785091585855615,-2.638485984184623,1.8132609747924193,0.8132609747924192,1.7968079335008136,2.9155800925438324,1.9155800925438324,2.461339669123608,0.6597541828678358,-0.3402458171321642,-0.44199668994464714,1.1675520163711566,0.1675520163711566,1.9330900995673501,2.1708724091051543,1.1708724091051546,2.8786580166798688,3.5129612259304746,2.5129612259304746,3.4647506233753362,-10.0,10.0,10.0,-1.161614139796686,10.0
1,2011-08-10 10:01:53.061749,3490,27310.0,11424243.0,1511570.0,713.623686865616,7.825214899713467,3273.422063037249,51.0,-50608.0,-50440960.0,-1411093.0,-78.51320681277889,0,0,0,0.8972645002056767,-0.10273549979432331,-1.3316538150062986,0.6288743356636916,-0.3711256643363085,-0.7896920406002944,0.47877051630932443,-0.5212294836906756,-0.562508701543606,0.5064371666053878,-0.4935628333946122,-1.2406377421951933,1.0071351966409212,0.00713519664092116,0.07000402073401964,0.6782614931612206,-0.32173850683877936,-0.569014720013194,0.5026915075419185,-0.49730849245808145,-0.48802189945946944,1.2628865979381443,-10.0,-10.0,0.023609246911217338,-3.607693242286919
1,2011-08-10 10:02:23.057812,3742,63641.0,46327443.0,2675260.0,680.5125334981293,17.007215392838056,12380.396312132549,252.0,36331.0,34903200.0,1163690.0,-33.111153367486736,0,0,0,0.985307283163937,-0.014692716836063031,-0.16206235203565644,1.5226795293261937,0.5226795293261938,1.0160223601395744,1.9851622081453375,0.9851622081453375,1.0249687629181492,1.1637312025651623,0.1637312025651623,0.589339744020873,0.9795691107441709,-0.020430889255829147,-0.23657272019673564,1.5042704426884284,0.5042704426884285,0.8565789215370826,1.9179547108443766,0.9179547108443765,0.8885724843827166,3.7450980392156867,10.0,10.0,2.696713098615207,-1.388641087497233
1,2011-08-10 10:02:53.057955,4150,887800.0,815373459.0,23765174.0,650.812504939759,213.9277108433735,196475.53228915663,408.0,824159.0,769046016.0,21089914.0,-29.700028558370263,0,0,0,1.1225925124431941,0.12259251244319407,1.9128544912696988,10.0,10.0,10.0,10.0,10.0,10.0,9.997667718745392,8.997667718745392,10.0,0.9313697473394666,-0.06863025266053333,-0.8308578673220804,10.0,10.0,10.0,10.0,10.0,10.0,5.03960396039604,10.0,10.0,10.0,-8.30948474196931
1,2011-08-10 10:03:23.079089,4259,35289.0,13460814.0,2451210.0,626.9700876881897,8.285747828128669,3160.5574078422164,109.0,-852511.0,-801912645.0,-21313964.0,-23.842417251569373,0,0,0,1.1439699167338169,0.14396991673381682,1.887171864177758,0.16016517132576405,-0.839834828674236,-0.49526766329129085,0.07015636514121053,-0.9298436348587895,-0.511061734041195,0.3624622216152293,-0.6375377783847708,-0.4527505877366716,0.898521449197533,-0.10147855080246705,-1.2067995096545918,0.15160282425209304,-0.848397175747907,-0.5197666206775476,0.06680878116286425,-0.9331912188371358,-0.5282097397665964,3.1603053435114505,-5.949075971544777,-5.967557098210488,-5.859997451655098,-10.0
1,2011-08-10 10:03:53.053441,4143,63064.0,36886714.0,26691571.0,612.2646656526671,15.221819937243543,8903.382573014724,-116.0,27775.0,23425900.0,24240361.0,-14.705422035522588,0,0,0,1.0856918238993711,0.08569182389937106,0.8726316260519819,0.2887656851270836,-0.7112343148729163,-0.4144549708156657,0.1944576351312436,-0.8055423648687564,-0.4360446764015293,4.004631446008157,3.004631446008158,2.0917279867913794,0.8837396357017911,-0.11626036429820887,-1.252250693996933,0.2821959105864673,-0.7178040894135327,-0.43188091739919104,0.19083103554884548,-0.8091689644511546,-0.4494946345072934,-2.247311827956989,10.0,10.0,10.0,-1.959655705775849
1,2011-08-10 10:04:23.047644,3961,79061.0,63931212.0,3716456.0,596.5190432587731,19.95985862156021,16140.169654127743,-182.0,15997.0,27044498.0,-22975115.0,-15.745622393893996,0,0,0,1.0010614638091386,0.0010614638091386518,0.012849343168507854,0.3670072713498418,-0.6329927286501582,-0.36244355541128276,0.3461456622875077,-0.6538543377124924,-0.34222381341510155,0.32546370040626305,-0.674536299593737,-0.6085982772402263,0.90816948434471,-0.09183051565528995,-1.4737641687247314,0.3805245164411753,-0.6194754835588248,-0.3596062926938213,0.35996103201125174,-0.6400389679887483,-0.3381952184087228,-2.2926136363636362,6.384744849872088,6.413557641537085,-5.833018622479418,0.5623109090625753
1,2011-08-10 10:04:53.054187,3962,49325.0,29295608.0,2481521.0,698.4512605212014,12.449520444220092,7394.146390711761,1.0,-29736.0,-34635604.0,-1234935.0,101.93221726242837,0,0,0,0.9780301160207356,-0.02196988397926438,-0.43805971231086294,0.21847358606729828,-0.7815264139327017,-0.47633802169687317,0.15008308954050908,-0.8499169104594909,-0.4778678441846974,0.20923564651817378,-0.7907643534818262,-0.7651637219612581,1.102674257416973,0.10267425741697299,1.967379964307495,0.22684791739591773,-0.7731520826040823,-0.4766790307953363,0.1559551421176718,-0.8440448578823283,-0.47945200862370957,-0.9893842887473461,-3.8729879615852827,-4.298191141065484,-3.8004509076659745,5.352185110807682
1,2011-08-10 10:05:23.049905,3987,75196.0,35976847.0,15100884.0,729.8729335500376,18.860295961876098,9023.53824931026,25.0,25871.0,6681239.0,12619363.0,31.421673028836157,0,0,0,0.9736263736263736,-0.026373626373626374,-0.8291151035995822,0.33734126845269663,-0.6626587315473034,-0.3970319190699876,0.18758501107871034,-0.8124149889212896,-0.4463627243039943,1.2774423386133222,0.27744233861332224,0.266787682395353,1.1457910660276494,0.14579106602764932,2.3367191434411314,0.3494658023696083,-0.6505341976303918,-0.3921860279333788,0.19441097408786384,-0.8055890259121362,-0.4450435055045785,-0.4318181818181818,10.0,2.9613972892527434,10.0,7.758055403937728
1,2011-08-10 10:05:53.048318,3867,37904.0,25061882.0,1892443.0,646.7068876470132,9.801913628135503,6480.96250323248,-120.0,-37292.0,-10914965.0,-13208441.0,-83.16604590302438,0,0,0,0.9519003544702639,-0.04809964552973614,-1.4646342908252137,0.6276847665888353,-0.3723152334111647,-1.2341619093710605,0.6979035143709291,-0.3020964856290709,-0.5940710220427667,0.1875873707679857,-0.8124126292320143,-0.766285877758045,0.9906425175736917,-0.00935748242630829,-0.10514257310154579,0.655407531892131,-0.344592468107869,-1.0797184290739075,0.7262104324279222,-0.27378956757207784,-0.5219992268848076,-2.6809815950920246,0.7705401400928373,0.9299781085011953,-6.622344704528588,-6.259650584047811
1,2011-08-10 10:06:23.049634,4491,50004.0,17444038.0,3432379.0,594.7147628882209,11.134268537074147,3884.221331551993,624.0,12100.0,-7617844.0,1539936.0,-51.99212475879233,0,0,0,1.1272590361445782,0.1272590361445783,5.070507076062686,0.8209489410605811,-0.1790510589394188,-0.6292188020500169,0.45628646311134696,-0.543713536888653,-1.3701271186723885,0.34404382265456834,-0.6559561773454317,-0.606068955800171,0.9055242162031016,-0.09447578379689833,-1.0971446002679635,0.7297005562083744,-0.2702994437916256,-0.9671643492416386,0.4050941949432545,-0.5949058050567455,-1.495618853233136,8.959183673469386,10.0,-4.283251162737775,10.0,-10.0
1,2011-08-10 10:06:53.051054,4862,33342.0,9546941.0,2210880.0,570.2586464952694,6.857671740024681,1963.583093377211,371.0,-16662.0,-7897097.0,-1221499.0,-24.456116392951454,0,0,0,1.1994276692322874,0.19942766923228739,3.249632944941612,0.5719235651308793,-0.4280764348691207,-1.394067594956197,0.27799673759625315,-0.7220032624037468,-1.3886211435051035,0.41520927063321783,-0.5847907293667822,-0.5647452793895491,0.8729522345445427,-0.1270477654554573,-1.3736465338912707,0.4748694916610048,-0.5251305083389952,-1.6316190390801086,0.22873300434593052,-0.7712669956540694,-1.4344860471126522,4.330459770114943,-5.379019908116386,-1.0308667901476112,0.737415856922287,-5.967593131768329
1,2011-08-10 10:07:23.052414,4358,33849.0,16360774.0,1814993.0,556.644536935062,7.767094997705369,3754.193207893529,-504.0,507.0,6813833.0,-395887.0,-13.614109560207453,0,0,0,1.0293353488591808,0.029335348859180835,0.29070735217487076,0.6886288455513466,-0.3113711544486534,-0.9421843915965745,0.6972397159364991,-0.3027602840635008,-0.6907984366109791,0.36129175658022317,-0.6387082434197768,-0.5666325662639633,0.8590181564004231,-0.1409818435995769,-1.3568486291355353,0.6570738294924783,-0.34292617050752167,-0.9113924266835227,0.6529837602719346,-0.34701623972806545,-0.7079035716536636,-3.7968923418423977,1.0554474069861546,1.6264525454427807,-0.31473602129683254,-1.5921370653333318
1,2011-08-10 10:07:53.064410,3355,72939.0,63084159.0,2560438.0,656.217058676304,21.740387481371087,18803.02801788376,-1003.0,39090.0,46723385.0,745445.0,99.572521741242,0,0,0,0.7778808254115465,-0.2221191745884535,-2.3944351295908093,1.5835992965544192,0.5835992965544193,1.5255511939199986,3.021547452956487,2.021547452956487,4.188940408428872,0.5235731402049741,-0.4764268597950259,-0.4055712005908063,1.059030294251542,0.05903029425154204,0.5184241417075537,1.9974173262091799,0.9974173262091799,2.2788055700734815,3.7446536210011683,2.7446536210011687,4.999432466413258,-10.0,10.0,10.0,6.592000636132315,4.510853336963159
1,2011-08-10 10:08:23.058475,3375,32948.0,16563872.0,2039536.0,644.3305234106667,9.76237037037037,4907.813925925926,20.0,-39991.0,-46520287.0,-520902.0,-11.886535265637235,0,0,0,0.8061434099269096,-0.19385659007309042,-1.385830077681182,0.7224234557398329,-0.27757654426016715,-0.75845811846305,0.6298155845869171,-0.3701844154130829,-0.4573608157129456,0.8561469341329662,-0.14385306586703384,-0.5217524752288171,1.065170439493993,0.06517043949399288,0.8807571833487158,0.8518449120362335,-0.14815508796376656,-0.2836130893206585,0.7034076122868523,-0.29659238771314766,-0.3041344736560819,1.1582278481012658,-10.0,-9.580763559293521,0.7923112144496296,0.1931033820442689
1,2011-08-10 10:08:53.049134,3656,45676.0,32006436.0,2304457.0,616.4959086493436,12.49343544857768,8754.495623632385,281.0,12728.0,15442564.0,264921.0,-27.83461476132311,0,0,0,0.8942811017073529,-0.10571889829264709,-0.6304213172223014,1.0237491146753213,0.023749114675321148,0.0609127381917432,1.3010769189643454,0.30107691896434546,0.34061355599748405,0.9555539098371517,-0.04444609016284824,-0.16954288008014168,1.019957217523097,0.019957217523097193,0.27282841631786164,1.0909050141835257,0.09090501418352565,0.17381901018037713,1.3139821964881824,0.3139821964881825,0.3045497292736094,3.8556910569105685,10.0,10.0,8.005221186596236,-10.0
1,2011-08-10 10:09:23.048085,3459,34709.0,18330888.0,1865914.0,606.8325767247759,10.03440300664932,5299.476149176063,-197.0,-10967.0,-13675548.0,-438543.0,-9.663331924567728,0,0,0,0.8821279200244824,-0.11787207997551766,-0.6957761246009784,0.7933340647485303,-0.20666593525146973,-0.52671374772144,0.6662764334459307,-0.3337235665540693,-0.42664133570541724,0.8535508253018398,-0.1464491746981602,-1.142738873251067,0.9967858206499479,-0.003214179350052085,-0.04438117326198396,0.8558716029331724,-0.14412839706682753,-0.2815276203476836,0.6939554703942632,-0.3060445296057368,-0.3477822810379449,-0.17964071856287425,-10.0,-5.695500013115971,-0.9440307042508259,-3.2182790635871528
1,2011-08-10 10:09:53.060409,4017,68603.0,35491326.0,3487216.0,590.3626725825243,17.078167786905652,8835.281553398057,558.0,33894.0,17160438.0,1621302.0,-16.469904142251607,0,0,0,1.1033895511728835,0.10338955117288362,0.8997750382554288,1.5583020247954535,0.5583020247954535,1.4484555069406806,1.2125816460782506,0.21258164607825053,0.3112369826306318,1.6471916154212554,0.6471916154212553,4.376608576701001,0.9582189967176797,-0.04178100328232024,-0.6631325079184524,1.3817804052506741,0.3817804052506741,0.8570112095213109,1.064004441322747,0.06400444132274688,0.08630423605714226,2.9885958660014253,10.0,8.768067817349081,10.0,-3.251590687533535
1,2011-08-10 10:10:23.051856,4818,29993.0,10695327.0,2019046.0,455.629252371731,6.225197177251972,2219.8686176836864,801.0,-38610.0,-24795999.0,-1468170.0,-134.73342021079327,0,0,0,1.3486731609002351,0.3486731609002351,4.520145905658205,0.588386463952918,-0.4116135360470819,-1.1172345910830774,0.3231671959869681,-0.6768328040130319,-1.1983866700316925,0.8235920669699298,-0.17640793303007024,-0.6798022666817705,0.7315258886756865,-0.26847411132431354,-6.18148951052728,0.4377236235630385,-0.5622763764369615,-1.5600545088187854,0.23818284113165883,-0.7618171588683412,-1.264488611168889,10.0,-6.554756287046096,-7.480732756692018,-5.389875034609619,-10.0
1,2011-08-10 10:10:53.053550,4370,30875.0,9367988.0,2166645.0,463.20041603981696,7.065217391304348,2143.704347826087,-448.0,882.0,-1327339.0,147599.0,7.571163668085944,0,0,0,1.130659767141009,0.13065976714100905,0.8597909026338812,0.7284279168966965,-0.2715720831033035,-0.7280965440831086,0.41419074121747596,-0.585809258782524,-1.2477316201701585,0.9246388473911566,-0.07536115260884331,-0.26810070782206485,0.7948797343499883,-0.20512026565001176,-1.6217752900794664,0.6354347193098021,-0.36456528069019783,-1.01048239191546,0.3570824745609218,-0.6429175254390782,-1.3732350869249126,-2.5311004784688995,1.1026870954221581,0.8733185156714317,2.363143526317345,1.1887244246689121
1,2011-08-10 10:11:23.052831,3858,39593.0,22460066.0,2526077.0,521.8503331047175,10.262571280456196,5821.686365992742,-512.0,8718.0,13092078.0,359432.0,58.649917064900535,0,0,0,0.9493110236220472,-0.050688976377952756,-0.3765974317497861,0.9433373360780727,-0.05666266392192735,-0.14732541384930833,1.0605179533687943,0.06051795336879432,0.10647431256566268,1.0664602317027432,0.06646023170274307,0.24355370608913873,0.9548881166229053,-0.04511188337709472,-0.307814228164709,0.9700629194917477,-0.02993708050825232,-0.07195089373354098,1.0680885541332443,0.0680885541332443,0.11219363090341343,-3.5728643216080402,10.0,10.0,10.0,2.6189996769785875
1,2011-08-10 10:11:53.068178,3848,79078.0,60039391.0,30635617.0,491.927296764553,20.5504158004158,15602.75233887734,-10.0,39485.0,37579325.0,28109540.0,-29.923036340164455,0,0,0,0.9375304551213333,-0.06246954487866671,-0.4969838806964923,1.9403453843247143,0.9403453843247144,2.391885669414265,3.1158347716883164,2.1158347716883164,3.8620754655331253,10.0,10.0,10.0,0.9324309339703789,-0.06756906602962114,-0.5095513165266317,2.0280459904342623,1.0280459904342623,2.4394410731497005,3.20780045446003,2.20780045446003,3.840824584170613,-1.2475247524752475,10.0,10.0,10.0,-0.5807942509713786
1,2011-08-10 10:12:23.056821,3924,29273.0,12527680.0,2570091.0,544.8069556409276,7.459989806320081,3192.579001019368,76.0,-49805.0,-47511711.0,-28065526.0,52.879658876374606,0,0,0,0.9382621586724691,-0.06173784132753092,-0.6245773390170238,0.589843718516011,-0.410156281483989,-0.8958225660230618,0.4537235830551006,-0.5462764169448994,-0.7192280989163862,0.31469525072621624,-0.6853047492737838,-0.4451328033968536,1.0796936981665668,0.07969369816656684,0.7364755911292765,0.609659892272215,-0.390340107727785,-0.7567720890861411,0.4610449647849833,-0.5389550352150168,-0.6671640889652697,-0.023136246786632356,-6.612589871306544,-6.6956864407240895,-5.877618305618241,3.3010108366943687
1,2011-08-10 10:12:53.064879,3680,37954.0,21323439.0,2039354.0,518.2664871347826,10.31358695652174,5794.41277173913,-244.0,8681.0,8795759.0,-530737.0,-26.54046850614509,0,0,0,0.883850513978288,-0.11614948602171206,-1.1388733280266137,0.9088079229163074,-0.09119207708369254,-0.17902319835616914,0.9263774113946481,-0.07362258860535184,-0.07946585861556954,0.2554462611814434,-0.7445537388185566,-0.4693329581210852,1.0459826940818775,0.045982694081877426,0.5998177101905328,1.0000881114824305,8.81114824305205e-05,0.00015348008940907414,0.999705775054751,-0.00029422494524899837,-0.00030020588577665266,-10.0,2.1036104754640226,2.915148622305012,-1.8934823497342237,-1.9129679311348027
1,2011-08-10 10:13:23.055919,3618,49886.0,25839204.0,2504812.0,611.6018702493091,13.788280818131565,7141.847429519072,-62.0,11932.0,4515765.0,465458.0,93.33538311452652,0,0,0,0.9192073170731707,-0.08079268292682927,-1.2288530188588882,1.1506506806659502,0.15065068066595014,0.3193171267983828,1.0276606404762942,0.027660640476294306,0.034269148258437646,0.3135892567299177,-0.6864107432700822,-0.4329840098960852,1.2039162847167082,0.2039162847167081,3.3102438112072807,1.2387995956412863,0.23879959564128628,0.4849560649785244,1.0968849411637058,0.0968849411637059,0.11830170228814652,0.7275922671353251,6.494033412887828,1.1244436453059585,10.0,6.450471230698646
1,2011-08-10 10:13:53.066960,5115,26047.0,8619689.0,1682005.0,402.4243596715543,5.09227761485826,1685.1786901270773,1497.0,-23839.0,-17219515.0,-822807.0,-209.1775105777548,0,0,0,1.3511728655959425,0.3511728655959426,10.0,0.5523487598819258,-0.4476512401180742,-1.094439025991147,0.3031050825171823,-0.6968949174828177,-1.0808162540266084,0.20881009116333465,-0.7911899088366653,-0.504819590096612,0.7484311018632133,-0.25156889813678673,-2.9809931932195,0.40819962297823564,-0.5918003770217644,-1.464477278129226,0.22437171720319135,-0.7756282827968087,-1.2276959633375413,10.0,-7.2697911735311145,-6.227153538633698,-10.0,-8.047690728234633
1,2011-08-10 10:14:23.048374,4607,72922.0,40585433.0,3459301.0,436.7089313831127,15.82852181462991,8809.514434556111,-508.0,46875.0,31965744.0,1777296.0,34.284571711558385,0,0,0,1.1411939559078523,0.14119395590785236,0.9266198240670793,1.6406285153754083,0.6406285153754084,1.3276769035521292,1.5810526598242143,0.5810526598242143,0.7313808493636001,0.4386426779205729,-0.5613573220794271,-0.3479758581944353,0.8499500717088926,-0.1500499282911074,-1.007355155350277,1.3835019713438745,0.38350197134387454,0.7264492573877377,1.3181277504654503,0.31812775046545033,0.3919175240905549,-3.020684168655529,10.0,10.0,10.0,2.4353900883523365
1,2011-08-10 10:14:53.050004,4671,34114.0,14123462.0,4403097.0,447.1906545769643,7.303361164632841,3023.648469278527,64.0,-38808.0,-26461971.0,943796.0,10.481723193851622,0,0,0,1.1151165011459128,0.11511650114591286,0.7423851718056245,0.7893762553104839,-0.21062374468951606,-0.47910590397154784,0.6484872714372948,-0.35151272856270527,-0.610437033954455,1.796366678544266,0.7963666785442659,2.9142577088895902,0.8894683824600129,-0.11053161753998711,-0.6608473228893189,0.6957880546307931,-0.30421194536920687,-0.7243852721051508,0.5678526110182193,-0.43214738898178073,-0.7956158135717983,-0.5783926218708828,-10.0,-5.8011792253278225,1.1736431089482475,1.94911567206358
1,2011-08-10 10:15:23.054869,4578,52298.0,25089429.0,2882047.0,470.8154157177807,11.423765836609872,5480.434469200524,-93.0,18184.0,10965967.0,-1521050.0,23.624761140816418,0,0,0,1.0552763819095479,0.055276381909547784,0.36375708659854755,1.1836250639363037,0.18362506393630365,0.44535546207151466,1.135358420809283,0.13535842080928298,0.24389605063001277,1.0228317013601596,0.0228317013601595,0.058015193808860895,0.9742921023507559,-0.025707897649244135,-0.14928706506581765,1.0915949664762856,0.09159496647628552,0.21610827929447146,1.0358187417870683,0.03581874178706837,0.06481071974102577,-1.6224899598393574,10.0,10.0,-5.149058977439244,2.21008278757337
1,2011-08-10 10:15:53.071089,4259,161623.0,112693794.0,21440903.0,519.3444828215543,37.94857947875088,26460.15355717305,-319.0,109325.0,87604365.0,18558856.0,48.52906710377357,0,0,0,0.9427154809863207,-0.057284519013679265,-0.4722386359229033,3.434884620452507,2.4348846204525074,6.322649335272877,4.931583183931393,3.931583183931392,7.2922750386434165,7.179869658706679,6.1798696587066795,10.0,1.0962457103662522,0.09624571036625226,0.5636414221531074,3.550830179808348,2.550830179808348,6.120893173760149,5.061117529308587,4.061117529308587,7.286327570720864,-2.776169265033408,10.0,10.0,10.0,6.113590236698582
1,2011-08-10 10:16:23.053105,3742,46357.0,18237584.0,2660818.0,659.8436861036879,12.388295029396044,4873.753073222875,-517.0,-115266.0,-94456210.0,-18780085.0,140.49920328213364,0,0,0,0.8054240206629358,-0.19457597933706414,-2.946564389228107,0.6679605998778112,-0.3320394001221888,-0.4218723737903614,0.4534190277550438,-0.5465809722449563,-0.5195906967674958,0.39282934216913856,-0.6071706578308614,-0.49799859323572854,1.449260638930616,0.4492606389306161,4.708251197849124,0.7982508287065977,-0.20174917129340234,-0.23733265563426953,0.5360611340750402,-0.46393886592495975,-0.41843697784063455,-5.032761310452419,-6.1579154622014185,-6.437606118456146,-5.958807232179017,8.61452319426215
1,2011-08-10 10:16:53.060454,3808,21003.0,7323970.0,1640702.0,519.3238401557248,5.515493697478991,1923.311449579832,66.0,-25354.0,-10913614.0,-1020116.0,-140.51984594796306,0,0,0,0.871116804684998,-0.12888319531500197,-1.4586738367419074,0.28589980234894397,-0.714100197651056,-1.023739135128762,0.17377640480884846,-0.8262235951911515,-0.8554948010637233,0.23542073466561572,-0.7645792653343843,-0.6563925161525036,1.024750760369662,0.02475076036966205,0.1373888513219396,0.3248515582713533,-0.6751484417286467,-0.9465807244055316,0.19767832789984266,-0.8023216721001574,-0.8145574346560845,1.2403495994173344,-7.241752831117676,-6.673598017029714,-6.21098514220796,-3.7293958051943292
1,2011-08-10 10:17:23.056453,3667,62052.0,52404695.0,2396669.0,500.70860742650666,16.92173438778293,14290.8903736024,-141.0,41049.0,45080725.0,755967.0,-18.615232729218175,0,0,0,0.870690473929148,-0.129309526070852,-1.2739737227160497,0.9837188287702722,-0.016281171229727803,-0.018214734869697272,1.47645278093958,0.47645278093958,0.38755580376238685,0.3628285728706568,-0.6371714271293432,-0.5039415653515681,0.9568223727809542,-0.04317762721904587,-0.2738894629725838,1.134476328972556,0.13447632897255593,0.15212686079258084,1.711020732721795,0.711020732721795,0.580957556920073,0.11764705882352948,4.953177064273196,7.776720103983401,3.0784323536964444,-2.1266267194250865
1,2011-08-10 10:17:53.094899,4145,48352.0,27836942.0,2518589.0,408.328614040772,11.665138721351026,6715.788178528347,478.0,-13700.0,-24567753.0,121920.0,-92.37999338573462,0,0,0,1.0334596589209135,0.03345965892091349,0.342279342250876,0.7041560234524499,-0.2958439765475501,-0.37526262601219385,0.6451219032415524,-0.35487809675844767,-0.3621311562754214,0.4059472155422791,-0.5940527844577209,-0.4320583639029894,0.7646500068024623,-0.23534999319753766,-1.7195519727342359,0.6927217362424405,-0.3072782637575595,-0.41462653215062256,0.6332239024847451,-0.3667760975152548,-0.38925889169582384,3.380478087649402,-3.4518576848736484,-4.208850796420273,1.303823511234891,-9.630748045001551
1,2011-08-10 10:18:23.049694,3897,31933.0,14100008.0,2208428.0,485.8585441290736,8.194251988709263,3618.169874262253,-248.0,-16419.0,-13736934.0,-310161.0,77.52993008830157,0,0,0,0.9930686509352226,-0.006931349064777488,-0.10398378617998415,0.4704511369027099,-0.5295488630972901,-0.660009553599259,0.3226590975614606,-0.6773409024385394,-0.704592489636511,0.36017531789178703,-0.639824682108213,-0.45791785195548645,0.931638295524952,-0.06836170447504794,-0.39619649861288636,0.4852158700813029,-0.514784129918697,-0.6980564340208817,0.3333864778263526,-0.6666135221736474,-0.7345542231370322,-1.8637413394919171,-10.0,-10.0,-3.266806618646446,7.203704462988052
1,2011-08-10 10:18:53.048117,70309,267964.0,67902118.0,10305704.0,25.77820312921532,3.811233270278343,965.7670852949124,66412.0,236031.0,53802110.0,8097276.0,-460.0803409998583,0,0,0,10.0,10.0,10.0,6.389314105590447,5.389314105590447,10.0,2.831539048428558,1.8315390484285579,2.5038251064931485,4.510073603924515,3.5100736039245155,10.0,0.05007297841272307,-0.9499270215872769,-5.349315784740609,0.348472092549556,-0.651527907450444,-1.641589243419138,0.15367732175574506,-0.846322678244255,-1.106558326956363,10.0,10.0,3.7284736788584225,3.105105037183202,-10.0
1,2011-08-10 10:19:23.049999,6482,39030.0,17713744.0,2557130.0,263.669190488738,6.021289725393397,2732.7590249922864,-63827.0,-228934.0,-50188374.0,-7748574.0,237.8909873595227,0,0,0,0.37762449607345094,-0.6223755039265491,-0.3595971959670769,0.4524650826331311,-0.5475349173668689,-0.45956358518775287,0.5223205997570304,-0.4776794002429696,-0.6313358870172167,0.6704556013678382,-0.3295443986321618,-0.34487037811538057,0.6795605368255131,-0.32043946317448696,-0.6010729737594953,0.6529570838418725,-0.34704291615812755,-0.6121487382874731,0.4966137746965892,-0.5033862253034108,-0.5151562784285213,-5.7941923175146846,-6.16531517506216,-6.052737835011197,-6.067815268926181,2.8759181326473513
1,2011-08-10 10:19:53.059772,5057,39671.0,19520052.0,2472324.0,338.2445573937117,7.844769626260629,3860.006327862369,-1425.0,641.0,1806308.0,-84806.0,74.57536690497369,0,0,0,0.28570621468926555,-0.7142937853107345,-0.42958097439125276,0.44144517070934347,-0.5585548292906566,-0.500973179306027,0.5423517008379095,-0.4576482991620905,-0.7075923831169182,0.6184978675627373,-0.3815021324372627,-0.4321135285084636,1.0040844573248733,0.004084457324873183,0.006960948223201425,0.841467032415343,-0.15853296758465701,-0.2874009484849757,0.6814170964804115,-0.3185829035195885,-0.34354316482244773,-3.6645474943904266,-0.8222111277528152,-0.1307279638613891,-1.4626986517216845,2.4585177113366568
1,2011-08-10 10:20:23.059514,5216,49322.0,27944509.0,3533321.0,309.7543775715108,9.45590490797546,5357.459547546012,159.0,9651.0,8424457.0,1060997.0,-28.49017982220096,0,0,0,0.29013238402491937,-0.7098676159750806,-0.43598802328823416,0.5776086192762618,-0.42239138072373816,-0.3528193978229932,0.9500226024020311,-0.049977397597968876,-0.06652746111285883,0.8805927074208055,-0.11940729257919443,-0.13608515437184776,1.0176707719514637,0.017670771951463684,0.030528095928460862,1.2595551962253624,0.25955519622536244,0.6708982858244149,1.4971251627208497,0.4971251627208498,0.8513568690330691,-0.42805755395683454,3.1560698807023817,2.2809105149780704,10.0,0.12318510413688645
1,2011-08-10 10:20:53.052648,5676,46577.0,24343954.0,2938184.0,304.0913097429528,8.205954897815364,4288.927766032417,460.0,-2745.0,-3600555.0,-595137.0,-5.663067828557985,0,0,0,0.3120018469453942,-0.6879981530546059,-0.4293932088765901,0.544225556178725,-0.455774443821275,-0.38189379496482334,0.8270105554997322,-0.17298944450026782,-0.23046296503760458,0.6970149842194587,-0.3029850157805413,-0.37112645638405956,1.0682578117064843,0.06825781170648419,0.11640865819659903,1.161413434826499,0.16141343482649895,0.5195213997063556,1.2969897725566824,0.29698977255668235,0.6085388964793467,1.1475256769374418,-10.0,-10.0,-3.9324836508555956,0.7127511187812287
1,2011-08-10 10:21:23.053161,6101,60686.0,35911364.0,3456369.0,331.31073130404855,9.94689395181118,5886.143910834289,425.0,14109.0,11567410.0,518185.0,27.21942156109577,0,0,0,0.32893034289411255,-0.6710696571058874,-0.4300882296737406,0.6856183512441139,-0.3143816487558862,-0.2771226212850715,1.140590951806657,0.14059095180665704,0.2133065727371019,0.7925029611362363,-0.20749703886376372,-0.27019856494960093,1.33427582489859,0.3342758248985901,0.6524797364281858,1.4073475548338203,0.40734755483382046,1.3106117909539168,1.7105990599703629,0.7105990599703629,1.4615400108293692,0.19449128724002246,3.81733133023764,4.645973729264095,2.550399037486502,1.7487438991142552
1,2011-08-10 10:21:53.053506,5914,58185.0,33617538.0,2864008.0,299.2724777957389,9.838518769022658,5684.399391274941,-187.0,-2501.0,-2293826.0,-592361.0,-32.038253508309595,0,0,0,1.036380204682462,0.036380204682461864,0.3483788887890403,1.2364739083498382,0.23647390834983814,1.263837482761074,1.3400528979378996,0.3400528979378997,1.1739029930378369,0.9573929247255927,-0.04260707527440733,-0.25872892721797347,0.9672233499034151,-0.03277665009658496,-0.3462420101156438,1.1860835566763497,0.18608355667634963,1.0038740035993095,1.284592812445139,0.2845928124451389,1.011050610336066,0.9854379516571143,0.9396703943496174,0.6414860993898425,0.5675777283488105,-1.5243018427480908
1,2011-08-10 10:22:23.047316,8091,44827.0,22296716.0,4745115.0,224.9136815376344,5.540353479174391,2755.742924236806,2177.0,-13358.0,-11320822.0,1881107.0,-74.35879625810455,0,0,0,1.4466814475754541,0.4466814475754541,5.595178736193576,0.880891837400419,-0.11910816259958099,-0.7044750371806504,0.788776124301182,-0.21122387569881793,-0.8923828639622152,1.5543274900771122,0.5543274900771124,3.833474407700656,0.7105498642075689,-0.289450135792431,-5.315396856040294,0.6116254882560476,-0.3883745117439524,-3.6307320996222328,0.5494576411864375,-0.4505423588135625,-2.532119982141516,10.0,-4.486818063168886,-4.559157645024829,10.0,-10.0
1,2011-08-10 10:22:53.050431,8190,39337.0,16823691.0,2121861.0,215.74964835531136,4.803052503052503,2054.174725274725,99.0,-5490.0,-5473025.0,-2623254.0,-9.164033182323038,0,0,0,1.3210529711594297,0.32105297115942955,1.7964533273165377,0.757655134689538,-0.242344865310462,-1.7719015390050428,0.5836935184702736,-0.41630648152972644,-2.052869233268407,0.6049670305583106,-0.3950329694416895,-1.837943534240289,0.7341706814759444,-0.26582931852405556,-1.9315480560992093,0.5586552398130299,-0.44134476018697005,-2.0580458217313633,0.4284408916372364,-0.5715591083627636,-2.1153885135198833,-0.8368490441661173,-6.32389449185415,-10.0,-6.770996981244646,0.5956956516439196
1,2011-08-10 10:23:23.049663,8765,71784.0,46830151.0,3056504.0,172.17482339954364,8.189845978322875,5342.858071876783,575.0,32447.0,30006460.0,934643.0,-43.57482495576773,0,0,0,1.2900329683268574,0.2900329683268575,1.591109445219588,1.437911638863516,0.43791163886351614,2.394826174496763,1.7606211752244922,0.7606211752244922,2.5332378341062616,0.9477216169607251,-0.05227838303927488,-0.17312528928794313,0.6259364692021663,-0.3740635307978337,-1.996358356990658,1.0682006451364183,0.06820064513641833,0.21839949510524773,1.2924567206270565,0.29245672062705647,0.7062030237867928,-0.033288500336247404,10.0,10.0,4.310908562764797,-1.3176932330474005
1,2011-08-10 10:23:53.112531,6407,31601.0,9019333.0,1913768.0,270.3824767132824,4.932261588887155,1407.7310753862962,-2358.0,-40183.0,-37810818.0,-1142736.0,98.20765331373872,0,0,0,0.8643857424246513,-0.13561425757534873,-0.7675933761395836,0.5749420527692772,-0.4250579472307228,-1.8011523326624852,0.29004901997987387,-0.7099509800201261,-1.8687560658623847,0.5890743805489054,-0.4109256194510946,-1.3811673676157108,1.0872520164567578,0.08725201645675774,0.33392005704853533,0.6435847425658598,-0.3564152574341402,-1.1412990420099407,0.32401381065747603,-0.675986189342524,-1.6329872830523227,-4.816769180964714,-8.970603403816401,-9.407561758887017,-10.0,4.722341916312168
1,2011-08-10 10:24:23.119004,3432,50187.0,37623185.0,2041457.0,588.4998804035547,14.623251748251748,10962.466491841493,-2975.0,18586.0,28603852.0,127689.0,318.11740369027234,0,0,0,0.45922873123344127,-0.5407712687665587,-3.2640496111151815,1.021165162329999,0.021165162329999043,0.06523971104172499,1.4629418012549267,0.4629418012549267,0.8036941738880335,0.6943138055687215,-0.3056861944312786,-0.8038825504144311,2.4883860908825626,1.4883860908825624,7.114783649089172,2.195417601151325,1.1954176011513251,3.5493661271354613,3.178465099287785,2.178465099287785,3.8573029789810596,-10.0,4.1951177582946535,6.318276629980086,1.413875655467616,10.0
1,2011-08-10 10:24:53.076611,3540,29233.0,9680907.0,2407859.0,540.2112122169491,8.257909604519774,2734.719491525424,108.0,-20954.0,-27942278.0,366402.0,-48.288668186605605,0,0,0,0.5073813960154794,-0.49261860398452056,-1.5853178530686503,0.6148206413837198,-0.3851793586162802,-1.2053256336565596,0.36506080453250817,-0.6349391954674918,-1.090332823844187,0.8674653002567603,-0.13253469974323973,-0.30907384932390786,1.8353050337889947,0.8353050337889948,1.4626606797342896,1.0840348249646314,0.08403482496463144,0.1542945791584006,0.6070955766989357,-0.39290442330106434,-0.4529943801707557,1.217566478646253,-10.0,-10.0,3.2272296793755033,-1.8347872254013857
1,2011-08-10 10:25:23.047532,3705,30805.0,13398507.0,2105898.0,448.45677278380566,8.314439946018894,3616.331174089069,165.0,1572.0,3717600.0,-301961.0,-91.75443943314345,0,0,0,0.6107008637172809,-0.38929913628271906,-0.9403875188375688,0.6933628039722339,-0.30663719602776607,-0.7856133516422731,0.5583769048514833,-0.4416230951485167,-0.6149585194859877,0.9123195882943295,-0.08768041170567051,-0.4439491233334738,1.254762857655898,0.254762857655898,0.4721325637440413,1.0187686191833036,0.01876861918330356,0.03845301822119103,0.8035595131192842,-0.19644048688071583,-0.22613548891802782,1.1812788398154253,1.504040015390535,2.4733894592094727,0.354026687705583,-2.4550453223572144
1,2011-08-10 10:25:53.071899,3669,39432.0,22429253.0,2578227.0,458.5919429738348,10.747342600163533,6113.178795312074,-36.0,8627.0,9030746.0,472329.0,10.135170190029156,0,0,0,0.7096986343765717,-0.2903013656234284,-0.6359384433723138,0.9229904966995928,-0.07700950330040729,-0.17921966625312305,0.9621987193484993,-0.03780128065150073,-0.04992052163464745,1.1184894936317653,0.1184894936317652,0.5969080064058833,1.1352830345519207,0.1352830345519207,0.30769704652205204,1.212533643453831,0.21253364345383097,0.5341489271597468,1.2701861265700223,0.2701861265700223,0.3492739857092771,0.959866220735786,6.055672761368963,10.0,10.0,-0.7822333498615452
1,2011-08-10 10:26:23.103899,3836,29234.0,11113095.0,2202459.0,444.677265511731,7.620959332638165,2897.052919708029,167.0,-10198.0,-11316158.0,-375768.0,-13.91467746210384,0,0,0,0.9242037295812653,-0.07579627041873473,-0.24849856667657697,0.8064195787220426,-0.19358042127795735,-0.8038316645841388,0.6029816654012642,-0.39701833459873576,-0.6104003439036011,0.9968395637305315,-0.0031604362694685213,-0.02542416335336053,0.9641149819472257,-0.035885018052774297,-0.13624739766341126,0.8128987652774082,-0.1871012347225918,-0.4886700674179526,0.5832735573934704,-0.4167264426065296,-0.5495904756706704,1.1638540031397173,-0.5761003956478735,-1.3187994966414762,-2.928351143793241,-1.242909318458086
1,2011-08-10 10:26:53.072758,3853,26475.0,10559914.0,1984944.0,432.7051094243447,6.871269140929146,2740.69919543213,17.0,-2759.0,-553181.0,-217515.0,-11.97215608738628,0,0,0,1.0595644043559564,0.05956440435595641,1.393212723048005,0.7399757394167399,-0.2600242605832601,-1.0221403943905858,0.560237675129681,-0.439762324870319,-0.714141556175946,0.8755123104473399,-0.12448768955266014,-1.2695430655475013,0.872235611173492,-0.12776438882650795,-0.9778773498032441,0.6931727217711728,-0.3068272782288272,-1.052073990585693,0.5205753953795282,-0.47942460462047176,-0.729328903868635,1.0330610657331778,-4.828052386987748,-2.3210216825025958,-4.7672632676460305,-1.3434456121700422
1,2011-08-10 10:27:23.047801,3396,54913.0,31032410.0,2580239.0,444.19137244581856,16.169905771495877,9137.929917550058,-457.0,28438.0,20472496.0,595295.0,11.48626302147386,0,0,0,0.9127560070956298,-0.08724399290437024,-2.519969124904112,1.769343790074688,0.769343790074688,4.827695096121378,2.309588852769913,1.309588852769913,3.376245006079577,1.1437851188189572,0.14378511881895714,1.3653248791428134,0.9553972494814585,-0.044602750518541456,-0.48123687434997525,1.9336478126419934,0.9336478126419933,5.364007181699901,2.5240137051160296,1.5240137051160296,3.8313671677973016,-6.427553444180523,6.996541835357625,4.78233954055295,10.0,1.3686344204391379
1,2011-08-10 10:27:53.090384,3355,36921.0,19559587.0,2510777.0,366.8773907630402,11.004769001490311,5829.981222056632,-41.0,-17992.0,-11472823.0,-69462.0,-77.31398168277832,0,0,0,0.9087707893168644,-0.09122921068313564,-1.833505290635022,1.0207122675675526,0.020712267567552543,0.06491356460882385,1.1046472757970207,0.10464727579702064,0.20947341568599112,1.0962399951029391,0.09623999510293918,0.8022979414243501,0.8231035018964311,-0.17689649810356894,-8.477838528148347,1.1065871025095724,0.10658710250957246,0.2810414277185302,1.189540000657632,0.18954000065763207,0.34060112680735594,-0.42361111111111105,-4.503115264797508,-3.686654658456597,-3.014792899408284,-3.0259378617513404
1,2011-08-10 10:28:23.056230,3829,49043.0,34265679.0,3165725.0,417.94854369417607,12.808305040480544,8948.98903107861,474.0,12122.0,14706092.0,654948.0,51.07115293113583,0,0,0,1.0572091225357556,0.05720912253575565,0.8761064122479124,1.3114854927129296,0.3114854927129295,1.0448604750233101,1.809279641757374,0.8092796417573741,1.7992027651082605,1.3350002184428884,0.3350002184428884,2.9828567620385944,0.9733119641837689,-0.026688035816231186,-0.3171036685622339,1.2218343346900213,0.22183433469002134,0.6333847638184193,1.6746588445547685,0.6746588445547687,1.362975318389021,7.771428571428571,8.910071942446042,10.0,7.088194250627964,4.130150760282546
1,2011-08-10 10:28:53.080600,3256,74044.0,53321148.0,2533293.0,342.7933530605037,22.74078624078624,16376.273955773955,-573.0,25001.0,19055469.0,-632432.0,-75.15519063367236,0,0,0,0.8911270458153155,-0.10887295418468448,-1.5623600391280565,1.883247026746564,0.883247026746564,2.8117369504342458,2.502619221870206,1.5026192218702057,2.907513578249777,1.0178655116816393,0.017865511681639246,0.09924317989735665,0.8136949412212422,-0.18630505877875775,-2.4297858420999763,2.087260146024894,1.087260146024894,3.099982791810466,2.7705069573138044,1.7705069573138041,3.3609252320078613,-10.0,10.0,7.049502865138514,-6.382418323126206,-8.24568219756241
1,2011-08-10 10:29:23.070075,3140,101426.0,83441903.0,44401371.0,377.6796391242039,32.30127388535032,26573.85445859873,-116.0,27382.0,30120755.0,41868078.0,34.88628606370014,0,0,0,0.8875572389620667,-0.11244276103793323,-1.412890262954952,2.100821886029595,1.1008218860295946,2.9335938235704964,2.8049822165359504,1.8049822165359504,3.314487437971609,10.0,10.0,10.0,0.9420720078434093,-0.05792799215659072,-0.5289600090163957,2.3206593541306564,1.3206593541306562,3.0820938776480094,3.0875508532345584,2.0875508532345584,3.542662800339536,0.0,2.055344789109574,2.568128930277831,10.0,2.712060580732042
1,2011-08-10 10:29:53.047958,2948,21977.0,10369296.0,1434709.0,384.7421725647897,7.454884667571235,3517.400271370421,-192.0,-79449.0,-73072607.0,-42966662.0,7.062533440585867,0,0,0,0.8682846371347785,-0.13171536286522145,-1.7077200214519639,0.3473559098079008,-0.6526440901920992,-1.6391306617388142,0.23394237850325256,-0.7660576214967475,-1.3575774108286038,0.1299757634363539,-0.8700242365636461,-0.5148675405312506,0.9867763198022287,-0.013223680197771285,-0.12661601128640532,0.39225895997041754,-0.6077410400295824,-1.3310616109503695,0.26301454885916775,-0.7369854511408322,-1.1829138807162283,-0.3464235624123423,-6.300062707635655,-6.013077167803419,-6.0648610737533355,1.6417513019028016
1,2011-08-10 10:30:23.060548,3205,27192.0,11800298.0,2276263.0,374.446026951014,8.48424336973479,3681.840249609984,257.0,5215.0,1431002.0,841554.0,-10.296145613775709,0,0,0,0.9695667957405615,-0.0304332042594385,-0.30535741738833544,0.4797273218047288,-0.5202726781952711,-0.9376445655284223,0.2936016661384209,-0.706398333861579,-0.9747948543245859,0.21058619182315025,-0.7894138081768498,-0.4541462522442031,0.9905764142064851,-0.009423585793514891,-0.12997186319225162,0.49149817623649916,-0.5085018237635008,-0.8655660285390244,0.3005755686773475,-0.6994244313226524,-0.9151543336247184,3.868303571428572,1.791686907942677,1.3462696861663737,4.673208034708825,0.1340383357235589
1,2011-08-10 10:30:53.081116,3572,48170.0,30499844.0,3076004.0,325.5087158017917,13.485442329227324,8538.590145576707,367.0,20978.0,18699546.0,799741.0,-48.937311149222296,0,0,0,1.0904872389791183,0.09048723897911835,0.8964043536104984,0.8800359541365527,-0.11996404586344739,-0.19760328508573205,0.7893402843391126,-0.21065971566088734,-0.2654393178689282,0.28581362214570266,-0.7141863778542973,-0.40851645141840487,0.8576808753937187,-0.14231912460628127,-2.0122547368118293,0.8047215595639812,-0.1952784404360188,-0.3092214425232935,0.7224050243855074,-0.2775949756144927,-0.3358191984877548,10.0,10.0,10.0,10.0,-10.0
1,2011-08-10 10:31:23.085239,3168,48034.0,33440564.0,2379114.0,348.7762020852273,15.162247474747474,10555.733585858588,-404.0,-136.0,2940720.0,-696890.0,23.267486283435574,0,0,0,0.9825693195211216,-0.017430680478878427,-0.2478147824333858,0.880359518930827,-0.11964048106917298,-0.1962075017516169,0.8826512330733299,-0.11734876692667004,-0.1441357095874189,0.22142976275482282,-0.7785702372451772,-0.4443867988721047,0.9660481283111084,-0.0339518716888916,-0.47951839161205023,0.8975288457885903,-0.10247115421140975,-0.16449053889094997,0.8993099905981049,-0.10069000940189506,-0.12057073432116602,-6.859922178988327,0.2210767468499427,4.9044727132229635,-10.0,2.258520640611906
1,2011-08-10 10:31:53.076571,3374,126315.0,126818919.0,3920878.0,324.2473304919976,37.43775933609958,37587.11292234736,206.0,78281.0,93378355.0,1541764.0,-24.528871593229667,0,0,0,1.0522048275431921,0.052204827543192195,0.7370816964600259,2.559066284709419,1.5590662847094192,2.44725210614619,3.7398258368138064,2.7398258368138064,3.1371809848077366,0.3659757179829748,-0.6340242820170252,-0.36052101387040636,0.8951407586231368,-0.10485924137686323,-1.5429062350718041,2.434561613858635,1.4345616138586352,2.2051180136646376,3.554846618085066,2.554846618085066,2.857681104837898,10.0,10.0,10.0,10.0,-10.0
1,2011-08-10 10:32:23.063767,3818,43198.0,28781881.0,2549364.0,299.23722564222106,11.31430068098481,7538.470665269775,444.0,-83117.0,-98037038.0,-1371514.0,-25.010104849776557,0,0,0,1.1735415257884059,0.17354152578840595,2.4131995607103174,0.7949927858425841,-0.20500721415741585,-0.26548053621070444,0.6758565455746615,-0.32414345442533854,-0.286117002364452,0.9740086473811199,-0.02599135261888013,-0.0729219227621642,0.8512082396282366,-0.14879176037176345,-1.8920163195283033,0.6896896680440867,-0.31031033195591334,-0.4172886794515766,0.5900431083914645,-0.40995689160853555,-0.3687714652848115,8.487179487179487,-10.0,-10.0,0.8305956896325348,-1.3403541312364107
1,2011-08-10 10:32:53.056357,3464,24294.0,10966229.0,1514295.0,339.34205843042724,7.013279445727482,3165.7704965357966,-354.0,-18904.0,-17815652.0,-1035069.0,40.10483278820618,0,0,0,1.0106786485382506,0.010678648538250542,0.13521304161814038,0.4147021771266844,-0.5852978228733157,-0.8831440092444285,0.23701386728242357,-0.7629861327175764,-0.7705646889125505,0.5331415289646824,-0.4668584710353176,-1.9558260753313197,1.014648106757558,0.014648106757557835,0.17242739487547948,0.40829956696047326,-0.5917004330395267,-0.876262763073811,0.23311406627160525,-0.7668859337283948,-0.7629282352098634,-3.0344827586206895,-5.454078507139155,-5.837900816208045,-5.643001646249288,3.345176170012959
1,2011-08-10 10:33:23.047468,3107,19707.0,7911236.0,1566708.0,350.1918764747345,6.342774380431284,2546.261989056968,-357.0,-4587.0,-3054993.0,52413.0,10.849818044307256,0,0,0,0.893021384226259,-0.10697861577374104,-1.5470081430225833,0.3397629745078635,-0.6602370254921365,-0.9712836628300845,0.17160478861252534,-0.8283952113874746,-0.8307398166993472,0.5828676405755951,-0.41713235942440485,-1.2609260536047728,1.069541902103343,0.06954190210334307,1.2143941526558826,0.375698777518397,-0.6243012224816031,-0.8864952697044355,0.18893198611322307,-0.811068013886777,-0.7952056627415698,-7.891891891891892,-6.91407867494824,-10.0,1.3439317661634085,2.5453833998774766
1,2011-08-10 10:33:53.052056,2910,20721.0,8287869.0,1380746.0,387.9282410223368,7.120618556701031,2848.0649484536084,-197.0,1014.0,376633.0,-185962.0,37.73636454760225,0,0,0,0.8593703856830666,-0.14062961431693338,-1.6883319325956556,0.3961223178919357,-0.6038776821080643,-0.7331379335936175,0.19930539816574286,-0.8006946018342571,-0.6808384592683867,0.5786690911815814,-0.42133090881841856,-1.0295889312241027,1.1671966537964158,0.16719665379641588,2.620180595000206,0.4607600142697378,-0.5392399857302623,-0.6513452741728512,0.23195223621691707,-0.7680477637830829,-0.6493373456913236,-1.118279569892473,1.1781259881249342,1.08336790828368,0.38394456753347256,6.644151623776474
1,2011-08-10 10:34:23.048421,2653,28387.0,16512341.0,2214552.0,396.5703140410856,10.699962306822464,6224.026008292499,-257.0,7666.0,8224472.0,833806.0,8.642073018748818,0,0,0,0.7955976728843039,-0.204402327115696,-1.9593424062670362,0.6059512882361731,-0.39404871176382694,-0.4063216089576995,0.45173415442491116,-0.5482658455750888,-0.3914885652874379,1.0128767943552093,0.012876794355209317,0.02618256311105479,1.1657340778696896,0.16573407786968963,1.7174091793213444,0.7727977918913252,-0.22720220810867472,-0.23591976012491606,0.579672818696381,-0.420327181303619,-0.297941123031617,-3.9806201550387597,2.40336103686889,2.634908704613959,5.1758449790057375,0.1036555506892904
1,2011-08-10 10:34:53.058950,3382,38818.0,22985136.0,2256491.0,315.0492776306919,11.477823772915436,6796.314606741573,729.0,10431.0,6472795.0,41939.0,-81.52103641039366,0,0,0,1.0600551654964894,0.06005516549648944,0.4173318454528633,1.4239180673039535,0.4239180673039535,1.211638203951807,1.58606657760917,0.5860665776091701,0.9766340487705681,1.2229421944109178,0.2229421944109178,0.8086695956329717,0.8883287039111609,-0.11167129608883904,-1.0068093651870893,1.3506202761588255,0.3506202761588256,1.2844108926031996,1.5222949837234758,0.5222949837234758,1.029402001146535,6.055478502080445,1.5325851646107345,1.2934002267752336,1.1228926945964606,-6.635901093257767
1,2011-08-10 10:35:23.050545,3194,60716.0,50492216.0,2674993.0,341.951512564809,19.0093926111459,15808.45835942392,-188.0,21898.0,27507080.0,418502.0,26.902234934117075,0,0,0,1.0292601185872647,0.029260118587264818,0.27133906265683067,2.3011210745336435,1.3011210745336435,4.435422941340644,3.7871352289659677,2.787135228965967,5.80828054261397,1.4972883058286817,0.4972883058286816,2.137302657963154,0.9556620573683033,-0.0443379426316967,-0.4659559029439557,2.2283007798369554,1.2283007798369556,4.4211558405807905,3.662682454237189,2.662682454237189,5.675269447829339,-1.1559633027522935,10.0,10.0,8.14476923444633,7.506876575454123
1,2011-08-10 10:35:53.075910,3960,45700.0,29605998.0,2498043.0,293.5519686030303,11.54040404040404,7476.262121212121,766.0,-15016.0,-20886218.0,-176950.0,-48.399543961778704,0,0,0,1.2987012987012987,0.2987012987012988,3.2642498536608717,1.3572994196579724,0.3572994196579723,0.7099532731539855,1.3940264207529687,0.39402642075296856,0.4778921596800379,1.2374525560534562,0.23745255605345625,0.8991167368277221,0.8192035687906829,-0.18079643120931707,-1.9217388902205752,1.055835620435483,0.05583562043548307,0.12134193027880176,1.0922821808333862,0.09228218083338632,0.11770564346283548,10.0,-3.0613914666959534,-3.6420868377050266,-1.7622568488960952,-10.0
1,2011-08-10 10:36:23.065323,3869,59698.0,34139433.0,3539548.0,318.3011460059447,15.429826828637893,8823.83897647971,-91.0,13998.0,4533435.0,1041505.0,24.749177402914427,0,0,0,1.2016274302751724,0.2016274302751723,1.303553487577467,1.5359006287884245,0.5359006287884245,1.3423243513487757,1.3347858395559211,0.334785839555921,0.5349609604539808,1.6052626685684352,0.6052626685684354,2.6840977882818535,0.9172672400606297,-0.08273275993937032,-0.6405411570555989,1.2890802477412597,0.28908024774125973,0.7985140400263434,1.1268370968049475,0.1268370968049474,0.20682052317540417,-1.5334114888628372,1.6926480206209362,0.044822478347538365,4.591462792657851,3.18478263232473
1,2011-08-10 10:36:53.049246,3396,40154.0,27044958.0,2298079.0,320.1397583074205,11.823910482921084,7963.768551236749,-473.0,-19544.0,-7094475.0,-1241469.0,1.8386123014757916,0,0,0,0.9954273654590222,-0.004572634540977814,-0.029303110224521523,0.8604957161654215,-0.13950428383457847,-0.47106909941037534,0.8795959341080701,-0.12040406589192983,-0.28700001216860216,0.8715655411064042,-0.12843445889359578,-0.62923190933298,0.9611357715493501,-0.03886422845064988,-0.328389705306752,0.8673972910109795,-0.13260270898902052,-0.5124866418342073,0.8823357691528794,-0.11766423084712059,-0.2713603644184252,-3.4661105318039622,-3.5071195833440236,-2.3721558587325706,-3.8753655962890523,1.132032817184383
1,2011-08-10 10:37:23.053611,3317,98055.0,59565377.0,4269282.0,348.70391391468195,29.56135061802834,17957.605366294843,-79.0,57901.0,32520419.0,1971203.0,28.56415560726145,0,0,0,0.931689230942082,-0.06831076905791805,-0.7266853692523693,2.000420260643203,1.0004202606432029,4.6517114856820445,1.8130576532369798,0.8130576532369798,2.506060420969177,1.6089667761450572,0.6089667761450573,3.0902396684886835,1.0972476543165621,0.09724765431656215,1.7959065608583782,2.1334274893011567,1.1334274893011567,4.7255241866736295,1.9157377261563346,0.9157377261563348,2.3375439991530205,-1.531628532974428,10.0,10.0,10.0,2.868634561993634
1,2011-08-10 10:37:53.059849,3240,50316.0,34864365.0,2999764.0,292.9989785509259,15.52962962962963,10760.606481481482,-77.0,-47739.0,-24701012.0,-1269518.0,-55.70493536375602,0,0,0,0.9133964817320704,-0.08660351826792959,-0.8918757612390029,0.8266874340749796,-0.17331256592502042,-0.46671075988700295,0.8679291833761118,-0.13207081662388817,-0.374444101905406,0.9816017007914623,-0.01839829920853773,-0.06797325239721379,0.9028419117685875,-0.09715808823141243,-1.4446001355951554,0.8887798400973675,-0.1112201599026324,-0.26217727023257986,0.9271599893118846,-0.07284001068811537,-0.17250452182877454,-4.923076923076923,-5.029491702820873,-4.376277920093528,-4.15362598501285,-9.275967521041908
1,2011-08-10 10:38:23.053771,2942,248254.0,262394076.0,5237252.0,272.44902357953777,84.38273283480625,89189.0129163834,-298.0,197938.0,227529711.0,2237488.0,-20.54995497138816,0,0,0,0.8272410302553144,-0.17275896974468566,-1.8446184112824084,4.223112856088159,3.223112856088159,8.204864757959438,7.083303380235704,6.083303380235704,10.0,1.6780991079876109,0.6780991079876109,2.6383324645763744,0.8656343544058617,-0.13436564559413833,-1.838270745072756,5.029660279778835,4.029660279778835,9.141637273221198,8.416903450832741,7.4169034508327405,10.0,-10.0,10.0,10.0,10.0,-1.098967437064662
1,2011-08-10 10:38:53.057708,2886,85197.0,59064195.0,3116453.0,288.6842636410256,29.52079002079002,20465.764033264037,-56.0,-163057.0,-203329881.0,-2120799.0,16.235240061487843,0,0,0,0.8607730851825339,-0.13922691481746605,-1.3900449943762854,0.8580155777609034,-0.14198442223909663,-0.1637389503139257,0.7064956348740031,-0.2935043651259968,-0.24365975413272045,0.8494509762768873,-0.15054902372311268,-0.4861216976589272,0.9296843958558473,-0.07031560414415274,-0.7525174778037185,0.9417874771322061,-0.05821252286779386,-0.05999030361991309,0.7597085829141488,-0.24029141708585125,-0.18484138005698178,0.724950884086444,-5.02502542531868,-5.36727436273605,-4.871188726380498,4.846676386498243
1,2011-08-10 10:39:23.052486,2907,70168.0,60643342.0,2608030.0,297.5743377395941,24.137598899208808,20861.142758857928,21.0,-15029.0,1579147.0,-508423.0,8.890074098568505,0,0,0,0.9210442937709905,-0.07895570622900952,-1.0894859679578879,0.6721381825984336,-0.32786181740156634,-0.4079611986844049,0.6845656789004312,-0.3154343210995688,-0.28446847140365805,0.7276532392751898,-0.2723467607248102,-0.8388529492618083,0.9769502272361122,-0.02304977276388773,-0.23376164047615886,0.7065280139436417,-0.2934719860563582,-0.3433376803097563,0.7127786325466531,-0.28722136745334687,-0.24809259747250578,1.1068158697863684,-3.9469783128750144,-0.6832172359358938,-5.008378732908684,2.500845698245861
1,2011-08-10 10:39:53.053447,2831,25158.0,12124727.0,1679199.0,292.75170596079124,8.886612504415401,4282.842458495232,-76.0,-45010.0,-48518615.0,-928831.0,-4.822631778802872,0,0,0,0.9256473973319382,-0.07435260266806176,-1.1161107553284393,0.22788456312614358,-0.7721154368738564,-1.0777788120884715,0.12721856466296955,-0.8727814353370305,-0.884660068236836,0.4605395128162639,-0.5394604871837362,-1.8153547681741442,0.9755720269911914,-0.024427973008808647,-0.2546705874375987,0.24262847439756574,-0.7573715256024343,-1.0159473266894146,0.13448255146797627,-0.8655174485320236,-0.853096211383298,0.22290388548057258,-8.498167521823149,-8.220379259907261,-10.0,-0.068588942162006
1,2011-08-10 10:40:23.055248,3533,40592.0,22513343.0,2909310.0,248.1580181466176,11.489385791112367,6372.30200962355,702.0,15434.0,10388616.0,1230111.0,-44.59368781417365,0,0,0,1.1930973929488047,0.19309739294880462,3.5522586300546646,0.4236338247480134,-0.5763661752519866,-0.6266175802375515,0.2623378080399108,-0.7376621919600892,-0.628696649528551,0.9300448100206269,-0.06995518997937307,-0.16740541740495563,0.8590002789258403,-0.14099972107415976,-4.192653690628292,0.3536123422196227,-0.6463876577803772,-0.6984988767045585,0.2188901363337289,-0.7811098636662711,-0.6630047936434746,8.222222222222223,2.0586169526866676,2.0949065832782647,3.37465556123105,-2.9849801683360355
1,2011-08-10 10:40:53.048018,3101,1441622.0,1281837666.0,43709835.0,277.55992878748793,464.8893905191874,413362.6784908094,-432.0,1401030.0,1259324323.0,40800525.0,29.40191064087034,0,0,0,1.0268891979601298,0.026889197960129747,0.2802922762628198,10.0,10.0,10.0,10.0,10.0,10.0,10.0,10.0,10.0,0.991556474247765,-0.00844352575223494,-0.11752586853278138,10.0,10.0,10.0,10.0,10.0,10.0,-8.372013651877133,10.0,10.0,10.0,4.278465757174706
1,2011-08-10 10:41:23.066530,2833,21319.0,9050134.0,1934077.0,291.9764083243911,7.525238263325097,3194.5407695022946,-268.0,-1420303.0,-1272787532.0,-41775758.0,14.416479536903182,0,0,0,0.9283654476340281,-0.07163455236597192,-0.7597067833846114,0.06410815420598687,-0.9358918457940131,-0.5016229098085838,0.03150758740246099,-0.968492412597539,-0.49995971807930606,0.17900553408654457,-0.8209944659134555,-0.4820180169331115,1.0392629586388469,0.03926295863884687,0.5581574067757796,0.06981727819615156,-0.9301827218038484,-0.501769068863331,0.03432445416553131,-0.9656755458344688,-0.5014883660717275,-9.427672955974844,-6.950817350557414,-7.242559885044743,-6.429289476092625,10.0
1,2011-08-10 10:41:53.065523,2730,41886.0,28020173.0,3764845.0,279.1467439285714,15.342857142857143,10263.799633699631,-103.0,20567.0,18970039.0,1830768.0,-12.829664395819693,0,0,0,0.8977310095363368,-0.10226899046366326,-1.0498970734274542,0.1309871602186309,-0.8690128397813691,-0.442896845182272,0.10107053582430887,-0.8989294641756911,-0.4434666400237601,0.3562464862383556,-0.6437535137616445,-0.3670795031016474,0.9912737916829119,-0.008726208317088122,-0.12203452962272418,0.1484041339960841,-0.8515958660039159,-0.43543750915145174,0.1145325430437027,-0.8854674569562974,-0.4381102165547476,-8.716981132075473,2.609865681455274,2.8964705745450265,8.74190274498129,-10.0
1,2011-08-10 10:42:23.052949,3338,50377.0,30777067.0,3146617.0,240.2696836402037,15.09197124026363,9220.211803475137,608.0,8491.0,2756894.0,-618228.0,-38.87706028836772,0,0,0,1.1105935586904445,0.11059355869044454,1.0215812603215981,0.16037736449725162,-0.8396226355027484,-0.41839248012739877,0.11369050635243147,-0.8863094936475685,-0.42444077289195936,0.29136817778885327,-0.7086318222111467,-0.4155519735283088,0.864532698896055,-0.135467301103945,-2.084401576625999,0.1485040024808009,-0.8514959975191991,-0.4260866091926084,0.10537959065718185,-0.8946204093428182,-0.4296447882078312,10.0,2.501131461707093,1.4225362042540994,-3.6721126541408955,-9.548599205912858
1,2011-08-10 10:42:53.076787,3343,84836.0,59281492.0,3244504.0,265.35567583308404,25.37720610230332,17733.021836673648,5.0,34459.0,28504425.0,97887.0,25.08599219288033,0,0,0,1.0759575152880592,0.07595751528805922,0.7019970904917613,0.26581091818753777,-0.7341890818124622,-0.3733842526055423,0.2160091891027975,-0.7839908108972025,-0.38201804934165307,0.29248377219637633,-0.7075162278036237,-0.4301619667476285,0.9922725896802626,-0.007727410319737453,-0.09355679958499348,0.24669735185096128,-0.7533026481490387,-0.3828561477200513,0.20041228992438392,-0.799587710075616,-0.38951742451686794,-0.9506903353057199,5.831952099607439,6.640978290123384,-0.6664651789742254,3.3899605125391337
1,2011-08-10 10:43:23.048659,2801,40968.0,32275416.0,1929640.0,277.64166335237417,14.626204926811852,11522.818993216708,-542.0,-43868.0,-27006076.0,-1314864.0,12.285987519290131,0,0,0,0.9126751384815901,-0.0873248615184099,-0.9488910690718838,0.12489939269773907,-0.8751006073022609,-0.4607746208633502,0.11453577947726583,-0.8854642205227342,-0.44610159897451007,0.17290718807664776,-0.8270928119233523,-0.5069304277980206,1.0250311341449465,0.025031134144946537,0.34717478050597267,0.13844629534909417,-0.8615537046509059,-0.45300353532304777,0.12696642580386677,-0.8730335741961331,-0.4391599958683524,-10.0,-5.957508362715849,-4.672482397740501,-10.0,2.571994437637427
1,2011-08-10 10:43:53.062611,2919,151271.0,115522659.0,101703459.0,297.47477135560126,51.82288454950326,39576.10791366907,118.0,110303.0,83247243.0,99773819.0,19.833108003227096,0,0,0,0.9700897308075773,-0.02991026919242273,-0.2951700316092735,3.1595623804232496,2.1595623804232496,4.4481547341686545,3.6235745222954554,2.623574522295455,4.660604425121666,10.0,10.0,10.0,1.0981871281602158,0.09818712816021569,1.3614191218892022,3.3235359744443524,2.323535974444353,5.691834686243863,3.8102022185763507,2.8102022185763507,5.6080746842043085,2.966666666666667,1.3937553457170722,1.3331056255900817,10.0,10.0
1,2011-08-10 10:44:23.047827,2912,87392.0,67137500.0,56347363.0,267.1837729206731,30.01098901098901,23055.460164835164,-7.0,-63879.0,-48385159.0,-45356096.0,-30.29099843492816,0,0,0,0.9622629039719781,-0.03773709602802188,-0.38743999302464216,1.1830897443534105,0.1830897443534106,0.28885687186694203,1.262567817733722,0.2625678177337221,0.376676604949992,2.475956850511075,1.475956850511075,0.761027839613536,0.9823737954731308,-0.017626204526869253,-0.22707412618464895,1.2273316340679457,0.2273316340679457,0.34858994119707465,1.305282766424852,0.3052827664248521,0.4249967059839028,-1.4069767441860466,-3.457792107855208,-3.2721898912418954,-3.273046855196517,-10.0
1,2011-08-10 10:44:53.071865,3019,26581.0,13125577.0,1847873.0,272.4783598966545,8.804571050016563,4347.657171248758,107.0,-60811.0,-54011923.0,-54499490.0,5.294586975981417,0,0,0,0.985763730163913,-0.014236269836086956,-0.16900837170775765,0.3203734415828601,-0.6796265584171399,-1.300960501615312,0.21517753190623662,-0.7848224680937634,-1.3889628622421548,0.055534513968049454,-0.9444654860319506,-0.7024151211257996,1.0107322189996282,0.010732218999628269,0.13929048550505807,0.3215007266582927,-0.6784992733417072,-1.2238554287254184,0.21500145788409183,-0.7849985421159082,-1.312024152850473,1.9395604395604396,-7.681646376302025,-7.903836118454617,-6.182282255863061,3.212906381067783
1,2011-08-10 10:45:23.050777,2568,17348.0,5958758.0,1415925.0,336.7150583640966,6.755451713395638,2320.388629283489,-451.0,-9233.0,-7166819.0,-431948.0,64.23669846744207,0,0,0,0.8563425370148059,-0.14365746298519413,-2.078053076658535,0.22181420183711462,-0.7781857981628854,-1.2476300985909252,0.10368732460052119,-0.8963126753994788,-1.3224982404773908,0.0428878853897945,-0.9571121146102055,-0.7027790234516479,1.21986342989629,0.21986342989629007,4.698703984426734,0.25854852108158105,-0.741451478918419,-1.1638689131930855,0.1205583746034504,-0.8794416253965496,-1.2689514463116611,-6.068965517241379,-0.940031938140864,-1.0300889613284772,-0.6629451223643767,8.971955686098186
1,2011-08-10 10:45:53.050682,2755,78667.0,57420683.0,4350034.0,280.2914346068966,28.55426497277677,20842.35317604356,187.0,61319.0,51461925.0,2934109.0,-56.423623757200005,0,0,0,0.9687741753991138,-0.0312258246008862,-0.5150557331327016,1.2156477932995426,0.2156477932995426,0.25198458746211183,1.2268332852533788,0.22683328525337865,0.23521118104497132,0.13323696649425837,-0.8667630335057417,-0.6250916446416502,0.9655276110329062,-0.0344723889670938,-0.35281808273453524,1.2745152278013219,0.2745152278013218,0.3271530945399434,1.289391598059582,0.2893915980595819,0.3037910200799375,2.206451612903226,5.542955784732101,5.825514479433855,9.022921076967416,-4.953483183005296
1,2011-08-10 10:46:23.058743,3052,25988.0,12618964.0,2541037.0,238.545243535059,8.515072083879422,4134.653997378768,297.0,-52679.0,-44801719.0,-1808997.0,-41.74619107183759,0,0,0,1.076695124532562,0.07669512453256194,1.2321226361380304,0.35968654068133943,-0.6403134593186606,-0.8585547174466758,0.24345408102416477,-0.7565459189758352,-0.8810186149537189,0.07669218927050063,-0.9233078107294994,-0.6817582369040557,0.8202259969807135,-0.17977400301928645,-1.861168692299259,0.33803876119403886,-0.6619612388059612,-0.9069142563644157,0.22934123430279382,-0.7706587656972061,-0.9105033701307079,10.0,-7.986790100533171,-9.908578898764526,-4.736988688618465,-10.0
1,2011-08-10 10:46:53.064069,3242,448160.0,248607261.0,191591602.0,518.868912041641,138.2356570018507,76683.30074028377,190.0,422172.0,235988297.0,189050565.0,280.323668506582,0,0,0,1.133091010764714,0.1330910107647142,1.8973071952278389,9.495880937044445,8.495880937044445,10.0,7.954847791601004,6.954847791601004,7.58103918256077,10.0,10.0,7.401039949169875,1.8594601281209693,0.8594601281209693,6.682864456745516,8.363690313338791,7.363690313338792,10.0,7.009376726112044,6.009376726112043,6.502296193318651,6.142857142857142,10.0,10.0,10.0,10.0
1,2011-08-10 10:47:23.053792,3255,153417.0,58694266.0,8863373.0,584.8951518350231,47.132718894009216,18032.03256528418,13.0,-294743.0,-189912995.0,-182728229.0,66.02623979338205,0,0,0,1.1119841486745012,0.1119841486745013,1.2350507031153215,1.2854507125333476,0.2854507125333476,0.18375148829687776,0.868949308311402,-0.131050691688598,-0.08571841026891386,0.2196661224374031,-0.7803338775625969,-0.37237454530871245,1.7757468698323888,0.7757468698323889,2.2886443596665504,1.2347134031896738,0.2347134031896737,0.15817562563646917,0.8322859134761366,-0.16771408652386344,-0.1147751376725308,-0.803030303030303,-5.0849382428596765,-6.23263473631841,-7.755490302252357,0.3116833203578167
1,2011-08-10 10:47:53.064203,3559,106959.0,37867129.0,6107848.0,541.0888121952796,30.053104804720427,10639.822703006465,304.0,-46458.0,-20827137.0,-2755525.0,-43.80633963974344,0,0,0,1.19654384077461,0.19654384077460996,1.923023194541561,0.7390958843528014,-0.2609041156471987,-0.2120348566472457,0.49396211476499813,-0.5060378852350018,-0.39107620872004417,0.1462873714676702,-0.8537126285323298,-0.42529797301207556,1.380810617894236,0.3808106178942361,0.9818977578998127,0.6556282960822145,-0.34437170391778554,-0.2911515517355362,0.43601281525162494,-0.5639871847483751,-0.4534390013828525,5.440677966101695,-2.831420101548456,-3.285246455082348,-2.9638835435820683,-1.7010881100204316
1,2011-08-10 10:48:23.076514,3135,75298.0,21481540.0,4788087.0,624.0197235642743,24.01850079744817,6852.165869218501,-424.0,-31661.0,-16385589.0,-1319761.0,82.93091136899466,0,0,0,0.9881485217172036,-0.011851478282796417,-0.1271393189729289,0.4629785622319971,-0.5370214377680029,-0.5256492353865964,0.2586838924557826,-0.7413161075442174,-0.6519749607832939,0.11215740575807909,-0.8878425942419209,-0.45517411592082274,1.4420269357703446,0.44202693577034446,1.1905166761985664,0.4756311736560127,-0.5243688263439873,-0.5200267177675034,0.2628731735101369,-0.7371268264898632,-0.6616868761551735,-3.1392532795156414,-2.766579995759449,-3.567600364180296,-2.4064180081386675,1.0289031691783996
1,2011-08-10 10:48:53.051828,3590,75976.0,30866142.0,5071451.0,493.75004267075207,21.163231197771587,8597.811142061282,455.0,678.0,9384602.0,283364.0,-130.2696808935222,0,0,0,1.1050914239980298,0.10509142399802995,1.7749188478568698,0.46909073845857485,-0.5309092615414251,-0.516171772408863,0.4069160540234803,-0.5930839459765197,-0.45834167351881333,0.11855170498775254,-0.8814482950122474,-0.45309650591784967,0.9845787051716073,-0.015421294828392745,-0.050723918554984204,0.42675539159319165,-0.5732446084068084,-0.5525733272858052,0.3695059791354345,-0.6304940208645655,-0.48396127552848184,4.9868421052631575,2.006233303650935,2.305624065660108,2.2343574864228755,-2.894951406075216
1,2011-08-10 10:49:23.051615,3555,80543.0,47771433.0,4363286.0,550.7562070939522,22.65625879043601,13437.815189873418,-35.0,4567.0,16905291.0,-708165.0,57.00616442320012,0,0,0,1.0592336571122103,0.05923365711221029,0.9700365889062681,0.46837673439480815,-0.5316232656051918,-0.5798922589240217,0.6008738312536981,-0.3991261687463019,-0.33220753681680304,0.10080487939968458,-0.8991951206003155,-0.4693719668871165,0.9967995604242835,-0.0032004395757164205,-0.033910165448989386,0.43468878522388876,-0.5653112147761112,-0.5990805164173568,0.55617732682207,-0.44382267317793,-0.361438972981912,-1.325278810408922,-0.5431903656877651,3.6323028689696564,-2.3993065956796005,0.11687093299702779
1,2011-08-10 10:49:53.052172,3764,46162.0,17893563.0,3459796.0,500.76738617056327,12.264080765143463,4753.869022316684,209.0,-34381.0,-29877870.0,-903490.0,-49.988820923388914,0,0,0,1.100971100971101,0.10097110097110092,1.6508962604442539,0.46894206134585414,-0.5310579386541459,-1.5663457965073881,0.4548890736555442,-0.5451109263444558,-1.480930849168218,0.5925516659305006,-0.40744833406949943,-1.3150748623298962,0.8959842644964285,-0.10401573550357145,-1.1901187829975648,0.42282989206796534,-0.5771701079320347,-1.567259524466214,0.4129515408203574,-0.5870484591796427,-1.538439629663435,2.3386581469648564,0.5323801674024868,0.2561618537505171,0.9758719722715447,-8.838360206060463
1,2011-08-10 10:50:23.061582,3510,45288.0,26080610.0,2477636.0,500.5851749433049,12.902564102564105,7430.373219373219,-254.0,-874.0,8187047.0,-982160.0,-0.1822112272583922,0,0,0,0.9969891495767768,-0.0030108504232232883,-0.045678072483508955,0.5882505754173399,-0.4117494245826601,-1.4680534560955514,0.8365615310262734,-0.16343846897372663,-0.4193025696495821,0.5207203153800926,-0.4792796846199074,-2.3513686345572977,0.9234586549657781,-0.07654134503422196,-0.7972864151532443,0.5856540078026747,-0.41434599219732526,-1.4219863049579868,0.8389932496063579,-0.1610067503936421,-0.4247294723870978,-3.495088408644401,0.9592559787422498,2.0032972961274713,0.09119459202672592,0.9891705654001834
1,2011-08-10 10:50:53.052631,4171,50346.0,26703658.0,3422886.0,410.7771640148646,12.070486693838408,6402.219611603932,661.0,5058.0,623048.0,945250.0,-89.8080109284403,0,0,0,1.188048308077931,0.18804830807793088,2.8572136256807585,0.7787061469311746,-0.22129385306882549,-0.8222987398939104,0.926610058339428,-0.07338994166057206,-0.18134508928253992,0.8489192795964495,-0.15108072040355047,-0.5739859181535021,0.7692806221624349,-0.23071937783756513,-2.228461799260421,0.6489185516959715,-0.3510814483040286,-1.16825591460581,0.7793891510917758,-0.2206108489082243,-0.5600756848308425,10.0,1.4100792917254463,1.2643053474906374,2.301921210111145,-10.0
1,2011-08-10 10:51:23.053356,3764,74019.0,54946066.0,3600874.0,484.4920241392136,19.66498405951116,14597.785866099894,-407.0,23673.0,28242408.0,177988.0,73.714860124349,0,0,0,1.012372243141474,0.01237224314147391,0.16980587142760506,1.2406181385448267,0.24061813854482678,0.8366144640027743,1.839932913553475,0.8399329135534749,2.2679491722022096,0.9579312218027561,-0.0420687781972439,-0.15949695588292645,0.9860883523050861,-0.013911647694913943,-0.1353511611157362,1.2130399517971857,0.21303995179718563,0.6593856409402287,1.7967793530870364,0.7967793530870365,1.9683130820968617,-2.964285714285715,5.743707919204874,10.0,1.6518747056294274,2.7284274837094324
1,2011-08-10 10:51:53.085995,3367,38462.0,15541324.0,4937286.0,514.7978154746064,11.423225423225423,4615.777843777843,-397.0,-35557.0,-39404742.0,1336412.0,30.305791335392826,0,0,0,0.897196759752718,-0.10280324024728207,-1.4761718838161029,0.6489111142604552,-0.3510888857395447,-1.2452651611088572,0.44814713291297986,-0.5518528670870202,-1.2094974588769436,1.4249450979129068,0.4249450979129068,2.1936503896295623,1.051733374766252,0.05173337476625195,0.5008531231832155,0.7179147077680362,-0.28208529223196377,-0.9129204838018126,0.4950207643922549,-0.504979235607745,-1.0680429809399141,-10.0,-10.0,-9.182073581295356,5.543835514903333,10.0
1,2011-08-10 10:52:23.050657,2982,100069.0,84342813.0,3941975.0,624.8553392451374,33.55767940979209,28283.974849094568,-385.0,61607.0,68801489.0,-995311.0,110.05752377053102,0,0,0,0.8026485788113695,-0.19735142118863044,-2.3918584176254365,1.9677163093791417,0.9677163093791415,3.609894067248553,2.9873793418281123,1.987379341828112,3.569199934755388,1.101203968292723,0.10120396829272296,0.41172096357810184,1.2956172131576946,0.2956172131576947,3.444764413143958,2.4557271794693944,1.4557271794693942,5.858900726431952,3.741263984309516,2.7412639843095166,5.0474815888742235,-9.239361702127658,8.320049428483163,10.0,-9.669956445993032,10.0
1,2011-08-10 10:52:53.056784,3403,34702.0,12066451.0,2565727.0,615.8591028066412,10.197472818101676,3545.827505142521,421.0,-65367.0,-72276362.0,-1376248.0,-8.996236438496226,0,0,0,0.9562211981566819,-0.04377880184331802,-0.3508522281932876,0.5630078135140046,-0.4369921864859954,-1.0642364125521333,0.29059754221082207,-0.7094024577891779,-1.050201831984674,0.6979421355830752,-0.3020578644169248,-1.247847868411127,1.214469092438045,0.21446909243804493,1.4112102438126035,0.5689351410258408,-0.43106485897415925,-0.8269453739726831,0.28907711631966254,-0.7109228836803375,-0.8966745675527363,3.6918158567774935,-7.0629417329845845,-6.438463338562888,-10.0,-1.3624943524166961
1,2011-08-10 10:53:23.067683,3361,39392.0,16978561.0,2442503.0,649.9491648140435,11.720321332936626,5051.639690568283,-42.0,4690.0,4912110.0,-123224.0,34.09006200740225,0,0,0,0.9501328659467405,-0.04986713405325948,-0.3923961810362342,0.6618324047876666,-0.3381675952123334,-0.7352039443801257,0.4384951869292442,-0.5615048130707557,-0.7113292675051669,0.6612529988497325,-0.33874700115026746,-1.4539487826331101,1.2259576621700694,0.22595766217006943,1.321172874100654,0.6742493600325961,-0.32575063996740394,-0.5792795760251906,0.43968911023771867,-0.5603108897622814,-0.622373525474593,-0.9626168224299066,3.2151898734177218,2.7525525434669325,-7.994131069008185,0.4786544815154527
1,2011-08-10 10:53:53.051710,3868,35738.0,13856274.0,2505727.0,483.22071575,9.239400206825232,3582.283867631851,507.0,-3654.0,-3122287.0,63224.0,-166.7284490640435,0,0,0,1.1459382591692837,0.1459382591692836,1.778637248013003,0.6233865003279329,-0.37661349967206714,-0.7522716218720754,0.3767847123931303,-0.6232152876068697,-0.7206086914780636,0.7163983025285668,-0.28360169747143316,-0.9609228282303732,0.8360354668318772,-0.16396453316812276,-1.291340792483836,0.5336764727406006,-0.46632352725939946,-0.8218230739244807,0.31930506285158755,-0.6806949371484124,-0.7255432159467099,4.12962962962963,-0.6678838780354207,-0.6052729345527351,1.3224454116401447,-4.485534437704464
1,2011-08-10 10:54:23.050329,3232,37595.0,15693860.0,2476434.0,574.7624438174505,11.632116336633665,4855.773514851485,-636.0,1857.0,1837586.0,-29293.0,91.54172806745056,0,0,0,0.9516518461810259,-0.048348153818974095,-0.521667716988463,0.7568558923833261,-0.24314410761667396,-0.4277127900105376,0.5495610010554088,-0.45043899894459116,-0.4117642228934426,0.7553227194319017,-0.24467728056809837,-0.7178135626106036,0.9948523519403191,-0.005147648059680894,-0.04030071544442485,0.7638827643616055,-0.23611723563839446,-0.3492563225311193,0.5385788562703536,-0.4614211437296464,-0.3855189364800995,-10.0,1.242548522765863,1.2236061452927287,0.8662599632743366,10.0
1,2011-08-10 10:54:53.080695,4208,45561.0,22926738.0,2799838.0,451.2769597811312,10.827233840304183,5448.369296577946,976.0,7966.0,7232878.0,323404.0,-123.48548403631936,0,0,0,1.2489611777276506,0.24896117772765056,2.592426451956128,0.9204391182079711,-0.07956088179202891,-0.13903022190284764,0.801982138278608,-0.19801786172139202,-0.1813011900741106,1.004796313849349,0.004796313849348996,0.020639716098403045,0.7652272305356578,-0.23477276946434222,-2.1168554912538813,0.709080595417991,-0.29091940458200904,-0.4322916909078974,0.6011065176612767,-0.39889348233872335,-0.335796702526583,10.0,10.0,10.0,1.657097623099642,-10.0
1,2011-08-10 10:55:23.070505,3698,77082.0,38971256.0,14021048.0,496.57939046998376,20.844240129799893,10538.468361276366,-510.0,31521.0,16044518.0,11221210.0,45.30243068885261,0,0,0,1.0231297034085878,0.023129703408587846,0.20399268418605143,1.99706717516115,0.99706717516115,8.97915306546773,2.3902327870636553,1.390232787063655,5.471989849402759,5.481155966793089,4.4811559667930885,10.0,0.8947155911575798,-0.10528440884242016,-0.6860339074259155,1.9438253910852394,0.9438253910852396,9.751006273443947,2.3435594430333504,1.3435594430333506,6.881925685222939,-3.079934747145188,3.89141043516548,2.3062148631282606,10.0,2.304956032794587
1,2011-08-10 10:55:53.097124,3172,63658.0,40798517.0,2722673.0,652.7486474224464,20.0687263556116,12862.07976040353,-526.0,-13424.0,1827261.0,-11298375.0,156.16925695246266,0,0,0,0.863505199542658,-0.136494800457342,-1.276960997641724,1.3523078753271474,0.3523078753271473,0.9655243584896765,1.8813872016326165,0.8813872016326164,1.8659444102704736,0.5614789105629693,-0.4385210894370307,-0.41457087878341936,1.2289167689758769,0.22891676897587682,1.5114279991215265,1.5614450748778783,0.5614450748778783,1.5765967382180135,2.181748953501942,1.1817489535019419,2.5918140995768755,-9.915254237288135,-2.5837659273242095,-0.6604210660512128,-5.931496463521187,7.5463461427408305
1,2011-08-10 10:56:23.079636,3603,55941.0,27907859.0,3968992.0,597.2291849131279,15.526228143213988,7745.728281987233,431.0,-7717.0,-12890658.0,1246319.0,-55.51946250931849,0,0,0,0.9910331169545605,-0.008966883045439517,-0.07462459477501866,1.0773049754654629,0.07730497546546286,0.2245404317683659,1.055144310088169,0.05514431008816897,0.11447184979969591,0.8091489261069603,-0.19085107389303962,-0.18363774894753998,1.1232074123374398,0.12320741233743987,0.8039784270790556,1.06912691316663,0.0691269131666302,0.18279248485341462,1.0386640808727214,0.0386640808727215,0.07178963002769466,10.0,-2.5900848924421003,-3.7058526052692957,10.0,-10.0
1,2011-08-10 10:56:53.047820,3890,59475.0,35501625.0,3112397.0,581.901538303599,15.289203084832906,9126.38174807198,287.0,3534.0,7593766.0,-856595.0,-15.327646609528983,0,0,0,1.0858036063194327,0.08580360631943285,0.736738656929355,1.0626721984583882,0.06267219845838824,0.22750610196805382,1.2133306397486832,0.21333063974868322,0.5862728742066395,0.5987915649649265,-0.40120843503507353,-0.4199411840213103,1.0493800878966728,0.04938008789667283,0.3402965643153544,0.9689154041124234,-0.031084595887576623,-0.10588441822044284,1.1008793060346278,0.10087930603462776,0.24627766095233972,6.415094339622642,-0.125377419195169,1.7021030011916805,-3.926998868967685,-1.6722152626923514
1,2011-08-10 10:57:23.068265,3878,38989.0,13448299.0,2967208.0,535.3189136299638,10.053893759669933,3467.843991748324,-12.0,-20486.0,-22053326.0,-145189.0,-46.58262467363511,0,0,0,1.0441010177157934,0.04410101771579349,0.4296590944855137,0.6461187138941458,-0.3538812861058542,-1.8554635081467112,0.40481076555966566,-0.5951892344403343,-2.60821501124441,0.5572232479101932,-0.4427767520898069,-0.4825278712896775,0.9628953385872829,-0.03710466141271706,-0.2547435561238289,0.6089162889585886,-0.3910837110414114,-1.5872318996000525,0.37923950808721074,-0.6207604919127893,-2.0265670721245868,-1.0911854103343466,-5.681444241316271,-6.566838560534214,-2.1414893633749132,-10.0
1,2011-08-10 10:57:53.059681,3467,38609.0,16869286.0,2785265.0,598.9608728742429,11.136140755696568,4865.672339198154,-411.0,-380.0,3420987.0,-181943.0,63.64195924427906,0,0,0,0.9503316704128064,-0.04966832958719364,-0.6191798595725235,0.6540683392908571,-0.34593166070914294,-1.4827158487051366,0.5385159045704576,-0.4614840954295424,-1.2970177717475098,0.5197879854964397,-0.48021201450356027,-0.5288970833546333,1.0457530941692357,0.045753094169235745,0.43849766614190056,0.6808405924499948,-0.3191594075500051,-1.201806893177202,0.5561975858480867,-0.4438024141519134,-1.1074675802081755,-5.2272727272727275,0.7108947048082775,2.8046151903282808,-6.435352811137002,2.786320779663966
1,2011-08-10 10:58:23.053879,3175,50427.0,33667066.0,2378471.0,626.1806527685039,15.88251968503937,10603.80031496063,-292.0,11818.0,16797780.0,-406794.0,27.219779894261023,0,0,0,0.8814547473625763,-0.11854525263742366,-1.4189139921901608,0.9823237439222042,-0.017676256077795813,-0.07712393383425448,1.25132575151912,0.25132575151911996,0.5767994534663462,0.7644604020111162,-0.23553959798888377,-1.455713290709724,1.0555412228310093,0.05554122283100935,0.7835339241683726,1.101817392778949,0.10181739277894901,0.3676856514368785,1.3927553555685706,0.3927553555685705,0.8094288239589302,-5.32034632034632,2.5358823070724923,4.800063976197597,0.8189738979472992,0.3293312059490487
1,2011-08-10 10:58:53.077446,3248,49437.0,29117538.0,3770891.0,585.5374643306651,15.220751231527094,8964.759236453201,73.0,-990.0,-4549528.0,1392420.0,-40.64318843783883,0,0,0,0.9015710875478821,-0.09842891245211789,-1.18253686220801,1.0153794964693705,0.015379496469370462,0.07810533644708938,1.1428131287205647,0.14281312872056473,0.36744266920226465,1.239419029283674,0.23941902928367395,1.2419324201190973,0.9959505114221288,-0.004049488577871189,-0.07117452861416905,1.121019509966772,0.12101950996677198,0.5958717874434774,1.2517317461647528,0.25173174616475275,0.6097838133443417,10.0,0.6258786183961907,-2.1897632052719707,10.0,-6.648900296622062
1,2011-08-10 10:59:23.065195,3691,75359.0,48174361.0,5517578.0,572.1780751809808,20.416960173394745,13051.845299376862,443.0,25922.0,19056823.0,1746687.0,-13.359389149684262,0,0,1,1.045135349416695,0.04513534941669501,0.46993810852908624,1.5902750520180469,0.590275052018047,3.1921009561396967,1.8729755946429396,0.8729755946429395,2.247301510025444,1.8374492947757834,0.8374492947757834,4.930964187509636,0.9771136040251345,-0.02288639597486551,-0.40559583276406264,1.510521037283612,0.510521037283612,2.549579599824472,1.7624073664696804,0.7624073664696803,1.8421184701758475,7.23943661971831,10.0,10.0,10.0,-4.713183553891487
1,2011-08-10 10:59:53.061367,3957,74971.0,51881681.0,3745075.0,509.9445962145565,18.946424058630274,13111.367450088452,266.0,-388.0,3707320.0,-1772503.0,-62.23347896642434,0,0,1,1.1332264161750385,0.1332264161750386,1.5743579587212893,1.482689333560108,0.48268933356010785,1.633499865897803,1.8361745455986858,0.8361745455986856,1.696615414744364,1.0749716422706093,0.0749716422706092,0.20987528345923598,0.8737385954821467,-0.1262614045178533,-2.193537028424618,1.3028713277896493,0.30287132778964926,1.0641881738647916,1.6007462865283928,0.6007462865283928,1.2358152480042528,7.683417085427137,-1.1221354822462855,0.4627149180729401,-4.684760107451373,-10.0
1,2011-08-10 11:00:23.052361,4024,117988.0,93880630.0,78979980.0,509.1297189550199,29.321073558648116,23330.17644135189,67.0,43017.0,41998949.0,75234905.0,-0.8148772595366154,0,0,1,1.1472231725396282,0.14722317253962827,1.6027160931696056,2.042707312597168,1.0427073125971684,3.6388864361384954,2.612004493997583,1.6120044939975828,4.0485336333079065,10.0,10.0,10.0,0.8799941692409122,-0.12000583075908772,-1.605422241505688,1.7965728522977824,0.7965728522977824,3.607244068858953,2.305469832252407,1.3054698322524072,3.865460320105954,3.240506329113924,4.97757211939303,4.463863289470596,10.0,0.8394287329593703
1,2011-08-10 11:00:53.058818,3737,33827.0,13665265.0,1849139.0,512.5727523133529,9.051913299438052,3656.747390955312,-287.0,-84161.0,-80215365.0,-77130841.0,3.4430333583330253,0,0,1,1.0326056921801603,0.03260569218016027,0.30014904449389657,0.4593787854919578,-0.5406212145080422,-1.4308961930860273,0.2661498340324547,-0.7338501659675453,-1.4705038354898032,0.09794999035670345,-0.9020500096432965,-0.5065779687252074,0.9143384686906955,-0.08566153130930448,-0.9476298635810402,0.45355843933450185,-0.5464415606654981,-1.9282221731528573,0.26474400574793144,-0.7352559942520686,-1.8134158300213636,-3.5763016157989225,-6.301213167210472,-6.208022664816757,-6.061429851138626,1.1916391590287836
1,2011-08-10 11:01:23.058097,6742,49031.0,24820667.0,3451681.0,271.20652222026104,7.272471076831801,3681.499110056363,3005.0,15204.0,11155402.0,1602542.0,-241.36623009309187,0,0,1,1.8068285362062497,0.8068285362062496,9.874147881908913,0.6972911013646889,-0.3027088986353112,-0.665892568427678,0.5242633078668326,-0.4757366921331673,-0.745267307965708,0.18386869121750785,-0.8161313087824922,-0.45486778134430816,0.5042208170718574,-0.49577918292814266,-7.06724666834305,0.3911734192711201,-0.60882658072888,-1.5229706645306316,0.2963459136138597,-0.7036540863861402,-1.2103575214247542,10.0,5.579518072289156,3.788599386625234,10.0,-9.622774874198823
1,2011-08-10 11:01:53.060853,3304,33186.0,14513278.0,2205989.0,550.1174971322639,10.044188861985472,4392.638619854722,-3438.0,-15845.0,-10307389.0,-1245692.0,278.91097491200287,0,0,1,0.7457902577761727,-0.25420974222382736,-0.8662898284679006,0.4724981206004966,-0.5275018793995033,-1.1566322690858934,0.31221743819719017,-0.6877825618028098,-1.0339154505233883,0.1179125277746589,-0.8820874722253411,-0.4894356660054853,1.1581266584062424,0.15812665840624246,0.6418759299238221,0.5907731834683964,-0.40922681653160364,-0.7717911311086357,0.3864606892254454,-0.6135393107745546,-0.8527451541082363,-5.919862621637093,-10.0,-10.0,-10.0,5.436581601534468
1,2011-08-10 11:02:23.050593,3087,46299.0,27812207.0,2666854.0,570.6026797544542,14.998056365403304,9009.461289277617,-217.0,13113.0,13298929.0,460865.0,20.485182622190337,0,0,1,0.7091986767138393,-0.29080132328616065,-0.9273673938034732,0.7491674838108368,-0.2508325161891632,-0.4343504124034593,0.699637607422012,-0.300362392577988,-0.3514266735947535,0.14777784043118072,-0.8522221595688193,-0.45137805641474876,1.2125152810990685,0.21251528109906842,0.886776888138309,1.0047458416208486,0.0047458416208486405,0.007680578734511076,0.9351263237085207,-0.06487367629147933,-0.07237587973553954,-1.8036175710594313,2.554667678372418,2.97541609103902,1.6958366512269487,5.642938769997865
1,2011-08-10 11:02:53.058196,3219,424497.0,371371777.0,11895228.0,555.884562936005,131.87232059645854,115368.6787822305,132.0,378198.0,343559570.0,9228374.0,-14.718116818449287,0,0,1,0.7703168373695798,-0.22968316263042024,-0.6490750445296405,7.571353150382941,6.57135315038294,10.0,10.0,9.629326960717338,10.0,0.6671195702008498,-0.3328804297991503,-0.1736099017233618,1.1515533739790635,0.1515533739790635,0.6044710497784977,9.327811959999972,8.327811959999972,10.0,10.0,10.0,10.0,1.7586206896551724,10.0,10.0,10.0,-2.2132032500473304
1,2011-08-10 11:03:23.077273,3035,93231.0,75346928.0,3277729.0,625.5191197051071,30.71861614497529,24826.00593080725,-184.0,-331266.0,-296024849.0,-8617499.0,69.63455676910212,0,0,1,0.7553885210811887,-0.24461147891881133,-0.6372522920897274,0.7943476927271488,-0.2056523072728512,-0.14046280907737724,0.8331460456710383,-0.1668539543289616,-0.09600865855414087,0.7426129840416539,-0.2573870159583461,-0.2688898819944498,1.2711818887929769,0.27118188879297683,1.0648988924841316,0.8865966951857722,-0.11340330481422774,-0.07219339096242793,0.91198970441962,-0.08801029558037993,-0.048570784029002896,-0.14285714285714285,-6.4038543729547905,-6.333951230523401,0.3577155208086631,6.446774584193041
1,2011-08-10 11:03:53.051857,3499,94105.0,73586090.0,4131006.0,562.3969777476422,26.894827093455277,21030.6058873964,464.0,874.0,-1760838.0,853277.0,-63.12214195746492,0,0,1,0.9024088306597204,-0.09759116934027959,-0.23578061726877586,0.7280918662300926,-0.27190813376990736,-0.21095652028023856,0.7160062514257518,-0.28399374857424825,-0.1920532929295841,0.8790316715225772,-0.12096832847742278,-0.14026512149997908,1.092741495100213,0.09274149510021308,0.34258720951637767,0.6899447674602713,-0.3100552325397286,-0.22928120130336763,0.6685794563730737,-0.3314205436269263,-0.21865268818157974,4.304843304843304,-0.9264359302403878,-1.1427359375832653,1.9864306764012067,-3.7943413947314455
1,2011-08-10 11:04:23.063189,3775,45265.0,25805268.0,2486101.0,528.3779409152318,11.990728476821191,6835.832582781457,276.0,-48840.0,-47780822.0,-1644905.0,-34.01903683241039,3,1,0,1.169165014866204,0.16916501486620408,2.957569974407973,0.32738189950211044,-0.6726181004978895,-0.5728925729959119,0.22932704581772598,-0.770672954182274,-0.5890973981243489,0.5141500080697177,-0.4858499919302823,-0.5855788426848135,0.9222797998875566,-0.07772020011244336,-1.4654139721004367,0.2794676678638327,-0.7205323321361674,-0.6128474966154971,0.19572624210996772,-0.8042737578900323,-0.6140612899631128,1.425531914893617,-6.417757465501177,-5.8990472204045075,-10.0,-1.58413722336465
1,2011-08-10 11:04:53.055923,3505,28551.0,10247379.0,2069657.0,523.0139592194008,8.145791726105564,2923.645934379458,-270.0,-16714.0,-15557889.0,-416444.0,-5.363981695830944,0,0,1,1.0547697863376466,0.0547697863376467,0.5868403547214724,0.2029508229349855,-0.7970491770650144,-0.6988108504405711,0.0892749727240938,-0.9107250272759062,-0.7189343493333462,0.4231230198343062,-0.5768769801656938,-0.7111787041224484,0.9198983451598312,-0.08010165484016882,-1.2802479826541702,0.18814663838970655,-0.8118533616102934,-0.7011007727451612,0.08255594635012986,-0.9174440536498701,-0.7164747656619326,-3.8662420382165603,-7.918619090984352,-7.888904878590931,-8.433526589364254,-0.23369162697729332
1,2011-08-10 11:05:23.060902,3641,209126.0,156992368.0,18961869.0,625.4244205558912,57.43641856632793,43117.925844548205,136.0,180575.0,146744989.0,16892212.0,102.41046133649036,0,0,1,1.068807608759467,0.06880760875946694,0.8195363359712201,1.5250222781627336,0.5250222781627335,0.4410503574425395,1.410894832606553,0.4108948326065529,0.30847230686775834,3.9736149890436687,2.973614989043669,3.49564687280727,1.1187501522950238,0.11875015229502381,1.6246459428812756,1.3699979186365128,0.3699979186365128,0.3030641892412437,1.2608703707081004,0.2608703707081003,0.19265615893225277,0.6267942583732059,10.0,10.0,10.0,10.0
1,2011-08-10 11:05:53.048890,3682,118164.0,82923916.0,5409137.0,490.0604740230853,32.09234111895709,22521.432916892994,41.0,-90962.0,-74068452.0,-13552732.0,-135.36394653280593,0,0,1,1.0547121168719564,0.05471211687195646,0.6846010060431211,1.2563207294408838,0.2563207294408838,0.3416860597704341,1.2124158278903254,0.21241582789032545,0.25367720545284816,0.874518800497776,-0.12548119950222408,-0.10801103715604925,0.8553337668107753,-0.1446662331892246,-1.6487816447159525,1.1869664918295046,0.1869664918295046,0.2592368836057332,1.1405103219874355,0.14051032198743554,0.17346792781582282,-0.514218009478673,-1.1117513499960534,-0.7275085407106427,-10.0,-10.0
1,2011-08-10 11:06:23.062250,3882,48075.0,26614091.0,5495742.0,558.2614381555899,12.384080370942812,6855.76790314271,200.0,-70089.0,-56309825.0,86605.0,68.20096413250462,14,1,0,1.0722572091481604,0.0722572091481604,2.2074731083370467,0.4853991530882796,-0.5146008469117205,-0.7142183871374486,0.38068529131498297,-0.619314708685017,-0.7516816658935263,0.8312330202551472,-0.16876697974485272,-0.15868383787724136,1.022728910138156,0.022728910138155978,0.2416350609919667,0.45342965250478867,-0.5465703474952113,-0.7626350200443064,0.3554810480104529,-0.644518951989547,-0.784501916866374,0.5455950540958269,-10.0,-10.0,-0.7968361758987486,3.5174090508995954
1,2011-08-10 11:06:53.047798,3387,43189.0,24718087.0,2580651.0,589.489690731621,12.751402421021552,7297.929436079126,-495.0,-4886.0,-1896004.0,-2915091.0,31.22825257603108,28,1,0,0.9161482282932107,-0.08385177170678929,-2.184751540840302,0.4807527477787351,-0.5192472522212649,-0.6217004186853081,0.40845132084112773,-0.5915486791588723,-0.59070499677039,0.3748493790661261,-0.6251506209338739,-0.6204051153540745,1.0815775941592671,0.08157759415926713,0.8710524567538607,0.5223871060833809,-0.47761289391661904,-0.56334451914451,0.4436182886024474,-0.5563817113975527,-0.5481019210868686,-7.462140992167103,0.4692591787964371,0.7981772076593973,-10.0,10.0
1,2011-08-10 11:07:23.065806,3307,28735.0,13601523.0,1637087.0,588.9307671775023,8.689144239491986,4112.949198669489,-80.0,-14454.0,-11116564.0,-943564.0,-0.5589235541186781,13,1,0,0.9136873514947229,-0.08631264850527715,-1.6672232384933523,0.3213450979076503,-0.6786549020923497,-0.805441326305028,0.22556734041316343,-0.7744326595868366,-0.7685532011671106,0.23714174812591202,-0.762858251874088,-0.7607780807969973,1.0568519889407921,0.056851988940792214,0.5940945168036794,0.3537636112495527,-0.6462363887504473,-0.7711460264721259,0.2486166093110833,-0.7513833906889168,-0.7472850784467998,-0.030927835051546466,-10.0,-10.0,-10.0,-1.0457296310282367
1,2011-08-10 11:07:53.061607,3246,29605.0,12946356.0,1878761.0,514.4344610073937,9.12045594577942,3988.402957486137,-61.0,870.0,-655167.0,241674.0,-74.4963061701086,10,1,0,0.9067545672942622,-0.09324543270573779,-1.4327803440525961,0.3309381630221177,-0.6690618369778824,-0.7947744974761198,0.21233978410725524,-0.7876602158927447,-0.7992688420911727,0.27560353998003667,-0.7243964600199634,-0.7054411983481109,0.9018309565467134,-0.0981690434532866,-1.101555841380755,0.36968810458049645,-0.6303118954195036,-0.7594257117508466,0.23767088799291616,-0.7623291120070838,-0.7801702845585867,-0.5404040404040403,10.0,-1.9766530596181917,3.7934669533254732,-6.65078228738416
1,2011-08-10 11:08:23.075470,3565,63006.0,45309331.0,2707796.0,553.4872743957924,17.673492286115007,12709.489761570829,319.0,33401.0,32362975.0,829035.0,39.052813388398704,15,1,0,1.0183386654478976,0.01833866544789757,0.23697507983295388,1.176503540378238,0.1765035403782379,0.2548788581394783,1.4088374234385366,0.4088374234385365,0.45254467348027594,0.7963460373623832,-0.20365396263761681,-0.3634308903147165,1.009579659577554,0.009579659577553934,0.11754371852167947,1.1776451883168852,0.17764518831688525,0.2740886886384528,1.4192148508396396,0.4192148508396396,0.4853591305188949,5.037974683544304,1.930281137025752,2.123355466446374,1.2426475908248076,2.7592948743861117
1,2011-08-10 11:08:53.047762,4300,52420.0,21813302.0,3088354.0,485.4921651637209,12.190697674418605,5072.860930232559,735.0,-10586.0,-23496029.0,380558.0,-67.99510923207146,10,1,0,1.2365560476217863,0.23655604762178636,3.2133719607853974,1.2327736230657071,0.23277362306570717,0.6965048095243677,0.8853563750150296,-0.11464362498497035,-0.2151041512303446,1.0798412619491824,0.07984126194918241,0.14811874245595,0.8655272347872195,-0.13447276521278057,-2.4395183803169487,1.0055249254421974,0.005524925442197446,0.018563781378687423,0.7254293976181114,-0.27457060238188863,-0.5424620796549442,10.0,0.04039305268501399,-2.123260432090371,1.7043871913986424,-6.360124492526828
1,2011-08-10 11:09:23.066639,3366,73730.0,52357135.0,3515641.0,541.2612338357101,21.904337492572783,15554.70439691028,-934.0,21310.0,30543833.0,427287.0,55.769068671989146,14,1,0,0.945240101095198,-0.05475989890480202,-0.45331862391413663,1.699200294992049,0.699200294992049,2.055802060278717,2.2112405857594446,1.2112405857594446,2.1849168853335046,1.4780731357664723,0.4780731357664723,1.8869311046639359,0.9906552938620625,-0.009344706137937522,-0.11110131600895141,1.8125169786052335,0.8125169786052336,2.7232037048978484,2.3438726979674236,1.3438726979674236,2.446736309503009,-10.0,10.0,10.0,1.8874493849765805,4.831910528927549
1,2011-08-10 11:09:53.052131,3140,90874.0,68971744.0,3636540.0,551.8558610324841,28.94076433121019,21965.52356687898,-226.0,17144.0,16614609.0,120899.0,10.594627196774011,40,1,0,0.8828160143949617,-0.11718398560503829,-0.9639636954912044,1.8358680544332031,0.8358680544332031,2.0654974017537215,2.3615988279260574,1.3615988279260571,2.158356314453942,1.4174627146897416,0.41746271468974155,1.3466915711259733,1.028198404071829,0.028198404071829036,0.38602270526781585,2.079731469753369,1.0797314697533689,2.62324096849501,2.6503822211456565,1.6503822211456565,2.5118185926160996,-10.0,1.806718836973249,2.005640606724226,-0.3534743687098258,2.0983792431551227
1,2011-08-10 11:10:23.049995,3763,110950.0,99088670.0,4299422.0,540.2135447310657,29.484453893170343,26332.35981929312,623.0,20076.0,30116926.0,662882.0,-11.642316301418418,11,1,0,1.0680024975875575,0.06800249758755744,0.5186805772759365,1.7916256237182488,0.791625623718249,2.132695727715114,2.4600228141441893,1.4600228141441893,2.577392015089389,1.449853416974819,0.44985341697481884,1.8793183294701856,1.020606873040329,0.020606873040329005,0.3753922463922872,1.6411297280807156,0.6411297280807154,1.4639165426021175,2.220604137669106,1.2206041376691061,1.9319444601501865,10.0,0.6154106116931397,1.7195959719936824,0.6576583695640759,-0.5701073194736614
1,2011-08-10 11:10:53.048877,4028,48156.0,26680326.0,2661601.0,488.3339389019365,11.955312810327706,6623.715491559086,265.0,-62794.0,-72408344.0,-1637821.0,-51.87960582912922,5,1,0,1.1106209330539318,0.11062093305393178,0.9082138235945106,0.6158371272187836,-0.3841628727812164,-1.2961287170050204,0.4639408275814474,-0.5360591724185526,-1.0716897619074772,0.7715790572835778,-0.22842094271642227,-1.3122121644196758,0.9136925065515995,-0.08630749344840047,-1.6458937251063486,0.5424678477360367,-0.4575321522639632,-1.3623342901572457,0.40569121599796465,-0.5943087840020355,-1.176178745227409,1.5628626692456478,-4.859733234986785,-5.202832535935824,-4.383003650655751,-10.0
1,2011-08-10 11:11:23.054743,3781,173592.0,180149055.0,4272966.0,521.2306595641364,45.91166358106321,47645.87542978048,-247.0,125436.0,153468729.0,1611365.0,32.89672066219998,13,1,0,1.016561811044792,0.016561811044792145,0.13023901992582462,2.3076064126764684,1.3076064126764682,3.7337873731981213,3.349601474541908,2.349601474541908,3.9752780709114752,1.2420287743703216,0.24202877437032153,1.3540818367587824,0.9996151187124926,-0.00038488128750730356,-0.006300281275851542,2.197244066255001,1.1972440662550012,2.9119803222970004,3.1533026163316995,2.1533026163316995,3.4988101483594747,-3.667386609071275,10.0,10.0,10.0,3.524561514222261
1,2011-08-10 11:11:53.077010,3764,61043.0,36346112.0,22617065.0,518.4688768626462,16.21758767268863,9656.246546227418,-17.0,-112549.0,-143802943.0,18344099.0,-2.761782701490233,12,1,0,1.0410443633145259,0.04104436331452597,0.41656265486537614,0.6137417504856204,-0.38625824951437954,-0.8101157802067501,0.42535252389057543,-0.5746474761094246,-0.8307546480042907,6.150564527576978,5.150564527576978,10.0,0.9808729256369971,-0.019127074363002882,-0.40346567434072833,0.5867581271856467,-0.41324187281435326,-0.9190056935585397,0.4087397748728594,-0.5912602251271406,-0.9105743812595517,0.8362235067437379,-5.644183474730135,-5.541076171216996,10.0,-1.386387667950853
1,2011-08-10 11:12:23.052798,3674,63230.0,37070426.0,4910375.0,490.6856193731628,17.21012520413718,10089.936309199782,-90.0,2187.0,724314.0,-17706690.0,-27.78325748948339,6,1,0,0.9942628274518295,-0.005737172548170551,-0.06423543481641322,0.6523735336297886,-0.3476264663702114,-0.6814988878411097,0.4507197130526834,-0.5492802869473167,-0.7319197591113094,0.6549333360791306,-0.3450666639208694,-0.30515248599409395,0.9363861681046008,-0.06361383189539911,-1.3755422285759553,0.6493907433442355,-0.3506092566557645,-0.6979472842383784,0.44954561444055013,-0.5504543855594498,-0.7574183600480779,-2.130653266331658,1.861905887916765,1.2261922926473843,-5.63491360644107,-5.094862747700422
1,2011-08-10 11:12:53.047453,4795,62549.0,34511380.0,4035983.0,454.22127168154327,13.044629822732013,7197.368091762252,1121.0,-681.0,-2559046.0,-874392.0,-36.46434769161954,10,1,0,1.2611783271962125,0.26117832719621253,7.460368577637028,0.6843869742281239,-0.3156130257718761,-0.5571191526440614,0.45489366117361896,-0.545106338826381,-0.6362315778616205,0.520618447787361,-0.479381552212639,-0.44499351128620784,0.8875209622207905,-0.11247903777920956,-2.615783245861347,0.5400199687334081,-0.45998003126659187,-0.8051267530006979,0.35861992813610505,-0.641380071863895,-0.746768153820365,9.49625468164794,0.8768267978584865,0.5989121828759552,-4.432124254711168,-1.9805626643345955
1,2011-08-10 11:13:23.053415,4023,73101.0,48469171.0,4961088.0,464.96983482326624,18.17076808351976,12048.01665423813,-772.0,10552.0,13957791.0,925105.0,10.748563141722968,13,1,0,1.0036423510627681,0.003642351062768164,0.03181459919614169,0.8945957852999487,-0.1054042147000514,-0.16649928277007117,0.7699451474832996,-0.23005485251670046,-0.220613226204474,0.6443307819447197,-0.3556692180552803,-0.3268154390529423,0.9401153403130091,-0.05988465968699084,-1.0880637860757079,0.8707536258541696,-0.12924637414583043,-0.19037673007792735,0.7417528971937773,-0.2582471028062226,-0.23807094334683637,-4.740310077519379,2.090060122724737,2.0807043002269063,10.0,1.6249726144308885
1,2011-08-10 11:13:53.063689,4060,43434.0,15029149.0,2618773.0,510.70119225689655,10.698029556650246,3701.760837438424,37.0,-29667.0,-33440022.0,-2342315.0,45.73135743363031,18,1,0,1.013125717422768,0.013125717422767856,0.11463169599169544,0.5009515241687139,-0.49904847583128614,-0.8865767378168581,0.22328511658716257,-0.7767148834128375,-0.8256775129660697,0.3209479105779017,-0.6790520894220984,-0.6847232265715407,1.0424276233318586,0.042427623331858476,0.6840949278087063,0.4838339012575573,-0.5161660987424427,-0.8489336559223017,0.2136351621148951,-0.7863648378851049,-0.7998108164908494,10.0,-6.946482260974143,-8.673656405376237,-6.093125118776491,10.0
1,2011-08-10 11:14:23.050269,3537,63693.0,43392920.0,3007792.0,535.823502956743,18.00763358778626,12268.28385637546,-523.0,20259.0,28363771.0,389019.0,25.12231069984648,20,1,0,0.8704961606615476,-0.12950383933845241,-1.1930203151794736,1.0498027077008276,0.04980270770082771,0.2812059932772175,1.2656440608584083,0.2656440608584083,0.753732755915933,0.38420281752547897,-0.6157971824745211,-0.5793534527838383,1.0984280909569202,0.09842809095692023,1.7185987856338245,1.1950730707410548,0.19507307074105487,0.9446620310848516,1.43679168443646,0.43679168443646016,1.1625900929421082,-10.0,1.778246438943438,1.8588840584732407,2.1758573515907758,10.0
1,2011-08-10 11:14:53.060988,3784,31687.0,16054373.0,1989850.0,461.49813629334034,8.373942917547568,4242.698995771671,247.0,-32006.0,-27338547.0,-1017942.0,-74.32536666340269,27,1,0,0.9418089501717357,-0.058191049828264264,-0.4784361435881439,0.5177495939635368,-0.48225040603646324,-2.7244762254385133,0.4497702414962985,-0.5502297585037015,-1.537390213690358,0.5093295995379545,-0.4906704004620454,-1.7870615638068332,0.9393784996432972,-0.06062150035670282,-0.8951994030046824,0.5428376849982441,-0.4571623150017558,-2.093159378348561,0.4682336104817787,-0.5317663895182213,-1.3304764719208921,6.440528634361233,-10.0,-10.0,0.7404437176227798,-10.0
1,2011-08-10 11:15:23.081284,3576,49444.0,21973063.0,2948569.0,497.28950742170025,13.82662192393736,6144.592561521253,-208.0,17757.0,5918690.0,958719.0,35.79137112835991,18,1,0,0.88519233625427,-0.11480766374573002,-0.9836637208037871,0.9007374373324005,-0.09926256266759945,-0.32312593949558227,0.6977480828685709,-0.30225191713142907,-0.6181784439696673,0.8874022586229042,-0.11259774137709574,-0.31720997757722713,1.02440394650388,0.024403946503879944,0.3303693969100786,1.0122718442456018,0.012271844245601824,0.0383683677054972,0.7786218968231217,-0.22137810317687837,-0.42439750850484426,-10.0,3.814729099958786,2.408135485764144,2.6413470180875014,7.131287687683965
1,2011-08-10 11:15:53.047355,4538,39725.0,18154444.0,2448261.0,375.5651734777435,8.75385632437197,4000.53856324372,962.0,-9719.0,-3818619.0,-500308.0,-121.72433394395676,25,1,0,1.1954689146469968,0.19546891464699684,3.049279305903687,0.7599700029461391,-0.24002999705386083,-0.7656551827670783,0.6263666112986017,-0.3736333887013983,-0.6854684662812202,0.788435413670631,-0.21156458632936906,-0.5900235067000229,0.7601665458875951,-0.23983345411240484,-3.7763744863713837,0.6336303561587971,-0.36636964384120285,-1.1621794733539816,0.5208308556757149,-0.4791691443242851,-0.8789944994068111,4.9458572600492205,-2.708126669210225,-0.5227797319209588,-1.30044858719862,-10.0
1,2011-08-10 11:16:23.051568,3766,59791.0,31304283.0,6369515.0,505.49141092565054,15.876526818906,8312.342804036112,-772.0,20066.0,13149839.0,3921254.0,129.92623744790706,15,1,0,0.9658886894075404,-0.03411131059245961,-0.32190087692494895,1.311303913011058,0.31130391301105786,1.183985736036207,1.3657593509277763,0.36575935092777645,0.713553372343603,2.447320018949924,1.4473200189499238,9.113105635479446,1.0615653436424273,0.0615653436424273,0.47043290107650426,1.330581996526508,0.330581996526508,0.9801275172293124,1.3690587458557495,0.3690587458557495,0.6235519596016945,-8.495145631067961,4.006052253116012,3.168886264421909,8.80247506095724,8.266189228421789
1,2011-08-10 11:16:53.049688,4826,70257.0,49044703.0,3632984.0,378.1250787291753,14.558019063406547,10162.599046829671,1060.0,10466.0,17740420.0,-2736531.0,-127.36633219647524,26,1,0,1.2567053799281287,0.2567053799281288,2.431812698338746,1.437689285421953,0.437689285421953,1.596232322639838,1.8736646787172246,0.8736646787172248,2.0309273301157615,1.0835680080162315,0.08356800801623149,0.1613707585250977,0.7958290500457396,-0.2041709499542604,-1.573915934480156,1.1226355289032113,0.12263552890321126,0.3710967920634286,1.453109456687054,0.4531094566870539,0.9263588771571395,10.0,2.1992419147765485,4.450160963344449,-4.647986185133501,-10.0
1,2011-08-10 11:17:23.047818,3826,745993.0,791260460.0,13867617.0,465.9223125146367,194.97987454260323,206811.41139571357,-1000.0,675736.0,742215757.0,10234633.0,87.7972337854614,28,1,0,0.933626159102001,-0.06637384089799903,-0.49559345258173176,10.0,10.0,10.0,10.0,10.0,10.0,3.9874271810072233,2.987427181007223,6.013563337897026,1.0503353474644113,0.0503353474644112,0.35360609433441964,10.0,10.0,10.0,10.0,10.0,10.0,-4.8789759503491075,10.0,10.0,10.0,3.78370675596495
1,2011-08-10 11:17:53.056906,4099,44115.0,24715300.0,2476092.0,452.1653249197365,10.762381068553308,6029.592583556965,273.0,-701878.0,-766545160.0,-11391525.0,-13.75698759490018,25,1,0,0.9981979349308397,-0.0018020650691602466,-0.013624947740239047,0.22852539861791735,-0.7714746013820827,-0.4814671595694369,0.13553964177209346,-0.8644603582279066,-0.462804802741195,0.4230185137868502,-0.5769814862131498,-0.7141531504126364,1.0172935809174097,0.017293580917409766,0.1210708926125613,0.21698795269846557,-0.7830120473015344,-0.4776055018891181,0.1280540833282632,-0.8719459166717368,-0.45966400009774266,10.0,-5.913006470616233,-5.944137906388756,-5.795314220257057,-10.0
1,2011-08-10 11:18:23.062546,4013,83430.0,69650589.0,3498199.0,461.7793418317967,20.789932718664343,17356.23947171692,-86.0,39315.0,44935289.0,1022107.0,9.614016912060151,27,1,0,0.9529802897174068,-0.047019710282593205,-0.4310596200346301,0.4345851204472221,-0.5654148795527779,-0.3502098651883603,0.38082107149972433,-0.6191789285002757,-0.3327992802421773,0.6074428738380278,-0.39255712616197225,-0.4704148520455488,1.060455272371574,0.06045527237157413,0.4620265316872683,0.42440446010082894,-0.5755955398991711,-0.3452749333014941,0.36878503255858575,-0.6312149674414143,-0.3325461341546287,-1.8221797323135756,10.0,10.0,10.0,2.065284330817712
1,2011-08-10 11:18:53.070301,3591,37439.0,24270862.0,2033439.0,472.58761251879696,10.425786688944584,6758.803118908382,-422.0,-45991.0,-45379727.0,-1464760.0,10.808270687000288,26,1,0,0.8745737944471506,-0.1254262055528495,-1.21294212500405,0.18652611734320726,-0.8134738826567928,-0.5350606986491881,0.1256287874058399,-0.8743712125941601,-0.5045780866255284,0.34067337977263207,-0.6593266202273679,-0.8472098408039074,1.0439387320643427,0.04393873206434272,0.42883146770306296,0.20286257520667633,-0.7971374247933237,-0.509880322791022,0.1358978510343676,-0.8641021489656323,-0.48885403154376,-3.019047619047619,-6.261526141173778,-5.406128555836558,-7.975459503323053,-0.3731731748188835
1,2011-08-10 11:19:23.117134,3501,30510.0,14029933.0,2168090.0,520.4082209894316,8.7146529562982,4007.4073121965152,-90.0,-6929.0,-10240929.0,134651.0,47.82060847063463,29,1,0,0.8599852616064849,-0.1400147383935151,-1.2260205171250342,0.15546750316438282,-0.8445324968356172,-0.5382980772620011,0.07315319517882707,-0.926846804821173,-0.5295993585528086,0.42497684383976353,-0.5750231561602365,-0.5930420969165316,1.1665313457946986,0.1665313457946986,1.9185805623725383,0.17324252058203232,-0.8267574794179676,-0.5135388831471261,0.08108265772894972,-0.9189173422710504,-0.515529104299393,-1.5714285714285714,-0.5499731567644954,-6.2801905360136985,1.1552682655931308,8.266730709831057
1,2011-08-10 11:19:53.048949,3438,45564.0,23491486.0,3009392.0,497.8015470561373,13.25305410122164,6832.892961023851,-63.0,15054.0,9461553.0,841302.0,-22.606673933294303,21,1,0,0.9033105622700999,-0.09668943772990016,-1.420785881809455,0.24197891208269473,-0.7580210879173053,-0.4568403108327276,0.1271284546219588,-0.8728715453780412,-0.47479827180553685,0.6258240034484254,-0.3741759965515746,-0.3530451425732601,1.0489471712738794,0.04894717127387946,0.8709367787851614,0.26972996972554175,-0.7302700302744584,-0.43935624485133856,0.14178276520653013,-0.8582172347934699,-0.46564644576333225,0.7622641509433963,2.89372782851536,2.351080272696351,3.8715456544978686,-1.794425593017318
1,2011-08-10 11:20:23.067761,4048,32069.0,13509314.0,2633758.0,479.8425442870553,7.922183794466403,3337.281126482213,610.0,-13495.0,-9982172.0,-375634.0,-17.959002769081962,28,1,0,1.0857204162643492,0.08572041626434929,1.0462348417510796,0.6651718673514259,-0.3348281326485742,-0.7845270272653034,0.4325522641562718,-0.5674477358437282,-0.8083330746380375,0.9987545137689102,-0.0012454862310897644,-0.0053806604326729224,0.9977006573795331,-0.002299342620466984,-0.039679542191994946,0.6194451286187574,-0.38055487138124255,-1.0230833046911818,0.40713509610928383,-0.5928649038907161,-0.926409761951745,8.860824742268042,0.903666181725771,0.9349923457573841,0.8270278982061985,-3.8167242763785345
1,2011-08-10 11:20:53.048736,4211,41116.0,17660713.0,3624008.0,457.6229659304203,9.763951555450012,4193.947518404179,163.0,9047.0,4151399.0,990250.0,-22.219578356635,22,1,0,1.1325372492066055,0.1325372492066054,1.6964312753330177,0.8976822175257192,-0.10231778247428085,-0.2145584601919557,0.6091909936313895,-0.3908090063686105,-0.48651389675241463,1.3580308536134407,0.3580308536134408,1.58169897509945,0.9406745214496324,-0.059325478550367634,-1.2517257863128357,0.7989406794212331,-0.20105932057876688,-0.47181613157528307,0.5476181939717039,-0.4523818060282961,-0.6135584591463475,10.0,4.755188444296863,2.8523131297861695,10.0,-5.014055397283122
1,2011-08-10 11:21:23.047795,3717,34311.0,15919355.0,2463794.0,490.1172354067797,9.230831315577078,4282.850417002959,-494.0,-6805.0,-1741358.0,-1160214.0,32.494269476359364,26,1,0,0.9891425834264729,-0.010857416573527111,-0.1170927195921263,0.9188904005399094,-0.0811095994600906,-0.484445034306991,0.8562263213172374,-0.14377367868276256,-0.5248253387325742,0.914637781693197,-0.085362218306803,-0.3547113689036675,1.0091931093362256,0.009193109336225583,0.18436797404673264,0.9216153835536461,-0.07838461644635389,-0.38322899557901347,0.8521277018335122,-0.14787229816648786,-0.4512825411472859,-10.0,0.19589261237415506,0.8325291254781989,-10.0,10.0
1,2011-08-10 11:21:53.088370,3545,57781.0,34210730.0,4787758.0,505.6873552265162,16.29929478138223,9650.41748942172,-172.0,23470.0,18291375.0,2323964.0,15.570119819736531,24,1,0,0.9370869680148031,-0.06291303198519693,-0.7046525956317098,1.5738138039984746,0.5738138039984747,3.2947350022098973,2.0216526492876485,1.0216526492876483,4.298046333654268,1.7223338126469436,0.7223338126469436,3.5765450225496163,1.03379038164556,0.03379038164556001,0.715701838722591,1.66711706758401,0.6671170675840099,3.1684398551863686,2.1299231699686247,1.1299231699686245,3.823053919434843,-7.825396825396825,10.0,10.0,10.0,3.4410880710989185
1,2011-08-10 11:22:23.064358,3342,49363.0,33538867.0,2710644.0,553.1185896184919,14.770496708557747,10035.56762417714,-203.0,-8418.0,-671863.0,-2077114.0,47.43123439197569,21,1,0,0.8813755999789018,-0.1186244000210982,-1.3670425419765444,1.1706214635673329,0.17062146356733282,0.7020340014161093,1.6002650804122673,0.6002650804122673,1.5206024643093943,0.8204769016466782,-0.17952309835332178,-0.6299307216109198,1.137602402822461,0.13760240282246106,3.593213307172562,1.307833870943333,0.307833870943333,1.0157768527003292,1.7732320537558075,0.7732320537558075,1.6925272017319353,-10.0,-2.5433977485240735,-1.166460967820052,-4.964460382002605,10.0
1,2011-08-10 11:22:53.066312,3846,33607.0,12481415.0,2457163.0,557.1362873569943,8.738169526781071,3245.297711908476,504.0,-15756.0,-21057452.0,-253481.0,4.01769773850242,35,1,0,1.0194560780363675,0.019456078036367515,0.20589461272523193,0.7828689899366381,-0.2171310100633619,-0.8715833802880751,0.5434311201948251,-0.45656887980517485,-1.0415540341646485,0.7574502948897168,-0.24254970511028323,-0.8079953086000897,1.1203724693017414,0.12037246930174131,1.6736396854366935,0.753462497710116,-0.24653750228988408,-0.7735592958473397,0.5151255714637251,-0.4848744285362749,-0.937565097211347,10.0,-10.0,-10.0,-3.242388233561396,-0.6368481075272977
1,2011-08-10 11:23:23.052196,3729,39354.0,19378934.0,2707522.0,485.26141675489407,10.553499597747386,5196.817913649772,-117.0,5747.0,6897519.0,250359.0,-71.87487060210026,19,1,0,0.999142596859761,-0.0008574031402389525,-0.009762965014836223,0.9102221317617889,-0.08977786823821107,-0.3761438010587054,0.8513641202596444,-0.1486358797403557,-0.32793748003754025,0.8438135211891619,-0.15618647881083814,-0.4990561760411096,0.9464148336129591,-0.05358516638704097,-0.647554150577059,0.8973645530805118,-0.10263544691948821,-0.34423722559568964,0.8273058696596496,-0.17269413034035042,-0.3308079414191568,-1.896039603960396,10.0,10.0,8.08850760214049,-5.649462411017183
1,2011-08-10 11:23:53.066720,3119,33760.0,17477920.0,1722728.0,583.7159151721705,10.823982045527412,5603.693491503687,-610.0,-5594.0,-1901014.0,-984794.0,98.45449841727644,29,1,0,0.8578579679850377,-0.14214203201496237,-2.6336275355201106,0.7872546824863816,-0.21274531751361833,-0.8739262567251102,0.7564280164735006,-0.24357198352649945,-0.5554952429021383,0.5694260436107086,-0.4305739563892914,-1.3118107179466276,1.1262902998512814,0.12629029985128146,1.8962598757103388,0.9081696386366137,-0.09183036136338628,-0.3209120310209767,0.8644753226315979,-0.13552467736840207,-0.2790957037503902,-5.327800829875518,-10.0,-6.531925171441858,-4.372662539307747,10.0
1,2011-08-10 11:24:23.050995,3002,39900.0,21497596.0,1882640.0,559.4516841215857,13.291139240506327,7161.0912724850095,-117.0,6140.0,4019676.0,159912.0,-24.26423105058484,28,1,0,0.8537625846083841,-0.14623741539161592,-1.7559748847036323,0.9328314590980291,-0.06716854090197087,-0.2722008017853219,0.9180112651468086,-0.08198873485319133,-0.19441312777409683,0.6543390138132598,-0.3456609861867402,-0.8709155257673884,1.0418406785736622,0.041840678573662214,0.5571418308347014,1.0861357426442473,0.08613574264424737,0.3333473845517975,1.0614750024141728,0.06147500241417284,0.13977323647743858,0.021739130434782563,10.0,10.0,2.0789322408530415,-2.296184471373111
1,2011-08-10 11:24:53.068633,3476,51842.0,32642913.0,2267299.0,487.4392553489644,14.914269275028769,9390.9415995397,474.0,11942.0,11145317.0,384659.0,-72.01242877262132,39,1,0,1.0200727784951287,0.020072778495128563,0.1848653374941608,1.3226079679973874,0.32260796799738745,1.970793973733331,1.56373637443208,0.5637363744320801,1.5036808154014258,0.987439612769155,-0.012560387230844917,-0.06195575743606184,0.8899151460863185,-0.1100848539136815,-1.6332124172202456,1.2817948389799696,0.2817948389799697,1.3735493334108273,1.5029128933435218,0.5029128933435218,1.2393631908619966,5.364640883977901,4.3392986969408875,5.383386897361422,1.6620367916208567,-7.697045257755029
1,2011-08-10 11:25:23.059501,3483,44555.0,24164307.0,4467555.0,480.1151422937123,12.792133218489807,6937.785529715762,7.0,-7287.0,-8478606.0,2200256.0,-7.324113055252042,39,1,0,1.0141509433962264,0.014150943396226388,0.13173910408805603,1.1225014234391297,0.12250142343912976,0.6556520585197352,1.167597234285082,0.16759723428508203,0.4646038171475319,2.023834611780072,1.023834611780072,5.5788938215515165,0.8980814131446989,-0.10191858685530109,-1.2036612746041606,1.0966993130313676,0.09669931303136761,0.46326811335423557,1.1337050390988797,0.13370503909887957,0.3556988430479515,-0.7388059701492538,-10.0,-10.0,10.0,0.44243397586856165
1,2011-08-10 11:25:53.090169,3382,46096.0,30051096.0,2533579.0,532.6786436924897,13.629804849201657,8885.59905381431,-101.0,1541.0,5886789.0,-1933976.0,52.56350139877736,34,1,0,1.006008685823071,0.006008685823070919,0.068193565401714,1.1006107606572721,0.10061076065727213,0.6236125658721992,1.3047351605790365,0.30473516057903643,1.1855456260382886,0.9708877641989297,-0.029112235801070214,-0.06868300362525104,1.0259669628147847,0.02596696281478483,0.2770716086241455,1.0925691175101009,0.09256911751010095,0.6372744435533887,1.295642110159567,0.295642110159567,1.231250590375412,-0.39118457300275494,-0.29621848739495793,1.5194057259110159,-5.809947512723886,4.412277326933415
1,2011-08-10 11:26:23.050635,3539,47876.0,32872479.0,2376146.0,529.3012088349816,13.528115286804182,9288.63492512009,157.0,1780.0,2821383.0,-157433.0,-3.377434857508092,27,1,0,1.0748997691653506,0.07489976916535047,1.124208747581488,1.1074562925335296,0.10745629253352952,0.683246946662765,1.306186042240214,0.3061860422402141,1.2445759110078713,0.9228610881898827,-0.07713891181011738,-0.17974522767770262,1.0011747759678404,0.0011747759678405433,0.013843573528510157,1.0334484853269292,0.033448485326929324,0.29380969971550436,1.2228610272194256,0.22286102721942552,1.0997997089663367,3.2622478386167146,0.32008306140611087,0.32184228462798825,-3.5254192465347844,-1.3561400650815192
1,2011-08-10 11:26:53.054560,3798,36779.0,18314794.0,2382088.0,472.4017459628752,9.68378093733544,4822.220642443392,259.0,-11097.0,-14557685.0,5942.0,-56.899462872106426,97,1,0,1.1248667219523754,0.12486672195237528,1.9450620720632104,0.7986094524230356,-0.2013905475769644,-2.114731959254092,0.6484104885114779,-0.35158951148852213,-1.9273580779835287,0.8804795723348606,-0.11952042766513939,-0.31892220917207764,0.9123296880562424,-0.08767031194375768,-1.3640142481602624,0.7104185542606953,-0.2895814457393047,-5.0165613630198,0.5787027865633269,-0.42129721343667315,-2.9517858695037433,2.0833333333333335,-4.930646075375461,-5.728191629263301,-0.9545314025631372,-4.228316635536019
1,2011-08-10 11:27:23.062656,3322,114301.0,90465587.0,3943008.0,500.9070432116195,34.40728476821192,27232.26580373269,-476.0,77522.0,72150793.0,1560920.0,28.50529724874434,29,1,0,0.9395859260097297,-0.06041407399027037,-1.3592611005848751,2.5160027823269413,1.5160027823269409,10.0,3.27665619942409,2.27665619942409,10.0,1.4055398905527594,0.4055398905527593,1.2180274736564405,1.001038883460285,0.0010388834602850082,0.018263909971355106,2.665243660688834,1.6652436606888343,10.0,3.46244627379175,2.46244627379175,9.833776901561796,-3.989949748743719,10.0,10.0,10.0,2.637295663368142
1,2011-08-10 11:27:53.052281,3756,34214.0,18283467.0,2516168.0,452.5435982119276,9.10915867944622,4867.802715654952,434.0,-80087.0,-72182120.0,-1426840.0,-48.36344499969192,29,1,0,1.071673133987674,0.071673133987674,1.3617886777155153,0.5906970480685895,-0.40930295193141053,-0.7455054788331346,0.4667286756915795,-0.5332713243084205,-0.7150399523567955,0.801206135937644,-0.19879386406235597,-0.6296125559309999,0.899544639892903,-0.10045536010709702,-1.8341128623320013,0.541946536488775,-0.458053463511225,-0.7723480227944288,0.4257565364849792,-0.5742434635150209,-0.7288099139942347,10.0,-7.411165724715414,-7.241679518314908,-5.2574217838538795,-10.0
1,2011-08-10 11:28:23.067406,2838,88655.0,75456757.0,3348535.0,572.2166843854827,31.238548273431995,26588.004580690627,-918.0,54441.0,57173290.0,832367.0,119.67308617355512,27,1,0,0.7973253919199865,-0.2026746080800135,-3.3651253603091575,1.587285956758073,0.587285956758073,0.988218521590832,1.985835583442805,0.985835583442805,1.2454699272801926,1.2175615150299373,0.2175615150299372,0.8919708835709347,1.150030687771149,0.15003068777114908,2.1303784260089738,1.9437076639610957,0.9437076639610958,1.4495577416480774,2.412856843322151,1.412856843322151,1.6723799611878576,-10.0,10.0,10.0,3.132757366939515,10.0
1,2011-08-10 11:28:53.055363,3376,30015.0,16789505.0,1707425.0,450.7994997026066,8.890699052132701,4973.19460900474,538.0,-58640.0,-58667252.0,-1641110.0,-121.4171846828761,27,1,0,0.9783805714948125,-0.021619428505187478,-0.19047179628156322,0.46632486599860173,-0.5336751340013983,-0.969090346961815,0.3566269814452153,-0.6433730185547847,-0.8984583962768343,0.5861016913080477,-0.4138983086919524,-1.7145941307131145,0.8918350887515343,-0.1081649112484657,-1.1565941479197173,0.4537604102063144,-0.5462395897936856,-0.8738931981090847,0.34157059039354143,-0.6584294096064586,-0.839340527106402,5.94485294117647,-7.889259616062408,-7.460345550304841,-10.0,-10.0
1,2011-08-10 11:29:23.060617,3070,21954.0,8075005.0,1654557.0,545.5632303947882,7.15114006514658,2630.294788273616,-306.0,-8061.0,-8714500.0,-52868.0,94.76373069218158,34,1,0,0.898186073727326,-0.10181392627267408,-0.8940551883494925,0.3611282915082049,-0.6388717084917951,-1.0138745627308896,0.18410015388711445,-0.8158998461128856,-0.9916036838113741,0.5952832738394374,-0.4047167261605627,-1.2873366532980752,1.1139087592322154,0.11390875923221538,1.108736222098241,0.3831126403096085,-0.6168873596903914,-0.8874408334814591,0.19203861044375306,-0.807961389556247,-0.9172746473363969,-8.38650306748466,-1.2565925760035834,-1.70923151402222,0.6047080920144575,7.0357750002859465
1,2011-08-10 11:29:53.048245,3465,28712.0,12819914.0,2129885.0,519.1852836655123,8.286291486291486,3699.83088023088,395.0,6758.0,4744909.0,475328.0,-26.37794672927589,18,1,0,1.0588558855885588,0.05885588558855882,0.5578911738378406,0.49650859967005484,-0.5034914003299451,-0.7083721370287049,0.3065933495170747,-0.6934066504829254,-0.7603074359718177,0.8086312262556158,-0.1913687737443842,-0.5005744100840093,1.0293003496322641,0.029300349632264213,0.2713299103293047,0.45630951046310175,-0.5436904895368982,-0.7338318108160594,0.2790574502130954,-0.7209425497869045,-0.7647087175986783,3.712912087912088,3.2792580101180437,3.3168978384222565,4.266719906093348,-2.802720853335354
1,2011-08-10 11:30:23.050650,3123,48486.0,22244705.0,15638691.0,510.6903571729107,15.525456292026895,7122.86423310919,-342.0,19774.0,9424791.0,13508806.0,-8.494926492601621,50,1,0,0.9460769463798849,-0.05392305362011512,-0.49983635420396927,1.1910095799557847,0.19100957995578483,0.2862848948773277,0.8462912147194793,-0.15370878528052065,-0.14548242025008568,6.885305598433329,5.885305598433329,10.0,1.0051739741680439,0.0051739741680439716,0.047978886116420295,1.2002516610995793,0.2002516610995793,0.2524628634780182,0.8329057019236851,-0.1670942980763149,-0.14109305897552388,-10.0,2.1551718094614967,1.60691025242321,10.0,-3.323781250725483
1,2011-08-10 11:30:53.057451,3251,47243.0,33512366.0,1771320.0,573.7923141175023,14.531836358043678,10308.325438326669,128.0,-1243.0,11267661.0,-13867371.0,63.10195694459162,23,1,0,1.0241305443548387,0.02413054435483868,0.30530457838967306,1.0844405064685845,0.0844405064685844,0.1359516485156611,1.237660992224847,0.23766099222484688,0.23365472422992314,0.36180262070984415,-0.6381973792901559,-0.5169487077890873,1.1041028262975912,0.10410282629759114,1.1908655092409541,1.0220424751270005,0.022042475127000628,0.031150164411187634,1.1450084569352943,0.14500845693529418,0.1309188687261525,2.0110584518167456,-1.4354680493273542,10.0,-6.283805179842321,4.426094082641262
1,2011-08-10 11:31:23.051447,3415,28279.0,13062804.0,1850635.0,485.61042966061495,8.28081991215227,3825.125622254759,164.0,-18964.0,-20449562.0,79315.0,-88.18188445688736,45,1,0,1.0485108996008596,0.048510899600859685,0.9511085470850682,0.8015135196417437,-0.19848648035825633,-0.5887405826974575,0.6989830374610337,-0.3010169625389662,-0.5748339316763995,0.4040356428411679,-0.5959643571588321,-0.44137823684746497,0.9338551895795343,-0.06614481042046566,-0.7495444350463926,0.761308767749438,-0.23869123225056196,-0.6731341501872967,0.665597852382234,-0.33440214761776604,-0.6301564963251033,0.9854721549636806,-1.2896744904858497,-1.4376992384988976,1.2514400382953497,-10.0
1,2011-08-10 11:31:53.055110,3258,44005.0,21725319.0,5726634.0,546.1484912034991,13.506752608962554,6668.29926335175,-157.0,15726.0,8662515.0,3875999.0,60.53806154288418,47,1,0,0.9979171771624601,-0.002082822837539874,-0.03911587595529909,1.2596322291812174,0.2596322291812175,0.7489571857360697,1.2107991353131793,0.21079913531317918,0.3743491759650459,1.2424847325382313,0.24248473253823125,0.1811882126346,1.036397193842619,0.03639719384261916,0.5671801686760509,1.2558452760993404,0.2558452760993403,0.6976498684753596,1.2086189864959545,0.20861898649595445,0.3638306626796853,-10.0,10.0,10.0,10.0,7.695266345356175
1,2011-08-10 11:32:23.064325,3081,31773.0,18215628.0,2013103.0,506.76683544985394,10.312560856864655,5912.245374878286,-177.0,-12232.0,-3509691.0,-3713531.0,-39.38165575364519,24,1,0,0.9329578488372092,-0.06704215116279072,-1.6071012613206792,0.8075486084635913,-0.1924513915364087,-0.7542183125277334,0.8811304100799662,-0.11886958992003381,-0.28960008005510174,0.3711861103474497,-0.6288138896525504,-0.5736029433596102,0.9614511411783496,-0.03854885882165041,-0.5994008759043513,0.8575056119082949,-0.14249438809170512,-0.49097553650213677,0.93475874329641,-0.06524125670359003,-0.15127691312876893,-5.707446808510638,-3.773570359620879,-2.285571526046947,-5.5597504664081745,-10.0
1,2011-08-10 11:32:53.053088,3711,27997.0,13504375.0,2138124.0,511.9138597620588,7.544327674481272,3639.012395580706,630.0,-3776.0,-4711253.0,125021.0,5.147024312204849,36,1,0,1.150483630952381,0.150483630952381,3.6956867418502193,0.7006747219524893,-0.2993252780475108,-1.2867694676708834,0.6208290242602249,-0.3791709757397751,-1.0959181362565642,0.3959432723602477,-0.6040567276397524,-0.5471391064889158,0.975814363336977,-0.024185636663022928,-0.3619222969884866,0.6068725940386196,-0.3931274059613804,-1.6099756338928715,0.5377290332055565,-0.46227096679444346,-1.3320433237803182,9.203125,-7.167918980725252,-5.3657363974443415,6.352751280163038,3.072329900975464
1,2011-08-10 11:33:23.066567,3181,27965.0,11037098.0,2168768.0,514.8585344885256,8.79126060987111,3469.69443571204,-530.0,-32.0,-2467277.0,30644.0,2.9446747264668147,31,1,0,0.9514836085187844,-0.04851639148121555,-0.6839852366164565,0.7798513081646653,-0.2201486918353347,-0.866633122823502,0.5517418370627492,-0.44825816293725085,-1.0735603181162232,0.80325835552129,-0.19674164447870998,-0.3128480556648986,0.980969952702611,-0.019030047297389014,-0.2858616239374924,0.8113567214881814,-0.1886432785118186,-0.6594388516149027,0.571556931840485,-0.428443068159515,-0.9610700699882171,-5.506802721088436,0.9921909317194593,-0.4114324058702589,1.011349152965205,10.0
1,2011-08-10 11:33:53.083278,3528,24546.0,10112929.0,1667330.0,493.36413835544215,6.957482993197279,2866.476473922902,347.0,-3419.0,-924169.0,-501438.0,-21.494396133083452,37,1,0,1.0597140454163163,0.05971404541631629,0.8086232947011794,0.7669714221436205,-0.23302857785637954,-1.0811740078704453,0.6520665283009563,-0.34793347169904365,-1.2382083704451776,0.5998770693281786,-0.4001229306718214,-0.6730839450618902,0.9616116907246552,-0.03838830927534478,-0.9054849552236399,0.7182181615565835,-0.28178183844341653,-1.154715535189447,0.6095157151590559,-0.39048428484094416,-1.241742210879006,10.0,0.11323788774769165,0.7944031190195374,-7.308221452869305,-0.8236057714610784
1,2011-08-10 11:34:23.072470,3526,33678.0,18934829.0,1769069.0,468.5355384191719,9.551332955190016,5370.059273964833,-2.0,9132.0,8821900.0,101739.0,-24.82859993627028,18,1,0,1.051972074706128,0.051972074706127996,0.6687955706148618,1.077447756037009,0.07744775603700904,0.3197464141275019,1.2691695429965748,0.2691695429965747,0.8139581348626225,0.6449884384224862,-0.3550115615775138,-0.5796507008009666,0.9104665666436158,-0.08953343335638414,-2.3675571050670925,1.013675385699166,0.013675385699166012,0.04916554138678521,1.1903981302286633,0.19039813022866334,0.5140669715535213,-1.0884955752212389,10.0,10.0,3.775128883554731,-10.0
1,2011-08-10 11:34:53.049208,3343,30087.0,16990939.0,1597672.0,478.5219716171104,9.0,5082.542327250972,-183.0,-3591.0,-1943890.0,-171397.0,9.986433197938538,24,1,0,0.9816761613907323,-0.01832383860926766,-0.23645983988209798,1.030666145972499,0.030666145972499153,0.2499607406139123,1.1831329548324856,0.18313295483248557,0.6493928945087525,0.8187820213082825,-0.18121797869171746,-1.5819225729051054,0.9587932014193237,-0.041206798580676295,-1.084518864001933,1.0427053873359502,0.04270538733595021,0.2659869979593492,1.1954710590064204,0.1954710590064204,0.6321102220865762,-4.414179104477611,-0.7386462670669119,-2.4830621145390235,0.783456494081588,1.6433483613031112
1,2011-08-10 11:35:23.048692,3207,21866.0,9280138.0,1355117.0,490.380484356096,6.818210165263486,2893.7131275335205,-136.0,-8221.0,-7710801.0,-242555.0,11.85851273898561,39,1,0,0.9274683324657296,-0.0725316675342704,-1.2405554504868486,0.7577994496544745,-0.24220055034552546,-2.08650027452959,0.6574182238438927,-0.3425817761561073,-1.276981580396261,0.7253625777128118,-0.2746374222871882,-1.9169141557625773,0.9938020193801004,-0.006197980619899605,-0.15091005361110793,0.8147099104745782,-0.18529008952542178,-1.4387014158363371,0.708278734279816,-0.291721265720184,-1.0984885342644937,-3.5954198473282446,-10.0,-10.0,-1.9193175280612182,3.0992334764309155
1,2011-08-10 11:35:53.049151,3426,27221.0,10974418.0,1938476.0,486.0876069492119,7.945417396380619,3203.274372446001,219.0,5355.0,1694280.0,583359.0,-4.292877406884145,19,1,0,1.0205540661304737,0.020554066130473638,0.4133255895195725,0.9852543035427314,-0.01474569645726866,-0.08813820398093694,0.8269357014390861,-0.17306429856091388,-0.5241373370068052,1.1325578210497929,0.13255782104979277,0.7623152561617543,0.9937756563311424,-0.006224343668857633,-0.17446418369908837,0.9661659117517905,-0.03383408824820953,-0.2223061113987551,0.8137372563857124,-0.18626274361428763,-0.6079255969461854,3.172619047619048,5.367150546403523,3.005427252306156,4.725119954227741,0.00320378808437731
1,2011-08-10 11:36:23.070392,3113,31657.0,16306004.0,2633957.0,581.404127839062,10.169290073883714,5238.0353356890455,-313.0,4436.0,5331586.0,695481.0,95.3165208898501,24,1,0,0.9139753376394598,-0.08602466236054022,-2.165119861342108,1.1520182244283033,0.15201822442830323,0.9040589198768361,1.2298388796820696,0.22983887968206965,0.694147039179166,1.5814500921266756,0.5814500921266755,4.488739735762842,1.2027940668736166,0.2027940668736165,9.802870494930204,1.2625618397541056,0.26256183975410563,1.7445203184679485,1.348892059367993,0.34889205936799284,1.0949258352387237,-7.387755102040816,10.0,10.0,10.0,10.0
1,2011-08-10 11:36:53.095435,3874,36681.0,19113282.0,2852330.0,412.7289591543624,9.468508002065049,4933.733092410945,761.0,5024.0,2807278.0,218373.0,-168.67516868469954,25,1,0,1.1658140234727656,0.16581402347276558,3.326073558692535,1.2691597063158697,0.2691597063158696,1.6961932758522442,1.3184060034052214,0.3184060034052215,1.1129331509948388,1.5344527086573898,0.5344527086573898,2.052486767221319,0.8238334080720172,-0.17616659192798276,-1.9306220782352437,1.0887284331037999,0.08872843310379985,0.5798473761103226,1.1322329120146306,0.13223291201463064,0.4784648000567441,10.0,2.53255519617494,1.2664653665586159,0.12956186822838595,-10.0
1,2011-08-10 11:37:23.053750,3417,66356.0,50809898.0,2707087.0,483.9728258115306,19.419373719637107,14869.738952297335,-457.0,29675.0,31696616.0,-145243.0,71.24386665716816,34,1,0,1.0071921240346637,0.007192124034663707,0.08273026151763424,2.2491729486414664,1.2491729486414664,6.727514048912449,3.4961846234697935,2.4961846234697935,8.645945274433055,1.3042994147367317,0.3042994147367318,0.9741421266437711,0.9880532667950178,-0.011946733204982192,-0.09728523473193125,2.2371815481121757,1.2371815481121757,8.148308092649103,3.482162717806869,2.482162717806869,9.414855037678949,-7.56609195402299,10.0,10.0,-1.670397069588954,7.383106400332011
1,2011-08-10 11:37:53.078246,3502,74020.0,63845141.0,4101821.0,452.1344491207881,21.136493432324382,18231.051113649344,85.0,7664.0,13035243.0,1394734.0,-31.83837669074245,34,1,0,1.0277631038328343,0.027763103832834393,0.3221223806048483,2.013809915061949,1.0138099150619488,2.1382863390761244,2.997882164920203,1.9978821649202028,2.5075685267378187,1.7854238634097235,0.7854238634097235,2.8479066669226216,0.9210039061027993,-0.07899609389720075,-0.6469432355945233,1.9635989881934943,0.9635989881934944,2.069700105649075,2.927413669749715,1.9274136697497148,2.4299921421957875,4.743243243243243,0.05654967051752183,0.9272093798037959,5.28589842394415,-10.0
1,2011-08-10 11:38:23.089205,3371,29115.0,12616254.0,2052585.0,508.6621928970632,8.636902996143577,3742.584989617324,-131.0,-44905.0,-51228887.0,-2049236.0,56.52774377627503,27,1,0,0.9724786522040156,-0.027521347795984332,-0.35047886718158117,0.6170131604043486,-0.38298683959565133,-0.843147981694257,0.39169054551391314,-0.6083094544860869,-0.8312951938010057,0.7210314893466344,-0.2789685106533656,-1.0116380768751092,1.0525520530515917,0.05255205305159161,0.4068771416199853,0.6337701260058209,-0.36622987399417906,-0.8110395480234813,0.4026377537298085,-0.5973622462701915,-0.8197546467906617,-3.2203389830508473,-5.305038923189017,-5.6942989263649455,-4.730354635956404,8.39001355676338
1,2011-08-10 11:38:53.058974,3261,32740.0,15805351.0,2545626.0,484.7053183989574,10.039865072063783,4846.780435449249,-110.0,3625.0,3189097.0,493041.0,-23.956874498105776,21,1,0,0.9437402326792845,-0.05625976732071543,-0.7060539414185355,0.6883096678706129,-0.3116903321293871,-0.7058110207843818,0.48574880909361073,-0.5142511909063893,-0.720969327431119,0.8871149404298087,-0.11288505957019135,-0.430178104383453,0.9936955403168471,-0.006304459683152905,-0.04844279549800565,0.7293173172261569,-0.27068268277384305,-0.621047458964585,0.5154488614007232,-0.48455113859927673,-0.6845866688753659,-9.0,8.569693769799366,8.711984022764758,10.0,-6.306160333006254
1,2011-08-10 11:39:23.138336,3198,965239.0,810267710.0,26218557.0,537.3701881053784,301.8258286429018,253367.01375859912,-63.0,932499.0,794462359.0,23672931.0,52.66486970642097,22,1,0,0.9176470588235294,-0.08235294117647059,-1.2254275572643998,10.0,10.0,10.0,10.0,10.0,10.0,9.193397655126788,8.193397655126788,10.0,1.1471465477004763,0.1471465477004764,1.8600312913607597,10.0,10.0,10.0,10.0,10.0,10.0,-3.128378378378378,10.0,10.0,10.0,3.7231395097496875
1,2011-08-10 11:39:53.047482,3123,30368.0,13147064.0,1973523.0,521.1813874559718,9.72398334934358,4209.754723022735,-75.0,-934871.0,-797120646.0,-24245034.0,-16.188800649406517,34,1,0,0.9322944653412143,-0.06770553465878565,-1.8665117863414658,0.13005901650577745,-0.8699409834942226,-0.4959862167577054,0.0689523357684877,-0.9310476642315123,-0.5114885482064879,0.26225748076924915,-0.7377425192307508,-0.5298549688721879,1.0563723964793132,0.05637239647931318,0.875831882344988,0.13465940176701333,-0.8653405982329866,-0.48637240637325496,0.07133795009504357,-0.9286620499049564,-0.5035626225584856,0.44526627218934905,-6.033993568522376,-6.03770577392256,-6.188050685290355,-1.6494159591353486
1,2011-08-10 11:40:23.088737,3264,171197.0,71082625.0,36364331.0,480.96041193750006,52.45006127450981,21777.765012254906,141.0,140829.0,57935561.0,34390808.0,-40.22097551847179,33,1,0,0.99179580674567,-0.008204193254329991,-0.18132038772427858,0.7565166745913766,-0.24348332540862336,-0.1332485624916822,0.3881405458526672,-0.6118594541473328,-0.3190169387892975,4.928469668529685,3.9284696685296847,2.743138513078194,0.9603636763892558,-0.039636323610744206,-0.5956748536563905,0.7463798166540686,-0.2536201833459314,-0.1375814667892642,0.3828758890615871,-0.6171241109384129,-0.31908605675589036,3.39795918367347,10.0,8.691343805938766,10.0,-6.40480117221631
1,2011-08-10 11:40:53.047495,3189,31164.0,15745189.0,1696385.0,443.4345842314205,9.772342427093132,4937.343681404829,-75.0,-140033.0,-55337436.0,-34667946.0,-37.52582770607955,57,1,0,0.9832274773385953,-0.016772522661404728,-0.5937895175962066,0.12682119286148558,-0.8731788071385144,-0.5274643572579563,0.08530103363219943,-0.9146989663678006,-0.48150634988239993,0.12265159948383493,-0.877348400516165,-0.7426589332699811,0.8753566532525613,-0.12464334674743871,-2.632924977744601,0.12768407281147917,-0.8723159271885208,-0.5244120766768878,0.08573447292930314,-0.9142655270706967,-0.4799302953927364,-0.5756302521008403,-8.205048519711454,-10.0,-6.37279120564395,-7.509032836940292
1,2011-08-10 11:41:23.050589,3215,47553.0,29514562.0,2316685.0,498.1192932780716,14.790979782270606,9180.268118195956,26.0,16389.0,13769373.0,620300.0,54.68470904665105,32,1,0,1.0024945431867789,0.002494543186778921,0.13706790987817852,0.19319367388527578,-0.8068063261147242,-0.48850970065678795,0.15935763558780514,-0.8406423644121949,-0.4445055477519943,0.1683675971521556,-0.8316324028478443,-0.697567054282948,1.009298141424611,0.00929814142461092,0.12452624423350256,0.19268517750606784,-0.8073148224939322,-0.48735125658147227,0.15875200144553842,-0.8412479985544615,-0.44402161663844864,1.7142857142857144,10.0,10.0,9.707186973610332,5.1918376409416895
1,2011-08-10 11:41:53.055653,3042,47374.0,35278482.0,1812959.0,530.348081973044,15.573307034845495,11597.13412228797,-173.0,-179.0,5763920.0,-503726.0,32.22878869497248,27,1,0,0.9512790043154669,-0.04872099568453317,-3.0627425379481834,0.19017744381668394,-0.8098225561833161,-0.49856113208214753,0.18769999249274133,-0.8123000075072586,-0.4378873799094186,0.13219868180131042,-0.8678013181986896,-0.7237447543266765,1.0687908157796142,0.06879081577961416,0.9343117842810652,0.20039606447753008,-0.7996039355224699,-0.4910152576990976,0.19758492089071383,-0.8024150791092861,-0.4318748981156499,-10.0,-1.060419901437926,1.1022070489687552,-10.0,10.0
1,2011-08-10 11:42:23.049077,3148,36657.0,18131492.0,2130650.0,555.1972055447903,11.64453621346887,5759.686149936468,106.0,-10717.0,-17146990.0,317691.0,24.849123571746304,19,1,0,0.9941261921303607,-0.005873807869639332,-0.21564873153265332,0.5593824010547648,-0.4406175989452352,-0.48400550263738884,0.5502130445026794,-0.4497869554973206,-0.6379176653824928,0.24122086366364118,-0.7587791363363589,-0.4354185253709037,1.1220440292394507,0.12204402923945058,1.7431553410716267,0.569077290434299,-0.43092270956570106,-0.48745229829905135,0.557005198585347,-0.44299480141465297,-0.6469835067357004,4.397435897435897,0.9416199550042762,0.8893727204167023,1.0650856823913923,10.0
1,2011-08-10 11:42:53.049707,3388,63489.0,34302242.0,4219712.0,529.7363134849469,18.73937426210153,10124.628689492323,240.0,26832.0,16170750.0,2089062.0,-25.460892059843445,22,1,0,1.0682305460966075,0.06823054609660742,2.582916426796533,0.9505906661276557,-0.049409333872344245,-0.05613195862682297,1.0103613293129667,0.0103613293129668,0.015803354507808526,0.47603969313876193,-0.5239603068612381,-0.3020801832104047,1.0560680423030795,0.056068042303079595,0.6486220942787546,0.8989328270236394,-0.10106717297636059,-0.11821374150358618,0.950630137711173,-0.049369862288826984,-0.07764608996402658,10.0,10.0,10.0,10.0,-4.742507675894002
1,2011-08-10 11:43:23.072016,3236,237383.0,232737446.0,6254962.0,490.7533893569221,73.35692212608159,71921.3368355995,-152.0,173894.0,198435204.0,2035250.0,-38.98292412802476,29,1,0,1.012388937554749,0.012388937554749064,0.3148086484802176,5.246334596020986,4.246334596020986,10.0,8.751372610739827,7.751372610739827,10.0,2.568479445182074,1.5684794451820738,3.71688791819968,0.9596890247362985,-0.04031097526370151,-0.4789640476348379,5.201103282644499,4.201103282644499,10.0,8.644586622792007,7.644586622792008,10.0,-7.129032258064516,9.072473725257177,10.0,1.3165770917987862,-4.996125431951684
1,2011-08-10 11:43:53.064644,3278,57875.0,40341104.0,13885966.0,506.0084254533252,17.655582672361195,12306.62111043319,42.0,-179508.0,-192396342.0,7631004.0,15.255036096403046,15,1,0,1.022521679455986,0.022521679455985967,0.5691712844819038,0.6691432191945539,-0.33085678080544606,-0.3370858762071223,0.5763603996275917,-0.42363960037240833,-0.32501620326405417,4.148787735955037,3.1487877359550374,5.610877519375719,0.971540796627602,-0.02845920337239808,-0.563118568803483,0.6582739998623154,-0.34172600013768456,-0.35067622715204855,0.5666916091717632,-0.43330839082823674,-0.3343126694616671,3.4680851063829787,-5.352363264296693,-5.433253625266454,7.369940882867613,0.6119422347989104
1,2011-08-10 11:44:23.050261,3302,34364.0,18948533.0,6833803.0,478.1389975729861,10.40702604482132,5738.501817080557,24.0,-23511.0,-21392571.0,-7052163.0,-27.86942788033906,24,1,0,1.0259756400695998,0.02597564006959977,0.6379115025440889,0.3880499934504424,-0.6119500065495576,-0.6464608463692838,0.262597255607146,-0.737402744392854,-0.590216084811346,1.2072044377506714,0.20720443775067132,0.23776097050545741,0.9152585188254994,-0.0847414811745006,-1.784095927374668,0.37990242914248173,-0.6200975708575183,-0.6574769236654515,0.256849533800652,-0.743150466199348,-0.5965544881540956,0.9047619047619048,-10.0,-10.0,-4.047796574393862,-10.0
1,2011-08-10 11:44:53.052742,3987,31434.0,14261524.0,2091109.0,419.1395766676699,7.884123401053424,3577.0062703787307,685.0,-2930.0,-4687009.0,-4742694.0,-58.999420905316185,15,1,0,1.219116927592955,0.21911692759295495,8.133315235227945,0.3657089406377394,-0.6342910593622606,-0.6368446123079187,0.2070122826190707,-0.7929877173809293,-0.5931816370256269,0.3137439106321474,-0.6862560893678527,-1.0300008739293758,0.8186849662968508,-0.18131503370314916,-3.006003131783943,0.29908640177237894,-0.7009135982276211,-0.6966594471298825,0.16896457696270972,-0.8310354230372903,-0.6170312972194237,10.0,-0.12605687932359724,-0.4350960312245924,-5.723004737848855,-4.650302201550458
1,2011-08-10 11:45:23.119921,2964,73397.0,85301298.0,1406788.0,494.4397883451417,24.762820512820515,28779.115384615383,-1023.0,41963.0,71039774.0,-684321.0,75.3002116774718,42,1,0,0.8620789948228724,-0.13792100517712752,-1.5209956443555648,0.8644195550530568,-0.13558044494694318,-0.133257461803815,1.252254695780156,0.2522546957801559,0.1854717377596801,0.21132111614072074,-0.7886788838592793,-1.179634960703538,1.0199780116457087,0.019978011645708588,0.2338501513355079,0.9669726185670113,-0.0330273814329887,-0.03122071321498106,1.3880411066450686,0.3880411066450686,0.2791392569541571,-7.096543504171632,10.0,10.0,-10.0,3.7672175496119626
1,2011-08-10 11:45:53.065515,3285,65472.0,54043374.0,3263333.0,446.8405658575343,19.930593607305937,16451.559817351597,321.0,-7925.0,-31257924.0,1856545.0,-47.59922248760745,22,1,0,0.9796027911969941,-0.020397208803005933,-0.18037651045823824,0.7534992277645682,-0.24650077223543174,-0.24938067402294495,0.6900506538849616,-0.3099493461150384,-0.2673991342451703,0.5354531614404902,-0.46454683855950984,-0.5682850685836224,0.9354077335167298,-0.06459226648327024,-0.9019239278435891,0.743310124451705,-0.2566898755482951,-0.2564204983427914,0.6724661802680154,-0.32753381973198453,-0.28305624535301865,4.785377358490567,-4.9992935002018575,-4.064559077328805,4.300026947048693,-5.742763246392219
1,2011-08-10 11:46:23.048908,3031,49769.0,37679232.0,2007967.0,499.6768198050148,16.41999340151765,12431.287363906302,-254.0,-15703.0,-16364142.0,-1255366.0,52.83625394748054,38,1,0,0.9012250237868697,-0.0987749762131303,-0.8834303448670849,0.9478292996930014,-0.052170700306998524,-0.14608634799558093,0.8849217823817153,-0.11507821761828474,-0.1700302283526734,0.365337337263467,-0.6346626627365329,-0.6792792800780539,1.0656055987782882,0.06560559877828823,0.8634620153437113,1.0181029032972082,0.018102903297208206,0.042136524320686965,0.929750627180304,-0.07024937281969604,-0.09366893456834893,-10.0,0.5432811163916212,0.5421184984804645,-1.098131151957679,7.0160392496985615
1,2011-08-10 11:46:53.064956,3375,315899.0,176508129.0,148797455.0,560.8115544106666,93.59970370370372,52298.70488888889,344.0,266130.0,138828897.0,146789488.0,61.13473460565183,24,1,0,1.0184682237914175,0.018468223791417653,0.151064746575569,6.207828294738166,5.207828294738166,10.0,4.197897622259041,3.1978976222590414,4.653577185710608,10.0,10.0,10.0,1.1992194431865777,0.19921944318657767,2.735482853055368,5.893849627672593,4.893849627672594,10.0,3.904201246982047,2.904201246982047,3.8808378520467097,7.963562753036437,10.0,10.0,10.0,10.0
1,2011-08-10 11:47:23.052044,3492,105342.0,18376990.0,7189725.0,626.7165557310997,30.166666666666668,5262.597365406644,117.0,-210557.0,-158131139.0,-141607730.0,65.90500132043303,29,1,0,1.049152746064175,0.04915274606417495,0.40304761289440016,0.9827210800584361,-0.017278919941563976,-0.01572742714143052,0.24982751397137715,-0.7501724860286229,-0.8746667594236135,0.2281486884674049,-0.7718513115325951,-0.3709717778563808,1.2943830925245003,0.2943830925245003,2.619589065974319,0.9276500530891696,-0.07234994691083045,-0.06780928180088895,0.23175555710902923,-0.7682444428909708,-0.9248341170033928,7.013698630136987,-4.739446250022199,-6.018137359275788,-5.987464326431953,2.9859055919747983
1,2011-08-10 11:47:53.095780,3292,77899.0,25625349.0,5747140.0,661.8231970085055,23.663122721749698,7784.127885783718,-200.0,-27443.0,7248359.0,-1442585.0,35.106641277405856,22,1,0,1.01938440577197,0.019384405771969995,0.2778457048408969,0.6386430751017824,-0.3613569248982175,-0.3996702208844987,0.3445109881079707,-0.6554890118920292,-0.7846030851374091,0.17665541238957044,-0.8233445876104295,-0.41188341710246124,1.258944078933017,0.2589440789330171,1.9591878737789254,0.63995973468691,-0.36004026531308997,-0.41507112996319,0.3377845567009647,-0.6622154432990354,-0.8273148226520136,-1.02020202020202,-2.856564918547383,7.8062433270011224,-2.4146829257194504,-0.1543705512093843
1,2011-08-10 11:48:23.049204,3575,70266.0,14728809.0,4463655.0,613.7569598290909,19.654825174825174,4119.946573426573,283.0,-7633.0,-10896540.0,-1283485.0,-48.06623717941466,30,1,0,1.0849772382397571,0.08497723823975721,1.6512494011604848,0.5718438558484068,-0.4281561441515932,-0.4791261328589372,0.23586240899002264,-0.7641375910099774,-0.7321299241116522,0.133637867995101,-0.866362132004899,-0.4483613247107914,1.0976140642921475,0.09761406429214746,0.6174373936032429,0.5347376376163698,-0.46526236238363017,-0.5313917058269944,0.2186151912433216,-0.7813848087566785,-0.7674119205371528,3.314024390243903,-9.47734340293203,0.0870241544043146,-2.478549435621811,-2.435812472790656
1,2011-08-10 11:48:53.056634,3492,71185.0,27375245.0,4216106.0,533.9869918628293,20.38516609392898,7839.417239404353,-83.0,919.0,12646436.0,-247549.0,-79.76996796626156,21,1,0,1.0414554130629288,0.04145541306292872,0.6617284745118829,0.5748374853635887,-0.42516251463641136,-0.4821553039675444,0.5015278205260897,-0.49847217947391026,-0.39593740204306377,0.12532571530677555,-0.8746742846932245,-0.4568936912991359,0.9011571481250864,-0.09884285187491361,-0.9246695392364277,0.555441065896011,-0.44455893410398895,-0.5064131458508648,0.47861639590070537,-0.5213836040992946,-0.42002601157329483,-2.4310344827586206,-0.04151022110972044,2.608365245806484,-2.0311774673795866,-3.3895186706422247
1,2011-08-10 11:49:23.152418,3311,54698.0,20822413.0,3653305.0,553.873757103594,16.520084566596193,6288.859257022048,-181.0,-16487.0,-6552832.0,-562801.0,19.886765240764703,27,1,0,0.9610472541507025,-0.038952745849297525,-1.2048261231760047,0.42693387824680645,-0.5730661217531935,-0.6930551010059914,0.3964444319648096,-0.6035555680351904,-0.456103809328135,0.107189059101284,-0.892810940898716,-0.4744355079801724,0.9240176058293871,-0.07598239417061288,-0.8840455627933173,0.440607297313397,-0.559392702686603,-0.6629369076254842,0.40675739080637574,-0.5932426091936243,-0.44404240701259257,-2.9631236442516267,-4.849224878595443,-2.1797555645208013,-2.274378560407656,1.8980859098075094
1,2011-08-10 11:49:53.049431,4009,60999.0,28883057.0,3711170.0,424.6183107585433,15.215515091045148,7204.554003492142,698.0,6301.0,8060644.0,57865.0,-129.2554463450507,24,1,0,1.167987414054306,0.167987414054306,4.635506552070597,0.8039089064023828,-0.19609109359761723,-0.8027112379673109,1.3505741848459432,0.35057418484594327,1.4459842448076963,0.7343055269917437,-0.2656944730082564,-0.9463092550645116,0.7100266728772006,-0.28997332712279944,-3.278502737686235,0.6891717396430551,-0.31082826035694494,-1.3233359316954956,1.1510729990002346,0.15107299900023471,0.5866117555920851,10.0,1.120615924135053,1.2588755155932225,1.0019933631496687,-10.0
1,2011-08-10 11:50:23.058149,3588,565027.0,560881269.0,13310157.0,505.41129598550725,157.476867335563,156321.4239130435,-421.0,504028.0,531998212.0,9598987.0,80.79298522696394,37,1,0,1.0147632784659766,0.01476327846597653,0.17974722785807765,8.43205580112641,7.43205580112641,10.0,10.0,10.0,10.0,3.0539964525415924,2.053996452541593,10.0,0.9063855117981243,-0.0936144882018757,-0.5811581771597214,8.250156635395065,7.250156635395066,10.0,10.0,10.0,10.0,-5.071566731141199,10.0,10.0,10.0,2.998854201775357
1,2011-08-10 11:50:53.048055,3594,41524.0,15341130.0,2727097.0,516.8877545609349,11.55370061213133,4268.539232053422,6.0,-523503.0,-545540139.0,-10583060.0,11.476458575427673,28,1,0,0.9997218358831711,-0.0002781641168289291,-0.003899072569672947,0.2525253139538419,-0.7474746860461581,-0.5486079717063447,0.11752218787618167,-0.8824778121238184,-0.4787209241436758,0.4645125859015378,-0.5354874140984621,-0.7534291506804868,0.9820612198085475,-0.017938780191452428,-0.13612477819969768,0.2519864061594779,-0.7480135938405221,-0.5492952697338341,0.11741323050494536,-0.8825867694950547,-0.4783422206425295,-0.8986486486486487,-6.3733618268709655,-6.096068241524541,-7.996586150738522,1.3668665395780917
1,2011-08-10 11:51:23.047549,3418,36061.0,14175679.0,2433115.0,563.936600623464,10.550321825629023,4147.36073727326,-176.0,-5463.0,-1165451.0,-293982.0,47.04884606252904,29,1,0,0.9497610314549294,-0.05023896854507063,-0.705584414329625,0.2272466610287195,-0.7727533389712805,-0.5392381701490255,0.10849235750007462,-0.8915076424999254,-0.4842210327126762,0.440497055616416,-0.559502944383584,-0.7046386580401556,1.1123983561683057,0.11239835616830579,1.1504578121183184,0.2385317250669626,-0.7614682749330375,-0.5313515516258723,0.11398683623356108,-0.886013163766439,-0.48071950912441763,-10.0,0.04964859787071179,-10.0,0.1535497230728832,3.428472801665254
1,2011-08-10 11:51:53.060743,3588,90500.0,49872336.0,6535345.0,492.207843766165,25.222965440356745,13899.759197324414,170.0,54439.0,35696657.0,4102230.0,-71.72875685729895,25,1,0,1.0011160714285714,0.0011160714285714285,0.01504285680146659,0.5967224442806297,-0.4032775557193703,-0.264433928791072,0.38956459588316483,-0.6104354041168352,-0.32286556717353015,1.264831519787772,0.2648315197877719,0.2983397330776641,0.9595713418497496,-0.04042865815025047,-0.376284664748625,0.5968054246092533,-0.4031945753907466,-0.26437989441421145,0.3899372078055546,-0.6100627921944455,-0.32230115651227054,10.0,8.749544471016968,10.0,10.0,-10.0
1,2011-08-10 11:52:23.086475,4002,51313.0,26616819.0,17245312.0,479.67087206146925,12.82183908045977,6650.879310344828,414.0,-39187.0,-23255517.0,10709967.0,-12.53697170469576,34,1,0,1.099631807440787,0.09963180744078691,1.6508820589419997,0.3230845561892481,-0.676915443810752,-0.4713810535681327,0.19888426312892876,-0.8011157368710713,-0.44829127063589386,3.0026433230012004,2.0026433230012004,2.539284106972338,0.9581682541161978,-0.0418317458838022,-0.41585440156129316,0.2913797785781681,-0.7086202214218319,-0.4895288790896501,0.17893942968678625,-0.8210605703132138,-0.45735392622105475,6.472924187725632,-6.472738953131111,-5.002681349620101,10.0,-0.01652363730468477
1,2011-08-10 11:52:53.078679,3941,46959.0,23868743.0,2859333.0,478.7210091563055,11.91550367926922,6056.519411316925,-61.0,-4354.0,-2748076.0,-14385979.0,-0.9498629051637408,21,1,0,1.0832875206157229,0.08328752061572292,1.3982596741213849,0.29932115881059373,-0.7006788411894063,-0.4797119597881597,0.1789563648761589,-0.821043635123841,-0.457407247372174,0.3383743864586863,-0.6616256135413138,-0.8486641714392543,0.9356911781043248,-0.06430882189567524,-1.0152645012504964,0.27376141677380217,-0.7262385832261978,-0.4940789555229058,0.16343531800969568,-0.8365646819903043,-0.46416645869130513,-10.0,-1.2475738178814786,-5.063078988173352,-6.314699299002478,-1.0862687296179676
1,2011-08-10 11:53:23.047525,3432,31281.0,11922864.0,2311409.0,568.8415196046037,9.11451048951049,3474.027972027972,-509.0,-15678.0,-11945879.0,-547924.0,90.1205104482982,23,1,0,0.9254165992557839,-0.07458340074421613,-1.1015218073768749,0.5872006367394136,-0.41279936326058636,-1.0187266927770042,0.45901408655343495,-0.5409859134465651,-0.9765488639705322,0.36342677949026864,-0.6365732205097314,-0.6413608768808233,1.1235602996373015,0.12356029963730142,1.7515299635597308,0.6323870914249364,-0.3676129085750636,-0.8689317562814569,0.49596297146675633,-0.5040370285332437,-0.8811530593522309,-8.209631728045327,0.8486878170433225,0.8887746707792809,0.7378560771858755,10.0
1,2011-08-10 11:53:53.048750,3636,84642.0,72433952.0,3867292.0,562.9208713462596,23.278877887788777,19921.328932893288,204.0,53361.0,60511088.0,1555883.0,-5.920648258344158,24,1,0,0.9890647951689244,-0.010935204831075518,-0.14432242324553252,1.6524282155602583,0.6524282155602582,1.4287574611749831,2.8639882408204103,1.8639882408204103,3.1250472448766846,0.616114686370482,-0.38388531362951805,-0.37798988176979936,1.089505494501256,0.08950549450125604,1.0113574930937574,1.6717293290559507,0.6717293290559508,1.4457923453284227,2.9100459843114934,1.9100459843114934,3.146649917096821,7.296296296296297,10.0,10.0,10.0,-1.5697997299490871
1,2011-08-10 11:54:23.074912,3489,43555.0,22270959.0,3398676.0,571.4051508693035,12.483519633132705,6383.192605331041,-147.0,-41087.0,-50162993.0,-468616.0,8.484279523043938,26,1,0,0.9379536534222269,-0.06204634657777305,-0.9506140176102761,0.7147311245671901,-0.2852688754328099,-0.6814135195414535,0.6028474537226093,-0.3971525462773907,-0.6078667212113998,0.5177957889910966,-0.4822042110089034,-0.5114718628035131,1.1063613955288711,0.10636139552887111,1.208241460341471,0.7579210255244798,-0.2420789744755202,-0.5488127581812782,0.6382871569370626,-0.3617128430629374,-0.534803158342029,-4.371559633027522,-5.228710812869228,-5.305224856219134,-2.6337453466343415,10.0
1,2011-08-10 11:54:53.070973,3824,27474.0,9471904.0,1920149.0,487.13040705883895,7.184623430962343,2476.9623430962342,335.0,-16081.0,-12799055.0,-1478527.0,-84.27474381046454,25,1,0,1.0335135135135136,0.03351351351351351,0.47751858049772555,0.5329582929194956,-0.46704170708050435,-1.2072128235991255,0.3014353899185529,-0.6985646100814471,-0.9304848096843241,0.3234532000549019,-0.6765467999450981,-0.6326152358008289,0.9151221701877716,-0.08487782981222831,-0.9299147000273968,0.516031082104378,-0.4839689178956221,-1.240772548840671,0.29150371430754846,-0.7084962856924515,-0.9246094977482624,10.0,-0.7127489615507508,-1.318553708389259,-1.356842561328594,-6.320556145975629
1,2011-08-10 11:55:23.049434,3295,80158.0,53268082.0,28151392.0,585.5147534719272,24.327162367223064,16166.337481031867,-529.0,52684.0,43796178.0,26231243.0,98.38434641308822,28,1,0,0.8991922279227158,-0.10080777207728416,-1.705907134178916,1.7134294667629997,0.7134294667629997,1.471819777775942,1.9028607038236096,0.9028607038236097,0.986418002452362,9.804161202669748,8.804161202669748,10.0,1.0968726012776804,0.09687260127768028,1.1086830227405722,1.9012417753761903,0.9012417753761902,1.8477165033853356,2.109825157709898,1.1098251577098979,1.2058742179468684,-10.0,10.0,10.0,9.558226427999493,10.0
1,2011-08-10 11:55:53.054501,3472,34717.0,14934749.0,2126597.0,547.2852173513825,9.99913594470046,4301.483006912443,177.0,-45441.0,-38333333.0,-26024795.0,-38.22953612054471,29,1,0,0.982122652183752,-0.01787734781624797,-0.31207802751115077,0.6498633521770057,-0.35013664782299425,-0.6887292950627948,0.4408970429738396,-0.5591029570261604,-0.6830677998156737,0.2681784405819095,-0.7318215594180906,-0.5121195014977019,0.9858107805470224,-0.014189219452977615,-0.20236958228202348,0.6544905696222584,-0.3455094303777417,-0.6582819296067445,0.44416756753839126,-0.5558324324616087,-0.6833186842399285,2.3699690402476783,-7.843730232838339,-7.519420895823542,-6.144854952299455,-2.789877130235265
1,2011-08-10 11:56:23.059790,3277,36071.0,16743200.0,2487486.0,617.5332142114738,11.007323771742447,5109.307293256027,-195.0,1354.0,1808451.0,360889.0,70.24799686009135,33,1,0,0.9248701738541432,-0.07512982614585681,-1.3433535240310779,0.6666334006047031,-0.3333665993952969,-0.6808474741113598,0.48564898433542436,-0.5143510156645756,-0.6529745840327545,0.31515803246626184,-0.6848419675337382,-0.47603590935330403,1.1210525174590968,0.12105251745909693,1.744733820306194,0.7122331405335374,-0.2877668594664627,-0.5660424870224839,0.5187187269638477,-0.4812812730361523,-0.6139317387870978,-10.0,0.9703143189755529,2.0021913187256484,10.0,10.0
1,2011-08-10 11:56:53.053520,3589,38177.0,14026106.0,3513216.0,570.1885905185288,10.6372248537197,3908.081916968515,312.0,2106.0,-2717094.0,1025730.0,-47.34462369294499,23,1,0,1.033876822031457,0.033876822031457025,0.534621124253875,0.8599391823403536,-0.14006081765964637,-0.29907967521681744,0.6010043252273862,-0.3989956747726138,-0.5368668528645216,0.4612420341190464,-0.5387579658809536,-0.35705261336359057,1.0149790586459857,0.014979058645985805,0.172242792920448,0.8182258458319795,-0.18177415416802045,-0.35689847418079046,0.5674201921869774,-0.43257980781302263,-0.5540842699917868,5.345403899721449,1.2167960305532108,0.7560551884808451,4.716935569203207,-5.3346083695579285
1,2011-08-10 11:57:23.047407,3642,65964.0,38833508.0,3970891.0,536.8190100420098,18.11202635914333,10662.687534321802,53.0,27787.0,24807402.0,457675.0,-33.36958047651899,35,1,0,1.043134559202612,0.043134559202612104,0.6651337489948607,1.5227357719636005,0.5227357719636005,1.079188262940582,1.7904860258757787,0.7904860258757787,0.9601835747949434,0.5197659143576088,-0.48023408564239123,-0.3195132422974968,0.955992721189863,-0.044007278810136996,-0.5064068668483693,1.4339237957936752,0.43392379579367524,0.8170459581252937,1.6680167293630157,0.6680167293630156,0.7699131577878235,1.65,10.0,10.0,10.0,-10.0
1,2011-08-10 11:57:53.057069,2977,27821.0,7282458.0,1810410.0,672.2460128149144,9.345314074571716,2446.2405105811217,-665.0,-38143.0,-31551050.0,-2160481.0,135.42700277290453,17,1,0,0.8616497829232995,-0.13835021707670042,-2.8759457104854227,0.5453237522884349,-0.45467624771156506,-1.1165061120529771,0.264229306426453,-0.735770693573547,-1.1482543274430717,0.22489798776046915,-0.7751020122395308,-0.5540399113710062,1.1763490308959648,0.17634903089596468,3.145351293680102,0.6307337754817863,-0.36926622451821367,-0.8747124024961265,0.30465362811099395,-0.6953463718890062,-1.0525541301293038,-10.0,-5.95492335671603,-6.372841688076714,-6.267559254162639,10.0
1,2011-08-10 11:58:23.053609,3305,25284.0,7541773.0,1780202.0,613.5619202290469,7.650226928895613,2281.9282904689862,328.0,-2537.0,259315.0,-30208.0,-58.68409258586746,19,1,0,0.9745237954826915,-0.02547620451730851,-0.31914897623294514,0.6235265104808878,-0.3764734895191122,-1.0365533360569297,0.4106823826581351,-0.5893176173418649,-0.9026322324809605,0.6399644824065686,-0.3600355175934314,-1.084956672659456,1.0420293913729677,0.04202939137296758,0.44162564172552127,0.6472160955240345,-0.3527839044759655,-1.1668142301318887,0.4317287605935706,-0.5682712394064293,-0.951353311546068,6.157232704402516,0.7576284464145824,1.0281952246641255,0.9942659692793534,-4.383099301821245
1,2011-08-10 11:58:53.077609,3488,37103.0,15938154.0,2136058.0,580.410107090883,10.637327981651376,4569.424885321101,183.0,11819.0,8396381.0,355856.0,-33.1518131381639,23,1,0,1.0387135199523525,0.03871351995235259,0.4840211216532955,0.959641417981864,-0.04035858201813605,-0.09636295339624004,0.9439009739118549,-0.0560990260881451,-0.0732221818910365,0.7875039493946596,-0.21249605060534035,-0.5794131983956983,0.9640246956635407,-0.03597530433645938,-0.421351482235115,0.9371745701858006,-0.06282542981419939,-0.17819368853545847,0.9360412399951216,-0.06395876000487839,-0.09097892938201178,6.479041916167665,7.264709000318033,6.678620490584576,6.136563749476753,-3.5010155679708848
1,2011-08-10 11:59:23.112817,3359,104048.0,91695980.0,3999941.0,565.2557578993748,30.97588568026198,27298.594819886872,-129.0,66945.0,75757826.0,1863883.0,-15.154349191508231,16,1,0,0.9878830657020176,-0.01211693429798242,-0.15301749648541382,2.676833943061194,1.6768339430611938,4.033758661474154,5.482766562420972,4.482766562420973,5.7920207186591695,1.5138931646488318,0.5138931646488318,1.3226744077052934,0.9505766231841922,-0.04942337681580774,-0.5729575169178771,2.7469599911720572,1.7469599911720572,4.908747857036075,5.718572878760345,4.718572878760345,6.56441141477698,-4.056872037914691,10.0,10.0,10.0,-1.0410938586418423
1,2011-08-10 11:59:53.053225,3472,49415.0,25116566.0,3048469.0,543.3321527353111,14.232430875576036,7234.033986175115,113.0,-54633.0,-66579414.0,-951472.0,-21.9236051640637,27,1,0,1.0351201478743068,0.035120147874306895,0.47554270237260193,0.9494850511105988,-0.05051494888940128,-0.07904964183252153,0.7786060615713725,-0.2213939384286275,-0.200460858520235,1.1127828271169444,0.11278282711694443,0.26962216207744194,0.9152266771947078,-0.08477332280529218,-0.9692006939001562,0.9275473141381725,-0.07245268586182746,-0.11569352596868368,0.7653624665093021,-0.23463753349069794,-0.21042835010732155,3.4565217391304346,-5.146969075921118,-5.286051371732623,-10.0,-10.0
1,2011-08-10 12:00:23.052492,3454,32428.0,12760563.0,2721284.0,568.300056545165,9.388535031847134,3694.430515344528,-18.0,-16987.0,-12356003.0,-327185.0,24.967903809853965,26,1,0,1.0402987771820975,0.04029877718209752,0.6476499653488124,0.6654054031870843,-0.33459459681291576,-0.5042635658595515,0.4323418250488628,-0.5676581749511372,-0.47166282050119795,1.0650751306449744,0.06507513064497443,0.17378125801314065,0.955188449179611,-0.04481155082038903,-0.5311384525133406,0.6444523769158174,-0.35554762308418264,-0.5460541193025626,0.4214478395566359,-0.5785521604433641,-0.48062035799121505,0.47058823529411764,-4.132334280016919,-3.5039204073327714,-0.7735103889542965,10.0
1,2011-08-10 12:00:53.082827,3754,56162.0,38900883.0,2691680.0,509.62043525865744,14.960575386254662,10362.515450186467,300.0,23734.0,26140320.0,-29604.0,-58.6796212865076,23,1,0,1.0990748331186322,0.09907483311863219,4.252216067033404,1.131030538348142,0.13103053834814204,0.20557258955771446,1.2708301650416134,0.27083016504161345,0.23863249773999942,0.9833731722319102,-0.01662682776808976,-0.05282610919291033,0.887574518149663,-0.112425481850337,-2.5052963545705245,1.0263220972113924,0.0263220972113925,0.0404750759954333,1.1493877974108901,0.14938779741089006,0.12976926516032528,2.144654088050314,10.0,10.0,-1.1625032660938834,-1.8226024076505956
1,2011-08-10 12:01:23.049845,3343,24788.0,7326187.0,1790059.0,572.5691198007778,7.414896799282082,2191.500747831289,-411.0,-31374.0,-31574696.0,-901621.0,62.94868454212036,42,1,0,0.9536714782906373,-0.04632852170936272,-1.0993116701600398,0.4439811431600969,-0.5560188568399032,-1.086630813135605,0.19863623841783173,-0.8013637615821683,-0.9156682814224787,0.6131417498639486,-0.3868582501360513,-1.6435279290469624,1.0346692861188793,0.03466928611887929,0.688037631355373,0.46230559613207656,-0.5376944038679234,-0.9942569488498377,0.20612697398137114,-0.7938730260186289,-0.8725497232289204,-5.5768374164810695,-6.0803160826478395,-6.034373743387488,-5.9459284809946045,4.028082798704146
1,2011-08-10 12:01:53.064542,3207,38931.0,21689484.0,1931556.0,602.6868402213908,12.139382600561271,6763.169317118803,-136.0,14143.0,14363297.0,141497.0,30.117720420612955,22,1,0,0.9225060407317914,-0.07749395926820851,-1.63077271478085,0.7294793528730593,-0.27052064712694074,-0.4655227033097323,0.6168788940766665,-0.3831211059233335,-0.39775974083229504,0.677670799841672,-0.32232920015832794,-1.1559190815874247,1.0921890294192351,0.09218902941923515,1.9452973926569304,0.7885550289690268,-0.21144497103097318,-0.35097191039297326,0.665914343871254,-0.3340856561287459,-0.3361122945236789,-3.689655172413793,6.742184328055218,9.339150045512252,3.044760244971806,10.0
1,2011-08-10 12:02:23.076780,3278,30958.0,7939280.0,2947965.0,612.7257602406955,9.44417327638804,2421.989017693716,71.0,-7973.0,-13750204.0,1016409.0,10.038920019304785,25,1,0,0.951247823563552,-0.04875217643644805,-0.8313826909353972,0.7673355674089349,-0.23266443259106506,-0.7425902583417422,0.3752246719683632,-0.6247753280316368,-1.0860836692297648,1.209863492288629,0.20986349228862922,0.9361107390383973,1.0955191756629976,0.09551917566299772,1.5322725733503229,0.8122507916569686,-0.18774920834303147,-0.6825507681420548,0.4003863392520797,-0.5996136607479202,-1.133688375988424,3.335526315789474,0.38779427799192223,0.01793370718054502,3.457011146377488,0.34098714177443845
1,2011-08-10 12:02:53.048199,3795,157836.0,111526576.0,6091223.0,547.7576163599473,41.5905138339921,29387.767061923583,517.0,126878.0,103587296.0,3143258.0,-64.96814388074824,24,1,0,1.1138177976050716,0.11381779760507167,1.811305302686719,4.306176234674,3.3061762346740005,10.0,6.292660262411707,5.292660262411707,7.128249641148898,2.520670729607937,1.5206707296079371,7.076344805336236,0.9556460336532963,-0.04435396634670377,-0.6307342128777267,3.898070635433578,2.898070635433578,10.0,5.777349889301782,4.777349889301782,7.010285760873026,10.0,10.0,10.0,10.0,-5.681133191966362
1,2011-08-10 12:03:23.057397,3877,44159.0,23296500.0,2895939.0,513.5578268189322,11.389992262058293,6008.898632963632,82.0,-113677.0,-88230076.0,-3195284.0,-34.19978954101509,22,1,0,1.1155550440237094,0.11555504402370947,1.4465681861720106,0.7152992629788613,-0.28470073702113874,-0.3195796489729608,0.6216298530902661,-0.378370146909734,-0.32712040198381437,0.9370464927869521,-0.06295350721304792,-0.11132121955873167,0.9024479643910666,-0.09755203560893347,-1.3235829643651384,0.6656956898636053,-0.3343043101363948,-0.4092491654126968,0.5876450307346573,-0.41235496926534265,-0.37539688941824334,0.20234604105571843,-5.532286616483797,-5.466621326508339,-5.740863261916609,-7.324178927298307
1,2011-08-10 12:03:53.048513,3338,41793.0,21538148.0,2962633.0,542.7172434718394,12.5203714799281,6452.411024565608,-539.0,-2366.0,-1758352.0,66694.0,29.159416652907225,38,1,0,0.9537142857142857,-0.046285714285714284,-0.5195243868964379,0.7043637417754287,-0.29563625822457124,-0.3157176906852038,0.6269180167030327,-0.3730819832969673,-0.2927744480374518,0.9461205275018264,-0.053879472498173604,-0.09705081015342902,0.9523703782729992,-0.04762962172700082,-0.6691652869202755,0.7636332339074182,-0.23636676609258173,-0.2728542519456669,0.6897533001187484,-0.3102466998812516,-0.2548858676573228,-10.0,0.014413063400816425,0.436583939268858,0.6325841211403168,10.0
1,2011-08-10 12:04:23.049798,3166,33410.0,16448819.0,2130938.0,553.1371260957044,10.552747946936195,5195.457675300063,-172.0,-8383.0,-5089329.0,-831695.0,10.419882623864964,22,1,0,0.9048299514146899,-0.09517004858531009,-1.0657350585044498,0.5325541879066683,-0.4674458120933317,-0.5492128624154355,0.442196356289888,-0.5578036437101119,-0.49389485419325524,0.6331029734066435,-0.36689702659335655,-0.779365889942224,0.9809325412768217,-0.01906745872317831,-0.25463084563249583,0.6058917494502803,-0.39410825054971965,-0.5060035995491802,0.5090169050026583,-0.49098309499734166,-0.46129220384877234,-10.0,-3.464863275507204,-2.7905090648644477,-4.546449946869025,2.74526426899403
1,2011-08-10 12:04:53.048497,3175,25638.0,8596535.0,1848012.0,601.5399672541732,8.074960629921259,2707.570078740157,9.0,-7772.0,-7852284.0,-282926.0,48.402841158468846,31,1,0,0.9095336312593102,-0.09046636874068986,-0.9794722806156162,0.4159906021625411,-0.584009397837459,-0.6657570418457558,0.2378026887547457,-0.7621973112452542,-0.6474481971395792,0.5426169399445571,-0.4573830600554429,-1.0106415167446547,1.0858531511450784,0.08585315114507847,1.3126424222945097,0.4722320775109305,-0.5277679224890695,-0.6569469140789774,0.2736770134586502,-0.7263229865413499,-0.6526738886354415,2.097560975609756,-6.038579967397211,-6.491686646637402,-8.09507377797394,5.884270475879195
1,2011-08-10 12:05:23.047521,3638,34227.0,15916479.0,2387538.0,537.3064111836173,9.40819131390874,4375.0629466739965,463.0,8589.0,7319944.0,539526.0,-64.23355607055589,26,1,0,1.0483545616967322,0.04835456169673223,0.4904950550527731,0.5651078471515937,-0.4348921528484064,-0.48009494680920195,0.43869630240199997,-0.561303697598,-0.4797509785384938,0.7494432235559048,-0.25055677644409524,-0.4712159275258351,0.9738364199794537,-0.026163580020546334,-0.454387583929275,0.559155439556355,-0.44084456044364495,-0.5321003893287746,0.4396862196055391,-0.5603137803944609,-0.5086136123333438,10.0,9.072368421052632,10.0,3.45249569754344,-10.0
1,2011-08-10 12:05:53.052038,3483,129353.0,88318088.0,16559501.0,545.6447540562733,37.13838644846397,25356.901521676715,-155.0,95126.0,72401609.0,14171963.0,8.338342872655971,22,1,0,1.0128533209259043,0.012853320925904332,0.14230865279096527,3.608635975606354,2.608635975606354,10.0,5.146952821992781,4.146952821992781,10.0,6.772768804406686,5.772768804406686,10.0,0.992710000170133,-0.007289999829867051,-0.12354281848575126,3.5746927547112204,2.5746927547112204,10.0,5.12480115817106,4.12480115817106,10.0,-3.9363057324840764,4.847858974670129,4.786295133661459,10.0,4.989177674714864
1,2011-08-10 12:06:23.050575,3497,39407.0,20351018.0,2557113.0,549.3036251801544,11.26880183014012,5819.564769802688,14.0,-89946.0,-67967070.0,-14002388.0,3.658871123881113,41,1,0,1.0407738095238095,0.040773809523809525,0.6750365790344096,0.7451563983193469,-0.2548436016806532,-0.31249124744341084,0.6746876596066218,-0.3253123403933782,-0.29884534001494656,0.49386811704385036,-0.5061318829561496,-0.41102067648189455,0.9878333911610077,-0.012166608838992378,-0.2596746097315213,0.7251979831334945,-0.2748020168665055,-0.3504680249916538,0.6600031234777279,-0.33999687652227206,-0.3207973661942434,1.1776649746192893,-6.278892879780266,-6.226500312480833,-6.123988898356081,-0.4298501852768396
1,2011-08-10 12:06:53.059149,3652,26927.0,10637151.0,1649835.0,510.82263624945233,7.373220153340635,2912.6919496166483,155.0,-12480.0,-9713867.0,-907278.0,-38.4809889307021,23,1,0,1.0767144289167994,0.07671442891679928,1.2335120329011624,0.5138054076745473,-0.4861945923254527,-0.5885270278522202,0.35544624230420685,-0.6445537576957932,-0.5859868873176775,0.3237115716917038,-0.6762884283082963,-0.5374222458967465,0.9164605694604478,-0.08353943053955214,-1.8355821010994013,0.48226859549448325,-0.5177314045055167,-0.6448851563833734,0.33514229015611624,-0.6648577098438837,-0.615396719441691,3.8742138364779874,-10.0,-10.0,-10.0,-10.0
1,2011-08-10 12:07:23.070967,3487,28401.0,9592458.0,1847031.0,509.1912545709779,8.144823630628046,2750.919988528821,-165.0,1474.0,-1044693.0,197196.0,-1.6313816784744404,22,1,0,0.999426769848094,-0.0005732301519059903,-0.010416313471920851,0.5556794703230653,-0.44432052967693464,-0.5150065634431928,0.33349000913792703,-0.666509990862073,-0.5704512273894724,0.3693766646418952,-0.6306233353581048,-0.48719439664161285,0.9276179180717142,-0.07238208192828573,-1.2026244233965682,0.5558577544452237,-0.4441422455547764,-0.5141647897015595,0.33407824919758383,-0.6659217508024161,-0.5680166702892004,-2.697530864197531,2.1368193737467225,0.10121070233192957,3.0494156137043413,0.8072313190585544
1,2011-08-10 12:07:53.047476,3337,29094.0,12511145.0,2682738.0,628.8323593224453,8.718609529517531,3749.219358705424,-150.0,693.0,2918687.0,835707.0,119.64110475146742,20,1,0,0.9396294419102326,-0.06037055808976744,-2.5005912540668587,0.5631496428778816,-0.43685035712211834,-0.5163115030590836,0.43196934846491314,-0.5680306515350868,-0.4916789201531175,0.5365257526713513,-0.4634742473286487,-0.3580410310639126,1.1854612690075166,0.1854612690075166,5.13092429575554,0.5944499198378919,-0.4055500801621081,-0.47027188695902455,0.45483519547683193,-0.5451648045231681,-0.4658017873123805,-3.403846153846154,0.25407166123778496,10.0,10.0,7.4776812407715605
1,2011-08-10 12:08:23.055351,3381,35683.0,19371015.0,2166065.0,559.7026258799172,10.553978112984325,5729.374445430346,44.0,6589.0,6859870.0,-516673.0,-69.12973344252816,21,1,0,0.9684349220898258,-0.0315650779101741,-0.9881043850541182,0.7046906968109897,-0.2953093031890103,-0.33769770839163465,0.6849244812207579,-0.3150755187792421,-0.26344092990921997,0.4281400879767877,-0.5718599120232123,-0.4489641056408598,1.019942636899417,0.019942636899417214,0.22543360615144464,0.7264193276180942,-0.2735806723819057,-0.31240069160160033,0.7057740323002759,-0.29422596769972414,-0.24587992312154305,1.7308970099667773,7.418273913890514,10.0,-9.751236449864498,-4.77651009622272
1,2011-08-10 12:08:53.053351,3561,37338.0,19264699.0,2219457.0,501.31196760151647,10.48525695029486,5409.912664981746,180.0,1655.0,-106316.0,53392.0,-58.39065827840068,17,1,0,1.025988244785064,0.025988244785063907,0.7380264718373959,1.1703821656050954,0.17038216560509548,1.0114889921286434,1.329282228683807,0.329282228683807,0.9500584252982576,1.0178397586964503,0.01783975869645018,0.08769453810969471,0.9088810358473656,-0.0911189641526344,-1.0314432734429757,1.1382312165977373,0.13823121659773738,0.7751369151685114,1.2904235980121694,0.2904235980121695,0.8152515193732343,9.823529411764707,1.0883420518842746,0.9922900280335323,1.018547343386249,-10.0
1,2011-08-10 12:09:23.052353,3023,28819.0,9717929.0,1839467.0,624.0780941700298,9.533245120740986,3214.663910023156,-538.0,-8519.0,-9546770.0,-379990.0,122.7661265685133,21,1,0,0.8677804569985074,-0.1322195430014927,-3.5755093848091204,0.9152201114053975,-0.08477988859460245,-0.5695359728336189,0.6807516028952287,-0.31924839710477126,-0.965412303761962,0.8705371805314958,-0.1294628194685043,-0.6926014033918192,1.1514947264512578,0.15149472645125792,1.527489616235363,1.05279492711547,0.05279492711546991,0.3367312392898515,0.7820760483958469,-0.21792395160415315,-0.6446586943990567,-10.0,-10.0,-10.0,-4.626880612220722,10.0
1,2011-08-10 12:09:53.066744,3251,35334.0,10976935.0,2187387.0,619.5542426573362,10.868655798215933,3376.47954475546,228.0,6515.0,1259006.0,347920.0,-4.523851512693568,32,1,0,0.9681934600035738,-0.031806539996426283,-0.5164714397706093,1.1087959330969341,0.10879593309693414,0.8088714485534242,0.7789784318280053,-0.22102156817199464,-0.63409086976475,1.0169392003055764,0.016939200305576333,0.10549817087375768,1.0972878487476752,0.09728784874767508,0.9041930186339152,1.145614686425415,0.14561468642541503,1.2982945774641914,0.809548507085709,-0.190451492914291,-0.5973761937837009,2.812400635930048,10.0,7.848215121048017,8.17355720553493,-1.1997189184412642
1,2011-08-10 12:10:23.106715,3057,22930.0,9336199.0,2687416.0,606.2246509735035,7.5008177952240755,3054.039581288845,-194.0,-12404.0,-1640736.0,500029.0,-13.329591683832746,30,1,0,0.9233975714372017,-0.07660242856279825,-1.2898747281281044,0.6895494021699906,-0.31045059783000933,-2.5833165069481483,0.6497755489522433,-0.35022445104775674,-1.0879315948041157,1.2110808415307857,0.21108084153078563,1.5550599381886487,1.0332860591794215,0.033286059179421464,0.3525771946533313,0.7476929676075057,-0.2523070323924943,-2.8515165406042424,0.7109146545938868,-0.2890853454061132,-1.0487336175338147,-3.110169491525424,-9.945622385691621,-6.925472218028901,6.345676291882617,-1.6038977339668634
1,2011-08-10 12:10:53.057835,3388,41020.0,23677322.0,7848292.0,524.3289091487603,12.107438016528926,6988.583825265643,331.0,18090.0,14341123.0,5160876.0,-81.89574182474314,20,1,0,1.0409881398635776,0.04098813986357774,0.5928080968463081,1.2810423224903813,0.2810423224903813,1.4918293988002747,1.7240740744246668,0.7240740744246668,1.936851457483774,3.5353329143465033,2.535332914346503,10.0,0.9006390259885356,-0.09936097401146439,-1.1145105511699467,1.236918132813171,0.2369181328131711,1.6894520013786312,1.6812032676352253,0.6812032676352254,2.1788865726985303,6.910714285714286,10.0,10.0,10.0,-10.0
1,2011-08-10 12:11:23.048593,2986,36953.0,25128083.0,1458567.0,599.7837069233087,12.375418620227729,8415.29906229069,-402.0,-4067.0,1450761.0,-6389725.0,75.45479777454841,37,1,0,0.9170761670761671,-0.08292383292383293,-1.1945148757947495,1.1168029690342782,0.11680296903427818,0.536683363353227,1.7217364007803204,0.7217364007803205,1.621368794665437,0.43456243256547383,-0.5654375674345262,-0.7504064776837066,1.0429214959909778,0.042921495990977734,0.42701649332057046,1.2254002609432098,0.22540026094320975,1.3227572889358075,1.9087782174125805,0.9087782174125805,2.314682471360508,-10.0,-4.810192992317781,0.684460722377666,-6.622553446034452,10.0
1,2011-08-10 12:11:53.056128,2995,50267.0,40293040.0,1848470.0,557.8413687595994,16.783639398998332,13453.435726210351,9.0,13314.0,15164957.0,389903.0,-41.94233816370934,24,1,0,0.9535179879019421,-0.04648201209805794,-0.8496345466101771,1.5227256203955022,0.5227256203955023,2.4146435057848996,2.5554823181576323,1.5554823181576323,3.095521627991261,0.5768850622200221,-0.4231149377799779,-0.5144683581252993,0.9378733528969735,-0.062126647103026525,-0.9102943574095526,1.601933288559167,0.6019332885591671,3.137220086694774,2.685416647317457,1.6854166473174572,3.362135247252984,1.0782608695652174,10.0,10.0,3.5621509022329114,-3.129663721417953
1,2011-08-10 12:12:23.055029,2880,22135.0,7453609.0,1656423.0,601.2723104142361,7.685763888888889,2588.0586805555554,-115.0,-28132.0,-32839431.0,-192047.0,43.43094165463674,18,1,0,0.9185430886011354,-0.0814569113988646,-1.4427467521301107,0.5934189079054605,-0.4065810920945396,-1.53107136575104,0.34062249480925594,-0.659377505190744,-1.1505800107984923,0.516659189082161,-0.483340810917839,-0.5882872471254772,1.0339194409291212,0.033919440929121185,0.5001483415609279,0.6443899492770458,-0.3556100507229541,-1.2711808776500721,0.3667068948284925,-0.6332931051715076,-1.051038567822182,-10.0,-7.558187243565833,-6.370288107866559,-10.0,4.278463826941965
1,2011-08-10 12:12:53.080146,3920,93999.0,93267447.0,26398909.0,472.4478195581633,23.97933673469388,23792.71607142857,1040.0,71864.0,85813838.0,24742486.0,-128.82449085607288,26,1,0,1.280543577681955,0.28054357768195487,4.439461349839725,2.7119529153803987,1.7119529153803987,4.911880695355055,4.404050702394722,3.4040507023947217,5.388915466864785,8.516234226250079,7.516234226250079,8.643966152453185,0.8175390902142146,-0.1824609097857854,-2.9530762085365683,2.1238290012888563,1.123829001288856,3.29341652431707,3.448278003830338,2.448278003830338,3.8099779884611515,10.0,10.0,10.0,10.0,-10.0
1,2011-08-10 12:13:23.047300,3369,27422.0,9549181.0,1776574.0,552.0813155013357,8.139507272187593,2834.425942416148,-551.0,-66577.0,-83718266.0,-24622335.0,79.63349594317242,20,1,0,1.0418083987878037,0.04180839878780376,0.31470535715364945,0.5610662345421362,-0.4389337654578638,-0.7890237906139315,0.2515331920506945,-0.7484668079493055,-0.8602970446655038,0.22654221513888786,-0.7734577848611122,-0.5660526826457581,1.0017173520907956,0.0017173520907956766,0.017400067598439883,0.5580233838981401,-0.44197661610185995,-1.0468184025702314,0.2565644258979414,-0.7434355741020586,-1.0125200082515755,-4.192352259559676,-5.683969100451674,-5.9873121152684385,-6.192067618854706,3.97635603641756
1,2011-08-10 12:13:53.065751,2969,42256.0,18030373.0,2044911.0,602.5198310151567,14.232401481980466,6072.877399797912,-400.0,14834.0,8481192.0,268337.0,50.43851551382102,24,1,0,0.9191950464396285,-0.08080495356037151,-0.6098355558664765,0.9155198114188651,-0.0844801885811349,-0.13537339756425193,0.5131263426955087,-0.4868736573044912,-0.48745504589951755,0.3085359421391322,-0.6914640578608677,-0.41461329020903465,1.0823347166441126,0.08233471664411267,0.8754654617370434,1.0318768073845654,0.03187680738456536,0.06482991795905887,0.5944018743260894,-0.40559812567391057,-0.4701679061065174,-10.0,6.454478599794087,4.001524404378467,1.2209728778576343,8.08723281019926
1,2011-08-10 12:14:23.054392,3551,34875.0,17672719.0,2233532.0,580.2819579738102,9.821177133201916,4976.828780625176,582.0,-7381.0,-357654.0,188621.0,-22.23787304134646,24,1,0,1.1005392673402343,0.10053926734023433,0.7535992205600902,0.7386298654264039,-0.26137013457359615,-0.4333829577139312,0.5241217270045462,-0.4758782729954539,-0.4489637758063304,0.33113609974616376,-0.6688639002538362,-0.410596244349132,1.0413641123274344,0.04136411232743432,0.4354806218140273,0.6933837307930918,-0.3066162692069082,-0.644781505095475,0.510532848750107,-0.4894671512498931,-0.5305297916772854,10.0,-7.959268338676222,0.7480497230796975,0.6084499884027124,-10.0
1,2011-08-10 12:14:53.052942,3334,27686.0,9331038.0,2521048.0,551.3917282621476,8.304139172165566,2798.751649670066,-217.0,-7189.0,-8341681.0,287516.0,-28.89022971166264,18,1,0,0.9988615255557552,-0.0011384744442447666,-0.008889169786350315,0.627268484323952,-0.372731515676048,-0.5694076234600012,0.31961448245110585,-0.6803855175488942,-0.5497911169276843,0.36954297946350534,-0.6304570205364947,-0.3929268861552545,0.9816120011120604,-0.018387998887939634,-0.19150639919870485,0.6502016128144558,-0.34979838718554424,-0.6591010048437773,0.34754229761053484,-0.6524577023894651,-0.5890800432671269,-2.951438848920863,-1.3353040540540542,-0.8438467340936496,2.733372807495936,-7.437047939313349
1,2011-08-10 12:15:23.079189,3181,54525.0,28363202.0,2972182.0,567.5060501999371,17.14083621502672,8916.441999371267,-153.0,26839.0,19032164.0,451134.0,16.114321937789555,39,1,0,0.9277839351338739,-0.0722160648661261,-0.7146188076758893,1.2050362892175497,0.2050362892175497,0.33221608208946035,0.9591835166648249,-0.040816483335175104,-0.03366131356007788,0.4249012451017119,-0.5750987548982881,-0.3707484973527294,1.0285666986578248,0.02856669865782486,0.3203864996961287,1.3292300130495476,0.3292300130495476,0.6368062151945671,1.1014589078050074,0.10145890780500755,0.09241265287145116,-2.685022026431718,10.0,10.0,1.6088419835188665,2.6152900830884582
1,2011-08-10 12:15:53.049789,3223,40006.0,21738842.0,2176078.0,517.6147736053366,12.412659013341608,6744.909090909091,42.0,-14519.0,-6624360.0,-796104.0,-49.89127659460053,26,1,0,0.9823823457693245,-0.0176176542306755,-0.26465023917298885,1.0710308196440426,0.07103081964404266,0.23334516406078493,1.310413253900137,0.31041325390013685,0.6591676730543379,0.9421681056873827,-0.05783189431261728,-0.29083884767044477,0.906892986594396,-0.093107013405604,-2.481803467452678,1.0767762428903684,0.07677624289036852,0.22194570717102607,1.3173997532227972,0.31739975322279734,0.6379655663554424,1.284167794316644,-0.8390586208643663,0.4896820693315206,0.8300863795441847,-3.6242481191668388
1,2011-08-10 12:16:23.064203,3127,29374.0,8228802.0,2031777.0,628.2066617444835,9.393668052446436,2631.5324592260954,-96.0,-10632.0,-13510040.0,-144301.0,110.59188813914692,26,1,0,0.9616804034936647,-0.03831959650633532,-0.5839810961994989,0.7367518109035456,-0.2632481890964544,-1.0576819256727275,0.43247492799111303,-0.567525072008887,-1.5612328047169415,0.85027592222168,-0.14972407777832003,-0.9688675700686078,1.1141124857845695,0.1141124857845694,2.0167506427563047,0.7586402846009356,-0.24135971539906437,-0.8516374992303183,0.4458741949713695,-0.5541258050286305,-1.4512809616691227,-2.287671232876712,-5.2244119516846785,-6.541597916463796,-2.8060019424085865,10.0
1,2011-08-10 12:16:53.049960,3204,24482.0,7349699.0,1723225.0,590.4540420190386,7.64107365792759,2293.91354556804,77.0,-4892.0,-879103.0,-308552.0,-37.7526197254449,27,1,0,0.9758771929824562,-0.024122807017543806,-0.4717027414188619,0.6564735662265507,-0.34352643377344927,-1.1880137331956713,0.43064001832878973,-0.5693599816712103,-1.145670900603365,0.7219439886508298,-0.2780560113491702,-1.7823738880664137,1.0377043916091426,0.03770439160914266,0.5287399337734768,0.6694184056248325,-0.33058159437516754,-1.0663892565911182,0.43997865531037894,-0.5600213446896211,-1.091733761470301,1.4367088607594936,-0.8987734823785126,0.5515499505130351,-10.0,-8.34863325944342
1,2011-08-10 12:17:23.064357,3177,380623.0,465424145.0,5240495.0,558.102998972301,119.80579162732136,146497.99968523765,-27.0,356141.0,458074446.0,3517270.0,-32.351043046737686,28,1,0,0.9885493807953202,-0.011450619204679874,-0.4828041174483925,10.0,9.80867026744589,10.0,10.0,10.0,10.0,2.29357177807675,1.2935717780767504,6.164546929617644,0.9773539974019473,-0.02264600259805276,-0.3114088182098261,10.0,9.912789727416634,10.0,10.0,10.0,10.0,0.6109510086455332,10.0,10.0,10.0,-10.0
1,2011-08-10 12:17:53.049301,3138,31275.0,10346566.0,1880074.0,569.3645015736138,9.966539196940726,3297.1848311026133,-39.0,-349348.0,-455077579.0,-3360421.0,11.261502601312827,38,1,0,0.9860482654600301,-0.013951734539969863,-1.229638582931832,0.29559932704485736,-0.7044006729551426,-0.48374983853021497,0.09740608767736546,-0.9025939123226345,-0.4769869605885403,0.6646303383181711,-0.3353696616818289,-0.6658238280697675,0.9947370278104014,-0.00526297218959855,-0.073769498108761,0.2994860838105044,-0.7005139161894955,-0.480625893103762,0.09866800853933605,-0.901331991460664,-0.47600669820049757,-0.2420382165605096,-5.949155231670242,-5.988867097699855,-7.178500628988172,7.389992810359674
1,2011-08-10 12:18:23.070289,3351,33655.0,16650449.0,2349676.0,533.656580603402,10.043270665472994,4968.800059683676,213.0,2380.0,6303883.0,469602.0,-35.70792097021183,19,1,0,1.0558321255277585,0.055832125527758465,4.293061953381481,0.3327170990192977,-0.6672829009807023,-0.43176026268012385,0.16225722729455713,-0.8377427727054428,-0.423698080259667,0.9001452613382417,-0.09985473866175831,-0.1761204938315917,0.9317466419280102,-0.06825335807198982,-0.9584108632734861,0.31539026500765865,-0.6846097349923415,-0.4430867780876089,0.15386565057851703,-0.846134349421483,-0.4278311708154159,10.0,1.5118279569892472,2.749461719712825,3.149979672340098,-10.0
1,2011-08-10 12:18:53.061672,3550,35711.0,13727421.0,2488490.0,469.9480980974648,10.05943661971831,3866.8791549295775,199.0,2056.0,-2923028.0,138814.0,-63.708482505937184,28,1,0,1.109583046821279,0.10958304682127896,3.8885289474513622,0.3575326035373812,-0.6424673964626189,-0.4087955158306266,0.13511250158098037,-0.8648874984190196,-0.43198341971649107,0.940810406036273,-0.05918959396372707,-0.10655827436831258,0.8159430881076908,-0.1840569118923092,-2.971248032684886,0.32066989508861043,-0.6793301049113895,-0.4309831351416215,0.12107498726951024,-0.8789250127304897,-0.4382716484856914,6.7734375,2.6186427334278064,-1.8722506300122652,2.998145139920967,-10.0
1,2011-08-10 12:19:23.057839,3323,34481.0,18355435.0,1740655.0,528.5571164143846,10.37646704784833,5523.7541378272645,-227.0,-1230.0,4628014.0,-747835.0,58.60901831691984,21,1,0,1.011875761266748,0.011875761266747869,0.23060175590789905,0.3408924638059421,-0.6591075361940579,-0.42657331044859487,0.17872927441938072,-0.8212707255806193,-0.41589988186484816,0.6361131738435136,-0.3638868261564864,-0.6937070950687385,0.9710674699443926,-0.028932530055607402,-0.3398218852700783,0.329377957956842,-0.670622042043158,-0.42789730793836617,0.17162534667783455,-0.8283746533221654,-0.41716625431759363,-3.6832151300236413,-1.970490768502446,3.208342130996892,-9.187143786141405,2.851685525455731
1,2011-08-10 12:19:53.052549,3391,32856.0,17748122.0,2089706.0,471.4463762415217,9.68917723385432,5233.890297847242,68.0,-1625.0,-607313.0,349051.0,-57.11074017286296,20,1,0,1.0251526694479713,0.025152669447971406,0.5094171413198886,0.3185295058604543,-0.6814704941395457,-0.4531490340881595,0.16918957203942553,-0.8308104279605745,-0.4323872183051648,0.7627003830097544,-0.23729961699024554,-0.4539269082063314,0.8863009160912466,-0.11369908390875334,-1.5691127580310402,0.3023115827942923,-0.6976884172057077,-0.4558186523590376,0.15941952671812815,-0.8405804732818718,-0.4342713806386731,1.8571428571428572,-1.8125812581258127,-1.2759074904213585,10.0,-3.6133745428358397
1,2011-08-10 12:20:23.064746,3408,38025.0,15743356.0,2591077.0,466.7274864421949,11.157570422535212,4619.529342723004,17.0,5169.0,-2004766.0,501371.0,-4.718889799326803,27,1,0,1.0171312600728228,0.017131260072822806,0.38842080011090474,1.1318446463227327,0.1318446463227328,2.647714571400712,1.024584619827307,0.024584619827306982,0.11371647720218828,1.228161440555008,0.2281614405550081,1.5408005389264297,0.906981040553831,-0.09301895944616896,-1.1119000829304733,1.1127550347216306,0.1127550347216306,4.603900377262228,1.0090490882888445,0.009049088288844584,0.043526450221661434,-0.602803738317757,1.074316999600307,0.9776091872581704,1.7956276983320685,0.7277248033316954
1,2011-08-10 12:20:53.059549,3721,34004.0,11954361.0,2688989.0,491.83030031953774,9.13840365493147,3212.674281107229,313.0,-4021.0,-3788995.0,97912.0,25.102813877342896,24,1,0,1.0929330905245844,0.09293309052458441,3.601668878617605,0.9730552630374067,-0.02694473696259325,-0.4662118694022576,0.7269317451406349,-0.2730682548593652,-2.465682397232683,1.194086843551514,0.19408684355151398,1.2774334772026388,0.9954726167814603,-0.004527383218539723,-0.06597657699115213,0.8902327810899883,-0.10976721891001172,-2.0302366019175575,0.6634233235617861,-0.3365766764382139,-2.549517706588951,4.796296296296297,-3.9785185185185186,-4.510415450666044,-0.311451569121368,2.2228928250300655
1,2011-08-10 12:21:23.081731,3660,87001.0,65801940.0,3429945.0,506.3861948773224,23.770765027322405,17978.67213114754,-61.0,52997.0,53847579.0,740956.0,14.555894557784654,26,1,0,1.0521474156269763,0.0521474156269764,1.1431368088245568,2.4846496113138787,1.484649611313879,10.0,4.243715181843316,3.2437151818433163,10.0,1.4785626106299408,0.47856261062994077,2.8046990811353325,1.0425864515200396,0.04258645152003962,0.7982777149921552,2.3572260672922956,1.3572260672922956,10.0,4.0029591042971635,3.002959104297163,10.0,-1.8243243243243243,10.0,10.0,9.918473503815061,2.7400417224526707
1,2011-08-10 12:21:53.067056,3414,1607186.0,1602663628.0,39074541.0,514.6149548107792,470.7633274751025,469438.6725248975,-246.0,1520185.0,1536861688.0,35644596.0,8.228759933456786,22,1,0,0.9752613837627836,-0.024738616237216453,-0.4877166868161041,10.0,10.0,10.0,10.0,10.0,10.0,10.0,10.0,10.0,1.0438659650505784,0.043865965050578416,0.8482741512215461,10.0,10.0,10.0,10.0,10.0,10.0,-10.0,10.0,10.0,10.0,0.1291423895121641
1,2011-08-10 12:22:23.065873,3572,2739541.0,2726372732.0,2638014971.0,485.2627835901456,766.9487681970885,763262.2430011198,158.0,1132355.0,1123709104.0,2598940430.0,-29.35217122063358,21,1,0,1.0151187904967602,0.015118790496760206,0.3357706753221535,7.613761428114049,6.613761428114049,3.410970093165596,7.953657116887373,6.953657116887372,3.382708596930601,10.0,10.0,10.0,0.9899260133738692,-0.010073986626130751,-0.23519627028735896,7.310968827574874,6.310968827574874,3.2356435481494055,7.625249750223144,6.625249750223144,3.210615886761322,7.6813186813186825,2.6000235263447373,2.5463715613064433,10.0,-9.526406182612007
1,2011-08-10 12:22:53.070844,3284,29970.0,11183891.0,1800216.0,515.139590611145,9.126065773447015,3405.5697320341046,-288.0,-2709571.0,-2715188841.0,-2636214755.0,29.876807020999365,21,1,0,0.9237693389592124,-0.07623066104078763,-1.9119622906573115,0.03325745263226579,-0.9667425473677342,-0.7090786593867318,0.012644205674085751,-0.9873557943259142,-0.7075100857925358,0.0033513595943847367,-0.9966486404056153,-0.455812182010176,1.0449834696417502,0.04498346964175021,1.1862204354389156,0.0355992216669535,-0.9644007783330465,-0.7122009277270253,0.013530146303069972,-0.98646985369693,-0.7119473543426826,-8.955801104972375,-6.00533124467753,-6.012117277115045,-6.000549124066308,9.81207518971093
1,2011-08-10 12:23:23.051022,3327,27150.0,9980158.0,1723457.0,545.6613335551548,8.160504959422903,2999.7469191463783,43.0,-2820.0,-1203733.0,-76759.0,30.521742944009816,24,1,0,0.9424395218401225,-0.05756047815987758,-1.1309992638387256,0.03018207964867392,-0.9698179203513261,-0.7092434519132479,0.01129494224622132,-0.9887050577537787,-0.7072860097263737,0.003209406778442639,-0.9967905932215574,-0.4557079315245856,1.0855761376021353,0.0855761376021353,3.1786640174454295,0.03188326620149065,-0.9681167337985094,-0.7130730353680991,0.011929341018433348,-0.9880706589815667,-0.7119751498124288,2.7338709677419355,-0.750465549348231,-0.3200375482649828,0.514712446308517,2.1522842755908784
1,2011-08-10 12:23:53.055502,3309,28741.0,10562757.0,1943199.0,543.7198157401027,8.685705651254155,3192.1296464188576,-18.0,1591.0,582599.0,219742.0,-1.941517815052066,25,1,0,0.9587413803094397,-0.041258619690560376,-0.8875970326633177,0.031999524365999475,-0.9680004756340005,-0.7061414932031003,0.011959636980709405,-0.9880403630192905,-0.7062953526772844,0.00361991016142874,-0.9963800898385713,-0.45531386272366087,1.0590301490889544,0.059030149088954396,1.3956541807714289,0.03396118736403116,-0.9660388126359688,-0.71064323752695,0.012696555481171674,-0.9873034445188283,-0.711224637848434,0.7715736040609137,2.160636124890575,2.4755296187879363,2.137932248749912,-1.1803344370666353
1,2011-08-10 12:24:23.070121,3214,38030.0,15314461.0,2489074.0,519.7133712604232,11.832607342874924,4764.922526446795,-95.0,9289.0,4751704.0,545875.0,-24.006444479679544,17,1,0,0.9505501005560156,-0.049449899443984334,-1.4248660341151058,0.0428981895001295,-0.9571018104998705,-0.683673869179602,0.017559381714883984,-0.982440618285116,-0.6882998049557645,0.0046393693993646914,-0.9953606306006353,-0.45453068550327874,0.9977608564688605,-0.002239143531139513,-0.04687322702662053,0.04681789062414556,-0.9531821093758545,-0.687824869274946,0.01917785080007747,-0.9808221491999226,-0.6932274329661541,-0.3532763532763532,1.7972021970477172,1.4301026682454736,2.8358045019122295,-4.215124052380989
1,2011-08-10 12:24:53.115609,3476,59200.0,30700367.0,2758700.0,553.3541626429804,17.03107019562716,8832.096375143843,262.0,21170.0,15385906.0,269626.0,33.64079138255727,24,1,0,1.0403447863043218,0.04034478630432186,0.9913453181070511,0.10337245654864512,-0.8966275434513549,-0.42390794813253097,0.055347609500546124,-0.9446523904994539,-0.4316117418715499,0.005213020260872354,-0.9947869797391277,-0.44656065442183007,1.0602698239549269,0.06026982395492679,1.2752731478253927,0.10581542658991064,-0.8941845734100893,-0.4248348135257849,0.05678894572545739,-0.9432110542745425,-0.43178450572973426,7.55,1.0674566454833043,1.048464151176891,1.0368487847920596,10.0
1,2011-08-10 12:25:23.089357,3408,27627.0,11532625.0,1712808.0,477.0598078764671,8.106514084507042,3383.986208920188,-68.0,-31573.0,-19167742.0,-1045892.0,-76.29435476651332,31,1,0,1.0258880192655027,0.02588801926550271,0.8939679960107971,0.7544608964940932,-0.24553910350590682,-0.675902787117211,0.741727720824597,-0.258272279175403,-0.46021818032153555,0.799283522759408,-0.20071647724059205,-0.9429380518401499,0.8908386187352149,-0.10916138126478511,-3.4426427600466543,0.7391604872913669,-0.26083951270863315,-0.7786354019193221,0.7294814042615577,-0.2705185957384422,-0.5133858641580441,-2.5416666666666665,0.9411026432830748,0.9644471964603903,0.9980155781972523,-6.602350534515792
1,2011-08-10 12:25:53.057679,3455,53754.0,38723770.0,2521160.0,461.4396217455861,15.558321273516643,11208.037626628076,47.0,26127.0,27191145.0,808352.0,-15.620186130880995,25,1,0,1.0323293892673597,0.03232938926735981,1.083425642697176,1.4869874078827983,0.4869874078827982,1.2913626139409302,2.4794203812690445,1.4794203812690445,2.6609253813429876,1.1861783842612728,0.18617838426127273,0.8350169315345375,0.8741014156723396,-0.12589858432766046,-2.137997203007845,1.445499943117528,0.4454999431175279,1.253013435753434,2.4183521461207347,1.4183521461207347,2.6862101059290104,0.8951612903225806,10.0,10.0,10.0,-1.0509815194738847
1,2011-08-10 12:26:23.055499,3314,48056.0,30373074.0,7956764.0,499.1247787314424,14.500905250452623,9165.07966203983,-141.0,-5698.0,-8350696.0,5435604.0,37.685156985856224,19,1,0,0.9826829557585103,-0.017317044241489766,-0.533487970594292,1.1588024229329834,0.1588024229329835,0.4569755672557842,1.4215081194204315,0.4215081194204316,0.7128731014282059,3.482190411311533,2.482190411311533,10.0,0.9766511977863024,-0.02334880221369757,-0.29491180044897025,1.1844393013964694,0.18443930139646947,0.5651769757830982,1.460283183499208,0.46028318349920794,0.8089117656126807,-6.507812499999999,-2.0708915952488347,-2.4526177155466753,10.0,3.237259025978068
1,2011-08-10 12:26:53.052458,3456,51851.0,34219208.0,2841953.0,460.038693844618,15.00318287037037,9901.391203703704,142.0,3795.0,3846134.0,-5114811.0,-39.08608488682432,28,1,0,1.0244856821011443,0.02448568210114422,0.7594362898454537,1.1437703768082694,0.14377037680826937,0.5162878966975182,1.3509968001164712,0.35099680011647116,0.7764977218650998,0.8148499074404654,-0.18515009255953468,-0.25532586413627645,0.9161592522526922,-0.08384074774730776,-1.1646880168687845,1.1191491202767303,0.11914912027673036,0.45391122383837,1.3253411628700713,0.3253411628700714,0.7437894265221954,10.0,-0.01760289930106135,-0.02925985485239835,-5.252727791251945,-3.382335738305788
1,2011-08-10 12:27:23.083098,3360,115830.0,86914064.0,25186204.0,494.3746979297619,34.473214285714285,25867.280952380952,-96.0,63979.0,52694856.0,22344251.0,34.336004085143884,20,1,0,0.9819393301770997,-0.01806066982290028,-0.947389324038584,2.4082282691859884,1.4082282691859884,5.584606546803304,2.985731187626351,1.985731187626351,5.564682319924471,7.0782021748166315,6.0782021748166315,8.654546931767198,1.008509294001618,0.008509294001617944,0.1079034680462728,2.455357364102549,1.455357364102549,5.923404621552643,3.043883398309136,2.0438833983091356,5.787827038671345,-2.9834710743801653,10.0,10.0,10.0,3.8769325258262572
1,2011-08-10 12:27:53.056484,3416,53778.0,40795586.0,2039487.0,524.883381772541,15.742974238875878,11942.50175644028,56.0,-62052.0,-46118478.0,-23146717.0,30.50868384277913,14,1,0,1.0051197551933149,0.0051197551933149215,0.2821613377327626,0.9049939754575623,-0.09500602454243766,-0.17000083665786742,1.0109791777660275,0.010979177766027599,0.015816668413416383,0.25354840110078625,-0.7464515988992138,-0.6069045405053587,1.0971470133757124,0.09714701337571244,2.5668896694085137,0.8981395616551093,-0.10186043834489064,-0.17959854992187943,1.0031370129406643,0.003137012940664262,0.0044672842769907725,3.4137931034482762,-6.4787215256930955,-5.1020676864572705,-6.160341739321505,3.5863818865705555
1,2011-08-10 12:28:23.049201,3503,45180.0,18990110.0,11119397.0,469.6425069803026,12.897516414501856,5421.099057950329,87.0,-8598.0,-21805476.0,9079910.0,-55.24087479223846,24,1,0,1.0302335156755487,0.030233515675548554,1.6560839143219284,0.6987988331698988,-0.3012011668301013,-0.6784543816403811,0.4109956129469958,-0.5890043870530042,-1.177498005479128,1.3712222504812364,0.37122225048123636,0.3058613596160263,0.9624369451433646,-0.0375630548566354,-0.6679651183843927,0.6768317699991792,-0.3231682300008209,-0.7133809676333377,0.39811672871284515,-0.6018832712871548,-1.1820273974062163,10.0,-2.643914190661925,-4.725780859975174,10.0,-6.7754858422211575
1,2011-08-10 12:28:53.065593,3733,42562.0,19703757.0,2829183.0,425.10331095231714,11.401553710152692,5278.263327082776,230.0,-2618.0,713647.0,-8290214.0,-44.53919602798544,314,1,0,1.094785617924805,0.09478561792480492,4.307725415932192,0.6762420756605603,-0.3237579243394398,-0.6848482012784617,0.4662683178574232,-0.5337316821425768,-0.8612079073060387,0.28784736957181073,-0.7121526304281892,-0.7477423706333638,0.8682438462844981,-0.13175615371550192,-2.5155075974347856,0.6155163783041651,-0.3844836216958349,-0.7933562059850152,0.4236346412839277,-0.5763653587160723,-0.9139101777538708,10.0,-0.5267086540704455,1.1808197262950715,-5.820880140894,-10.0
1,2011-08-10 12:29:23.053059,3387,43258.0,27068789.0,16154362.0,491.06264003336287,12.771774431650428,7991.966046648952,-346.0,696.0,7365032.0,13325179.0,65.95932908104572,30,1,0,0.9694870620563316,-0.030512937943668397,-0.7414353864631671,0.6995126147716211,-0.3004873852283789,-0.6086073150118668,0.6746192137505859,-0.3253807862494142,-0.46986751650414854,1.835046322919476,0.8350463229194761,0.7437705722788854,1.0342330036449028,0.03423300364490284,0.4341860363963877,0.7133599633128065,-0.28664003668719346,-0.5447701889632884,0.684120242102885,-0.31587975789711503,-0.437425556968628,-5.128878281622912,1.6334182744812522,4.451501159821196,10.0,5.455418884550065
1,2011-08-10 12:29:53.060549,3534,31406.0,14524295.0,1907147.0,445.1440898016412,8.886813808715337,4109.874080362196,147.0,-11852.0,-12544494.0,-14247215.0,-45.91855023172167,51,1,0,1.0155756077935514,0.015575607793551301,0.3580019136367321,0.5223746540344901,-0.4776253459655099,-0.9126832725580916,0.37535850221374834,-0.6246414977862517,-0.8527330380474911,0.1663345958379995,-0.8336654041620005,-0.9887910056983569,0.9254298848488592,-0.07457011515114077,-0.9709179780335028,0.5090569294799665,-0.49094307052003344,-0.8888508317842596,0.3636985182594045,-0.6363014817405955,-0.8381515411586,10.0,-5.896310950773886,-7.771859383345227,-6.351103245100117,-8.40050120515946
1,2011-08-10 12:30:23.056296,3623,47129.0,26047280.0,2946017.0,436.2620387637317,13.00828043058239,7189.42313000276,89.0,15723.0,11522985.0,1038870.0,-8.882051037909491,29,1,0,1.0308427701587664,0.030842770158766315,0.7958270537611284,1.0900205380601709,0.0900205380601709,0.4871757411483384,1.0756001916279638,0.07560019162796372,0.17769038518238128,0.43260700221347836,-0.5673929977865216,-0.5952730190525153,0.9259177035492571,-0.07408229645074298,-0.8951019433867948,1.0541448184245183,0.05414481842451845,0.2678909704839181,1.0346368185795567,0.03463681857955667,0.07687399890533325,1.5574712643678164,1.9311925518809818,1.7958987270701194,1.223134038462125,0.09791373947745029
1,2011-08-10 12:30:53.073252,4345,267982.0,232140185.0,98986260.0,402.2201109928653,61.675949367088606,53426.97008055236,722.0,220853.0,206092905.0,96040243.0,-34.04192777086638,346,1,0,1.2218785151856018,0.2218785151856018,6.066001214094462,6.394683465769442,5.394683465769442,10.0,10.0,9.915590530767087,10.0,10.0,10.0,10.0,0.8870358222426304,-0.11296417775736957,-1.920716068032075,5.229794575210606,4.229794575210606,10.0,8.907278347279203,7.907278347279203,10.0,10.0,10.0,10.0,10.0,-0.9206393525023915
1,2011-08-10 12:31:23.049558,3564,49635.0,30837600.0,2306673.0,493.5367978246352,13.926767676767676,8652.525252525253,-781.0,-218347.0,-201302585.0,-96679587.0,91.31668683176991,116,1,0,0.9569326602942756,-0.04306733970572443,-0.43431085210224596,0.5740313690477568,-0.42596863095224324,-0.36238623396373765,0.4826152555988149,-0.5173847444011851,-0.35099289143783097,0.09390234655539062,-0.9060976534446094,-0.5297077966277405,1.1217805025996657,0.12178050259966576,1.634685493806096,0.646287478909622,-0.35371252109037804,-0.3388894112388434,0.5546739675839122,-0.4453260324160878,-0.3276506045997728,-5.637767220902613,-5.900023339108267,-5.722085718243355,-6.501481656401002,7.771984701402843
1,2011-08-10 12:31:53.062135,3147,78492.0,49630312.0,3590360.0,497.1337104076898,24.94184938036225,15770.67429297744,-417.0,28857.0,18792712.0,1283687.0,3.596912583054575,92,1,0,0.8527068769305804,-0.14729312306941958,-1.4457073565263079,0.8931521813340616,-0.10684781866593841,-0.09304273414339327,0.75056847529565,-0.24943152470435007,-0.17733600552856188,0.1467844041370278,-0.8532155958629722,-0.49586640933108556,1.0958647443185217,0.09586474431852167,1.1218994665058708,1.130948720750189,0.13094872075018893,0.1298911546780075,0.9690627546206646,-0.03093724537933537,-0.02415713276429626,-10.0,10.0,7.439454373480927,10.0,-0.7371964554600567
1,2011-08-10 12:32:23.049922,3513,75365.0,45574186.0,26050996.0,463.7384357597495,21.45317392541987,12973.010532308568,366.0,-3127.0,-4056126.0,22460636.0,-33.39527464794031,44,1,0,0.9644210179542085,-0.03557898204579144,-0.2978442398371585,0.7939108047294393,-0.2060891952705607,-0.19918243298714985,0.6451983170764143,-0.35480168292358577,-0.27490040477058475,1.186980002461716,0.18698000246171614,0.0952780238428147,1.0195205093844124,0.01952050938441245,0.22036131862458447,0.8760712749922036,-0.12392872500779643,-0.14036161773915654,0.7275988849216952,-0.2724011150783047,-0.2386253378453147,8.625,-1.4437475166032807,-1.898903411795383,9.938487911733857,-10.0
1,2011-08-10 12:32:53.059289,3634,265702.0,299776937.0,14555490.0,381.58259324876167,73.1155751238305,82492.27765547606,121.0,190337.0,254202751.0,-11495506.0,-82.15584251098784,55,1,0,0.9987906772207563,-0.0012093227792436486,-0.010079348797142921,2.5617090529750115,1.5617090529750115,1.7428897532858576,3.9010134287871026,2.9010134287871026,2.55165263638027,0.5436008638940517,-0.45639913610594823,-0.2938317132827678,0.8320992529673712,-0.1679007470326288,-1.9234629620618262,2.707863497541972,1.7078634975419722,2.3027683319692662,4.2082484745748765,3.2082484745748765,3.273118161855078,10.0,10.0,10.0,-3.3806282917027857,-10.0
1,2011-08-10 12:33:23.051154,3781,70037.0,33903100.0,8467727.0,423.0929782039144,18.523406506215288,8966.701930706162,147.0,-195665.0,-265873837.0,-6087763.0,41.51038495515269,37,1,0,1.0385650716914794,0.03856507169147945,0.32167392347975554,0.475035812343321,-0.5249641876566791,-0.7063196471919525,0.2576383077358503,-0.7423616922641497,-0.7804844928237916,0.29100762466619734,-0.7089923753338027,-0.5128173369494001,0.9451585566936909,-0.05484144330630917,-0.463074769644996,0.4746833003494852,-0.5253166996505148,-0.7731086039960425,0.25868154069492777,-0.7413184593050721,-0.7983820065672068,10.0,-5.475964551888843,-5.856504039677366,-3.621894637250114,4.795794248113586
1,2011-08-10 12:33:53.047877,3514,164078.0,141977125.0,79309795.0,403.831900910074,46.69265793966989,40403.2797381901,-267.0,94041.0,108074025.0,70842068.0,-19.2610772938404,36,1,0,0.996088213617552,-0.003911786382448036,-0.05858739747667894,1.521407337486161,0.5214073374861609,0.6321249928724186,1.544162377563134,0.5441623775631339,0.42966757674589245,7.213752713555011,6.21375271355501,7.045620959466459,0.8937954692469103,-0.10620453075308965,-0.9747188251341714,1.5363391859919944,0.5363391859919944,0.6729545825313803,1.5677785211269666,0.5677785211269666,0.4594770105290242,-1.3670212765957446,3.3754325696531864,3.725878081792819,4.913125061361742,-5.613903087460015
1,2011-08-10 12:34:23.054114,3302,33692.0,15544791.0,6018516.0,452.7406029591157,10.20351302241066,4707.689582071472,-212.0,-130386.0,-126432334.0,-73291279.0,48.90870204904172,40,1,0,0.9386548410938654,-0.06134515890613457,-0.9195333496421612,0.25771256008346666,-0.7422874399165333,-1.143516206616255,0.13615199696542943,-0.8638480030345705,-0.8774547842018702,0.22801836793035446,-0.7719816320696455,-0.6626933832822994,1.0434794332258435,0.043479433225843356,0.4057430509883641,0.27617867566003823,-0.7238213243399617,-1.1597442935566111,0.14656025363808078,-0.8534397463619192,-0.8922378998879479,-10.0,-6.696547626329265,-6.688000466080812,-5.758981005990901,3.726088749403749
1,2011-08-10 12:34:53.049439,4268,42643.0,25074214.0,2424667.0,397.2303964517338,9.99133083411434,5874.932989690722,966.0,8951.0,9529423.0,-3593849.0,-55.510206507381895,48,1,0,1.2026600541027952,0.20266005410279525,4.07528140405682,0.35017918321360414,-0.6498208167863959,-0.8448226330271578,0.23356304591624183,-0.7664369540837582,-0.696234619098678,0.09020169145037782,-0.9097983085496222,-0.806759040084082,0.9346656893589974,-0.06533431064100256,-0.8181787537583654,0.29388285180521034,-0.7061171481947897,-0.9319155597261942,0.19642960831254952,-0.8035703916874505,-0.7385673943859117,10.0,1.9989955357142857,2.397869640895323,-8.400366780388081,-5.252119945836864
1,2011-08-10 12:35:23.047329,3671,36801.0,16852106.0,2211888.0,380.9400931879597,10.024788885862163,4590.603650231545,-597.0,-5842.0,-8222108.0,-212779.0,-16.290303263774092,40,1,0,0.9922157954484025,-0.007784204551597432,-0.07937915453712749,0.31936884710979047,-0.6806311528902095,-0.7944109446807324,0.16320825051759555,-0.8367917494824044,-0.7130335222843186,0.09983588983174589,-0.9001641101682542,-0.6183102981366594,0.925295305274043,-0.07470469472595698,-1.124448673221435,0.31618656609280404,-0.683813433907196,-0.7855285580450586,0.1611361387339575,-0.8388638612660425,-0.7112192848752494,-4.953642384105961,0.10732840290935756,-1.005394934197959,0.9549699405269435,-0.2246867772127167
1,2011-08-10 12:35:53.060446,3719,31249.0,15136862.0,2435800.0,370.67089013605806,8.402527561172358,4070.143049206776,48.0,-5552.0,-1715244.0,223912.0,-10.269203051901629,31,1,0,1.0031829952524818,0.0031829952524817066,0.03264059025612981,0.4499483082842094,-0.5500516917157906,-0.6969325060704584,0.32433630463551316,-0.6756636953644868,-0.5863014285519009,0.12372934237341486,-0.8762706576265852,-0.5159855357164482,0.900632740488878,-0.099367259511122,-1.4855453254459279,0.4402193209002363,-0.5597806790997637,-0.6736820320277972,0.3153037462971576,-0.6846962537028425,-0.5712930705874968,5.486486486486487,0.878724863587315,0.9696872841818539,1.090699619122522,-10.0
1,2011-08-10 12:36:23.050667,3826,57065.0,34949446.0,3789176.0,417.972557307632,14.915054887611085,9134.721902770518,107.0,25816.0,19812584.0,1353376.0,47.30166717157397,39,1,0,1.0355093645122875,0.035509364512287485,0.36504673323437997,0.9249893828433232,-0.0750106171566768,-0.08062921669403622,0.8143493263451127,-0.18565067365488727,-0.14349801970057108,0.2050405134525762,-0.7949594865474238,-0.43155560160539486,1.0421104608788927,0.04211046087889265,0.5326694662149779,0.8741186580910737,-0.12588134190892636,-0.12955216473635675,0.7657363870795467,-0.23426361292045333,-0.1754185997401772,9.629032258064516,4.3278333505207796,6.278784165478451,2.1218438154175274,5.51161608732045
1,2011-08-10 12:36:53.073755,3644,47282.0,26723172.0,9253805.0,404.9570889206916,12.97530186608123,7333.4720087815585,-182.0,-9783.0,-8226274.0,5464629.0,-13.015468386940483,36,1,0,0.9698711806664538,-0.030128819333546213,-0.3261872664514484,1.173541821792008,0.17354182179200794,0.6788160441742204,1.242274696085818,0.2422746960858181,0.6107994548801056,2.7410483513464152,1.741048351346415,3.6633028925425677,1.0025901279006055,0.002590127900605567,0.032060474369355586,1.2118020912881884,0.21180209128818842,0.921075878708799,1.2921010021117927,0.29210100211179274,0.8114455180190602,-3.916666666666667,0.5429060020745142,0.615694086013021,1.3617971537018254,-5.602144349249622
1,2011-08-10 12:37:23.054540,3381,33611.0,15307544.0,3591180.0,438.5831182673765,9.941141674060928,4527.51966873706,-263.0,-13671.0,-11415628.0,-5662625.0,33.62602934668496,24,1,0,0.8837829360100377,-0.11621706398996234,-1.7307303400011866,0.7815057663690477,-0.21849423363095238,-0.9482726341774295,0.6446052496382725,-0.35539475036172746,-1.051287233743915,0.8926472816561453,-0.1073527183438547,-0.14442450842858676,1.1121552971497768,0.11215529714977679,2.3479578105794694,0.8827310875459521,-0.11726891245404789,-0.5027473301595754,0.7301538715855163,-0.2698461284144837,-0.8085748903620004,-4.845029239766081,-6.029801324503311,-6.106118676756499,-9.751343388488632,4.518580625908476
1,2011-08-10 12:37:53.050228,3559,40405.0,20252638.0,6626923.0,392.7115581019949,11.3529081202585,5690.541725203709,178.0,6794.0,4945094.0,3035743.0,-45.8715601653816,48,1,0,0.9755495860972535,-0.02445041390274651,-0.5414549557669084,0.9806657993864316,-0.01933420061356837,-0.0739102677773966,0.9292832749972401,-0.07071672500275995,-0.17558439627133124,1.5569424912280885,0.5569424912280884,0.8237062301242212,0.9753785839725825,-0.024621416027417548,-0.36046343962154787,1.0089892708836905,0.008989270883690451,0.038413806086798834,0.9594101372060315,-0.0405898627939685,-0.10915052078793627,2.0033821871476887,4.761071744906997,3.5316172247040187,10.0,-6.546377378723051
1,2011-08-10 12:38:23.049550,3004,23159.0,8973217.0,1488357.0,478.91248355159786,7.709387483355526,2987.0895472703064,-555.0,-17246.0,-11279421.0,-5138566.0,86.20092544960295,20,1,0,0.8285068122897016,-0.17149318771029845,-3.6915439065083424,0.5524254336583784,-0.4475745663416217,-1.78229442214454,0.3992722252737576,-0.6007277747262424,-1.6027527924898548,0.2895987311146363,-0.7104012688853637,-1.318508928526158,1.1825611531399491,0.18256115313994906,2.885732772030238,0.6693695021807067,-0.3306304978192934,-1.496974477846081,0.48560457450536876,-0.5143954254946312,-1.51370184016144,-10.0,-10.0,-10.0,-6.819394410236838,10.0
1,2011-08-10 12:38:53.049080,3617,39237.0,16608637.0,2828468.0,407.4802161509538,10.84794028200166,4591.826651921482,613.0,16078.0,7635420.0,1340111.0,-71.43226740064404,26,1,0,1.0385322154588261,0.03853221545882618,0.4302305331754441,0.9735165391371662,-0.02648346086283387,-0.08257434178260442,0.7819065938608734,-0.2180934061391267,-0.460583251056823,0.5714205827921527,-0.42857941720784726,-0.7021675580530664,0.9551197442571231,-0.04488025574287688,-0.5663781077316274,0.9533500504484625,-0.0466499495515374,-0.19196164453565895,0.7737291961364268,-0.22627080386357323,-0.5609207102409192,5.286713286713287,10.0,7.193916099970067,8.072251312216144,-4.299668138033378
1,2011-08-10 12:39:23.059831,3491,33243.0,16718535.0,2069044.0,431.1701534242338,9.5224863935835,4789.03895731882,-126.0,-5994.0,109898.0,-759424.0,23.689937273279952,19,1,0,1.01453065969195,0.014530659691950014,0.1887538476979205,0.9048471915250361,-0.09515280847496387,-0.3878031930218476,0.9513740068765328,-0.04862599312346711,-0.13072030493627082,0.43487898241575124,-0.5651210175842488,-0.8558206114409754,1.0156438361092515,0.015643836109251387,0.19090009874777814,0.9012951880655629,-0.09870481193443718,-0.5375560872432178,0.9528359088637341,-0.04716409113626585,-0.1472949670812424,-2.0143540669856463,-0.6810634956248598,1.0299599652338127,-2.9524184247450838,10.0
1,2011-08-10 12:39:53.064967,3687,43354.0,20787741.0,3112747.0,446.53405534255495,11.75861133713046,5638.117982099268,196.0,10111.0,4069206.0,1043703.0,15.363901918321176,23,1,0,1.0811048557353975,0.08110485573539758,1.135651334560838,1.277710648079927,0.2777106480799269,1.3793439380177308,1.3349337625587154,0.33493376255871543,1.2658001610546314,0.9373501111661716,-0.06264988883382841,-0.10347324475934008,1.0390033988136336,0.0390033988136335,0.5074450267975232,1.1907728498079275,0.19077284980792758,1.3363125719855202,1.2481435071795766,0.2481435071795765,1.1504064875365951,7.405228758169934,4.601039960111119,3.033659991861774,1.726331049842855,1.9305810307385116
1,2011-08-10 12:40:23.066283,3148,28092.0,11642559.0,2642763.0,408.3469355775096,8.923761118170267,3698.398665819568,-539.0,-15262.0,-9145182.0,-469984.0,-38.1871197650454,23,1,0,0.9067864961401083,-0.09321350385989167,-1.193204307535449,0.7829518723731591,-0.21704812762684084,-0.9727219484209341,0.6984912234070125,-0.30150877659298747,-1.0651985895814586,0.8194340046555963,-0.18056599534440362,-0.29031107653366295,0.9466462643914231,-0.05335373560857698,-0.6819769147156169,0.8716085797893413,-0.1283914202106587,-0.7987578241215563,0.7803643446700241,-0.21963565532997587,-0.9495178253964065,-9.80718954248366,-8.832289849122446,-9.343844208520242,-3.911701324950411,-10.0
1,2011-08-10 12:40:53.063048,3330,57562.0,31412702.0,11472904.0,457.31559812702704,17.285885885885886,9433.243843843844,182.0,29470.0,19770143.0,8830141.0,48.96866254951749,30,1,0,0.9824747742963356,-0.017525225703664393,-0.19869187967327964,1.722536433551785,0.722536433551785,2.9595771142101213,2.1017270428217247,1.1017270428217247,3.5385579023867004,4.724712077598435,3.724712077598434,10.0,1.052537213747111,0.052537213747111004,0.7670526914830074,1.772468288044064,0.7724682880440641,4.7319164982915485,2.1731106678944174,1.1731106678944172,4.974258426519269,3.214111922141119,10.0,10.0,10.0,10.0
1,2011-08-10 12:41:23.051984,3144,23355.0,8517211.0,1551690.0,545.5982219109414,7.428435114503816,2709.0365776081426,-186.0,-34207.0,-22895491.0,-9921214.0,88.2826237839144,35,1,0,0.9100908933016847,-0.08990910669831527,-1.4205131514620915,0.5795630509012943,-0.4204369490987056,-1.5044939935640838,0.43826261955649065,-0.5617373804435094,-1.467412800275711,0.3506497309988291,-0.6493502690011709,-0.7259520818082207,1.2683334342403036,0.26833343424030354,5.166348393212984,0.6366646002020986,-0.3633353997979014,-1.2727792165827734,0.4811680862600108,-0.5188319137399893,-1.306976986911303,-3.8527607361963185,-5.971514112141382,-6.101607946884699,-5.968284490022432,10.0
1,2011-08-10 12:41:53.063294,2975,28823.0,14067558.0,1812399.0,505.9173769741176,9.688403361344538,4728.590924369748,-169.0,5468.0,5550347.0,260709.0,-39.6808449368238,27,1,0,0.8854166666666666,-0.11458333333333333,-1.6545181073646835,0.7764565800674548,-0.22354341993254523,-0.6089656307247601,0.7896135899889387,-0.2103864100110613,-0.4193982927232667,0.4346458186205019,-0.5653541813794981,-0.5715415463893833,1.105122587821373,0.10512258782137318,0.9180951220989613,0.8820600915685968,-0.11793990843140321,-0.33634431468685344,0.900072415475189,-0.09992758452481093,-0.20309453812387412,-0.7864693446088796,2.721445661755446,4.429770599150261,2.0209644903029345,-2.436483415702459
1,2011-08-10 12:42:23.075742,4499,45229.0,17716962.0,4652380.0,976.908440023783,10.0531229162036,3937.977772838408,1524.0,16406.0,3649404.0,2839981.0,470.9910630496653,21,1,0,1.3814173421763694,0.38141734217636936,4.578788174313452,1.2481372732992617,0.24813727329926163,0.6387526402953976,1.0249577071703029,0.02495770717030298,0.04743005450184134,1.1296295549890172,0.1296295549890171,0.1283727360321908,2.0664707932957205,1.0664707932957207,9.410853831508856,0.9125084185287946,-0.08749158147120537,-0.25124667537041584,0.7513106177881907,-0.24868938221180922,-0.5037209742978614,10.0,10.0,7.88313025725987,10.0,10.0
1,2011-08-10 12:42:53.113343,3270,38742.0,18668846.0,3027239.0,501.0922377036697,11.847706422018348,5709.127217125382,-1229.0,-6487.0,951884.0,-1625141.0,-475.8162023201133,27,1,0,0.9563640617688348,-0.043635938231165135,-0.24199274752059938,1.0581718662085318,0.05817186620853167,0.14855595871138294,1.1198128406552865,0.11981284065528658,0.22439010281244118,0.6839012285122412,-0.31609877148775883,-0.3393963968531838,0.8657174295432015,-0.1342825704567985,-0.34026083419151926,1.109759585917287,0.10975958591728711,0.3059611867582219,1.1647834280153109,0.16478342801531098,0.3066492211586609,-8.567733990147783,-10.0,2.5499063918308678,-6.277689553289648,-5.485663486615159
1,2011-08-10 12:43:23.062698,3098,64316.0,32873461.0,2974976.0,528.7186859070368,20.76049063912201,10611.188185926403,-172.0,25574.0,14204615.0,-52263.0,27.626448203367147,25,1,0,0.8996399117202928,-0.10036008827970726,-0.5708193025890391,1.660101904383334,0.660101904383334,1.8912192266915144,1.8185587734651671,0.818558773465167,1.7505617757768581,0.6606180361414941,-0.33938196385850594,-0.3741911182131072,0.8850827701059384,-0.11491722989406156,-0.32009066335187736,1.8436216965766952,0.8436216965766951,2.55577234014066,2.000753762572523,1.0007537625725231,2.0759993832276082,-8.049180327868854,10.0,9.108194413350892,-1.6796653107086008,0.48937183717334226
1,2011-08-10 12:43:53.056493,3471,94215.0,74819321.0,32288119.0,443.1472927559781,27.143474503025065,21555.55200230481,373.0,29899.0,41945860.0,29313143.0,-85.57139315105871,20,1,0,1.0217237725185448,0.021723772518544737,0.11809788420816991,2.3499114558651137,1.3499114558651135,3.385716257519263,4.073172446969284,3.0731724469692847,6.24865425982642,10.0,10.0,10.0,0.7245147906995478,-0.27548520930045217,-0.8220559429289046,2.2703505097333414,1.2703505097333412,2.9393790003938207,3.8914669515806954,2.8914669515806954,5.267233899944906,9.038793103448276,10.0,10.0,10.0,-6.992135341170468
1,2011-08-10 12:44:23.054485,3086,34685.0,19432726.0,1841625.0,476.1078287757615,11.239468567725211,6297.059624108879,-385.0,-59530.0,-55386595.0,-30446494.0,32.960536019783376,21,1,0,0.891237798186334,-0.10876220181366601,-0.6187134402749532,0.639178107435732,-0.36082189256426794,-0.7582922316843295,0.6143913792955614,-0.3856086207044386,-0.48430224434281444,0.2057446486617071,-0.794255351338293,-0.5433266977065365,0.8053833152244978,-0.19461668477550223,-0.5278989117786216,0.7069453030500294,-0.2930546969499705,-0.6024622752280212,0.6764858214804398,-0.3235141785195602,-0.4112713156096583,-6.886850152905198,-5.200536268698843,-5.176835020785915,-5.952835282198852,2.6086011269809237
1,2011-08-10 12:44:53.062868,3806,53423.0,33819508.0,4303213.0,418.9001101763006,14.036521282186024,8885.840252233316,720.0,18738.0,14386782.0,2461588.0,-57.20771859946092,19,1,0,1.0921717171717171,0.09217171717171711,0.5461379141018957,0.9636635195734288,-0.036336480426571255,-0.08230371870396476,1.0341641431104378,0.034164143110437716,0.04588504050633474,0.48043725731890335,-0.5195627426810967,-0.3557578832278822,0.7158300803715011,-0.28416991962849897,-0.7516655687347515,0.8659787105384824,-0.1340212894615176,-0.29166644296622685,0.923474655979428,-0.07652534402057201,-0.1036015876425407,10.0,10.0,10.0,10.0,-8.595536003899507
1,2011-08-10 12:45:23.049276,3439,27085.0,10683699.0,2256568.0,452.4380774952021,7.875835998836871,3106.6295434719395,-367.0,-26338.0,-23135809.0,-2046645.0,33.53796731890151,27,1,0,1.027732950809874,0.02773295080987394,0.30843299495473164,0.47454105213731823,-0.5254589478626818,-1.2554885596606473,0.2974074183650703,-0.7025925816349297,-1.102499582343437,0.25391687467756396,-0.746083125322436,-0.5057338866201063,0.9553305406814405,-0.04466945931855948,-0.4815573551781586,0.46313375364296494,-0.5368662463570351,-1.3404904471239303,0.29275364870222764,-0.7072463512977724,-1.1671400143478798,-1.647907647907648,-10.0,-8.183897813426523,-10.0,1.3005149343206783
1,2011-08-10 12:45:53.049215,3178,36665.0,19982678.0,2640875.0,507.1731002545626,11.537130270610447,6287.815607300189,-261.0,9580.0,9298979.0,384307.0,54.7350227593605,17,1,0,0.9402366863905326,-0.059763313609467454,-0.6740846073387868,0.6697439756835352,-0.3302560243164648,-0.6810802377105023,0.5821484475951475,-0.41785155240485256,-0.5827862342777145,0.3024052650916588,-0.6975947349083412,-0.46148504554672215,1.0933697176658792,0.09336971766587931,1.0399749493746788,0.7116783470724752,-0.2883216529275247,-0.6045031124910764,0.6230955693063747,-0.37690443069362534,-0.5428854517705104,-8.721893491124261,5.109118984301277,6.822672394133759,3.4933272434021774,6.6249067422845584
1,2011-08-10 12:46:23.068194,3197,31198.0,15425135.0,2039705.0,493.4955909746637,9.758523615889898,4824.87801063497,19.0,-5467.0,-4557543.0,-601170.0,-13.677509279898857,16,1,0,0.9414016489988222,-0.058598351001177856,-0.704454570719087,0.6339175773042959,-0.3660824226957041,-0.6689966000229917,0.4858679587686704,-0.5141320412313296,-0.6410551814777578,0.2353665094252534,-0.7646334905747466,-0.5005517940595209,1.0738593552055449,0.07385935520554492,1.0103753820068602,0.6792561195088582,-0.32074388049114183,-0.6167674836454419,0.5229324756646138,-0.4770675243353862,-0.6121866278723764,0.1875,0.011428158113630578,-0.7677525872555607,-7.996830299819517,-2.1740862143443658
1,2011-08-10 12:46:53.049949,3685,236963.0,104518207.0,67724839.0,490.7565897880597,64.30474898236092,28363.149796472186,488.0,205765.0,89093072.0,65685134.0,-2.739001186604014,27,1,0,1.1028971626960373,0.10289716269603741,1.1824302213332778,6.472418276374444,5.472418276374443,10.0,5.260432146377891,4.260432146377891,9.791830544296683,10.0,10.0,10.0,1.0450013114429018,0.04500131144290187,0.6044296283619556,5.905208955037378,4.905208955037378,10.0,4.823300224621954,3.8233002246219536,10.0,9.905109489051094,10.0,8.50015094069982,10.0,-1.2720053391583648
1,2011-08-10 12:47:23.075697,4196,105369.0,24509380.0,6782494.0,414.90175775953287,25.11177311725453,5841.129647283126,511.0,-131594.0,-80008827.0,-60942345.0,-75.85483202852686,18,1,0,1.2123663681017047,0.2123663681017047,2.6007720777697654,1.3672424442172244,0.36724244421722446,0.3146619376511519,0.6644657248387209,-0.33553427516127904,-0.31912391035188065,0.42946095241954685,-0.5705390475804532,-0.31023401352536,0.8780010425457057,-0.12199895745429432,-1.5910508270492794,1.1678508245089276,0.16785082450892774,0.15016639068692322,0.5674491044069665,-0.43255089559303356,-0.4314031544585818,3.2654424040066776,-4.252800601152869,-5.701673308986759,-5.625028235568471,-10.0
1,2011-08-10 12:47:53.047508,3224,71775.0,18924311.0,5723186.0,603.7375671783499,22.26271712158809,5869.823511166253,-972.0,-33594.0,-5585069.0,-1059308.0,188.835809418817,21,1,0,0.9109918055948008,-0.0890081944051992,-0.7475408469413704,0.8206984083424808,-0.17930159165751922,-0.17514777410838614,0.5403268720563712,-0.45967312794362875,-0.41082712424984996,0.3513550537574179,-0.6486449462425821,-0.36661738385421677,1.2797746647460695,0.27977466474606955,3.498323523720588,0.9386579953972487,-0.061342004602751354,-0.06143294951523454,0.6060911616828439,-0.393908838317156,-0.36287731019051334,-10.0,-4.233550225233897,-1.9994587614692299,-3.1363209737016495,10.0
1,2011-08-10 12:48:23.070428,3224,72587.0,22960529.0,4555141.0,522.7562131215881,22.514578163771716,7121.7521712158805,0.0,812.0,4036218.0,-1168045.0,-80.9813540567618,14,1,0,0.9221967963386728,-0.07780320366132723,-0.6119587419849882,0.7530240471398635,-0.24697595286013652,-0.28321423539491475,0.6261061624382687,-0.3738938375617314,-0.36020419195046016,0.26823001077868514,-0.7317699892213149,-0.4370096236648153,1.0413202351073765,0.0413202351073764,0.3078394088224188,0.8465725234889231,-0.15342747651107697,-0.18465429137183986,0.6956630076546337,-0.3043369923453663,-0.3070493962205327,1.0,-0.9091519355560528,1.4489795175406877,-2.6847039391129917,-3.6761938928661753
1,2011-08-10 12:48:53.069986,3598,65553.0,18367375.0,4411903.0,531.6125909519177,18.21928849360756,5104.884658143413,374.0,-7034.0,-4593154.0,-143238.0,8.85637783032962,28,1,0,1.0264749515006277,0.026474951500627692,0.21252525758287297,0.6328829176739552,-0.3671170823260448,-0.48093456113320693,0.4928521872578756,-0.5071478127421244,-0.5005154091052072,0.2540676333465457,-0.7459323666534543,-0.4592144980725836,1.0524282285888804,0.05242822858888039,0.38923330061957845,0.6328236264493288,-0.36717637355067123,-0.5099343020895681,0.4906586614919189,-0.5093413385080812,-0.5261194494654176,10.0,-1.9790657535771952,-8.71219580831949,-1.3741329574886665,1.8416587577537504
1,2011-08-10 12:49:23.097620,3074,66707.0,28120856.0,3968929.0,607.7509189056603,21.70039037085231,9147.968770331816,-524.0,1154.0,9753481.0,-442974.0,76.13832795374265,18,1,0,0.8573659842695376,-0.14263401573046244,-1.2743935111295386,0.6039598223258795,-0.3960401776741204,-0.6040411383216658,0.7428382664939601,-0.2571617335060399,-0.26059907623357387,0.22247967693915582,-0.7775203230608442,-0.497094143704278,1.1852704627089496,0.18527046270894956,1.3859589249389983,0.7118938442255601,-0.28810615577443993,-0.46059430235623994,0.8745544334615002,-0.12544556653849986,-0.1307695568016752,-7.533665835411472,-0.8320477368650852,10.0,-1.933678386036916,8.987450218954486
1,2011-08-10 12:49:53.050017,3496,59853.0,24691254.0,11182944.0,538.4124852645881,17.1204233409611,7062.7156750572085,422.0,-6854.0,-3429602.0,7214015.0,-69.33843364107224,47,1,0,1.0094710094710095,0.009471009471009524,0.07239556283277365,0.7834346882518175,-0.21656531174818253,-1.003779569783704,1.0936710614123715,0.09367106141237139,0.5218911168659995,2.1977628576256425,1.1977628576256427,5.3106496632775055,1.0042164842881627,0.004216484288162689,0.028829492603590877,0.7795564455043474,-0.2204435544956526,-1.9604699380730537,1.0673411512688258,0.06734115126882573,0.28032448850366565,4.453355155482815,0.7987148764213889,0.7755418247420647,1.5657526494406557,-3.9633245544480404
1,2011-08-10 12:50:23.052179,3414,83788.0,55883848.0,4027972.0,565.852742420621,24.54247217340363,16369.02401874634,-82.0,23935.0,31192594.0,-7154972.0,27.440257156032885,24,1,0,1.0273230621088107,0.02732306210881084,0.41977158645478846,1.2450850731852292,0.2450850731852292,3.1912737837961407,2.4713298381253326,1.4713298381253326,8.165540382663668,0.674880721375434,-0.3251192786245661,-0.6498061654852555,1.0089128146300541,0.008912814630054163,0.12080883408261069,1.205219971156005,0.20521997115600496,1.6670479682631312,2.3856581655065257,1.3856581655065259,6.20033067695983,0.4142857142857143,3.6292951928991997,10.0,-9.12981854128555,0.11084509460563942
1,2011-08-10 12:50:53.052162,3649,62331.0,37434154.0,3169763.0,488.6000282302,17.081666209920527,10258.743217319814,235.0,-21457.0,-18449694.0,-858209.0,-77.25271419042099,89,1,0,1.0856241818398191,0.08562418183981917,1.362998663650809,0.8943062601868643,-0.10569373981313568,-0.8111274685395291,1.247606664065214,0.2476066640652139,0.4990323545832987,0.5630751945623547,-0.43692480543764534,-0.7897355532757236,0.8831020211284366,-0.11689797887156334,-1.8773826184799192,0.8204675052437562,-0.17953249475624378,-1.2134247757847936,1.1447868767383336,0.1447868767383335,0.2961650038261342,5.184210526315789,-9.930741696495463,-3.495931429011137,-1.5312703882813616,-9.195733342366939
1,2011-08-10 12:51:23.061112,3391,51362.0,24437620.0,4268445.0,521.5476613134769,15.146564435269832,7206.611618991448,-258.0,-10969.0,-12996534.0,1098682.0,32.947633083276855,40,1,0,0.9839823573791423,-0.016017642620857704,-0.24311000919090167,0.7592717424726224,-0.2407282575273776,-1.7290434535899133,0.7427961498281126,-0.2572038501718874,-0.5803991813794254,0.7974970097914127,-0.20250299020858728,-0.32938136713331445,0.9544362972950463,-0.04556370270495374,-0.5650767953368594,0.7675812606922177,-0.23241873930778234,-1.3964007844051551,0.7515759403918643,-0.24842405960813577,-0.5572109826623441,-4.035294117647059,-4.347601404056162,-5.489730112532278,4.965278790337367,5.823084484998215
1,2011-08-10 12:51:53.054535,4205,686578.0,725185147.0,14355281.0,364.5219007914388,163.27657550535076,172457.8233055886,814.0,635216.0,700747527.0,10086836.0,-157.02576052203807,26,1,0,1.2350211466165413,0.23502114661654128,3.796995388474914,10.0,9.593998907545652,10.0,10.0,10.0,10.0,2.69653099721456,1.6965309972145597,2.735674840442819,0.6695443822166436,-0.3304556177833564,-3.986893555985956,8.540327710640156,7.540327710640156,10.0,10.0,10.0,10.0,10.0,10.0,10.0,10.0,-10.0
1,2011-08-10 12:52:23.067588,3288,35942.0,14651391.0,2965635.0,453.9371187192822,10.931265206812652,4456.019160583942,-917.0,-650636.0,-710533756.0,-11389646.0,89.4152179278434,26,1,0,0.9055356651060315,-0.0944643348939686,-1.0195585081756025,0.19038851079337904,-0.809611489206621,-0.5487345439640211,0.08443320792459963,-0.9155667920754004,-0.5147360430845876,0.40071377988647566,-0.5992862201135243,-0.8793502927396722,0.9155890574843675,-0.08441094251563254,-0.5328712378966849,0.23045433948374297,-0.769545660516257,-0.5628039869814355,0.10442738338975983,-0.8955726166102401,-0.526007792228077,-5.053934571175951,-6.248156471265795,-6.0966156577944695,-6.482986711792553,2.8380869729501925
1,2011-08-10 12:52:53.067805,3705,103338.0,102200575.0,4922789.0,485.5987536094467,27.891497975708504,27584.500674763836,417.0,67396.0,87549184.0,1957154.0,31.66163489016452,32,1,0,1.0322059397113723,0.032205939711372346,0.3136129363211147,0.5616189547620056,-0.4383810452379943,-0.28655532612037093,0.5958576801821509,-0.4041423198178491,-0.22368257697052818,0.8550339707763506,-0.1449660292236494,-0.17251894616461705,1.0140049632294075,0.014004963229407454,0.08810495735619603,0.6037681584911901,-0.3962318415088098,-0.27887689334977445,0.6544420755209728,-0.3455579244790273,-0.19958002850007017,10.0,10.0,10.0,2.1908728271019138,2.874015833549756
1,2011-08-10 12:53:23.056965,3100,31417.0,12637347.0,2654653.0,509.3844128716129,10.134516129032258,4076.563548387097,-605.0,-71921.0,-89563228.0,-2268136.0,23.785659262166178,22,1,0,0.8498738896808861,-0.1501261103191139,-1.5348705571022865,0.16719156277839095,-0.832808437221609,-0.5591433349510873,0.0699038762742024,-0.9300961237257976,-0.5490539223225944,0.4471836097626188,-0.5528163902373813,-0.6874079040704164,1.1005600433707141,0.10056004337071413,0.7764275991667442,0.21624677279495727,-0.7837532272050428,-0.5618438320126738,0.09182951053565895,-0.9081704894643411,-0.5587348363777649,-10.0,-10.0,-10.0,-10.0,2.4818988821932764
1,2011-08-10 12:53:53.048341,3887,46466.0,24944648.0,2916773.0,423.3577052799074,11.954206328788269,6417.455106766143,787.0,15049.0,12307301.0,262120.0,-86.02670759170547,30,1,0,1.098705410141896,0.09870541014189604,0.8071260814580943,0.25569066634970844,-0.7443093336502916,-0.4768368996575802,0.14187410551792212,-0.8581258944820779,-0.4877552513374396,0.5000158913542907,-0.49998410864570925,-0.6009137317083144,0.9065514905096741,-0.09344850949032593,-0.6945820624128242,0.26286798063140565,-0.7371320193685944,-0.5061034167060136,0.14870261264907536,-0.8512973873509246,-0.5037130114113346,8.167577413479053,3.434010480688361,3.4816301953715243,3.544310923880336,-10.0
1,2011-08-10 12:54:23.047449,3303,28276.0,9975442.0,2879295.0,561.163763626703,8.560702391765062,3020.115652437178,-584.0,-18190.0,-14969206.0,-37478.0,137.80605834679562,21,1,0,0.908166070937586,-0.09183392906241408,-0.7468849833212412,0.15643862566819475,-0.8435613743318052,-0.536431447082218,0.056703190672388167,-0.9432968093276118,-0.5365827596293611,0.5175771057846177,-0.48242289421538226,-0.5369573598250695,1.2543897328867997,0.25438973288679967,2.012513065796923,0.190926812695029,-0.809073187304971,-0.5445758541612878,0.07023774303436926,-0.9297622569656308,-0.5473930023997434,-6.887096774193549,-10.0,-10.0,0.8613642954799685,8.017319485288398
1,2011-08-10 12:54:53.050181,3273,494358.0,532612599.0,259841064.0,576.488952970058,151.04124656278643,162729.17781851513,-30.0,466082.0,522637157.0,256961769.0,15.325189343354964,33,1,0,0.9468842214893248,-0.053115778510675206,-0.5625123024722734,10.0,9.070893378802879,10.0,10.0,10.0,10.0,10.0,10.0,10.0,1.1845135639616395,0.18451356396163957,1.7011550218176459,10.0,9.870626853798141,10.0,10.0,10.0,10.0,0.8337028824833703,4.5400317787276965,4.653733676614469,10.0,-0.6103273961507991
1,2011-08-10 12:55:23.052294,3483,49367.0,31279315.0,2887109.0,501.28200833304624,14.17370083261556,8980.567039908125,210.0,-444991.0,-501333284.0,-256953955.0,-75.20694463701176,23,1,0,1.0085128561501042,0.008512856150104265,0.08952694528671885,0.35069012793828275,-0.6493098720617173,-0.4571173600468104,0.22919594202746227,-0.7708040579725377,-0.4682537317173114,0.05283592594881121,-0.9471640740511887,-0.451176776260019,0.9806010676559032,-0.01939893234409689,-0.1612205931487659,0.33814185801203145,-0.6618581419879686,-0.45115571998211795,0.2202978807578565,-0.7797021192421435,-0.46119176850187027,10.0,-5.853571864856375,-5.8394867825700185,-6.001528484065325,-4.068372868378169
1,2011-08-10 12:55:53.058154,3697,52024.0,30403726.0,7124338.0,459.4062066386259,14.071950229916148,8223.891263186368,214.0,2657.0,-875589.0,4237229.0,-41.87580169442032,315,1,0,1.0844186319371114,0.08441863193711141,0.9604374037868881,0.4002560456943085,-0.5997439543056915,-0.3823067917610293,0.24862015104174998,-0.75137984895825,-0.400298448758231,0.1313586373724203,-0.8686413626275797,-0.40988962048205585,0.8932036073556102,-0.10679639264438975,-0.911450279606179,0.3592268994259693,-0.6407731005740307,-0.4011570417371973,0.2219986780380354,-0.7780013219619646,-0.4099862721951502,5.81981981981982,1.246150710566786,0.938270343758698,10.0,-10.0
1,2011-08-10 12:56:23.048837,3163,31076.0,10176917.0,2237330.0,582.0660432269997,9.824849826114448,3217.4887764780274,-534.0,-20948.0,-20226809.0,-4887008.0,122.65983658837376,36,1,0,0.8963895029190048,-0.10361049708099528,-1.3940517306141154,0.23174061993375003,-0.7682593800662499,-0.5110068268936965,0.08086985524026871,-0.9191301447597313,-0.5083085551528677,0.04058301348979564,-0.9594169865102044,-0.4621368543246511,1.1541149975686134,0.15411499756861338,1.1915336168509225,0.24586488995767444,-0.7541351100423256,-0.48497899408550993,0.08495190027761351,-0.9150480997223864,-0.4962742063198457,-5.472361809045226,-6.082738875139516,-6.692439916991527,-6.466837148479144,10.0
1,2011-08-10 12:56:53.061347,3638,56185.0,33198104.0,15121103.0,448.9133896500825,15.44392523364486,9125.372182517867,475.0,25109.0,23021187.0,12883773.0,-133.1526535769172,204,1,0,1.0751226431822212,0.07512264318222112,1.2136009011715754,0.4288270053014726,-0.5711729946985274,-0.3679424876099261,0.2701457572815694,-0.7298542427184306,-0.39119179882502836,0.27496000496579365,-0.7250399950342064,-0.34814325322089934,0.8373978165840715,-0.16260218341592841,-1.6280600618433023,0.3906443524602356,-0.6093556475397643,-0.3861626371396895,0.24508007132394174,-0.7549199286760583,-0.4003662970875753,4.280386740331491,9.157569850552306,8.794422514873814,10.0,-5.194885262465088
1,2011-08-10 12:57:23.065929,3715,102696.0,67992410.0,8965991.0,456.3844854847914,27.643606998654104,18302.129205921938,77.0,46511.0,34794306.0,-6155112.0,7.471095834708933,34,1,0,1.0765619566477338,0.0765619566477338,1.1499549881202251,0.7517898713049589,-0.24821012869504105,-0.16934204498622699,0.5331310828490509,-0.4668689171509492,-0.2627168214873108,0.15608721024223923,-0.8439127897577607,-0.42800481758198144,0.8885448911863107,-0.1114551088136893,-0.9075466958036436,0.6756988607500679,-0.32430113924993215,-0.21537789932986162,0.47593256284072455,-0.5240674371592755,-0.2899163376837458,0.14925373134328357,7.3326167186212325,6.491455113974444,-3.5139717924019065,1.3327871244449043
1,2011-08-10 12:57:53.054499,4072,46390.0,21936209.0,3228448.0,420.1186689005403,11.392436149312378,5387.084724950884,357.0,-56306.0,-46056201.0,-5737543.0,-36.26581658425113,303,1,0,1.1505424954792045,0.1505424954792044,2.3239314736489636,0.7961269684363717,-0.20387303156362835,-0.44616298267324317,0.6338095685748838,-0.3661904314251162,-0.6072928716736853,0.44425080659274685,-0.5557491934072532,-0.7734140036219718,0.8580672428909001,-0.14193275710909992,-1.2502899646184968,0.701867437591477,-0.2981325624085231,-0.7197835574592948,0.5629202527331313,-0.43707974726686877,-0.766997924327787,3.0384615384615383,0.2811914354724226,0.5043672004532718,0.8856494004886647,-0.5097613495809353
1,2011-08-10 12:58:23.067395,3413,41504.0,16881778.0,2755734.0,570.806129553179,12.160562554937004,4946.316437152065,-659.0,-4886.0,-5054431.0,-472714.0,150.68746065263866,98,1,0,0.9332786436970194,-0.06672135630298058,-0.7515826253753578,0.7196285340758953,-0.28037146592410467,-0.6009708807772818,0.5156083813601888,-0.48439161863981123,-0.7326813243736696,0.37567388577266375,-0.6243261142273363,-0.8888954473819072,1.2058152690232486,0.20581526902324862,1.5535360315232791,0.7757759599780004,-0.22422404002199964,-0.499022378600392,0.5588304659360164,-0.44116953406398357,-0.6758524571016817,-6.594227504244482,-7.206247900571046,-1.704898670741828,-7.924406528407244,10.0
1,2011-08-10 12:58:53.077747,3796,81523.0,52727802.0,3763682.0,468.7221469812961,21.476027397260275,13890.358798735511,383.0,40019.0,35846024.0,1007948.0,-102.0839825718828,311,1,0,1.0543858674518083,0.05438586745180828,0.5752663614705121,1.4670272916059328,0.46702729160593276,0.9317534573593402,1.7554234859205837,0.7554234859205837,0.9941672852811674,0.5824581227676613,-0.41754187723233865,-0.4859751711577454,0.9456568635464866,-0.054343136453513456,-0.3587647844757625,1.4042974208105177,0.4042974208105177,0.8584793398846758,1.694839444511862,0.694839444511862,0.9418370538487232,7.742957746478874,10.0,10.0,2.1536271083394145,-5.5818695337062385
1,2011-08-10 12:59:23.127809,3218,37824.0,11325983.0,3645003.0,640.8275610904288,11.753884400248602,3519.572094468614,-578.0,-43699.0,-41401819.0,-118679.0,172.1054141091327,20,1,0,0.863475367607599,-0.13652463239240104,-2.1197847202959315,0.5760619924580715,-0.4239380075419284,-1.0778147086843926,0.29382069759841767,-0.7061793024015823,-1.268496230435884,0.5386445285376149,-0.4613554714623851,-0.5893216840958742,1.354846750580858,0.35484675058085785,2.917607233328249,0.6669509467063967,-0.33304905329360335,-0.8546339996481722,0.34070533831385286,-0.6592946616861471,-1.1896562132318986,-5.5655608214849925,-5.3311792574385,-5.864977426438957,-1.3887668113253038,8.592178309101344
1,2011-08-10 12:59:53.053865,3552,161715.0,141616167.0,9070703.0,582.0358392761825,45.52787162162162,39869.41638513513,334.0,123891.0,130290184.0,5425700.0,-58.79172181424633,122,1,0,0.9750741188097067,-0.02492588119029323,-0.27187615073661875,2.6088366345418583,1.6088366345418585,3.4796970825664153,4.1441150901948545,3.1441150901948545,4.3336390272140815,2.028436112434723,1.028436112434723,1.8082506625758896,1.1381852520904534,0.13818525209045346,0.7726080558332027,2.6963016460674996,1.6963016460674993,3.900993291919451,4.3293535663531095,3.3293535663531095,4.7065795873466705,4.976190476190476,10.0,10.0,3.363912827528516,-2.531719137075837
1,2011-08-10 13:00:23.057167,3131,231665.0,210604816.0,9624396.0,570.367077125519,73.99073778345577,67264.39348450974,-421.0,69950.0,68988649.0,553693.0,-11.668762150663497,18,1,0,0.8672649714697247,-0.1327350285302753,-1.4385189316984068,3.139466494649769,2.1394664946497683,3.0274670685596554,4.307059416947353,3.307059416947353,2.9804354970572375,2.142223163993969,1.1422231639939688,1.981671123055171,1.0631218590045617,0.06312185900456162,0.3770168292592695,3.6159794817240294,2.6159794817240294,3.6584369996113786,4.974238959074464,3.9742389590744636,3.516804642357355,-10.0,4.92605771022891,3.6852165531297185,10.0,-1.4643309362999863
1,2011-08-10 13:00:53.064854,3647,1554715.0,1554431134.0,1505990272.0,495.9985401425829,426.299698382232,426221.8629010145,516.0,1323050.0,1343826318.0,1496365876.0,-74.36853698293612,94,1,0,1.065751022793688,0.0657510227936879,0.8456704651563884,10.0,10.0,10.0,10.0,10.0,10.0,10.0,10.0,10.0,0.8754690801635494,-0.12453091983645054,-1.1385497344036606,10.0,10.0,10.0,10.0,10.0,10.0,3.7417640807651438,10.0,10.0,10.0,-3.474852740921497
1,2011-08-10 13:01:23.076040,4006,50325.0,25905332.0,7543528.0,540.3220741737393,12.56240639041438,6466.633050424363,359.0,-1504390.0,-1528525802.0,-1498446744.0,44.32353403115644,366,1,0,1.1548662361623616,0.15486623616236156,1.8911894093982884,0.12170837198818636,-0.8782916280118136,-0.56541508941439,0.06572602226874541,-0.9342739777312546,-0.5637154420295342,0.024618358025925272,-0.9753816419740747,-0.4456921666270363,0.9795715042129266,-0.020428495787073443,-0.16264033092730784,0.10847461373270188,-0.891525386267298,-0.5892178766410789,0.05870585424549314,-0.9412941457545069,-0.5811801789811415,6.670940170940171,-5.970853370746049,-5.970656050926798,-5.984075026621028,3.962502493422029
1,2011-08-10 13:01:53.058712,3769,43678.0,21473440.0,3611879.0,504.9287071207216,11.58875033165296,5697.38392146458,-237.0,-6647.0,-4431892.0,-3931649.0,-35.3933670530177,220,1,0,1.0735444912840377,0.07354449128403777,0.7336450076838372,0.1072513903048947,-0.8927486096951053,-0.5623988633039818,0.0552333531077701,-0.9447666468922299,-0.5592017592570124,0.0117583839249324,-0.9882416160750676,-0.45296922618324903,0.8922417209261384,-0.10775827907386155,-1.1405436982189432,0.10163170557055808,-0.8983682944294419,-0.5804907633406401,0.05242908887606564,-0.9475709111239343,-0.573858803698479,-6.642857142857143,-0.06529264696454895,0.17384715128770767,-6.200805800024658,-3.4716063577752623
1,2011-08-10 13:02:23.061083,3647,89532.0,77713943.0,5618721.0,510.7717800951467,24.54949273375377,21309.00548395942,-122.0,45854.0,56240503.0,2006842.0,5.84307297442507,215,1,0,1.0071803369235017,0.007180336923501795,0.08065496229879963,0.21921572813841453,-0.7807842718615855,-0.49391483397430536,0.19885546190053088,-0.8011445380994692,-0.4777180897925159,0.018292003573823587,-0.9817079964261765,-0.44996226131698774,0.9481026780668707,-0.05189732193312932,-0.7312523693752849,0.21535796443837302,-0.784642035561627,-0.5067896629012005,0.19530922425564473,-0.8046907757443552,-0.49014746150731925,-2.1070780399274045,10.0,10.0,10.0,1.214978743519336
1,2011-08-10 13:02:53.053161,3779,105368.0,67501387.0,6522847.0,551.0448099169092,27.88250860015877,17862.23524741995,132.0,15836.0,-10212556.0,904126.0,40.27302982176252,216,1,0,1.0381868131868133,0.03818681318681319,0.4342817073100402,0.2674430115004962,-0.7325569884995038,-0.4417870279841592,0.17856294190427507,-0.821437058095725,-0.46903135897176906,0.02128326380689617,-0.9787167361931038,-0.4473256265218648,1.0506545415388615,0.05065454153886162,0.8690768993684815,0.25394318168748753,-0.7460568183125124,-0.4582403692934777,0.16948401863891377,-0.8305159813610863,-0.4833370117962576,5.947368421052632,2.0969341811783937,0.2009232730303722,2.3095751947721626,3.8256199748217288
1,2011-08-10 13:03:23.057064,3604,27041.0,7760890.0,2051110.0,496.9389034162042,7.5030521642619314,2153.410099889012,-175.0,-78327.0,-59740497.0,-4471737.0,-54.10590650070503,296,1,0,0.9560696095076401,-0.04393039049235991,-1.1291515676225623,0.07333677583968046,-0.9266632241603195,-0.5149724884878099,0.02221172837139257,-0.9777882716286074,-0.5068261813092093,0.006706097902874881,-0.9932939020971251,-0.45283657473641087,0.9545261632264307,-0.045473836773569344,-0.9952666233252802,0.07460039717205807,-0.925399602827942,-0.5107584077658683,0.02254609979602197,-0.977453900203978,-0.5046373120137432,-2.350308641975309,-2.1009050096201807,-1.0873188510388525,-6.208876919242611,-10.0
1,2011-08-10 13:03:53.057956,3482,30900.0,9330832.0,2250007.0,504.55373270706485,8.87421022400919,2679.7334865020102,-122.0,3859.0,1569942.0,198897.0,7.614829290860655,218,1,0,0.925817601701675,-0.07418239829832492,-1.7819383860488882,0.48901071075886865,-0.5109892892411314,-0.9818510520558097,0.23285748727438746,-0.7671425127256125,-1.002647557521363,0.44382189029269864,-0.5561781097073014,-1.26828122063111,0.9688028358548993,-0.031197164145100653,-0.6900303439201549,0.5276852292882229,-0.47231477071177713,-0.8958996044749183,0.25049544104964894,-0.7495045589503511,-0.9586076395070736,-10.0,1.0126303124881355,1.0050752317958216,1.0006612534769541,10.0
1,2011-08-10 13:04:23.057863,3819,57008.0,33685317.0,15504424.0,476.301694588374,14.927467923540194,8820.45483110762,337.0,26108.0,24354485.0,13254417.0,-28.252038118690905,465,1,0,1.0445271046441662,0.04452710464416613,1.31876129292974,0.9612874723036298,-0.038712527696370264,-0.06412271108046799,0.9164551861140954,-0.08354481388590468,-0.09207373191661077,3.8655599792645705,2.8655599792645705,5.747527102809946,0.927292772255942,-0.07270722774405808,-1.7390322649922132,0.9283480505839603,-0.07165194941603967,-0.12200782522920264,0.8873381313770525,-0.11266186862294746,-0.12455660099033442,4.215648854961833,7.72020592020592,8.346974267700384,10.0,-2.9493078180621595
1,2011-08-10 13:04:53.062429,3383,42734.0,24626213.0,2269355.0,512.4146552760863,12.63198344664499,7279.4008276677505,-436.0,-14274.0,-9059104.0,-13235069.0,36.1129606877123,50,1,0,0.9227538050297311,-0.0772461949702689,-2.0787763776054686,0.6895939635112587,-0.3104060364887413,-0.5522462718160843,0.6282441792414888,-0.3717558207585112,-0.44996216351481844,0.3551737654884516,-0.6448262345115484,-0.7533148664417285,1.0088448019629443,0.008844801962944408,0.16405510444442675,0.7542677626879934,-0.2457322373120065,-0.4492766744983456,0.6890130613698578,-0.31098693863014215,-0.37647254766005156,-10.0,-6.3540885221305325,-4.709136605290079,-6.56443931891786,7.307497271485401
1,2011-08-10 13:05:23.088810,3378,85257.0,50234989.0,4740271.0,496.2860184168146,25.238898756660745,14871.22232089994,-5.0,42523.0,25608776.0,2470916.0,-16.12863685927158,275,1,0,0.9348536004870759,-0.06514639951292414,-1.2576677786346955,1.6205412638613805,0.6205412638613805,1.0291224520181772,1.7576402470741346,0.7576402470741345,0.8913822092109208,0.8287841106901339,-0.17121588930986611,-0.1693273530513446,0.9764589810285873,-0.02354101897141268,-0.4360890661676262,1.7571130630345273,0.7571130630345274,1.3404612642564597,1.9166300339983495,0.9166300339983495,1.122243648969838,0.9053030303030303,5.543249711526133,3.4119298376479836,4.688632415806454,-10.0
1,2011-08-10 13:05:53.077949,3203,114222.0,78915282.0,3924488.0,511.3951583983765,35.66094286606307,24637.927567905088,-175.0,28965.0,28680293.0,-815783.0,15.10913998156184,53,1,0,0.9065436431563456,-0.09345635684365443,-1.7910058924393568,2.3508273647814275,1.3508273647814275,2.7816762153827246,3.140575726462137,2.140575726462137,3.036611930849958,0.731766466343469,-0.2682335336565311,-0.24903927041540755,1.0283454370358638,0.028345437035863886,1.0483697895272628,2.5775661081620407,1.5775661081620407,3.106955935811282,3.440645612479372,2.440645612479372,3.373271672360643,-1.1820448877805485,8.201282880015912,9.305233378727863,-1.2882137984579618,2.379608604175984
1,2011-08-10 13:06:23.048901,3893,193467.0,174270937.0,5948022.0,470.7447691292063,49.69612124325713,44765.20344207552,690.0,79245.0,95355655.0,2023534.0,-40.65038926917026,242,1,0,1.1274254271647843,0.12742542716478425,1.9303537879488255,2.9302437591065096,1.9302437591065096,3.7785247204362866,4.427781018611606,3.4277810186116064,5.068598177929695,1.0366545253514947,0.03665452535149482,0.03779392105659619,0.9411314342140407,-0.05886856578595934,-1.9852905878129425,2.5528784848370267,1.5528784848370265,2.7737773712096185,3.8399529809609154,2.839952980960916,3.9110209857326317,9.603491271820449,3.5448549569286887,5.700616245867155,4.4007626864412845,-10.0
1,2011-08-10 13:06:53.064323,4072,48085.0,28552567.0,2908897.0,490.175428672888,11.80869351669941,7011.927062868369,179.0,-145382.0,-145718370.0,-3039125.0,19.43065954368177,63,1,0,1.1518443086671193,0.15184430866711932,1.7726775055844357,0.48798631182411584,-0.5120136881758841,-0.8446178354302049,0.3946638498614411,-0.6053361501385589,-0.7225959287926519,0.44909014727096674,-0.5509098527290333,-0.6835529100229129,0.9934072905028426,-0.006592709497157399,-0.1680238939142326,0.4273699145989806,-0.5726300854010193,-1.0302653135902469,0.3492892812530649,-0.6507107187469351,-0.8485731909651526,1.1776155717761556,-5.4714486949996,-5.417311665952923,-5.10913016848228,3.87359585852653
1,2011-08-10 13:07:23.052921,3749,112970.0,90607225.0,4109589.0,515.4878696703121,30.1333688983729,24168.371565750866,-323.0,64885.0,62054658.0,1200692.0,25.312440997424066,153,1,0,1.045512856266384,0.045512856266384016,0.435545941505605,1.1676123737765238,0.16761237377652372,0.2641405922965303,1.270432249706077,0.27043224970607693,0.3138051212746974,1.038245199227347,0.038245199227347024,0.10369267224944786,1.038864447990823,0.038864447990822906,1.123711359711124,1.11574787911114,0.11574787911113991,0.1947658100972059,1.2260033749200874,0.22600337492008746,0.28301869233094434,-7.383399209486166,10.0,10.0,1.4766342845360898,8.122432664208969
1,2011-08-10 13:07:53.057057,3783,75988.0,47244866.0,9905202.0,509.4355229217553,20.08670367433254,12488.730108379594,34.0,-36982.0,-43362359.0,5795613.0,-6.052346748556829,61,1,0,1.0338890407215087,0.03388904072150861,0.34380768998336386,0.6858110364421725,-0.3141889635578275,-0.6510688236317641,0.5590036703022616,-0.44099632969773844,-0.6685639157648559,2.2895565941652882,1.2895565941652885,4.980607558562822,1.0253969822003202,0.02539698220032024,0.7038997532661385,0.6584162748050051,-0.3415837251949949,-0.7499649298422113,0.5408500175792181,-0.45914998242078187,-0.7499578012038519,-0.5355191256830601,-3.6326954837974825,-4.285972561318095,10.0,-10.0
1,2011-08-10 13:08:23.058866,3719,27185.0,10087131.0,1811838.0,477.1786322366227,7.309760688357085,2712.323474052165,-64.0,-48803.0,-37157735.0,-8093364.0,-32.25689068513253,274,1,0,0.9943850267379679,-0.005614973262032086,-0.06450616013876025,0.2495263726015729,-0.7504736273984272,-1.4941149050404552,0.1202019818939009,-0.8797980181060991,-1.3132043939300158,0.33807743919491867,-0.6619225608050814,-1.2817961443120047,0.9554125180608934,-0.04458748193910658,-1.1862662689054522,0.24798044284518755,-0.7520195571548125,-1.5226148846875607,0.11993772296034261,-0.8800622770396573,-1.3708211595160011,-1.7901234567901234,-10.0,-10.0,-8.83491976949934,-10.0
1,2011-08-10 13:08:53.081327,4064,49156.0,22236824.0,7789926.0,424.8390381535433,12.09547244094488,5471.6594488188975,345.0,21971.0,12149693.0,5978088.0,-52.33959408307942,70,1,0,1.057452123230641,0.05745212323064118,1.5351036914646354,0.5369951605326692,-0.46300483946733084,-0.6478406747919555,0.3169781500671767,-0.6830218499328232,-0.7323659571812684,1.5779591329415044,0.5779591329415044,0.8992403992303691,0.8624344397911431,-0.1375655602088569,-3.46645670089962,0.5080651995883199,-0.49193480041168014,-0.6936573636787333,0.30015722533949685,-0.6998427746605033,-0.7560340776513594,2.3430232558139537,2.2621643668784537,1.882610735831041,10.0,-6.6482916231255285
1,2011-08-10 13:09:23.049354,4582,82635.0,55579021.0,8654283.0,411.83965045395024,18.03470100392841,12129.860541248365,518.0,33479.0,33342197.0,864357.0,-12.999387699593058,192,1,0,1.1817197090834064,0.18171970908340637,4.0152026624741595,1.3184304240165419,0.3184304240165419,0.6043782227823115,1.3983648393902894,0.39836483939028944,0.5035580788313397,1.631316782085372,0.6313167820853721,0.9800965075643289,0.8519234630928832,-0.14807653690711678,-1.9812861836368394,1.1073201105776926,0.10732011057769274,0.1940990552171808,1.1696389614564964,0.16963896145649635,0.20704518741267489,10.0,2.1599600862027146,2.096536702917456,1.3463682146300786,-0.4158785214077862
1,2011-08-10 13:09:53.066634,3556,37006.0,12349700.0,2555566.0,510.56016806242974,10.406636670416198,3472.9190101237346,-1026.0,-45629.0,-43229321.0,-6098717.0,98.7205176084795,56,1,0,0.893602050560386,-0.10639794943961403,-1.1634445634648716,0.5317962602102697,-0.46820373978973023,-0.992705591154543,0.27351988515943254,-0.7264801148405674,-1.0459426659436921,0.39595594015872787,-0.6040440598412722,-1.1548856203644646,1.0915092747457806,0.09150927474578073,0.8987602358019957,0.5935795045810518,-0.4064204954189482,-0.8232827043197027,0.3047973841487177,-0.6952026158512823,-0.9546988680826727,-10.0,-7.603328509406657,-8.997593949986927,-6.307491089371541,7.301112968621384
1,2011-08-10 13:10:23.089254,4033,63800.0,38201381.0,3596656.0,442.0365995693032,15.819489213984626,9472.199603273,477.0,26794.0,25851681.0,1041090.0,-68.5235684931265,262,1,0,1.0233962647178239,0.023396264717823745,0.22898745268477466,1.1729234842078171,0.17292348420781703,0.3893927968246772,1.2949836479308923,0.2949836479308924,0.4197951547399329,0.5854539280846663,-0.41454607191533366,-0.6880371557179608,0.947010367253204,-0.052989632746796064,-0.5327519802401305,1.1643402541351524,0.16434025413515244,0.4186683710055655,1.3055921407130002,0.30559214071300017,0.4692959433026903,10.0,2.7635985466800066,2.6517057624809883,4.349660848005468,-10.0
1,2011-08-10 13:10:53.056497,4117,188858.0,204515885.0,6610276.0,441.7210681967452,45.87272285644888,49675.94972067039,84.0,125058.0,166314504.0,3013620.0,-0.3155313725580413,73,1,0,1.0316227322842537,0.03162273228425374,0.32065622400743543,3.6349323663687243,2.6349323663687247,6.238243435114944,7.385694916834399,6.385694916834398,9.24529088214309,1.3541058565029744,0.3541058565029745,0.552354041284324,0.9744761000073797,-0.02552389999262028,-0.2869049833554383,3.6026041853183095,2.6026041853183095,7.764588575435321,7.46805471633351,6.468054716333511,10.0,0.68,10.0,10.0,3.388521855907843,0.9765922542332004
1,2011-08-10 13:11:23.060216,3961,112395.0,92070756.0,7203345.0,433.20450444281744,28.375410249936884,23244.32113102752,-156.0,-76463.0,-112445129.0,593069.0,-8.516563753927755,211,1,0,0.973123034591195,-0.02687696540880505,-0.30055818414005936,1.3334163789728442,0.3334163789728441,0.4616026161045569,1.3829304631773252,0.38293046317732515,0.3233861587458668,1.2331662381520792,0.23316623815207918,0.5135449923587785,0.9708766905236165,-0.029123309476383478,-0.3407743257049418,1.3878353545427797,0.3878353545427798,0.5458133769871363,1.448739165402535,0.4487391654025349,0.37692935573328956,-2.9597989949748746,-3.364742412152926,-3.8916795146462757,-0.3820186902487851,-0.20095161420981383
1,2011-08-10 13:11:53.053921,3768,129294.0,111324055.0,64384229.0,503.8765968789809,34.31369426751592,29544.60058386412,-193.0,16899.0,19253299.0,57180884.0,70.6720924361635,37,1,0,0.9304163168551532,-0.0695836831448467,-0.7671338007026718,1.3337693472582701,0.3337693472582701,0.5552392861690875,1.3821632317879569,0.3821632317879568,0.4097860664790669,10.0,10.0,10.0,1.1250449881838755,0.12504498818387552,1.5082440048817092,1.4477257360559992,0.4477257360559993,0.7577994109943986,1.5074506459217036,0.5074506459217036,0.5441348413547821,-8.36893203883495,0.33612169705403316,0.37850601051649213,10.0,10.0
1,2011-08-10 13:12:23.047298,3611,37442.0,16852351.0,2571833.0,479.6788861260039,10.368872888396568,4666.948490722792,-157.0,-91852.0,-94471704.0,-61812396.0,-24.19771075297706,319,1,0,0.9289940828402367,-0.07100591715976332,-1.2239076736457943,0.35232698413295865,-0.6476730158670413,-1.1638480270410374,0.18379232299664536,-0.8162076770033546,-1.0029785165998442,0.15244995878604586,-0.8475500412139542,-0.5368476637937643,1.028736177413563,0.028736177413563116,0.356230858566052,0.3846364841124215,-0.6153635158875784,-1.1643742472750451,0.20218997024187413,-0.7978100297581259,-1.014186803744149,0.03562653562653569,-10.0,-9.473553357237165,-6.545707508849911,-2.3145650574515457
1,2011-08-10 13:12:53.094515,3233,33061.0,16462227.0,1903139.0,480.787838273121,10.226105784101454,5091.935354160223,-378.0,-4381.0,-390124.0,-668694.0,1.1089521471171224,79,1,0,0.8293996921498205,-0.17060030785017957,-3.231202494854437,0.31084697126115807,-0.6891530287388419,-1.24207987239897,0.17779148898238895,-0.822208511017611,-1.0366563188042124,0.1127901851945952,-0.8872098148054048,-0.5621230956960644,1.0449557672019434,0.044955767201943365,0.6812787486384833,0.37944680537541436,-0.6205531946245857,-1.172961577441135,0.21834304575021424,-0.7816569542497857,-1.0217883470446791,-10.0,-10.0,-1.4332158988116113,-10.0,1.1795508601942237
1,2011-08-10 13:13:23.049161,3995,50246.0,26503309.0,3440901.0,463.294778135169,12.577221526908636,6634.119899874843,762.0,17185.0,10041082.0,1537762.0,-17.493060137952,260,1,0,1.068753344034243,0.06875334403424291,0.7534227535113361,0.5014070452050694,-0.49859295479493065,-0.7597027002205015,0.3003376116663707,-0.6996623883336293,-0.7918883475434267,0.20810351677604522,-0.7918964832239548,-0.4876174420410888,0.9902555010665544,-0.009744498933445617,-0.1543815498088862,0.48689735802193296,-0.5131026419780671,-0.8543544984663557,0.29557556166679255,-0.7044244383332074,-0.8421845166000171,5.7625,3.795308890985393,3.3094463565601497,5.540143382085919,-3.2570968984571573
1,2011-08-10 13:13:53.059274,3912,57502.0,35509659.0,3089008.0,463.4594142305726,14.698875255623722,9077.111196319018,-83.0,7256.0,9006350.0,-351893.0,0.1646360954035799,81,1,0,1.053425247738044,0.053425247738043975,0.6396213976121372,0.793266710444269,-0.20673328955573098,-0.33307692639640024,0.6745430457918106,-0.3254569542081895,-0.376767179853108,0.19426880950205844,-0.8057311904979415,-0.47135440286875496,0.9815550885806179,-0.018444911419382082,-0.3331814001888077,0.7666740661958984,-0.23332593380410166,-0.39424612308956536,0.6560319863902359,-0.3439680136097642,-0.40673325055281756,-2.4016393442622954,1.261737800479035,1.2529694868299641,0.44485426937487677,-0.9618433510338537
1,2011-08-10 13:14:23.050195,3678,43134.0,17603437.0,2254336.0,444.257612391789,11.727569331158238,4786.143828167483,-234.0,-14368.0,-17906222.0,-834672.0,-19.20180183878358,300,1,0,0.993034181111291,-0.006965818888708943,-0.08569929454394647,0.701263229771253,-0.298736770228747,-0.4695272621965377,0.4259206537674005,-0.5740793462325995,-0.5945468728176289,0.14951337136093,-0.85048662863907,-0.46513810670333094,0.9289826321528284,-0.0710173678471716,-2.0409220064997857,0.7134879960575561,-0.2865120039424439,-0.4635276426576618,0.4349876012716705,-0.5650123987283295,-0.5916246285973453,-10.0,-0.3087278888018508,-0.5829097161959217,-0.01434568923255433,-4.173336488769667
1,2011-08-10 13:14:53.048667,3968,30576.0,10628043.0,2681522.0,423.04806270740926,7.705645161290323,2678.4382560483878,290.0,-12558.0,-6975394.0,427186.0,-21.209549684379738,78,1,0,1.0765641109121493,0.07656411091214928,0.9440096600364482,0.6905616911714886,-0.3094383088285114,-1.3977121383922981,0.47055479008803097,-0.529445209911969,-1.4355217965943816,1.0111916865075818,0.011191686507581894,0.047851645009396176,0.9072527527423437,-0.09274724725765628,-2.8963051534408537,0.6464614412739167,-0.35353855872608336,-2.296717448134861,0.44262548725472856,-0.5573745127452714,-1.8071973496653246,10.0,0.27123955431754876,0.6278623557518582,1.0343784593351868,-0.7787580471901717
1,2011-08-10 13:15:23.048004,4606,95335.0,81401115.0,57991497.0,356.56325773078595,20.69800260529744,17672.843030829354,638.0,64759.0,70773072.0,55309975.0,-66.48480497662331,854,1,0,1.2259129138720324,0.2259129138720324,2.664211587479398,2.2220642460574584,1.2220642460574587,4.616651092993176,3.8142466251525504,2.8142466251525504,6.162493329693365,10.0,10.0,10.0,0.7837079748929855,-0.21629202510701456,-4.466444718243523,1.8176737498751423,0.8176737498751423,3.5574426743849665,3.1259728749207607,2.1259728749207607,5.056399999749038,7.935574229691876,10.0,10.0,10.0,-4.87001927247213
1,2011-08-10 13:15:53.055599,4424,38801.0,15043829.0,2679217.0,409.3274169676763,8.770569620253164,3400.5038426763117,-182.0,-56534.0,-66357286.0,-55312280.0,52.76415923689035,147,1,0,1.0972766506275113,0.09727665062751123,1.1385385275192126,0.7009028407510306,-0.2990971592489694,-0.6770250240354387,0.4382236492766201,-0.56177635072338,-0.690535073790243,0.1928680202548721,-0.8071319797451278,-0.45473436424095104,0.9516484133649029,-0.04835158663509714,-0.46878856964915355,0.6505651327265853,-0.3494348672734146,-0.9886803029660753,0.41623203283498694,-0.583767967165013,-0.8206552275217163,-1.6627822286962854,-5.539133506760447,-6.1092102162266775,-5.930816480667878,3.123740688297539
1,2011-08-10 13:16:23.054491,4072,39773.0,18420109.0,2927758.0,447.6210432539293,9.767436149312378,4523.6024066797645,-352.0,972.0,3376280.0,248541.0,38.293626286253016,574,1,0,0.9889255877210025,-0.011074412278997562,-0.11870058390914155,0.749449779157936,-0.25055022084206396,-0.5201090829537071,0.5749597173182641,-0.4250402826817359,-0.4667668916481001,0.21309653401281423,-0.7869034659871857,-0.43700629106016875,1.067464318496257,0.06746431849625681,0.6952737467620584,0.7678722081040009,-0.23212779189599902,-0.5648801023851514,0.6013023498253325,-0.39869765017466746,-0.48435867676659144,-5.102564102564103,1.4246395806028833,2.47313839720476,2.631523046302666,4.547850539458951
1,2011-08-10 13:16:53.055622,3648,38366.0,14756095.0,2522104.0,481.5284644246162,10.516995614035087,4044.982182017544,-424.0,-1407.0,-3664014.0,-405654.0,33.90742117068692,119,1,0,0.879120879120879,-0.12087912087912095,-1.3589015604807382,0.7746982259035049,-0.22530177409649507,-0.4287838660131874,0.5155993192371754,-0.48440068076282466,-0.4673771363885607,0.18400296610472444,-0.8159970338952756,-0.4517809502816742,1.1570656464920215,0.1570656464920215,1.7748772361739529,0.8962958004250993,-0.10370419957490079,-0.2328600940101858,0.6117354543312143,-0.3882645456687857,-0.41133294138909576,-10.0,0.6031925094477975,-0.07200423650710522,-10.0,10.0
1,2011-08-10 13:17:23.057880,4119,35347.0,14131441.0,2439205.0,410.77695379266817,8.58145180869143,3430.7941247875697,471.0,-3019.0,-624654.0,-82899.0,-70.75151063194807,539,1,0,0.9940631335070952,-0.005936866492904808,-0.06493844624439943,0.7277507607545368,-0.27224923924546324,-0.5008921333577508,0.5037975940980651,-0.49620240590193493,-0.4646900751119273,0.1772623997599608,-0.8227376002400392,-0.457860324160427,0.9696880069704003,-0.03031199302959977,-0.2764373558363521,0.7467502226045033,-0.25324977739549676,-0.5539170405626335,0.5307479701957424,-0.46925202980425756,-0.48115420454755753,10.0,-2.1658976510067114,-0.09690722083964619,-2.5479631621403604,-10.0
1,2011-08-10 13:17:53.050903,4175,83428.0,56831702.0,8430847.0,413.8036461487425,19.982754491017964,13612.38371257485,56.0,48081.0,42700261.0,5991642.0,3.0266923560743635,158,1,0,1.000287507786669,0.0002875077866691787,0.0032683209808454733,1.6845837607320835,0.6845837607320835,1.3211477127131819,1.9767192506007665,0.9767192506007665,0.9525564119968981,0.6148536997222905,-0.3851463002777094,-0.21334612231767872,0.9825251182574675,-0.0174748817425325,-0.15722318058964965,1.7127745701746764,0.7127745701746763,1.6277494315940022,2.057947065289564,1.057947065289564,1.1288048581512349,0.8543046357615894,10.0,10.0,10.0,2.2332595110611577
1,2011-08-10 13:18:23.057381,3434,27390.0,9365137.0,1962228.0,489.758577012813,7.976121141525917,2727.18025626092,-741.0,-56038.0,-47466565.0,-6468619.0,75.95493086407049,144,1,0,0.8401017712104902,-0.1598982287895097,-2.328053743048432,0.5809982393992745,-0.41900176060072547,-0.9706052571048778,0.3928883804875279,-0.6071116195124722,-0.7813949637329523,0.5163994079518689,-0.48360059204813105,-0.7079938514936877,1.1320979018026371,0.13209790180263714,1.8092338329633708,0.6921408209363746,-0.3078591790636253,-0.7401931947136482,0.47000469232556324,-0.5299953076744368,-0.7004046323730684,-7.59628770301624,-10.0,-8.659686415788608,0.3474037366338012,5.634732307323326
1,2011-08-10 13:18:53.055472,8642,42926.0,11500208.0,3385157.0,192.78951316535523,4.9671372367507525,1330.7345521869938,5208.0,15536.0,2135071.0,1422929.0,-296.9690638474578,125,1,0,2.221822295351707,1.221822295351707,10.0,0.9568710321706255,-0.04312896782937448,-0.08760137419820145,0.5065970785788515,-0.49340292142114844,-0.5788576057803839,0.9258097327982684,-0.0741902672017316,-0.10080908856680394,0.4296645543298393,-0.5703354456701607,-6.951697769599944,0.43705748218552726,-0.5629425178144728,-1.3007446585003515,0.23478902637697513,-0.7652109736230248,-0.9655162787231741,10.0,7.807466479712559,2.879896814266384,10.0,-10.0
1,2011-08-10 13:19:23.056845,4528,46295.0,21378044.0,5849937.0,372.5809933975265,10.224160777385158,4721.299469964664,-4114.0,3369.0,9877836.0,2464780.0,179.7914802321713,126,1,0,0.9426263635606628,-0.05737363643933723,-0.12709659491248623,1.017664877317471,0.01766487731747096,0.036611449551413294,1.0028675535560334,0.002867553556033451,0.003060976193437838,1.560853865097336,0.560853865097336,0.787969794054308,0.9367652753672439,-0.06323472463275619,-0.20900607136709254,0.9826301628114376,-0.01736983718856248,-0.03163659695926967,0.938774640235271,-0.061225359764728995,-0.06279657090932471,-5.50109409190372,4.342530922930543,8.137266848181786,10.0,4.527653743822038
1,2011-08-10 13:19:53.051033,4053,47809.0,25280851.0,5386728.0,549.8004255006168,11.795953614606464,6237.565013570195,-475.0,1514.0,3902807.0,-463209.0,177.2194321030903,106,1,0,0.8139207968511526,-0.18607920314884735,-0.4443471958560945,1.0155446798025372,0.015544679802537173,0.033896267312890846,1.116580931920077,0.11658093192007692,0.1343763722699386,1.22051858096029,0.22051858096029012,0.36042402500914383,1.4624610127875994,0.46246101278759943,1.56830956665966,1.1401104750500093,0.14011047505000931,0.25375129072828845,1.2077821809854021,0.20778218098540208,0.2199530034394978,-3.6988636363636362,-0.045276831882961256,1.9468718348631198,-1.6959619067423157,9.133251301401243
1,2011-08-10 13:20:23.091671,3354,50946.0,29605894.0,6203423.0,491.8888844788312,15.189624329159212,8827.040548598688,-699.0,3137.0,4325043.0,816695.0,-57.91154102178558,137,1,0,0.6753382731958764,-0.32466172680412364,-0.7706304323567905,1.0277670184952068,0.02776701849520677,0.06683825685741111,1.1903690939030482,0.19036909390304815,0.24841650430484588,1.2399457411317742,0.2399457411317743,0.48526647449113436,1.2183108084535177,0.21831080845351772,0.6467028859676516,1.3822288381606735,0.38222883816067366,0.7440920845752588,1.5416169426946689,0.5416169426946689,0.6474301128432892,-10.0,0.25862622372010907,0.9395837986045898,0.3853920732764427,-3.082797253957315
1,2011-08-10 13:20:53.049422,4011,49717.0,25581043.0,4935047.0,413.6785206551982,12.395163300922464,6377.722014460234,657.0,-1229.0,-4024851.0,-1268376.0,-78.21036382363303,105,1,0,0.8352421806671942,-0.16475781933280575,-0.3597310953882198,1.154244402551935,0.15424440255193492,0.7198032867481836,1.3168438025628586,0.31684380256285855,0.7039948323034028,1.0828420948650166,0.0828420948650165,0.20801785232534495,0.9864433704098923,-0.01355662959010772,-0.040012131635863,1.235735052518325,0.23573505251832505,0.6124240660996614,1.3373951944573796,0.33739519445737953,0.5469250503809467,5.00121802679659,0.8108182993658026,0.2608390171560748,-1.8471813179708936,-6.008012109344878
1,2011-08-10 13:21:23.050346,3258,26709.0,7666508.0,1899855.0,452.8478102194598,8.197974217311234,2353.133210558625,-753.0,-23008.0,-17914535.0,-3035192.0,39.16928956426159,68,1,0,0.6625183016105417,-0.3374816983894583,-0.7815347933264924,0.5618381694033902,-0.4381618305966099,-6.649402018999907,0.33819037700831894,-0.661809622991681,-2.1777907554088753,0.36875649546208555,-0.6312435045379144,-2.9637503941348093,1.1205008631832418,0.12050086318324188,0.3564338873327007,0.751114886730724,-0.248885113269276,-0.7190100883368065,0.4279301416227415,-0.5720698583772585,-1.1415914704748966,-7.525129982668977,-6.152505934518745,-6.523753961079941,-6.104905478604651,3.574215335760668
1,2011-08-10 13:21:53.057998,3647,58002.0,36191127.0,3095842.0,462.3047680767754,15.904030710172744,9923.53358925144,389.0,31293.0,28524619.0,1195987.0,9.456957857315617,75,1,0,0.949541762132889,-0.050458237867111067,-0.365779089267212,1.3094421065939426,0.30944210659394256,1.3719677213283508,1.6523766636709616,0.6523766636709617,1.6862027468144845,0.6376608188098121,-0.36233918119018793,-1.0229134440289018,1.0134721376166564,0.013472137616656416,0.08953058114793117,1.3757127451848505,0.3757127451848506,1.6713317646783312,1.7399475781549336,0.7399475781549336,1.772075984653816,1.361255572065379,10.0,10.0,5.026073485392196,-0.8181761942525503
1,2011-08-10 13:22:23.053387,3974,46905.0,28017049.0,3632272.0,429.5726779033719,11.802969300452943,7050.087820835431,327.0,-11097.0,-8174078.0,536430.0,-32.73209017340349,79,1,0,1.0844294056650112,0.08442940566501121,0.8476289240632569,1.0057551365236745,0.00575513652367457,0.022771209881380067,1.1267626654284537,0.12676266542845377,0.2980885861187844,0.8438942711258058,-0.15610572887419413,-0.3813425918227439,0.9060725153113357,-0.09392748468866435,-0.8780506545046194,0.9296202521266193,-0.07037974787338072,-0.291289276665098,1.0454178647987218,0.04541786479872182,0.10487312230024347,2.855845629965948,-5.739472110702998,-3.7590738538358286,1.9738770812190574,-2.824047767184147
1,2011-08-10 13:22:53.058153,3496,69588.0,32422255.0,3761510.0,492.70938682580095,19.905034324942797,9274.100400457666,-478.0,22683.0,4405206.0,129238.0,63.13670892242902,59,1,0,0.9581232185924139,-0.041876781407586106,-0.44267601342869983,1.497939977354819,0.4979399773548189,1.9651427531458767,1.2758476849590956,0.2758476849590956,0.6569035384585766,0.9514890365432034,-0.0485109634567966,-0.11521870058390281,1.0947673502472264,0.09476735024722639,1.4117877522890474,1.5675782789559225,0.5675782789559225,2.3497585109238512,1.3428457763845598,0.34284577638455993,0.8142537886432373,-10.0,10.0,7.0498670052386565,1.3683135969212108,3.6257128734513464
1,2011-08-10 13:23:23.055689,3119,33040.0,18142606.0,1746710.0,554.1158807444695,10.593138826546973,5816.802180185957,-377.0,-36548.0,-14279649.0,-2014800.0,61.4064939186685,39,1,0,0.8481997171761123,-0.1518002828238877,-1.7456821939173142,0.6583745481645618,-0.3416254518354382,-1.084466914230533,0.6984481018499349,-0.30155189815006517,-0.711016688576238,0.5041148023328315,-0.49588519766716854,-1.5583146436048532,1.2307597185351649,0.23075971853516483,3.406845743795004,0.7765641914408917,-0.22343580855910827,-0.6861931217598454,0.8314806766255673,-0.16851932337443262,-0.39460992244182025,-10.0,-10.0,-10.0,-3.125454100944628,10.0
1,2011-08-10 13:23:53.074378,3758,38788.0,18040325.0,3077806.0,452.7792620119745,10.3214475784992,4800.512240553486,639.0,5748.0,-102281.0,1331096.0,-101.33661873249495,25,1,0,1.0740825425860294,0.07408254258602943,0.7727689509077588,0.8279400966513549,-0.17205990334864504,-0.4582362452469814,0.7367033665471396,-0.26329663345286036,-0.5571962493917952,1.088626503225162,0.0886265032251621,0.26336699986788736,0.9466228237951755,-0.053377176204824524,-0.5313827808816944,0.7771805995522023,-0.22281940044779763,-0.6381770934208745,0.697390907881679,-0.30260909211832093,-0.6881869982310099,4.581838565022421,2.7233315344486417,0.9312483254210528,3.087445586837276,-4.607893891913046
1,2011-08-10 13:24:23.055880,4300,42978.0,18597027.0,5688297.0,405.98415718534886,9.994883720930233,4324.89,542.0,4190.0,556702.0,2610491.0,-46.79510482662562,323,1,0,1.1948427253528953,0.19484272535289535,2.192270371085738,0.8723911287212319,-0.1276088712787681,-0.42677518357666683,0.7001188253934871,-0.2998811746065128,-0.9647623703851959,1.8572041916816746,0.8572041916816746,3.290909129031938,0.848812914615164,-0.15118708538483605,-1.504776373860362,0.7292701444277143,-0.27072985557228574,-0.8997420684953441,0.5865842600650779,-0.4134157399349221,-1.3889874815641414,4.42,0.7344151005877969,-0.7316792844909449,10.0,-10.0
1,2011-08-10 13:24:53.055363,3112,24950.0,8225200.0,1929883.0,501.8545720221722,8.017352185089974,2643.0591259640105,-1188.0,-18028.0,-10371827.0,-3758414.0,95.87041483682331,15,1,0,0.8344505818630342,-0.16554941813696575,-1.369217736493428,0.5393451765896091,-0.46065482341039093,-1.5202078883046566,0.3569368462019832,-0.6430631537980168,-2.1997726933054738,0.5388749228985187,-0.4611250771014813,-1.1609598589420438,1.0745607982703278,0.0745607982703278,0.5977226976138299,0.6401848960661962,-0.3598151039338038,-1.0773630969145354,0.4226677436415947,-0.5773322563584052,-1.8176496606129153,-10.0,-4.999733759318424,-1.9475298537577939,-8.248754558902661,9.51113058962019
1,2011-08-10 13:25:23.047728,3650,31918.0,14270024.0,2149029.0,461.06196935534246,8.744657534246576,3909.595616438356,538.0,6968.0,6044824.0,219146.0,-40.79260266682974,169,1,0,1.0261456283384875,0.02614562833848749,0.1873120330795643,0.7623337664322837,-0.23766623356771635,-0.5885911671106141,0.74768997457785,-0.25231002542215,-0.5578711106620504,0.6631083929690846,-0.33689160703091536,-0.682424084331116,0.9575759837162698,-0.04242401628373021,-0.36775671690344325,0.7431906822480132,-0.25680931775198684,-0.6483131949987504,0.7277900593866404,-0.2722099406133595,-0.5933441648526622,4.120649651972157,2.586882259166477,2.527099362975132,1.6436425517317137,-3.8217718395553035
1,2011-08-10 13:25:53.065016,4043,43021.0,20291895.0,2885496.0,484.5734673002721,10.640860746970072,5019.019292604502,393.0,11103.0,6021871.0,736467.0,23.51149794492966,18,1,0,1.1268744077150343,0.12687440771503422,0.9167360065233552,1.252985309365425,0.25298530936542507,1.2599027173963095,1.3129632616070706,0.31296326160707066,1.0991892376877743,0.9887439627597149,-0.011256037240285162,-0.020141303126793436,1.0198129377800047,0.019812937780004602,0.16887089813470466,1.1160615090509196,0.11606150905091969,1.0020888500605083,1.1674929466881172,0.1674929466881173,0.6168867598661044,10.0,2.473719139899124,2.658713741578101,3.28364551272232,4.714599772142013
1,2011-08-10 13:26:23.049498,4914,47142.0,18778483.0,7610315.0,353.0491099249084,9.593406593406591,3821.425111925112,871.0,4121.0,-1513412.0,4724819.0,-131.5243573753637,340,1,0,1.3025499655410062,0.3025499655410062,2.547629502114752,1.2975695686878974,0.2975695686878974,1.3842711357917832,1.1821597779354427,0.18215977793544263,0.6010663817316904,2.418966237015441,1.4189662370154408,2.974707994093117,0.7654169868274057,-0.2345830131725944,-2.9672629567457913,1.0051935319981604,0.005193531998160353,0.04442042611015573,0.9231799363945792,-0.0768200636054208,-0.3381605377892287,3.713203463203463,1.0644224025648734,-4.520727086957594,10.0,-8.456413062289124
1,2011-08-10 13:26:53.050823,3491,80965.0,60530523.0,17494840.0,474.18311842308793,23.19249498710971,17339.02119736465,-1423.0,33823.0,41752040.0,9884525.0,121.13400849817953,70,1,0,0.8719216744093111,-0.12807832559068888,-0.7564489888825311,2.130556973617039,1.130556973617039,4.654128907035519,3.7754826504006,2.7754826504006003,9.06801852666463,4.316937949032276,3.3169379490322766,5.395869156296943,1.0745028698003125,0.07450286980031248,0.5375231277379067,2.4677508069414618,1.4677508069414615,10.0,4.396751886858228,3.3967518868582283,10.0,-7.15484429065744,10.0,10.0,9.904032402362576,7.073088527551202
1,2011-08-10 13:27:23.058931,4297,82174.0,52620131.0,10148487.0,383.18780661554575,19.12357458692111,12245.783337212008,806.0,1209.0,-7910392.0,-7346353.0,-90.99531180754218,645,1,0,1.118427902134305,0.11842790213430505,0.6632360626845378,1.8020930191757751,0.8020930191757751,1.6900696275487286,2.1548649066463,1.1548649066463001,1.3607077866045088,1.5822615044676476,0.5822615044676475,0.5646729713911178,0.8422738398086062,-0.15772616019139388,-1.2186388452387231,1.5886330570130467,0.5886330570130467,1.1226051916268078,1.8706064881228752,0.8706064881228752,0.9356174595153356,5.981458590852904,-0.8408666122620897,-1.9432068339830286,-4.111136341941921,-7.671312154618887
1,2011-08-10 13:27:53.050841,3594,26288.0,8603885.0,1919075.0,459.3635735584307,7.314412910406233,2393.9579855314414,-703.0,-55886.0,-44016246.0,-8229412.0,76.17576694288493,107,1,0,0.8810983084089238,-0.11890169159107625,-0.8587669642220673,0.46083724843980084,-0.5391627515601991,-1.332896528271012,0.2583888049818124,-0.7416111950181876,-1.1460984316719114,0.23816856696409144,-0.7618314330359085,-0.9851839146986947,1.0652870012046984,0.06528700120469841,0.47585110123985264,0.5129681941187338,-0.48703180588126616,-1.0692267044821095,0.2827408498442098,-0.7172591501557902,-1.00099796633152,-3.9662447257383966,-5.883091010764715,-5.957350423632825,-6.006575325931266,4.209650430845536
1,2011-08-10 13:28:23.074252,3836,46062.0,19155242.0,2700081.0,443.8128548271637,12.007820646506778,4993.545881126173,242.0,19774.0,10551357.0,781006.0,-15.550718731266954,531,1,0,0.9430158808200992,-0.056984119179900726,-0.40253934138979186,0.8237419077935548,-0.17625809220644514,-0.3992199973217003,0.5955309151504179,-0.4044690848495821,-0.5680201517221557,0.33701965187513483,-0.6629803481248652,-0.8449833549324716,1.0300355029534167,0.030035502953416806,0.21952264999153934,0.8593618868325215,-0.1406381131674785,-0.2880657453598056,0.61166620536571,-0.38833379463428996,-0.4968099004548524,10.0,10.0,10.0,10.0,-10.0
1,2011-08-10 13:28:53.051985,4258,46980.0,25815070.0,2612964.0,408.9049049701738,11.033348990136217,6062.721935180836,422.0,918.0,6659828.0,-87117.0,-34.907949856989944,113,1,0,1.057520365587125,0.05752036558712495,0.3956037537053484,0.8311190209141955,-0.1688809790858044,-0.3924312606068989,0.808295780584101,-0.191704219415899,-0.26555149753849133,0.3276624830793164,-0.6723375169206836,-0.8477867017457899,0.9673201863761551,-0.03267981362384485,-0.2652088051522527,0.7744689150964255,-0.22553108490357457,-0.4809278602915363,0.7430947615060904,-0.2569052384939096,-0.3283013942645223,10.0,0.5093719171325221,10.0,-1.3492435887064154,-3.282068857530085
1,2011-08-10 13:29:23.055057,3751,127839.0,120661029.0,3464510.0,486.30350958251137,34.0813116502266,32167.69634764063,-507.0,80859.0,94845959.0,851546.0,77.39860461233758,313,1,0,0.9629800780447731,-0.0370199219552269,-0.3886415522036811,2.2628854847788604,1.2628854847788606,2.9310089652690676,3.6185676063372223,2.618567606337222,3.923816775326022,0.4966975763780174,-0.5033024236219825,-0.5181663886107774,1.1207979057866468,0.12079790578664676,1.405086342331198,2.34488350377964,1.3448835037796398,3.027064559682453,3.7373851134968494,2.7373851134968494,3.878319596607551,-2.8643292682926833,10.0,10.0,1.851997388216277,5.928431020417306
1,2011-08-10 13:29:53.064491,3389,58985.0,48182793.0,2274398.0,520.0153510852759,17.404839185600473,14217.407199763942,-362.0,-68854.0,-72478236.0,-1190112.0,33.71184150276457,80,1,0,0.8585832995541144,-0.14141670044588564,-1.7772951591385264,0.8954949702893336,-0.10450502971066647,-0.17179630414355646,1.0619716818060418,0.06197168180604176,0.062318813521531714,0.5455469499163761,-0.4544530500836239,-0.5593533670675991,1.1918359702383263,0.19183597023832644,2.0512508031894696,1.0414517437994628,0.041451743799462794,0.06529817782915015,1.2285254703428914,0.22852547034289133,0.21915550140087564,-7.961538461538462,-8.344583351111492,-7.026744228628311,0.5758788282242827,10.0
1,2011-08-10 13:30:23.051747,3536,93509.0,74031777.0,4401144.0,483.248554007353,26.44485294117647,20936.588518099543,147.0,34524.0,25848984.0,2126746.0,-36.76679707792295,497,1,0,0.9390269810919907,-0.060973018908009324,-0.7094896708897678,1.5271562677606694,0.5271562677606694,0.8268397537858777,1.664248637157406,0.664248637157406,0.6568662199796387,1.6965286020506625,0.6965286020506624,3.1370866613247212,1.0422026258734067,0.04220262587340676,0.46449919826413394,1.6156092893011447,0.6156092893011448,0.9561251592787131,1.7495172789889901,0.7495172789889902,0.7396270094302623,1.8094713656387666,8.444046746302126,10.0,2.3504711465669232,-2.34354516191938
1,2011-08-10 13:30:53.049569,3347,29922.0,12030396.0,4990351.0,473.3122173164028,8.939946220495967,3594.3818344786378,-189.0,-63587.0,-62001381.0,589207.0,-9.936336690950212,77,1,0,0.8915823122003197,-0.10841768779968033,-1.225067545303982,0.40069635085369937,-0.5993036491463006,-1.2641607015779783,0.20897284867110721,-0.7910271513288928,-1.1025615805931903,1.6146766567245388,0.6146766567245389,2.2295226179247147,1.0103642000445159,0.010364200044515806,0.1132691009160271,0.4426935619119658,-0.5573064380880342,-1.1388507416804712,0.2292979965221557,-0.7707020034778442,-1.0717099732356774,-10.0,-5.72969756474911,-5.738146003542343,0.18692711604713652,-3.08003869046469
1,2011-08-10 13:31:23.082305,3632,42023.0,23618865.0,5123475.0,418.9630921773128,11.57020925110132,6502.991464757709,285.0,12101.0,11588469.0,133124.0,-54.349125139090006,363,1,0,0.9933811060664078,-0.006618893933592205,-0.06510890521696065,0.5881702520749647,-0.41182974792503535,-0.7507044211130129,0.420682092382344,-0.579317907617656,-0.755604203883198,1.4437719176974697,0.44377191769746976,1.3666114382944645,0.8832233401648055,-0.11677665983519452,-1.3645771222509095,0.5908938305437704,-0.40910616945622963,-0.7565963253426208,0.4223884898565255,-0.5776115101434746,-0.7655339830449703,3.914110429447853,4.748760842627013,9.132434722097853,-0.7093705109004615,-10.0
1,2011-08-10 13:31:53.060306,3703,288891.0,329840523.0,5364157.0,570.6878398509317,78.01539292465569,89073.86524439644,71.0,246868.0,306221658.0,240682.0,151.72474767361894,91,1,0,1.0487114131973945,0.048711413197394506,1.0249449859068969,4.10032701446017,3.1003270144601704,5.457784331434605,5.921204358562464,4.921204358562464,6.3104216195512075,1.3242296117316397,0.3242296117316397,1.1045529915924166,1.1979964799104719,0.19799647991047195,2.5776147377176346,3.9625393240056046,2.9625393240056046,5.56472722332489,5.752708639967901,4.752708639967901,6.382853296991064,1.5670926517571884,10.0,10.0,-0.5206513733658208,10.0
1,2011-08-10 13:32:23.054104,4137,235363.0,211815377.0,83380124.0,387.24170385665946,56.89219240995891,51200.236161469664,434.0,-53528.0,-118025146.0,78015967.0,-183.44613599427225,1029,1,0,1.174816834213665,0.17481683421366498,4.029273875047358,2.292511639685972,1.292511639685972,1.242264368698999,2.171555115950431,1.171555115950431,0.8655139941348345,10.0,10.0,10.0,0.7850893192496771,-0.21491068075032294,-1.8791105928731204,1.9979665074123742,0.9979665074123741,0.9971985598858043,1.9058308903372587,0.9058308903372588,0.6868496354027217,10.0,-2.6618235104189947,-3.821145221816055,10.0,-10.0
1,2011-08-10 13:32:53.050906,3743,51052.0,32886380.0,5103979.0,428.6505243435747,13.639326743254074,8786.10205717339,-394.0,-184311.0,-178928997.0,-78276145.0,41.40882048691526,215,1,0,1.0196131844184146,0.0196131844184146,0.2459107322487594,0.37009865044337603,-0.629901349556624,-0.7401931929458243,0.25245290172687856,-0.7475470982731214,-0.7111900112334893,0.24714390965318933,-0.7528560903468107,-0.443363957048186,0.9184895721923544,-0.08151042780764563,-0.5417270594177536,0.374989888305438,-0.625010111694562,-0.7555260824748821,0.25644157933551953,-0.7435584206644805,-0.7079346927274849,-3.6336898395721926,-6.224886323691163,-6.467401193151115,-5.825562192735936,2.5593764783615316
1,2011-08-10 13:33:23.064820,3804,143794.0,86947727.0,9165949.0,442.6880574290221,37.80073606729759,22856.92087276551,61.0,92742.0,54061347.0,4061970.0,14.037533085447365,526,1,0,1.024674065294688,0.024674065294688047,0.3232034991687618,1.1108055452985008,0.11080554529850091,0.11679148855904982,0.712462572469519,-0.28753742753048095,-0.2466251516744678,0.4408313334536208,-0.5591686665463792,-0.3323001001355051,0.9712947600605328,-0.02870523993946717,-0.1836487518824952,1.117987452853373,0.11798745285337305,0.12604497346028862,0.718059464643192,-0.28194053535680796,-0.23939073164880506,0.4734299516908213,10.0,7.569549808937315,10.0,2.2855347685523
1,2011-08-10 13:33:53.058139,3281,158574.0,139803952.0,81682524.0,520.5907252048156,48.330996647363605,42610.16519353855,-523.0,14780.0,52856225.0,72516575.0,77.90266777579353,165,1,0,0.8625584941374415,-0.13744150586255854,-2.661026747681097,1.0417107353213606,0.04171073532136063,0.05793705125502296,1.020304638530502,0.02030463853050201,0.021185446752299206,3.7767834939020886,2.776783493902089,1.7375188284512608,1.1577784373691657,0.15777843736916564,1.003906822515482,1.2209862536707885,0.22098625367078856,0.3074659464482272,1.1940964448528895,0.19409644485288938,0.1993022288781757,-6.722100656455142,-0.35102571308135455,2.527636682625546,10.0,10.0
1,2011-08-10 13:34:23.052691,3558,104374.0,92625042.0,3391510.0,433.91150414165264,29.33501967397414,26032.89544688027,277.0,-54200.0,-47178910.0,-78291014.0,-86.67922106316297,469,1,0,0.9529676451682023,-0.047032354831797706,-0.5746121289949275,0.5946057419953195,-0.40539425800468054,-0.7808542571117538,0.5779716729400677,-0.4220283270599324,-0.5851806363459698,0.09181293964739484,-0.9081870603526052,-0.8053743678838265,0.923271421207201,-0.07672857879279907,-0.48621315102676976,0.6250040283790648,-0.3749959716209353,-0.7406112900078488,0.6067502065586724,-0.39324979344132754,-0.5498482197820753,4.945868945868946,-3.3251623752691954,-3.0303341512323354,-6.113113016855786,-5.264549831624315
1,2011-08-10 13:34:53.057649,5562,42211.0,21396392.0,2217494.0,290.1381478126573,7.589176555195973,3846.888169723121,2004.0,-62163.0,-71228650.0,-1174016.0,-143.77335632899536,196,1,0,1.501376666846623,0.5013766668466232,5.879105234718894,0.3044836883995978,-0.6955163116004022,-1.4130249062993205,0.18965793621362026,-0.8103420637863797,-1.362994926284271,0.06067875474282027,-0.9393212452571797,-0.8166098751231231,0.6555068458797159,-0.34449315412028414,-3.1425181551087764,0.20401201829148355,-0.7959879817085165,-1.7624928034133371,0.12697147097286324,-0.8730285290271368,-1.5773250932879557,10.0,-0.684478936900123,-0.5013491046142978,-1.9757376763303316,-4.255783304305966
1,2011-08-10 13:35:23.079183,3510,26926.0,11304080.0,1791783.0,437.1141363851852,7.671225071225071,3220.5356125356125,-2052.0,-15285.0,-10092312.0,-425711.0,146.9759885725279,426,1,0,0.8797874473631442,-0.1202125526368558,-0.5315703593258067,0.2692573074269257,-0.7307426925730742,-1.3869798198803025,0.15126177993288667,-0.8487382200671133,-1.3154679710199144,0.0882117621472461,-0.9117882378527539,-0.5382655625249045,1.0328886649370737,0.0328886649370737,0.1672102783651271,0.28059587849872375,-0.7194041215012763,-1.1692174058708686,0.1546357296214579,-0.8453642703785421,-1.149082223194317,-8.2,0.604327162027833,0.7349972220469508,0.9737741987907489,8.568002376036889
1,2011-08-10 13:35:53.048203,3672,47421.0,29351862.0,2079450.0,426.99699213888886,12.91421568627451,7993.426470588235,162.0,20495.0,18047782.0,287667.0,-10.117144246296334,241,1,0,0.9312706061374588,-0.06872939386254122,-0.2933185596970905,0.4982464029721841,-0.5017535970278159,-0.8092007878990191,0.4168384459938591,-0.5831615540061409,-0.766560943044678,0.1058252245360423,-0.8941747754639577,-0.5048478357311116,1.0049624263160388,0.004962426316038745,0.02526243203455046,0.4939377661655182,-0.5060622338344818,-0.7272946102001555,0.4054802115683664,-0.5945197884316337,-0.7074406819594486,4.476394849785407,5.247492331924065,5.1811535378527775,1.4342541926866648,-6.976847826056085
1,2011-08-10 13:36:23.051699,4084,135398.0,116580813.0,22682528.0,451.265944329334,33.15328109696376,28545.742654260528,412.0,87977.0,87228951.0,20603078.0,24.26895219044513,339,1,0,1.0427411530409028,0.04274115304090285,0.17985773387808326,1.7838716647431134,0.7838716647431135,1.0867011846001153,1.979426230378858,0.9794262303788578,1.0433141548786187,1.2440676297638682,0.24406762976386823,0.1254403090147084,1.0699836920404036,0.06998369204040344,0.3559548461619563,1.566188710264074,0.5661887102640739,0.6809304603557383,1.7051618227647891,0.7051618227647892,0.6869813073106588,10.0,5.564400817656399,8.572501168269632,10.0,8.733366645827996
1,2011-08-10 13:36:53.053444,4999,141105.0,116834686.0,36854650.0,350.0901470294059,28.22664532906581,23371.61152230446,915.0,5707.0,253873.0,14172122.0,-101.17579729992808,140,1,0,1.226086529971549,0.22608652997154915,1.0715438008807663,1.9799764263463644,0.9799764263463643,1.5072503203787166,2.1535697490039647,1.1535697490039647,1.3266534080507564,5.729397021680194,4.729397021680194,3.341460805200771,0.8583052844480431,-0.1416947155519569,-0.8702276175051896,1.5566808308016142,0.5566808308016141,0.8248982768166356,1.6780430237728856,0.6780430237728856,0.7636632971169934,4.697384806973848,2.231230583362099,1.0546594928446151,2.2010273695611775,-6.297231669700909
1,2011-08-10 13:37:23.051741,3881,90805.0,69758130.0,14000074.0,481.8424782032981,23.397320278278794,17974.26694150992,-1118.0,-50300.0,-47076556.0,-22854576.0,131.75233117389223,348,1,0,0.8890365144087599,-0.11096348559124013,-0.5480361098394481,1.1551006077937014,0.15510060779370127,0.2216929642376837,1.180469110490278,0.18046911049027795,0.20128714773087716,1.0666575950457369,0.06665759504573689,0.05468448940940531,1.2319522286112152,0.23195222861121512,1.3197695181759428,1.306316759680021,0.30631675968002087,0.45755834753166286,1.3417997014575778,0.34179970145757776,0.38942676575599705,-4.879250520471895,-7.847077400560834,-10.0,-4.414888142595106,8.85911465245428
1,2011-08-10 13:37:53.054936,3454,83362.0,61563198.0,6073311.0,515.9562389808917,24.13491603937464,17823.740011580776,-427.0,-7443.0,-8194932.0,-7926763.0,34.1137607775936,173,1,0,0.8572421324332374,-0.1427578675667626,-0.9855042410205042,0.9437456838482526,-0.056254316151747405,-0.09721334316265605,0.8952574646350008,-0.10474253536499922,-0.14816212653165245,0.3922897470477558,-0.6077102529522442,-0.6350771549287034,1.2014015478083142,0.20140154780831424,1.767062991907472,1.1453255711668864,0.14532557116688635,0.289147044362402,1.0987985850101953,0.09879858501019524,0.1523186201534458,-0.2700773349196907,-1.7658352883071984,-1.8472536698329578,-4.363763708797224,-0.11025064723162209
1,2011-08-10 13:38:23.068255,3855,1432836.0,1441373090.0,31846033.0,438.3161682954605,371.6824902723735,373897.0402075227,401.0,1349474.0,1379809892.0,25772722.0,-77.64007068543128,360,1,0,0.9594325535092085,-0.040567446490791435,-0.2732559835180104,10.0,10.0,10.0,10.0,10.0,10.0,1.9491998979116334,0.9491998979116334,1.1138984507024212,0.9844705292810993,-0.01552947071890063,-0.11014125917459906,10.0,10.0,10.0,10.0,10.0,10.0,10.0,10.0,10.0,10.0,-5.923769669332695
1,2011-08-10 13:38:53.056762,3911,150908.0,109319763.0,6296031.0,416.74974472129895,38.585527997954486,27951.869854257224,56.0,-1281928.0,-1332053327.0,-25550002.0,-21.56642357416149,145,1,0,0.9645834360972723,-0.035416563902727745,-0.24964917855060506,0.4006039800244862,-0.5993960199755137,-0.38207822000371783,0.3026387319260814,-0.6973612680739186,-0.41680203783105757,0.2824431763553949,-0.7175568236446052,-1.2692027868183688,0.9312964258204101,-0.06870357417958989,-0.4946433806254046,0.4014352610438361,-0.5985647389561639,-0.373366414157223,0.30276341984408867,-0.6972365801559113,-0.4087874813757061,0.5300546448087431,-5.626512633398657,-5.7168318031830605,-5.291725724783393,-10.0
1,2011-08-10 13:39:23.073347,3676,310324.0,380323419.0,7078418.0,436.0447706945049,84.4189336235038,103461.21300326442,-235.0,159416.0,271003656.0,782387.0,19.29502597320589,474,1,0,0.9144278606965174,-0.08557213930348259,-0.5949580663007135,0.8170652590604818,-0.18293474093951817,-0.11787801902383022,1.0571299956796205,0.05712999567962044,0.03396667775815043,0.37227362096256994,-0.6277263790374301,-0.8249629107888944,0.9896816203433787,-0.010318379656621348,-0.07155667270207852,0.868459478661696,-0.13154052133830396,-0.08326842622777701,1.1220938704085257,0.12209387040852561,0.07146374958484787,-5.791907514450867,10.0,10.0,1.2387291804953797,3.7950681408033975
1,2011-08-10 13:39:53.047420,3483,42065.0,18643807.0,7123141.0,450.5615147272466,12.07723227103072,5352.801320700545,-193.0,-268259.0,-361679612.0,44723.0,14.51674403274177,184,1,0,0.927464451190286,-0.07253554880971404,-1.4206917520277167,0.10169298943301898,-0.898307010566981,-0.6439768400347079,0.04520066695190933,-0.9547993330480907,-0.6675548616946635,0.545467846160804,-0.454532153839196,-0.539523142885856,0.9842274983688312,-0.01577250163116886,-0.17913974692153434,0.11136854369602431,-0.8886314563039757,-0.6457063787455941,0.04946147566218556,-0.9505385243378145,-0.6733178539313404,0.27059712773998496,-8.926385334980113,-7.863284207298534,1.0075098487948375,-0.15555769929825453
1,2011-08-10 13:40:23.050762,3693,106373.0,81084461.0,5998867.0,436.8209272824262,28.803953425399403,21956.258055781207,210.0,64308.0,62440654.0,-1124274.0,-13.740587444820392,391,1,0,1.0046792534958375,0.004679253495837591,0.08251540883932827,0.2633653462870668,-0.7366346537129331,-0.5092913979222757,0.20157995864324915,-0.7984200413567508,-0.5372692695117652,0.5134527430008565,-0.4865472569991435,-0.5039087559173742,0.9674331702291482,-0.032566829770851756,-0.38697601739436976,0.2712752142009519,-0.7287247857990482,-0.5126566876223192,0.20772764513196967,-0.7922723548680304,-0.5411915234398542,3.63819095477387,7.597045547804678,7.107941016845708,0.18257601171917778,-1.1963178108852186
1,2011-08-10 13:40:53.049331,3719,91185.0,70203265.0,3951039.0,424.0830602126916,24.518687819306265,18876.919870933045,26.0,-15188.0,-10881196.0,-2047828.0,-12.737867069734648,128,1,0,0.9987646363734021,-0.0012353636265978916,-0.027310984069087524,0.22321843852600678,-0.7767815614739932,-0.5460404642941051,0.17285104949734348,-0.8271489505026566,-0.5645765123643915,0.3386073340373371,-0.6613926659626629,-0.6835566881248848,0.9733403681784584,-0.02665963182154158,-0.957875635598934,0.2289035334479174,-0.7710964665520826,-0.5494980035011386,0.1772084116873265,-0.8227915883126734,-0.5685529163004793,-0.45606694560669453,-4.300160792664379,-3.7870112707359147,-10.0,0.1951843749430987
1,2011-08-10 13:41:23.050848,3224,138826.0,119441345.0,5013633.0,541.20189325,43.06017369727047,37047.56358560794,-495.0,47641.0,49238080.0,1062594.0,117.11883303730843,79,1,0,0.8721999783573207,-0.1278000216426794,-3.1059594924137226,0.990404577266339,-0.009595422733661029,-0.013089435925236396,0.9054421150756211,-0.09455788492437889,-0.08741854423531753,0.8233243548172237,-0.17667564518277631,-0.8331380387289821,1.2503162486007742,0.2503162486007742,8.33614842763348,1.1427596309266028,0.1427596309266027,0.1934535007942494,1.0430112396572777,0.04301123965727767,0.039301504717906846,-10.0,1.1775461725888476,1.17954770846857,1.1904632064090066,10.0
1,2011-08-10 13:41:53.048192,3295,254791.0,256739047.0,5867385.0,508.452295600607,77.32655538694992,77917.76843702579,71.0,115965.0,137297702.0,853752.0,-32.749597649393024,68,1,0,0.9258218600730542,-0.07417813992694577,-1.2612752264764004,1.8496006666928,0.8496006666928,1.1409178625603187,1.9168319143326544,0.9168319143326545,0.8626066764326461,1.005891528291796,0.005891528291795963,0.025170577146692536,1.1107825245936493,0.11078252459364937,1.065600267947431,2.004535565554808,1.0045355655548083,1.388174429914963,2.0867690709360884,1.0867690709360884,1.0501212507740891,1.5167394468704511,10.0,10.0,4.328732577561724,-2.3157505931623326
1,2011-08-10 13:42:23.059992,3802,2625635.0,3241913192.0,64460564.0,412.35933372067336,690.5931088900579,852686.2682798527,507.0,2370844.0,2985174145.0,58593179.0,-96.09296187993364,214,1,0,1.091650396232916,0.09165039623291599,1.419645683438725,10.0,10.0,10.0,10.0,10.0,10.0,10.0,10.0,10.0,0.873228357037003,-0.12677164296299703,-1.1907237140772122,10.0,10.0,10.0,10.0,10.0,10.0,7.653543307086615,10.0,10.0,10.0,-7.635564604959686
1,2011-08-10 13:42:53.047366,3439,80061.0,52389205.0,7768699.0,493.5715957220122,23.28031404478046,15233.848502471648,-363.0,-2545574.0,-3189523987.0,-56691865.0,81.21226200133884,79,1,0,0.9696610838549597,-0.030338916145040296,-0.4039883319843273,0.12444160519272199,-0.875558394807278,-0.5074883220240823,0.06949310867145993,-0.93050689132854,-0.503637109178846,0.4554205338755492,-0.5445794661244509,-0.35040144589263966,1.062395874117596,0.0623958741175961,0.5097951089558427,0.13467689035103445,-0.8653231096489656,-0.5155030408169301,0.07552840078171916,-0.9244715992182809,-0.5113149059612911,-6.689655172413794,-5.926466091493554,-5.94765346303812,-5.943705352785038,10.0
1,2011-08-10 13:43:23.051589,3493,113118.0,63943043.0,5827994.0,445.6769230546808,32.38419696535929,18306.052963069,54.0,33057.0,11553838.0,-1940705.0,-47.894672667331406,70,1,0,0.9991990388466159,-0.0008009611533841129,-0.010961469296417245,0.17727326580364572,-0.8227267341963543,-0.4715891186633583,0.08546967331249875,-0.9145303266875012,-0.4899833240848319,0.3347062736930706,-0.6652937263069294,-0.43983145765455695,0.9364266141813269,-0.06357338581867313,-0.5443342811381144,0.18854794426149626,-0.8114520557385038,-0.4791726331386617,0.0913692385314172,-0.9086307614685828,-0.4980566556497772,2.062992125984252,7.281734569778049,3.0131965367376403,-6.4827379095868976,-5.21974524567211
1,2011-08-10 13:43:53.079583,3473,98018.0,74940088.0,36798935.0,488.6572724647279,28.222862078894327,21577.91189173625,-20.0,-15100.0,10997045.0,30970941.0,42.9803494100471,49,1,0,1.0064916246449893,0.006491624644989304,0.09993300345330136,0.1525604752288843,-0.8474395247711157,-0.49026260987312215,0.10033682736157766,-0.8996631726384223,-0.4809485758388605,2.068790686574481,1.068790686574481,0.728107408617203,1.0175009308655356,0.017500930865535697,0.16410549141922334,0.16282839732335097,-0.8371716026766489,-0.5005674777921705,0.10776116184381967,-0.8922388381561804,-0.4886980384146318,0.5575221238938053,-4.442301554734874,9.783270784965774,10.0,8.951982589810646
1,2011-08-10 13:44:23.055314,3314,32536.0,10136834.0,2291848.0,486.3764883654194,9.817742908871454,3058.7911888955946,-159.0,-65482.0,-64803254.0,-34507087.0,-2.280784099308505,40,1,0,0.9467489429779453,-0.05325105702205465,-1.0045372470497034,0.05129235095091693,-0.9487076490490831,-0.5395605900853887,0.013735828191013905,-0.9862641718089861,-0.5190560822626479,0.09492130936445001,-0.90507869063555,-0.837521475401477,1.0354086960552586,0.03540869605525869,0.41924467969557905,0.057628914050944474,-0.9423710859490555,-0.5505222638189335,0.015515488414229037,-0.984484511585771,-0.5283082388216241,-4.19277108433735,-7.02318172907273,-6.2810588249226305,-6.428151508517993,0.7829669274206855
1,2011-08-10 13:44:53.053052,3547,40232.0,21230815.0,2039280.0,526.2705278361997,11.342542994079505,5985.569495348182,233.0,7696.0,11093981.0,-252568.0,39.894039470780285,45,1,0,1.0122139147308944,0.012213914730894409,0.23721943167280937,0.06820444244326242,-0.9317955575567376,-0.4828073736815276,0.030828968025619904,-0.9691710319743801,-0.46754750093001407,0.08703858809759002,-0.91296141190241,-0.79937119754489,1.1309660345229076,0.13096603452290762,1.7277120692429873,0.07231014067193499,-0.927689859328065,-0.4875158671290638,0.03285658947091273,-0.9671434105290874,-0.4699649669528217,10.0,1.1731344626667566,1.2249367689169925,0.6468110943894582,10.0
1,2011-08-10 13:45:23.058254,3796,54471.0,36260071.0,3109557.0,464.5170442660696,14.349578503688091,9552.178872497365,249.0,14239.0,15029256.0,1070277.0,-61.75348357013013,612,1,0,1.0992702420942895,0.09927024209428942,3.9352418556687474,0.7482999738985892,-0.25170002610141085,-0.5184279488057691,0.8143207294951983,-0.18567927050480174,-0.2975138391273762,0.2840984216203131,-0.7159015783796868,-0.5347427196174452,0.951663579762371,-0.04833642023762892,-0.8226775621293491,0.6830032502096488,-0.3169967497903512,-0.6616441055966835,0.7443777439894675,-0.25562225601053246,-0.4111462248369869,5.882352941176471,1.0275372930254973,1.0233324094721805,1.0857301333308043,-3.710597674338356
1,2011-08-10 13:45:53.079802,3370,273992.0,69622704.0,19707553.0,511.4180636718101,81.3032640949555,20659.55608308605,-426.0,219521.0,33362633.0,16597996.0,46.90101940574056,86,1,0,0.9561368665947909,-0.04386313340520908,-0.8846093199547279,4.048644255633542,3.0486442556335427,5.751044226175488,1.68569117949158,0.6856911794915802,1.0266727030042886,1.96809388599984,0.96809388599984,0.6441768867317063,1.0603741105806266,0.060374110580626625,0.964217128471387,4.229393803709008,3.2293938037090073,5.997808769171966,1.7663626785516393,0.7663626785516392,1.1267182499882546,-6.966386554621848,10.0,10.0,10.0,9.071200045345677
1,2011-08-10 13:46:23.055949,3424,32043.0,14546115.0,9149462.0,472.67872999299067,9.35835280373832,4248.28125,54.0,-241949.0,-55076589.0,-10558091.0,-38.73933367881944,325,1,0,0.9782857142857143,-0.021714285714285714,-0.40329512183687294,0.3209120098387778,-0.6790879901612221,-0.6740897467708233,0.34276073097933807,-0.657239269020662,-0.9671738606651499,0.7153922191368804,-0.2846077808631196,-0.2369694418047256,0.9540433004596439,-0.045956699540356055,-0.95156827709633,0.32262174258550125,-0.6773782574144988,-0.6521942202682139,0.3491699316205488,-0.6508300683794511,-0.9320816037763572,3.195121951219512,-8.519829183087385,-10.0,-4.803467747066028,-3.9463539356910426
1,2011-08-10 13:46:53.049355,3562,1245495.0,937816486.0,81292352.0,486.0430084413251,349.66170690623244,263283.68500842224,138.0,1213452.0,923270371.0,72142890.0,13.36427844833446,48,1,0,1.02057188699788,0.020571886997879832,0.3750270309438826,10.0,10.0,10.0,10.0,10.0,10.0,10.0,10.0,9.812854453751525,0.9873862163477156,-0.012613783652284346,-0.23848516532005332,10.0,10.0,10.0,10.0,10.0,10.0,10.0,10.0,10.0,10.0,5.181945403334854
1,2011-08-10 13:47:23.053829,3692,114397.0,32403965.0,8184417.0,464.38741880281685,30.98510292524377,8776.805254604551,130.0,-1131098.0,-905412521.0,-73107935.0,-21.655589638508275,36,1,0,1.0429967794790667,0.04299677947906656,0.9244434150171218,0.34745081650045895,-0.652549183499541,-0.4115913016878984,0.15009115194093245,-0.8499088480590675,-0.4540450081770874,0.35492387201451986,-0.6450761279854802,-0.44669940760031124,0.9435211775646082,-0.05647882243539177,-1.0668959073914719,0.3324471671225172,-0.6675528328774828,-0.4246650045901421,0.14448402082068826,-0.8555159791793118,-0.4582732766032331,1.620967741935484,-5.662556607436855,-5.8799848042802605,-5.627054974231556,-10.0
1,2011-08-10 13:47:53.074114,5007,117789.0,52712873.0,38736356.0,382.6203430059916,23.52486518873577,10527.835630117836,1315.0,3392.0,20308908.0,30551939.0,-81.76707579682522,38,1,0,1.4029926025554809,0.40299260255548075,8.060818369270775,0.3423306699961288,-0.6576693300038712,-0.4413681016191263,0.24165820772269647,-0.7583417922773036,-0.41065866221771485,1.5948324412451729,0.594832441245173,0.4454675622227802,0.7974432747244017,-0.20255672527559826,-4.920534201108208,0.24219579349266457,-0.7578042065073354,-0.5111259799036255,0.17173134273148466,-0.8282686572685154,-0.44906413329204026,10.0,-0.7713207038360412,8.08826427641265,10.0,-5.606574643229058
1,2011-08-10 13:48:23.047537,5660,279385.0,109652048.0,91259533.0,309.5932666913428,49.3613074204947,19373.15335689046,653.0,161596.0,56939175.0,52523177.0,-73.02707631464887,36,1,0,1.4851744948832328,0.4851744948832327,2.7182154480125766,0.7831543810786021,-0.21684561892139784,-0.1533433364676363,0.49522100870867886,-0.5047789912913212,-0.2787136756261529,2.9050567154266242,1.905056715426624,1.9640406158751644,0.668048232043258,-0.33195176795674197,-3.1682033569807264,0.4987670416139275,-0.5012329583860725,-0.34751437274625724,0.3150145542244906,-0.6849854457755093,-0.37292768492781825,1.6961189099917424,10.0,10.0,6.371301727107171,-3.4584870447185683
1,2011-08-10 13:48:53.049374,6616,118805.0,59670872.0,6905101.0,299.3210620078597,17.95722490931076,9019.17654171705,956.0,-160580.0,-49981176.0,-84354432.0,-10.27220468348304,30,1,0,1.5497774654485827,0.5497774654485829,2.3393139444700295,0.33202281135470224,-0.6679771886452978,-0.47399361030594944,0.26008732510713484,-0.7399126748928652,-0.4269372964256692,0.1510155928918864,-0.8489844071081136,-0.9912749859520046,0.7075068322590713,-0.29249316774092865,-1.6445534507309578,0.19396803895484313,-0.8060319610451568,-0.5166367602106626,0.14727121250134045,-0.8527287874986594,-0.46182915844998346,1.0873362445414847,-10.0,-7.243067085985721,-6.89462597680735,0.7455167839342064
1,2011-08-10 13:49:23.049414,6743,104046.0,42974302.0,5671217.0,286.1451301302091,15.430223935933562,6373.172475159425,127.0,-14759.0,-16696570.0,-1233884.0,-13.175931877650612,30,1,0,1.3740473570526146,0.37404735705261455,1.4096103588072246,0.27732717228423487,-0.7226728277157651,-0.5515423148554982,0.18022259147841374,-0.8197774085215862,-0.49868125017635795,0.12526003051386334,-0.8747399694861366,-0.9977342237634733,0.7367411759485857,-0.2632588240514143,-1.190878695126831,0.1636324964484228,-0.8363675035515773,-0.5505843172360689,0.10246895355811472,-0.8975310464418853,-0.4962234982260507,-0.8010651629072681,-1.8505451695442705,-2.850045419635168,-1.7488536826294878,0.619978394068478
1,2011-08-10 13:49:53.055007,6017,148765.0,110378313.0,5382214.0,306.04371028934685,24.72411500747881,18344.40967259432,-726.0,44719.0,67404011.0,-289003.0,19.898580159137737,40,1,0,1.0853957717007,0.08539577170069984,0.37666112629580484,1.0128032656973784,0.012803265697378387,0.02531089964106789,1.855633741726938,0.8556337417269378,1.703960681124743,0.17850671689225409,-0.8214932831077459,-0.6722573477152533,0.8783923681694249,-0.12160763183057509,-0.5660063989596096,0.9006391076126057,-0.09936089238739436,-0.2001883931936359,1.6963529747735693,0.6963529747735692,1.502822366650336,-2.14115058157812,1.1958869822480023,1.3766251312533115,0.9808913870441114,1.4977186433206682
1,2011-08-10 13:50:23.064624,6023,67221.0,18175396.0,4742947.0,304.6458723830317,11.160717250539598,3017.664951021086,6.0,-81544.0,-92202917.0,-639267.0,-1.3978379063151465,24,1,0,1.0023965649236095,0.0023965649236094323,0.02019835402530899,0.4371870081556732,-0.5628129918443268,-1.2002300896997138,0.24208786969255588,-0.7579121303074441,-1.7540177654586404,0.1602840580208144,-0.8397159419791856,-0.6665025433182846,0.9618025812293259,-0.03819741877067403,-0.31924336389881447,0.4259889350752672,-0.5740110649247329,-1.1134436811386776,0.23709708947920763,-0.7629029105207923,-1.6733593267221603,-0.9870967741935484,-10.0,-6.9123878150286036,-0.14065076655759776,0.9558606426665751
1,2011-08-10 13:50:53.050048,6856,89275.0,36916074.0,5277312.0,261.89546972753794,13.021441073512252,5384.491540256709,833.0,22054.0,18740678.0,534365.0,-42.75040265549376,26,1,0,1.1037058501561543,0.10370585015615438,1.419663711416253,0.6215000375928335,-0.37849996240716655,-0.6682634665742732,0.5415281380000103,-0.4584718619999897,-0.7631573071935981,0.23154023939345153,-0.7684597606065485,-0.45751737607349424,0.8696517896047637,-0.13034821039523622,-4.2833219431629495,0.5488092046926754,-0.45119079530732464,-0.7065957482273069,0.47966541834754584,-0.5203345816524542,-0.8007328119582096,3.0994094488188977,3.18062806517956,3.7130930843616627,1.0785983247517188,-1.7413076558230396
1,2011-08-10 13:51:23.049212,5788,65005.0,24638809.0,6328473.0,347.63341305874224,11.230995162404977,4256.877850725639,-1068.0,-24270.0,-12277265.0,1051161.0,85.73794333120429,37,1,0,0.8972252363974578,-0.10277476360254224,-1.647168112849958,0.6154471021298513,-0.38455289787014874,-1.3213793957950757,0.4594821802500187,-0.5405178197499814,-0.8275462328239327,1.130941111787139,0.13094111178713902,0.9098066682657547,1.1921165815022408,0.19211658150224087,3.0488999423069387,0.6823725349474252,-0.31762746505257483,-0.9901475587170093,0.5051005504610625,-0.4948994495389375,-0.701409506276957,-5.464882943143813,0.3616853400662774,0.15603900485336186,1.061126648496321,9.987620895391245
1,2011-08-10 13:51:53.049319,5739,125415.0,97386210.0,5442930.0,307.872737083464,21.85311029796132,16969.19498170413,-49.0,60410.0,72747401.0,-885543.0,-39.76067597527822,22,1,0,0.9130683806917619,-0.08693161930823809,-1.1372964672156454,1.32207281283206,0.32207281283206,0.8935419640692259,2.089089600886799,1.0890896008867987,1.3735515463042913,0.9931570000514194,-0.006842999948580634,-0.06454556630130194,1.021907121179168,0.021907121179167915,0.20968647060002077,1.4459332707276409,0.4459332707276409,1.1935562650869949,2.2700282389598287,1.2700282389598287,1.5303121793662107,0.7041062801932367,6.614312267657993,10.0,-6.678633365011758,-5.114959747394857
1,2011-08-10 13:52:23.062704,6214,81234.0,41098731.0,8956487.0,276.0774742037335,13.072738976504668,6613.892983585452,475.0,-44181.0,-56287479.0,3513557.0,-31.7952628797305,24,1,0,1.021266804720113,0.02126680472011301,0.287407773699418,0.8194181338401109,-0.1805818661598891,-0.485693610421478,0.714773462234632,-0.285226537765368,-0.38034774861134274,1.647995854547949,0.6479958545479488,6.165773424771951,0.9033409581327765,-0.09665904186722347,-0.9735117182146222,0.7972117685713559,-0.20278823142864405,-0.5183662064829246,0.6893401240752346,-0.31065987592476535,-0.40152909871391373,3.365537848605577,-10.0,-6.172349313683321,10.0,-8.31678894692253
1,2011-08-10 13:52:53.047755,5121,51770.0,17816100.0,3071588.0,346.9681201753564,10.109353641866823,3479.027533684827,-1093.0,-29464.0,-23282631.0,-5884899.0,70.89064597162286,28,1,0,0.8362181580666231,-0.1637818419333769,-2.2217060126756993,0.6045778348709564,-0.39542216512904355,-1.3882007924283506,0.408223129440742,-0.591776870559258,-0.8218917229373793,0.49947526922677526,-0.5005247307732248,-1.8436386598473375,1.1580079364007745,0.15800793640077457,1.4313505883620845,0.7186165032953217,-0.2813834967046784,-0.8896247697236461,0.47997017175022477,-0.5200298282497753,-0.6737004987403542,-10.0,-1.1815166368038381,-0.6803385880705805,-9.232302065343077,10.0
1,2011-08-10 13:53:23.056733,5411,241600.0,218512436.0,7022221.0,336.5769844871558,44.64978746996858,40383.00425060063,290.0,189830.0,200696336.0,3950633.0,-10.391135688200563,30,1,0,0.9103910088162056,-0.0896089911837944,-0.8296762431344308,2.9270727576272293,1.9270727576272295,5.6774630627472895,5.0150675728239555,4.015067572823955,5.554236510876162,1.2075303016598462,0.20753030165984623,0.5675594022046038,1.0924651665239964,0.09246516652399643,0.7216099233460568,3.222060097318152,2.222060097318152,6.633438213478158,5.501249318923743,4.501249318923742,5.995678500407888,2.6075388026607538,10.0,10.0,10.0,-2.2276209594525653
1,2011-08-10 13:53:53.078903,5470,61052.0,20144461.0,3438019.0,330.3364774548446,11.161243144424132,3682.716819012797,59.0,-180548.0,-198367975.0,-3584202.0,-6.2405070323112,22,1,0,0.9673540126622572,-0.032645987337742786,-0.4470909407082193,0.5402602367333069,-0.45973976326669314,-0.6741745782096307,0.2521510291219112,-0.7478489708780888,-0.7149581344092407,0.5577270415884601,-0.44227295841153985,-1.2627902309327361,1.0226320401645086,0.02263204016450866,0.23731124914639634,0.5529967865714035,-0.44700321342859656,-0.6249647520338698,0.25680712827151053,-0.7431928717284895,-0.6863531372645345,1.2041522491349481,-6.92640735269982,-6.4617827365946905,-10.0,-1.4178080112861877
1,2011-08-10 13:54:23.048001,5172,52215.0,22651954.0,5899570.0,359.99009202010825,10.095707656612529,4379.72815158546,-298.0,-8837.0,2507493.0,2461551.0,29.65361456526364,36,1,0,0.9250581291361116,-0.07494187086388839,-1.0177415354377934,0.46531544136125375,-0.5346845586387462,-0.7722443423579265,0.2867641313237766,-0.7132358686762235,-0.6680908592881708,1.056087904423881,0.056087904423880855,0.12691336238076814,1.1264955845354196,0.1264955845354196,1.4327278645103223,0.5005495645772744,-0.4994504354227256,-0.6972859186188193,0.3078772223981624,-0.6921227776018377,-0.6302131203165766,-3.6855345911949686,-10.0,3.7896070798255943,5.258069839547697,9.571927202695255
1,2011-08-10 13:54:53.053116,5504,83059.0,53916428.0,4212280.0,307.12529765370635,15.090661337209305,9795.862645348838,332.0,30844.0,31264474.0,-1687290.0,-52.864794366401895,34,1,0,1.0048196290346136,0.004819629034613633,0.06027565354789858,0.8512393645041415,-0.14876063549585852,-0.17833304946944442,0.8418557250865663,-0.15814427491343377,-0.11663235442119685,0.7419150810284035,-0.2580849189715965,-0.5930943040072703,0.930711403931689,-0.0692885960683109,-0.7108528414123279,0.846944627433023,-0.153055372566977,-0.18122080614425798,0.8367044290021758,-0.16329557099782419,-0.1189072517461233,3.9276895943562606,3.1068306010928963,3.0917097241190175,-10.0,-6.071707344958918
1,2011-08-10 13:55:23.047497,5592,109996.0,72204359.0,7066492.0,364.4817064311516,19.670243204577968,12912.081366237482,88.0,26937.0,18287931.0,2854212.0,57.35640877744527,25,1,0,1.048054576804858,0.04805457680485786,1.4508515893254879,1.1231049467424687,0.12310494674246883,0.14828876897862073,1.0840148334841,0.08401483348409994,0.06493514389072613,1.4943724068649558,0.4943724068649557,1.3902819816622107,1.0841236258825062,0.08412362588250631,1.4313131742796683,1.0795161995612252,0.07951619956122531,0.09713729687050451,1.0460150974306541,0.04601509743065403,0.03575110454665989,1.619718309859155,10.0,6.133859928191469,4.0081023024501246,8.236784161354066
1,2011-08-10 13:55:53.048182,5997,116378.0,80174822.0,4997930.0,300.9757940475238,19.406036351509087,13369.154910788728,405.0,6382.0,7970463.0,-2068562.0,-63.505912383627845,20,1,0,1.1044605694500718,0.10446056945007179,3.5829049826276367,1.0619942254554482,0.061994225455448096,0.08811249438039095,1.0347017127275122,0.034701712727512164,0.032870500745095094,0.9041581800397719,-0.09584181996022813,-0.32186897568176187,0.8859991850554081,-0.11400081494459192,-1.657196514143379,0.9638666312867656,-0.03613336871323433,-0.05118769860968125,0.9394601088840712,-0.06053989111592883,-0.05700422427434007,3.299363057324841,-0.4519630405660702,-0.2672625354674435,-3.5890008871302035,-10.0
1,2011-08-10 13:56:23.053896,5269,60905.0,32899379.0,3072521.0,337.4128599831088,11.559119377490983,6243.951224141203,-728.0,-55473.0,-47275443.0,-1925409.0,36.437065935585,19,1,0,0.9498828195420949,-0.050117180457905176,-0.9359049280099605,0.7204281996687958,-0.27957180033120416,-0.8278406399826355,0.6603860386954823,-0.3396139613045177,-0.6119090923732494,0.5997669426024714,-0.4002330573975286,-1.444003600148945,1.014525705837453,0.014525705837453001,0.16519613161102334,0.7662770454974761,-0.2337229545025239,-0.7884364708601408,0.7072967540490578,-0.2927032459509422,-0.5621962863096632,-7.21160409556314,-1.2149861845362635,-0.7086980768657756,-3.7557613999173043,6.11739431822797
1,2011-08-10 13:56:53.047282,5077,138045.0,116315725.0,6175066.0,345.91044915974,27.190269844396298,22910.325979909398,-192.0,77140.0,83416346.0,3102545.0,8.497589176631209,20,1,0,0.9219510423476429,-0.07804895765235711,-1.332428483291124,1.6334637311769173,0.6334637311769173,1.8731109651505753,2.2210632690909944,1.2210632690909944,2.593809741750643,1.222843800889809,0.22284380088980896,0.7339556911194107,1.0356688646344825,0.035668864634482385,0.40688439797617065,1.7930385025070479,0.793038502507048,2.7411524126321805,2.4528848142173896,1.4528848142173896,3.408786870105432,-3.7761194029850746,10.0,10.0,10.0,5.00419009479105
1,2011-08-10 13:57:23.055369,4949,69797.0,27638012.0,4864269.0,350.2511269446353,14.103253182461104,5584.564962618711,-128.0,-68248.0,-88677713.0,-1310797.0,4.34067778489532,26,1,0,0.9018185793942928,-0.09818142060570724,-1.5441076897033197,0.6864607982564326,-0.31353920174356736,-1.0601615699133864,0.3887085675530684,-0.6112914324469316,-1.3950824365695849,0.9528706166898518,-0.047129383310148196,-0.15268267490796192,1.0575814818418916,0.05758148184189151,0.7137031292942103,0.7589222026407018,-0.24107779735929824,-0.764180506058812,0.42805819026377695,-0.5719418097362231,-1.2015552745906808,-5.7368421052631575,-4.975766049166958,-5.733832091812746,-10.0,2.54147297198623
1,2011-08-10 13:57:53.047950,5131,49690.0,21508464.0,2765733.0,348.48685293354123,9.684272071720912,4191.865913077373,182.0,-20107.0,-6129548.0,-2098536.0,-1.7642740110940736,15,1,0,0.9542850766255021,-0.045714923374497875,-0.5811862222575045,0.5017965305450587,-0.4982034694549413,-1.513244225399377,0.32664571787135455,-0.6733542821286455,-1.2136847525686885,0.528289965441229,-0.4717100345587711,-1.636554218730136,1.0255453279996993,0.025545327999699247,0.36448362613292884,0.526726076255353,-0.47327392374464705,-1.4444799416717737,0.34348250772450956,-0.6565174922754905,-1.1451085824724025,2.6396396396396398,-6.580681646810435,-0.1662704479600292,-10.0,-1.2045495750576987
1,2011-08-10 13:58:23.047366,4700,65064.0,38143791.0,5463684.0,349.2162161912766,13.843404255319149,8115.700212765957,-431.0,15374.0,16635327.0,2697951.0,0.7293632577353719,23,1,0,0.8893766794080914,-0.11062332059190863,-1.4105441048480456,0.7481802605705875,-0.2518197394294125,-0.5732417877962925,0.6847182401674019,-0.3152817598325981,-0.42756187131824774,1.2488124281759898,0.24881242817598984,0.7624457114348882,1.0374584722595004,0.03745847225950039,0.614500782179979,0.8446976900092373,-0.15530230999076267,-0.36059718717019745,0.7758815940143685,-0.22411840598563149,-0.29996391375869097,-3.6746203904555315,2.2746658707259644,2.640697634394264,4.136598679442396,1.227999355494046
1,2011-08-10 13:58:53.065466,4759,48675.0,17810364.0,2452269.0,330.1768412155915,10.227989073334737,3742.45934019752,59.0,-16389.0,-20333427.0,-3011415.0,-19.03937497568512,23,1,0,0.9470269840006368,-0.052973015999363174,-1.238217218876843,0.6346137298207828,-0.36538627017921727,-0.7986625039915798,0.37653191394118485,-0.6234680860588152,-0.7547973636959078,0.5488203380353484,-0.45117966196465165,-1.3509458374505077,0.9535641750716987,-0.046435824928301304,-3.0940365332277584,0.6695434925654211,-0.33045650743457894,-0.7315663919034091,0.3977412384946203,-0.6022587615053797,-0.7380377582574204,1.2274479568234387,-0.5969326109833575,-1.4188589378166814,-10.0,-2.9733839516318104
1,2011-08-10 13:59:23.073596,4830,61518.0,33793397.0,3365733.0,353.6264774641822,12.736645962732918,6996.562525879917,71.0,12843.0,15983033.0,913464.0,23.449636248590707,24,1,0,0.9810692232694183,-0.0189307767305817,-0.49072890222228005,0.8284783891012226,-0.1715216108987774,-0.3456355866730551,0.7631188050082442,-0.23688119499175578,-0.2558707796782895,0.7747639947496022,-0.2252360052503978,-0.5914737743475983,1.0255741530715992,0.025574153071599066,1.0579866630047565,0.8485532108773194,-0.15144678912268064,-0.32006221910279775,0.7853379341547034,-0.21466206584529654,-0.23874372446224384,1.696078431372549,6.250613246116108,6.296247965821493,8.363652192979629,10.0
1,2011-08-10 13:59:53.048423,4101,49966.0,24521527.0,4640450.0,420.3166845981468,12.183857595708364,5979.401853206535,-729.0,-11552.0,-9271870.0,1274717.0,66.69020713396458,29,1,0,0.8414378924042841,-0.1585621075957159,-4.516464856129849,0.8476169150177781,-0.1523830849822219,-0.9562716697016276,0.8827423091221748,-0.11725769087782527,-0.3877197049592464,1.2268735609428412,0.22687356094284125,0.649897375524842,1.213555249561057,0.21355524956105712,7.993103390550599,1.005342361860988,0.005342361860988108,0.03159580251798436,1.0442125510454643,0.04421255104546422,0.13713511426469008,-10.0,0.2452337083643681,0.4382205262071618,3.2687182331179683,10.0
1,2011-08-10 14:00:23.074300,3393,40443.0,20665284.0,2347983.0,562.1780756548777,11.919540229885058,6090.564102564103,-708.0,-9523.0,-3856243.0,-2292467.0,141.86139105673095,20,1,0,0.7212703541516092,-0.2787296458483908,-3.489237444332712,0.7355599771564095,-0.26444002284359047,-1.8876637223128894,0.760997862511034,-0.2390021374889661,-0.7609762953478361,0.6282104717236621,-0.37178952827633793,-1.0876285704955941,1.5600257435520877,0.5600257435520876,5.815972313716241,1.0157053912510257,0.01570539125102577,0.10585201547002736,1.049157002924144,0.049157002924143836,0.15450130799007697,-3.1745283018867925,-1.4010387776713227,-5.1868467199424995,-10.0,9.123475485506347
1,2011-08-10 14:00:53.050892,4004,563867.0,550009783.0,453332165.0,495.5241796276224,140.82592407592406,137365.08066933067,611.0,523424.0,529344499.0,450984182.0,-66.65389602725531,23,1,0,0.9190653261717853,-0.08093467382821475,-0.5762135633391134,10.0,9.61232901462739,10.0,10.0,10.0,10.0,10.0,10.0,10.0,1.2292747831816246,0.22927478318162461,0.9705583278424609,10.0,10.0,10.0,10.0,10.0,10.0,2.757767548906789,10.0,10.0,10.0,-2.5595843193376075
1,2011-08-10 14:01:23.048240,3340,39758.0,14478083.0,2974090.0,531.7652662281437,11.903592814371258,4334.7553892215565,-664.0,-524109.0,-535531700.0,-450358075.0,36.24108660052127,23,1,0,0.7919571299852991,-0.20804287001470093,-1.4792077010474332,0.2600367052163005,-0.7399632947836995,-0.4921863420765194,0.11192080282639918,-0.8880791971736008,-0.48838641840301084,0.03190134865467052,-0.9680986513453295,-0.44833913275437876,1.229900525176042,0.22990052517604187,1.0248615932468421,0.3167635885789937,-0.6832364114210063,-0.44478862968839034,0.135313894129507,-0.864686105870493,-0.4703407117791529,-3.7701149425287355,-6.253667279467043,-6.231170935067707,-6.027793806726935,0.2385206433513333
1,2011-08-10 14:01:53.050262,3446,45523.0,27200816.0,6624818.0,546.6419019599535,13.210388856645386,7893.4463145676145,106.0,5765.0,12722733.0,3650728.0,14.87663573180987,25,1,0,0.8760423022167989,-0.12395769778320112,-0.8013059978458771,0.30125656473677526,-0.6987434352632248,-0.4572729889414779,0.21136103793705857,-0.7886389620629415,-0.43073485326013433,0.07098114283833812,-0.9290188571616619,-0.4308480369167854,1.1564682891539348,0.15646828915393496,0.8695360574557689,0.34843117242438126,-0.6515688275756187,-0.42939835077904753,0.2454943338783312,-0.7545056661216688,-0.41242062253141865,1.3735024665257223,4.232589435908937,10.0,10.0,-0.6310146346229066
1,2011-08-10 14:02:23.052011,3658,61222.0,36332506.0,16698495.0,568.0292259423182,16.736468015308912,9932.34171678513,212.0,15699.0,9131690.0,10073677.0,21.387323982364705,20,1,0,1.0003281557646029,0.0003281557646028818,0.00328967565046346,0.4139099487936697,-0.5860900512063303,-0.37275648632517844,0.2852402580986108,-0.7147597419013891,-0.38527031904426207,0.17767399295827485,-0.8223260070417251,-0.38471767628109077,1.1109830715416937,0.11098307154169372,1.0037569672099103,0.44033301096876326,-0.5596669890312368,-0.37008578763164024,0.30719232167655686,-0.6928076783234431,-0.38142194420467534,1.7658959537572254,5.907471084713973,7.92573212221435,10.0,-0.4459685271724678
1,2011-08-10 14:02:53.049350,3795,68984.0,66779583.0,2123037.0,499.3212271135704,18.17760210803689,17596.728063241106,137.0,7762.0,30447077.0,-14575458.0,-68.7079988287478,20,1,0,1.0635614595594418,0.06356145955944179,0.8341720007005174,0.45939534877526095,-0.5406046512247391,-0.35077005963929586,0.5147292712464643,-0.48527072875353566,-0.2678151277434037,0.022024231165903407,-0.9779757688340965,-0.4722684171406707,0.9232537451842123,-0.07674625481578763,-1.431236770720089,0.4670602207190133,-0.5329397792809867,-0.36387587813948735,0.531250243568921,-0.46874975643107897,-0.2662748579073485,2.5462753950338604,2.447938877043355,10.0,-7.04387278368923,-3.3257334212623686
1,2011-08-10 14:03:23.053204,3612,31567.0,12323550.0,2520782.0,465.67867907834994,8.739479512735327,3411.8355481727576,-183.0,-37417.0,-54456033.0,397745.0,-33.6425480352205,19,1,0,0.9899687551389574,-0.010031244861042567,-0.1373304691894813,0.2025202924473346,-0.7974797075526654,-0.5442879217869776,0.08868405530309927,-0.9113159446969007,-0.5491810081250178,0.026162619297097522,-0.9738373807029025,-0.46998805332260857,0.881539180947445,-0.118460819052555,-2.019460113903677,0.2175580412303957,-0.7824419587696042,-0.5580305244221005,0.09631295843516027,-0.9036870415648398,-0.5597313224638668,-3.276119402985074,-7.554956028170001,-6.904462843509775,9.840899593680263,-1.6761243059387414
1,2011-08-10 14:03:53.053106,3266,57729.0,39879737.0,2542080.0,544.3502860771586,17.67575015309247,12210.57470912431,-346.0,26162.0,27556187.0,21298.0,78.67160699880861,13,1,0,0.9147946893731445,-0.08520531062685559,-1.6978206508164686,1.1683478106001117,0.16834781060011164,0.5399529704529069,1.2691294360041971,0.2691294360041971,0.38361576300751704,0.4107917909641707,-0.5892082090358293,-0.5935141306389372,1.042243086706668,0.04224308670666801,0.5470101283586837,1.285181379723904,0.285181379723904,1.0360483867025905,1.414272329061183,0.4142723290611829,0.6314999369773657,-3.413265306122449,1.2457448807063687,1.2562478385047289,1.000236218525121,10.0
1,2011-08-10 14:04:23.048864,3484,28002.0,9331381.0,2019209.0,545.9356343114237,8.037313432835822,2678.3527554535017,218.0,-29727.0,-30548356.0,-522871.0,1.5853482342650975,22,1,0,0.979917871406874,-0.020082128593125973,-0.34958527309665843,0.5282897839826431,-0.47171021601735685,-1.7044653373406784,0.25563159349719505,-0.744368406502805,-1.3588989419673676,0.33091792079061233,-0.6690820792093877,-0.6582124694484623,1.0402652412057645,0.04026524120576443,0.5097987962907641,0.539129796411262,-0.460870203588738,-1.7363885306747369,0.2623524948385275,-0.7376475051614725,-1.4345714517246486,10.0,-9.270825218407435,-7.013064346124862,-5.0516076016758875,-0.370144722342574
1,2011-08-10 14:04:53.052170,3802,39625.0,19642409.0,2465332.0,461.8728172501315,10.422146238821671,5166.335875854813,318.0,11623.0,10311028.0,446123.0,-84.06281706129215,18,1,0,1.0670783047993264,0.06707830479932642,1.1961218904050943,0.8004921132587756,-0.19950788674122444,-0.5339236664402105,0.5965015454267344,-0.40349845457326555,-0.5682137211798722,0.47586661979030487,-0.5241333802096951,-0.42145749411047395,0.8803228129346343,-0.11967718706536562,-1.5181935017695296,0.7512364922203564,-0.24876350777964365,-0.6847847655515088,0.5636433258675406,-0.4363566741324593,-0.6401788628386819,10.0,4.316876890588437,3.8851018512896465,1.4843257428062173,-10.0
1,2011-08-10 14:05:23.076635,4079,129632.0,107240379.0,4808284.0,454.2178401012503,31.78033831821525,26290.85045354253,277.0,90007.0,87597970.0,2342952.0,-7.654977148881187,23,1,0,1.135642296341667,0.13564229634166708,2.15921728216699,2.869145267742921,1.8691452677429208,4.80546468629634,3.624047035125016,2.624047035125016,3.2406979078082134,2.060026871309051,1.0600268713090508,10.0,0.9022431725042519,-0.09775682749574807,-1.206976847225095,2.5201572845036027,1.5201572845036024,3.8860659077925352,3.2012177633093515,2.2012177633093515,2.797843266263615,8.618055555555555,10.0,10.0,1.8230609036094083,0.6394481857860456
1,2011-08-10 14:05:53.059170,3593,133108.0,54457255.0,5532870.0,441.0980500587253,37.04647926523796,15156.4862232118,-486.0,3476.0,-52783124.0,724586.0,-13.119790042524984,19,1,0,0.9847612782985254,-0.015238721701474514,-0.17954382350434853,2.322555879325086,1.322555879325086,1.803532025493111,1.4451223404693458,0.4451223404693458,0.41245954944257435,1.9270655594538946,0.9270655594538946,2.411296182918658,0.8921686698590335,-0.10783133014096652,-1.1465499655289122,2.4164415823860894,1.4164415823860892,2.180227141222006,1.5230215898762258,0.5230215898762258,0.5266873760123847,-9.556338028169014,-0.7134283076111331,-7.522749082840585,0.349198043978822,-0.4544129511760695
1,2011-08-10 14:06:23.051206,3953,91094.0,69531403.0,17431482.0,430.4217196278776,23.044270174550974,17589.52770048065,360.0,-42014.0,15074148.0,11898612.0,-10.67633043084777,18,1,0,1.0845588235294117,0.08455882352941171,0.9930693605558149,1.1736013769788918,0.17360137697889186,0.26835278189286554,1.507938686979763,0.5079386869797632,0.6099068692310714,5.018340576153249,4.018340576153249,8.818266576616809,0.8793180422364747,-0.12068195776352528,-1.1505622153270545,1.0977431907317579,0.09774319073175775,0.15917436871428656,1.4299824475359746,0.42998244753597464,0.5675496680476827,10.0,-3.068819491633921,0.7888467202207828,10.0,-1.1716959363253139
1,2011-08-10 14:06:53.050002,4274,39139.0,18385452.0,3063258.0,401.5657167662611,9.157463734206832,4301.696771174544,321.0,-51955.0,-51145951.0,-14368224.0,-28.85600286161645,19,1,0,1.1300301411876685,0.13003014118766862,1.9979047904300353,0.46432528751177454,-0.5356747124882255,-0.9193573681080053,0.3532907811182236,-0.6467092188817763,-0.8526087094324588,0.47481805366911056,-0.5251819463308894,-0.536323630174006,0.8604195207829959,-0.13958047921700406,-1.4191030520950292,0.4150012823984651,-0.5849987176015349,-1.0109874096734803,0.3215906761783064,-0.6784093238216936,-0.9441006221040572,1.3362445414847162,-8.78585343923273,-9.62446497947198,-5.824983568849843,-0.2664077044479726
1,2011-08-10 14:07:23.052789,4007,82826.0,50554140.0,17692829.0,487.1733547269778,20.670326927876214,12616.456201647115,-267.0,43687.0,32168688.0,14629571.0,85.60763796071666,14,1,0,1.0169534541393839,0.016953454139383834,0.2568761519121205,0.9573090952801445,-0.04269090471985545,-0.08015321911807449,0.9387714924948738,-0.06122850750512623,-0.08872093435366808,2.6564831276782424,1.6564831276782424,1.7941183223743753,1.112686514755252,0.11268651475525204,2.0908617174421185,0.9273305303911413,-0.07266946960885871,-0.12992862228876625,0.9208433812533404,-0.07915661874665962,-0.11816761697678005,-2.689873417721519,10.0,10.0,10.0,3.9648710554238713
1,2011-08-10 14:07:53.052154,3657,55446.0,30474907.0,3312536.0,503.45412498769485,15.161607875307627,8333.307902652447,-350.0,-27380.0,-20079233.0,-14380293.0,16.280770260717077,28,1,0,0.9185672661509093,-0.08143273384909068,-1.3034467991494618,0.5826620064354906,-0.4173379935645094,-1.0309725642419072,0.5076297796596193,-0.4923702203403807,-0.9150183552790141,0.3412964318059637,-0.6587035681940363,-0.8844525034550994,1.1367338596142784,0.1367338596142784,1.9257302725621803,0.6229148564119031,-0.3770851435880968,-0.8535817310141188,0.5485686261018423,-0.4514313738981577,-0.8602990914296654,-9.536585365853659,-4.168908127126686,-4.247833807818785,-5.721817709108726,2.21747517727961
1,2011-08-10 14:08:23.053193,3618,47448.0,28182628.0,2514005.0,497.9542053742399,13.114427860696518,7789.559977888336,-39.0,-7998.0,-2292279.0,-798531.0,-5.499919613454949,17,1,0,0.928454116197906,-0.07154588380209406,-1.0057369285520878,0.5907179299474867,-0.40928207005251327,-0.9097220711693048,0.6307571562204916,-0.36924284377950845,-0.8145597050551519,0.2672598320646313,-0.7327401679353688,-0.9181112441994473,1.0998616273715915,0.09986162737159152,1.0799910749725004,0.6240202413658871,-0.3759797586341129,-0.7567420959830055,0.6715430288009936,-0.3284569711990064,-0.7152593556214503,0.537914691943128,0.4609495052974955,0.8506959613301147,-1.6693366797080793,-1.5585230106353085
1,2011-08-10 14:08:53.062122,3425,381730.0,334682499.0,13813630.0,508.9509057883212,111.45401459854014,97717.51795620438,-193.0,334282.0,306499871.0,11299625.0,10.996700414081316,21,1,0,0.8777999897483213,-0.12220001025167876,-1.7626322281746243,6.040930138343361,5.040930138343362,10.0,8.488941174572751,7.488941174572752,10.0,1.5692274591034556,0.5692274591034557,0.6262029640510328,1.096607942156569,0.0966079421565691,0.9859665171683942,6.867321558107932,5.867321558107932,10.0,9.650055228246876,8.650055228246876,10.0,-10.0,10.0,10.0,10.0,-0.032936684422574684
1,2011-08-10 14:09:23.047319,3178,48855.0,28657412.0,3821157.0,495.3879469568912,15.372876022655758,9017.436123348018,-247.0,-332875.0,-306025087.0,-9992473.0,-13.56295883143008,20,1,0,0.8371529424161004,-0.16284705758389964,-1.819710077279001,0.40270265369137914,-0.5972973463086209,-0.49463719651289606,0.3099575493729416,-0.6900424506270584,-0.469409421599838,0.4729592775647685,-0.5270407224352315,-0.5960221691032307,1.0324461181490392,0.0324461181490393,0.3500074339997135,0.45332247486453786,-0.5466775251354621,-0.4257268415278048,0.3448125149394931,-0.655187485060507,-0.4271254065895286,-1.3390151515151516,-6.726664969239875,-6.770767905858476,-10.0,-1.8635616574275635
1,2011-08-10 14:09:53.062137,2771,36858.0,21741859.0,13478336.0,601.3800981411043,13.301335258029592,7846.214002165283,-407.0,-11997.0,-6915553.0,9657179.0,105.99215118421318,23,1,0,0.7746715124405926,-0.22532848755940732,-2.63138173459125,0.2990240221968019,-0.7009759778031981,-0.5950909468696364,0.23004746618287722,-0.7699525338171228,-0.5406920783660992,1.6375424723193819,0.6375424723193819,0.7477118755391333,1.2061758267345126,0.20617582673451273,10.0,0.3783663045838083,-0.6216336954161916,-0.5112603426383924,0.28958316326283806,-0.7104168367371618,-0.4870083056423352,-0.8567518248175183,-7.17383696994648,-4.366228548397774,10.0,4.64856276432867
1,2011-08-10 14:10:23.050015,3254,79877.0,51079262.0,20180802.0,531.7298855593116,24.547326367547637,15697.376152427782,483.0,43019.0,29337403.0,6702466.0,-69.65021258179274,19,1,0,0.9772358700222235,-0.022764129977776496,-0.2073635094660892,0.7002614243859333,-0.29973857561406675,-0.22827634870932734,0.5755548519642631,-0.4244451480357369,-0.27391107872505505,2.7315898163015238,1.7315898163015235,2.2314495573880513,1.0197620372886584,0.019762037288658527,0.2289847818677944,0.7288214125968335,-0.27117858740316647,-0.2100200657833521,0.6004931690464583,-0.3995068309535417,-0.26098379192421023,2.9538834951456314,5.6792333797424295,6.0911281546920915,8.95168718989449,-4.049303854555821
1,2011-08-10 14:10:53.047309,3374,37667.0,18956793.0,6443888.0,526.9978582652637,11.16390041493776,5618.492294013041,120.0,-42210.0,-32122469.0,-13736914.0,-4.732027294047839,18,1,0,1.0384094546349871,0.038409454634987135,0.3943138787085739,0.31665287977833373,-0.6833471202216663,-0.5500852581057757,0.20412460245500066,-0.7958753975449994,-0.5449353732981926,0.5987860897083386,-0.4012139102916615,-0.5800802650371419,0.9998430029536342,-0.00015699704636588975,-0.001883179735237443,0.3139631493346665,-0.6860368506653335,-0.5714943720968262,0.20346814805918575,-0.7965318519408142,-0.5593034536833612,2.4888337468982633,-9.638614874544636,-8.795067838813688,-5.0718216086941,-1.8367639275453937
1,2011-08-10 14:11:23.047897,3432,37624.0,14277697.0,2760416.0,518.8343974522145,10.962703962703962,4160.168123543123,58.0,-43.0,-4679096.0,-3683472.0,-8.163460813049255,38,1,0,1.072365954255718,0.072365954255718,0.8941798354848595,0.3215797957903338,-0.6784202042096662,-0.5326585117567038,0.156857150123707,-0.8431428498762931,-0.5610401297257439,0.23904750254395676,-0.7609524974560432,-1.3513066816227042,0.9736250278193518,-0.02637497218064825,-0.3432519277752382,0.3117248091017037,-0.6882751908982964,-0.5635765743150888,0.1530632392664837,-0.8469367607335163,-0.5811399272857526,2.1885245901639343,0.9780186075043451,-1.5358658592962047,-5.6864906665160255,-2.405377767679532
1,2011-08-10 14:11:53.047486,3667,33999.0,12601281.0,2481569.0,487.1134369127352,9.271611671666212,3436.40059994546,235.0,-3625.0,-1676416.0,-278847.0,-31.72096053947928,14,1,0,1.1452932725341995,0.14529327253419944,1.7855209509447567,0.7057219124796061,-0.29427808752039386,-0.7701999524312247,0.4677083447232863,-0.5322916552767137,-0.9915715647534501,0.2657802629942264,-0.7342197370057736,-0.9312049612105538,0.910720447674127,-0.08927955232587301,-1.2021655258516173,0.6152515126705017,-0.38474848732949823,-1.0364881324137507,0.4058131824002025,-0.5941868175997974,-1.1277002708339705,10.0,0.9473272770599757,0.9738390937099626,0.8738615754657424,-10.0
1,2011-08-10 14:12:23.050944,3339,43174.0,21845232.0,5178286.0,506.5349719275232,12.930218628331836,6542.4474393531,-328.0,9175.0,9243951.0,2696717.0,19.42153501478799,23,1,0,1.0119408413140987,0.011940841314098706,0.11885691305895231,0.9550713416657449,-0.04492865833425506,-0.10447416711756886,0.9205209925774898,-0.07947900742251021,-0.12001792095330958,0.5709874014585641,-0.429012598541436,-0.5097806865701977,0.9499707309651577,-0.05002926903484228,-0.6367961593899248,0.9336318879992972,-0.0663681120007028,-0.1494776161898625,0.8899194109058842,-0.11008058909411578,-0.16315529784921054,-4.3537832310838445,4.087977921378568,3.8786358930429747,10.0,10.0
1,2011-08-10 14:12:53.068451,4064,38936.0,17693056.0,2873796.0,412.46885859276574,9.580708661417322,4353.606299212598,725.0,-4238.0,-4152176.0,-2304490.0,-94.06611333475746,18,1,0,1.1906715106058832,0.1906715106058831,4.175854988687989,0.8379063531619474,-0.16209364683805264,-0.3972354440968532,0.7449063876709942,-0.25509361232900585,-0.3856203883604975,0.3878794743501012,-0.6121205256498988,-0.6187174231993313,0.8020907867190982,-0.19790921328090186,-5.678250525660067,0.695506555283776,-0.304493444716224,-0.6809573752677276,0.613964245997399,-0.38603575400260104,-0.5516696052559317,5.382042253521127,-4.354971500949968,-10.0,-0.3882386250685237,-3.958932371650315
1,2011-08-10 14:13:23.056603,3401,104234.0,94887783.0,3187142.0,470.8424068903264,30.64804469273743,27899.965598353425,-663.0,65298.0,77194727.0,313346.0,58.3735482975606,21,1,0,0.9512754531215037,-0.04872454687849626,-0.5773636511386352,2.7229362591431556,1.7229362591431556,10.0,5.557178849842432,4.557178849842432,10.0,0.8073637821142059,-0.19263621788579416,-0.4309037666518245,0.9601388659203359,-0.03986113407966402,-0.42423647935663733,2.842564618396849,1.8425646183968492,10.0,5.785706277087943,4.785706277087943,10.0,-5.092592592592593,8.974646442441562,10.0,1.0905257674262088,3.447301930157581
1,2011-08-10 14:13:53.080679,3005,34869.0,20266064.0,1828997.0,551.7749149114809,11.603660565723796,6744.1144758735445,-396.0,-69365.0,-74621719.0,-1358145.0,80.93250802115455,19,1,0,0.8392448193040273,-0.16075518069597272,-1.9352704791991837,0.6758422588935794,-0.3241577411064206,-0.564836587608346,0.6281906278085567,-0.37180937219144333,-0.34088345233060696,0.5548734319187385,-0.4451265680812615,-1.3559968731889624,1.151549128140531,0.1515491281405309,1.7479349838379945,0.7905123848859129,-0.20948761511408712,-0.3400372631348725,0.7268525811808588,-0.2731474188191411,-0.24196860902145206,-10.0,-6.210164195472231,-5.913785464933356,-1.0851257666394618,8.206113212481036
1,2011-08-10 14:14:23.067533,2997,41627.0,22313078.0,2036271.0,513.7627134347681,13.889556222889556,7445.137804471138,-8.0,6758.0,2047014.0,207274.0,-38.01220147671279,18,1,0,0.8574616617074846,-0.14253833829251542,-1.2587303436211277,0.8155376706424463,-0.18446232935755374,-0.3142887584129669,0.6668845234172276,-0.33311547658277235,-0.3228902279803961,0.6547583600807471,-0.34524163991925294,-0.8504571941217735,1.057675704278227,0.05767570427822699,0.5498177041206017,0.938049437071214,-0.06195056292878602,-0.10213012597536109,0.7600719297254669,-0.23992807027453306,-0.22997882785608012,0.9063231850117096,10.0,0.7091587740029963,2.1126786118814413,-6.769824582099831
1,2011-08-10 14:14:53.050000,3664,79889.0,68194954.0,3842928.0,446.79629967248906,21.80376637554585,18612.159934497817,667.0,38262.0,45881876.0,1806657.0,-66.96641376227905,22,1,0,1.0900868737355707,0.09008687373557069,0.6967251764197879,1.5197268300106528,0.5197268300106529,0.9403699046118715,1.9263543949973947,0.9263543949973947,0.9847125175679876,1.2721142822943003,0.2721142822943003,0.6172775909541092,0.9098298353743673,-0.0901701646256326,-0.8433799890609465,1.3860877056454863,0.3860877056454864,0.7149862394116299,1.7563522245334224,0.7563522245334223,0.8227754497810565,5.977611940298507,10.0,10.0,10.0,-10.0
1,2011-08-10 14:15:23.047420,3377,53935.0,25773747.0,3135948.0,516.986324705952,15.971276280722536,7632.143026354753,-287.0,-25954.0,-42421207.0,-706980.0,70.19002503346297,18,1,0,0.9856400677135019,-0.014359932286498109,-0.10829580252641541,0.9002520405267814,-0.09974795947321861,-0.194786007647057,0.576968379946474,-0.423031620053526,-0.5400099351495189,1.1387600701685379,0.13876007016853792,0.4601455414736015,1.079012714629599,0.07901271462959886,0.690182919853247,0.9123760002511228,-0.0876239997488772,-0.17655483774647118,0.5865917216402019,-0.4134082783597981,-0.5390608495988022,-5.415384615384616,-4.534522674656135,-5.576209432280953,-1.647155294685021,6.874756031889217
1,2011-08-10 14:15:53.062105,3852,49106.0,24816000.0,4451055.0,464.0444916056594,12.748182762201454,6442.367601246106,475.0,-4829.0,-957747.0,1315107.0,-52.94183310029263,25,1,0,1.1712478715640962,0.17124787156409627,1.9702885090856443,0.780565499087597,-0.219434500912403,-0.47947687525958094,0.5361318053945592,-0.46386819460544076,-0.6391074844862946,1.5861179794923999,0.5861179794924,1.93963493264171,0.928028602101262,-0.07197139789873797,-0.8703215393450149,0.6786991289351147,-0.32130087106488525,-0.7902356614808472,0.47139145781562924,-0.5286085421843708,-0.7722155279719015,4.457059679767103,-2.6097739849323287,-1.5926145424939526,10.0,-3.5326787506960664
1,2011-08-10 14:16:23.056764,3810,53994.0,34677965.0,3604045.0,427.3946812433071,14.171653543307087,9101.8280839895,-42.0,4888.0,9861965.0,-847010.0,-36.6498103623523,17,1,0,1.1275525303344185,0.12755253033441846,1.121508217432287,1.0406435746609823,0.04064357466098238,0.12221487332635302,1.0745271169576693,0.07452711695766934,0.1190895431301871,1.1781621801716997,0.1781621801716997,0.4818545977532924,0.8570640982534904,-0.1429359017465096,-1.6715673494871497,0.9321439633218339,-0.06785603667816603,-0.25617960096174497,0.9708425490183964,-0.029157450981603647,-0.05270298490764688,-1.465631929046563,1.4433318821651429,1.7037044426284973,-4.350744869306669,-10.0
1,2011-08-10 14:16:53.049979,3809,36087.0,14761652.0,2522462.0,422.3933779593069,9.474140194276712,3875.466526647414,-1.0,-17907.0,-19916313.0,-1081583.0,-5.001303284000187,20,1,0,1.0759887005649718,0.07598870056497176,0.7555479321052796,0.6477628872271146,-0.3522371127728854,-1.36008228955238,0.41990014276372517,-0.5800998572362749,-1.070497513314291,0.7388475398159148,-0.26115246018408517,-0.9859427258436193,0.8915072598791287,-0.1084927401208713,-1.2811008334328966,0.6028000438008716,-0.3971999561991284,-1.7372004856065688,0.39357914690489804,-0.606420853095102,-1.1963514097864785,-1.0062111801242235,-5.6815686274509805,-7.909675899105884,-4.046630288307697,0.7989510416364529
1,2011-08-10 14:17:23.057773,3187,29369.0,9650590.0,2129548.0,549.6455072908691,9.215249450894255,3028.1110762472545,-622.0,-6718.0,-5111062.0,-392914.0,127.25212933156216,22,1,0,0.8607929991356957,-0.13920700086430426,-2.6380415258264684,0.5378721003915593,-0.46212789960844064,-1.585412470992379,0.28683694827046347,-0.7131630517295365,-1.1668984182437327,0.606486349907652,-0.3935136500923479,-1.897782725273544,1.206625055186968,0.20662505518696803,2.468526525528388,0.6212330671048212,-0.3787669328951789,-1.2305565350142786,0.3315646226507756,-0.6684353773492244,-1.083452021332263,-4.830049261083744,-5.063176895306859,-2.3841700891990465,-5.040737076581014,7.963612500264814
1,2011-08-10 14:17:53.055665,3178,42917.0,22397412.0,2788207.0,551.2477422835117,13.504405286343612,7047.643801132788,-9.0,13548.0,12746822.0,658659.0,1.6022349926425932,17,1,0,0.8810645966176879,-0.11893540338231218,-1.407999792641714,0.9644659783991263,-0.03553402160087368,-0.14141322261605993,1.0210348921189372,0.021034892118937214,0.046863334742615406,0.879945967501981,-0.12005403249801903,-0.41676491587644826,1.157857572382435,0.15785757238243497,1.3453490069462668,1.0964838542236912,0.09648385422369128,0.403557276644978,1.1714866037940004,0.17148660379400038,0.40601607885786795,0.9056603773584906,2.340855106888361,2.0886463810589864,2.9221042617516253,-0.922107567489112
1,2011-08-10 14:18:23.049054,3292,137043.0,107293945.0,22166597.0,531.5811998058931,41.62910085054678,32592.32837181045,114.0,94126.0,84896533.0,19378390.0,-19.666542477618577,25,1,0,0.9228526575465351,-0.07714734245346486,-0.7826533675820363,3.240200876707665,2.240200876707665,9.604611232720165,5.046580069865731,4.046580069865731,8.9333944589011,7.152676192426396,6.152676192426396,10.0,1.1007071687428343,0.1007071687428342,0.76368113827004,3.5211084126798213,2.5211084126798213,10.0,5.524981774825385,4.524981774825385,10.0,3.8643216080402016,10.0,10.0,10.0,-3.870071332147632
1,2011-08-10 14:18:53.064548,3859,38319.0,17914746.0,2628229.0,413.6650235773516,9.929774552993004,4642.328582534336,567.0,-98724.0,-89379199.0,-19538368.0,-117.91617622854147,16,1,0,1.1168673304005556,0.11686733040055575,1.2366754324606302,0.6399084866904913,-0.3600915133095087,-0.48913599504981564,0.4744834617431181,-0.5255165382568818,-0.49605698068917387,0.3956881994530765,-0.6043118005469235,-0.46162681059591526,0.8332418955429316,-0.16675810445706843,-1.2581241913126742,0.5642266838754252,-0.4357733161245748,-0.5629874650163443,0.4171351477052155,-0.5828648522947845,-0.5297821850173893,6.0625,-6.613336820678439,-6.4183696623382165,-6.514470852768715,-9.729784096001696
1,2011-08-10 14:19:23.047401,3547,435220.0,507880673.0,10806649.0,461.3127167386524,122.70087397800958,143185.98054694108,-312.0,396901.0,489965927.0,8178420.0,47.647693161300765,24,1,0,1.0236652236652237,0.023665223665223667,0.24098007680837,7.669480324951099,6.669480324951099,8.382256618500458,10.0,10.0,10.0,1.6762268627964916,0.6762268627964915,0.4959279531509998,0.9343864242424372,-0.06561357575756281,-0.46554643990884004,7.325191751328195,6.325191751328195,7.5595472780657165,10.0,10.0,10.0,-10.0,10.0,10.0,10.0,10.0
1,2011-08-10 14:19:53.052972,3546,185537.0,125503081.0,9060144.0,508.34673979244224,52.32289904117315,35392.85984207558,-1.0,-249683.0,-382377592.0,-1746505.0,47.03402305378984,21,1,0,1.0390904295844812,0.03909042958448107,0.45903681487298903,1.3585129190414544,0.3585129190414545,0.28374659077621134,0.9434373064525742,-0.05656269354742583,-0.03528566221135071,1.1180054507452388,0.11800545074523874,0.11060888446661321,1.0136718496196275,0.01367184961962755,0.11185967940865134,1.3281312144091018,0.3281312144091017,0.26674633739816866,0.9289640449390285,-0.07103595506097153,-0.04512719537684354,0.9809160305343512,-4.1278170434416595,-4.877132859573876,-2.054119734380694,5.042500274792803
1,2011-08-10 14:20:23.049615,3249,42096.0,16319232.0,3190312.0,554.6906658122499,12.956602031394276,5022.847645429363,-297.0,-143441.0,-109183849.0,-5869832.0,46.34392601980767,16,1,0,0.9324417403283205,-0.06755825967167951,-0.8914217690784751,0.250859319504765,-0.7491406804952351,-0.7754075261801481,0.10447787416015059,-0.8955221258398495,-0.6907290078987367,0.33617741822699204,-0.6638225817730079,-0.7895995221336972,1.1246069705547885,0.1246069705547886,1.1032007006905447,0.2698313347435823,-0.7301686652564178,-0.7706703942240466,0.11269007283267807,-0.8873099271673219,-0.6949474099137766,-5.136490250696379,-5.5925221556272735,-5.7121925500937225,-5.2347238246176815,6.610812238110133
1,2011-08-10 14:20:53.082517,3502,34122.0,12174278.0,2295338.0,506.64811919503137,9.74357509994289,3476.378640776699,253.0,-7974.0,-4144954.0,-894974.0,-48.04254661721853,21,1,0,1.000971817298348,0.0009718172983479366,0.013896048955118616,0.20353966464451245,-0.7964603353554875,-0.8227755245669343,0.07855268130125234,-0.9214473186987476,-0.7016611763481738,0.23983755221915706,-0.760162447780843,-0.9214236278291253,1.0257711145218928,0.025771114521892787,0.2248086687715273,0.20338159782731013,-0.7966184021726899,-0.8369662586195094,0.07870938637734542,-0.9212906136226546,-0.7107597702190482,10.0,-10.0,-2.4096999430750654,-10.0,-10.0
1,2011-08-10 14:21:23.056078,3580,34549.0,18213468.0,2594210.0,513.6230434460894,9.650558659217875,5087.560893854748,78.0,427.0,6039190.0,298872.0,6.974924251057985,19,1,0,1.0111280573914025,0.011128057391402614,0.18175353691316468,0.23493323758931803,-0.7650667624106819,-0.6492681061865282,0.13396353393444563,-0.8660364660655544,-0.5519879170312497,0.4635717826934249,-0.5364282173065751,-0.7467535686793455,1.0504985508132447,0.05049855081324479,0.4616248576846951,0.23237143164652868,-0.7676285683534714,-0.6531170295556544,0.13268178607223327,-0.8673182139277669,-0.5530782047477107,0.8571428571428571,1.020744065836904,1.3174522257316146,1.0752020795461426,2.3987289336439765
1,2011-08-10 14:21:53.058876,3693,49982.0,28910349.0,2949445.0,462.0979376815597,13.534253994042784,7828.418359057677,113.0,15433.0,10696881.0,355235.0,-51.525105764529656,23,1,0,1.0597451790633607,0.059745179063360826,1.5456736274993728,0.3416292561829824,-0.6583707438170175,-0.5539431362452868,0.21254773546891975,-0.7874522645310803,-0.5022182626441988,0.5276919923112081,-0.4723080076887919,-0.6556654120831691,0.9079896101010191,-0.09201038989898094,-1.4136322441636522,0.32632395543032305,-0.6736760445696769,-0.5718781558255032,0.20368935012177458,-0.7963106498782254,-0.5095029092995672,3.0250896057347676,10.0,10.0,10.0,-3.577337257790375
1,2011-08-10 14:22:23.047823,3838,76107.0,54574920.0,4032565.0,509.518185032569,19.829859301719647,14219.62480458572,145.0,26125.0,25664571.0,1083120.0,47.42024735100932,24,1,0,1.0922026180990325,0.09220261809903244,1.973721036174737,1.0989037962839965,0.09890379628399651,0.10485732918822822,1.3567723072638158,0.35677230726381576,0.2985354366044019,1.0036524645349905,0.0036524645349905282,0.005168731123714179,1.000858180895816,0.0008581808958159907,0.013302055957670107,1.0095858662077304,0.00958586620773047,0.0102569271957427,1.2515498203616877,0.2515498203616878,0.21131290708482117,3.9657534246575343,1.3390761036034866,1.2679139991979962,1.6892528181780693,10.0
1,2011-08-10 14:22:53.047699,3354,514788.0,534729767.0,11379032.0,589.9992886505664,153.48479427549194,159430.46124031008,-484.0,438681.0,480154847.0,7346467.0,80.4811036179974,20,1,0,0.9388646288209607,-0.061135371179039326,-0.9899464427953987,10.0,9.867109129597731,10.0,10.0,10.0,10.0,3.7774300269488448,2.7774300269488448,10.0,1.1584159212170915,0.15841592121709153,2.4568007976838464,10.0,10.0,10.0,10.0,10.0,10.0,-9.287671232876713,10.0,10.0,8.306167640528374,10.0
1,2011-08-10 14:23:23.052622,3978,66462.0,33049113.0,9881992.0,496.8603167531423,16.70739064856712,8307.97209653092,624.0,-448326.0,-501680654.0,-1497040.0,-93.13897189742414,20,1,0,1.1070295541826682,0.1070295541826682,2.0888974395620865,0.4683404082599063,-0.5316595917400937,-0.36074621269039325,0.25477159455045323,-0.7452284054495468,-0.42588916903471374,2.12510564248047,1.1251056424804704,1.3701394577219843,0.9622039979515055,-0.03779600204849453,-0.4229917539327594,0.40504131777713615,-0.5949586822228639,-0.3902959675037332,0.21858201579473907,-0.781417984205261,-0.4367688067976908,10.0,-5.74226346119672,-5.83864254417592,-1.9140866948680624,-10.0
1,2011-08-10 14:23:53.047653,3735,192910.0,175645118.0,160172178.0,482.35055826104417,51.64926372155288,47026.805354752345,-243.0,126448.0,142596005.0,150290186.0,-14.509758492098117,20,1,0,1.0125792983787887,0.012579298378788725,0.19356736871910896,1.30012886042098,0.3001288604209799,0.21676207775734893,1.3118072474706797,0.3118072474706798,0.18599789028008673,10.0,10.0,10.0,0.9376594779207449,-0.06234052207925511,-0.6843854511224269,1.211247716832475,0.211247716832475,0.14510553215987448,1.2065949364919966,0.20659493649199653,0.11943219187274785,-3.552521008403361,10.0,10.0,10.0,-6.412163546538479
1,2011-08-10 14:24:23.054625,3658,39262.0,15629826.0,3495313.0,484.9615194841444,10.733187534171678,4272.779114270093,-77.0,-153648.0,-160015292.0,-156676865.0,2.610961223100219,30,1,0,0.9834390794709109,-0.016560920529089126,-0.2654548601095153,0.21806189176550045,-0.7819381082344996,-0.7202412014490616,0.09450750296162783,-0.9054924970383722,-0.6964498379910825,0.09275559448989713,-0.9072444055101029,-0.4985842837532585,0.9543382050240411,-0.04566179497595891,-0.4732737921681173,0.2102851413684571,-0.7897148586315429,-0.679998995009908,0.09021409358454033,-0.9097859064154596,-0.6659625867929845,-3.4838709677419355,-5.851194422869267,-6.08205599064737,-5.971407709737695,1.4174534271342154
1,2011-08-10 14:24:53.047532,3615,95107.0,82069054.0,3557444.0,495.48649823236514,26.308990318118948,22702.36625172891,-43.0,55845.0,66439228.0,62131.0,10.524978748220748,21,1,0,0.9737111458277219,-0.026288854172278164,-0.4178432904454555,0.5345919020065676,-0.46540809799343247,-0.4196453848710927,0.5043396918140345,-0.4956603081859655,-0.3713472062780441,0.0941316592813716,-0.9058683407186284,-0.4997712551739947,0.9663542076246426,-0.033645792375357336,-0.38753408995343325,0.5211672293698698,-0.47883277063013024,-0.4046792502000214,0.4866371364655108,-0.5133628635344892,-0.3669616296505335,-5.142857142857143,10.0,10.0,-0.43089721324569313,1.3016907060097904
1,2011-08-10 14:25:23.067626,3246,41825.0,25463292.0,2128937.0,501.764949797289,12.885089340727047,7844.513863216266,-369.0,-53282.0,-56605762.0,-1428507.0,6.2784515649238415,30,1,0,0.8849509269356598,-0.11504907306434024,-1.8774385740879473,0.23017977411838259,-0.7698202258816174,-0.7172431116324379,0.15136487584635644,-0.8486351241536436,-0.6667859102297647,0.05647468414344859,-0.9435253158565514,-0.5187922556459764,0.9839847424674406,-0.01601525753255938,-0.1806522361385209,0.2488587153044894,-0.7511412846955106,-0.6595692086141474,0.16225079425180738,-0.8377492057481927,-0.6297892872380318,-7.27354260089686,-10.0,-10.0,-10.0,3.2372404880190917
1,2011-08-10 14:25:53.057025,3550,33897.0,14156408.0,3108903.0,496.636365216338,9.548450704225353,3987.720563380282,304.0,-7928.0,-11306884.0,979966.0,-5.128584580950985,22,1,0,0.9735629662132514,-0.0264370337867486,-0.36484723623213355,0.3891143936854576,-0.6108856063145425,-0.8407891735361488,0.2132911685901688,-0.7867088314098312,-0.7883855495280732,0.086726588379656,-0.913273411620344,-0.4706149563424071,1.0088395924252356,0.008839592425235684,0.5263759171656544,0.403624202598347,-0.596375797401653,-0.8423989470592593,0.22116052799001445,-0.7788394720099855,-0.7943478424772851,10.0,0.9161879470487121,0.8889885300225192,1.5297059111284803,0.7093770606997366
1,2011-08-10 14:26:23.069796,3666,32016.0,10700675.0,2433554.0,500.1731092114021,8.733224222585925,2918.89661756683,116.0,-1881.0,-3455733.0,-675349.0,3.536743995064114,27,1,0,1.0295439227139969,0.029543922713996803,0.5584482473687502,0.3972198580152407,-0.6027801419847594,-0.7199142647436086,0.1709571280692114,-0.8290428719307886,-0.7511452532596596,0.07055302223914697,-0.929446977760853,-0.456295038613441,1.0161163890877045,0.016116389087704516,0.9631498881089107,0.3929460367671633,-0.6070539632328367,-0.7594351933116646,0.17003112527695585,-0.8299688747230441,-0.7758150302330946,2.355140186915888,0.7111929986181483,0.08543191671070924,0.501446828766018,10.0
1,2011-08-10 14:26:53.052492,3889,45121.0,23537091.0,2815620.0,469.1905413088198,11.60221136538956,6052.221907945487,223.0,13105.0,12836416.0,382066.0,-30.98256790258233,19,1,0,1.096419509444601,0.09641950944460106,1.9605696073967391,0.9318400541909155,-0.06815994580908444,-0.12503292001555016,0.7950685537499834,-0.2049314462500166,-0.2033305956565011,0.9561230389446562,-0.04387696105534376,-0.20226584630905262,0.9463216898943354,-0.05367831010566458,-4.047133591614855,0.8504904932411155,-0.1495095067588845,-0.28126079980576685,0.7252290916703342,-0.27477090832966583,-0.2783804399334881,10.0,1.4072557087274853,1.3891133210228852,1.0121107307237573,-9.691956608478682
1,2011-08-10 14:27:23.072835,3404,70389.0,46353910.0,6051613.0,494.6786381110458,20.6783196239718,13617.482373678024,-485.0,25268.0,22816819.0,3235993.0,25.488096802226096,23,1,0,0.9473449849716131,-0.0526550150283869,-0.8147780940768263,1.4193276497584346,0.41932764975843473,0.799368534784074,1.4864023772222967,0.48640237722229673,0.5210460148571491,2.154448751244085,1.1544487512440849,5.7924227260204075,1.0041172113112273,0.004117211311227239,0.15182181995435923,1.496737732450452,0.496737732450452,0.9565557163005819,1.5650220962761083,0.5650220962761083,0.6104597200550892,-10.0,10.0,10.0,10.0,9.080696238012987
1,2011-08-10 14:27:53.075029,3386,48086.0,30187938.0,5490972.0,516.569345245127,14.201417601890135,8915.51624335499,-18.0,-22303.0,-16165972.0,-560641.0,21.89070713408114,20,1,0,0.9535342157138834,-0.046465784286116585,-0.6706762964676831,1.0769637353974055,0.07696373539740561,0.22346066950657462,1.2556190189520833,0.2556190189520832,0.4412862720545414,1.6600446941575018,0.6600446941575018,1.3832753215343954,1.0488957888832542,0.048895788883254174,1.8075840823619327,1.119150749010521,0.11915074901052101,0.3177617916038364,1.2950755202439506,0.2950755202439505,0.48193403403219665,0.5734597156398105,-3.5114896027186666,-1.2631816912175966,-2.1239033922721355,10.0
1,2011-08-10 14:28:23.048865,3584,34861.0,14174294.0,7201082.0,472.4485295047433,9.726841517857142,3954.881138392857,198.0,-13225.0,-16013644.0,1710110.0,-44.120815740383705,24,1,0,1.0013970382788489,0.0013970382788488405,0.024085270214836113,0.7594691275723392,-0.24053087242766083,-0.7194826080122658,0.5672620983562291,-0.4327379016437709,-0.7612188974726297,1.8092568980871089,0.8092568980871089,1.9352196855865034,0.95357535797339,-0.04642464202661002,-1.3507298281510565,0.7509494519824339,-0.24905054801756615,-0.6709634498071627,0.5571536153131552,-0.44284638468684473,-0.730651208267424,6.071428571428571,-10.0,-10.0,1.5432662063303921,-10.0
1,2011-08-10 14:28:53.057518,3772,42396.0,18207730.0,2486704.0,442.79190125,11.23966065747614,4827.075821845175,188.0,7535.0,4033436.0,-4714378.0,-29.65662825474334,29,1,0,1.0519270455686318,0.05192704556863177,0.899672294568321,0.9197606661083945,-0.0802393338916055,-0.2439404904263769,0.7285778528831607,-0.2714221471168393,-0.4776351428994543,0.5182179134184234,-0.48178208658157656,-1.1101463083627308,0.9025296400388414,-0.09747035996115856,-2.4133377248843613,0.8653612590509634,-0.1346387409490366,-0.36608911537098193,0.6806559767425897,-0.3193440232574103,-0.5256696205027992,10.0,10.0,10.0,-6.760229452328454,-5.130484059912631
1,2011-08-10 14:29:23.047997,3378,696942.0,812192239.0,16720831.0,556.176635830965,206.31793960923625,240435.8315571344,-394.0,654546.0,793984509.0,14234127.0,113.38473458096502,25,1,0,0.9365123371222622,-0.06348766287773773,-1.0310295696859568,10.0,10.0,10.0,10.0,10.0,10.0,3.476843811511033,2.476843811511033,5.761433082802649,1.160791254130126,0.16079125413012588,2.764110914365707,10.0,10.0,10.0,10.0,10.0,10.0,-10.0,10.0,10.0,10.0,10.0
1,2011-08-10 14:29:53.055562,2703,21807.0,7592396.0,1520765.0,629.618982963374,8.0677025527192,2808.8775434702184,-675.0,-675135.0,-804599843.0,-15200066.0,73.44234713240905,24,1,0,0.7712280301301072,-0.22877196986989276,-4.667848697605805,0.12214425422942755,-0.8778557457705725,-0.5402525316482532,0.041213023577219794,-0.9587869764227802,-0.502837359709996,0.20035794913689425,-0.7996420508631057,-1.1254275103758433,1.2680304638318274,0.2680304638318274,3.087844821444328,0.1538673701184439,-0.8461326298815561,-0.5151142117226014,0.05168112985227476,-0.9483188701477252,-0.4951342055110647,-5.604696673189824,-6.178837441567547,-6.101087877511706,-6.465600629864587,3.2214992830671263
1,2011-08-10 14:30:23.063453,3161,28469.0,12996289.0,2300979.0,513.3192620718128,9.00632711167352,4111.448592217653,458.0,6662.0,5403893.0,780214.0,-116.29972089156126,27,1,0,0.9394876062533437,-0.06051239374665634,-0.5041151605663059,0.16863683105633037,-0.8313631689436697,-0.47512613794711933,0.07364549946352238,-0.9263545005364776,-0.45987759336927714,0.34424814889752514,-0.6557518511024748,-0.7237493227864208,0.9805130733086849,-0.01948692669131516,-0.13916106906671458,0.18044877904544895,-0.819551220954551,-0.4676741552609488,0.07878083481774253,-0.9212191651822574,-0.45675089891358117,4.26676176890157,1.685644889053559,1.6970693920779256,1.861002178841577,-5.309301307138119
1,2011-08-10 14:30:53.092270,3290,62660.0,46290921.0,2665877.0,477.8648175650456,19.045592705167174,14070.188753799392,129.0,34191.0,33294632.0,364898.0,-35.454444506767175,21,1,0,0.9910832630437403,-0.008916736956259764,-0.07161523904969352,0.3799993935534734,-0.6200006064465265,-0.3436227527176591,0.26752718148073074,-0.7324728185192693,-0.3546995257194001,0.4409270865141174,-0.5590729134858826,-0.5303976055430996,0.9139247741898755,-0.08607522581012449,-0.6131572614482618,0.3897060043024769,-0.6102939956975231,-0.3388453471333894,0.27466019207757286,-0.7253398079224271,-0.35129386554856756,3.8666666666666667,9.71463526533109,10.0,1.5719416939159427,-10.0
1,2011-08-10 14:31:23.053610,3405,31481.0,15526665.0,1780837.0,464.97843379823786,9.245521292217328,4559.960352422908,115.0,-31179.0,-30764256.0,-885040.0,-12.88638376680774,24,1,0,1.0442222767419038,0.04422227674190377,0.37325248459542,0.1846882575322021,-0.8153117424677979,-0.4715287950833647,0.08652077586854688,-0.9134792241314531,-0.46304417389521824,0.34653165756222687,-0.6534683424377731,-0.5175098140421412,0.8874407865457079,-0.11255921345429207,-0.8134027876719995,0.18223002436197747,-0.8177699756380226,-0.4764557703174773,0.08563195758334774,-0.9143680424166523,-0.46489662784533026,2.9557823129251704,-6.607935537249542,-5.789459366327603,0.024255794390771752,-10.0
1,2011-08-10 14:31:53.055857,3236,45531.0,17414578.0,2451636.0,527.2431635352286,14.070148331273176,5381.513597033375,-169.0,14050.0,1887913.0,670799.0,62.26472973699077,20,1,0,1.0152475371776368,0.015247537177636916,0.1693201988269305,0.27058009719988735,-0.7294199028001127,-0.41472965003807466,0.09733180753900428,-0.9026681924609957,-0.45580135115029646,0.4905373658290158,-0.5094626341709843,-0.38764351331709257,0.9978264929775983,-0.0021735070224017075,-0.017206353073899786,0.2795211372256273,-0.7204788627743727,-0.4153725525136647,0.10116147823164373,-0.8988385217683563,-0.4564075744796575,-1.3024523160762942,7.436097114063216,4.520826611812843,5.751596263885407,10.0
1,2011-08-10 14:32:23.062028,3641,70031.0,45780538.0,16197907.0,464.22504590991485,19.23400164789893,12573.616588849218,405.0,24500.0,28365960.0,13746271.0,-63.01811762531378,23,1,0,1.1525799303577082,0.15257993035770814,1.7853505030708667,1.843425569103123,0.843425569103123,1.9679333676881368,2.2931350744171692,1.293135074417169,1.7014471764242796,7.554927689999734,6.554927689999733,10.0,0.8882905948574052,-0.11170940514259478,-0.8986245247273602,1.618062350072074,0.6180623500720741,1.5856417153146036,2.032461710483179,1.0324617104831788,1.4179790785370245,10.0,1.1880533181048525,1.178452172172967,5.816764715879207,-9.89017539636958
1,2011-08-10 14:32:53.059955,4275,44970.0,19285499.0,3252296.0,449.63814461473686,10.519298245614037,4511.22783625731,634.0,-25061.0,-26495039.0,-12945611.0,-14.586901295177997,20,1,0,1.2774158847785813,0.27741588477858126,4.963123623531623,0.9440656332398435,-0.055934366760156555,-0.14449495942511115,0.6987044416548195,-0.30129555834518057,-0.4920415324405623,0.6402854231854206,-0.35971457681457936,-0.29356649276261604,0.9185171202738193,-0.08148287972618078,-1.374752042241783,0.7449760043274528,-0.25502399567254724,-0.7190287886681977,0.5542494533074166,-0.4457505466925834,-0.7586650370413617,2.3795309168443497,-3.5983949900464505,-4.469013889180573,-5.410126644547011,0.5590255134182105
1,2011-08-10 14:33:23.068256,3831,135151.0,111882599.0,7020287.0,457.43571711250326,35.278256329939964,29204.54163403811,-444.0,90181.0,92597100.0,3767991.0,7.797572497766396,23,1,0,1.073289628508993,0.07328962850899308,0.6169205671860948,2.6534222316460716,1.6534222316460716,5.478031439343495,3.876784264275062,2.876784264275062,5.275718685239976,1.3321959274196198,0.3321959274196197,0.2854978106451295,0.959407271176997,-0.04059272882300297,-0.6468230409102385,2.445986999217633,1.4459869992176333,4.480004357671708,3.5531659105261144,2.5531659105261144,4.464273576901014,-2.9928186714542186,10.0,10.0,10.0,1.6122358407908222
1,2011-08-10 14:33:53.049594,3524,34870.0,14940048.0,2747557.0,513.6718597951192,9.8950056753689,4239.514188422248,-307.0,-100281.0,-96942551.0,-4272730.0,56.236142682615935,21,1,0,0.9582336306286708,-0.041766369371329104,-0.3807187805764582,0.5329131567042829,-0.46708684329571715,-0.738584063830923,0.35590205852660484,-0.6440979414733952,-0.6597022336601341,0.4474416687405708,-0.5525583312594292,-0.5677149319723706,1.0866668148527532,0.08666681485275313,1.3168809218275541,0.5600065865402194,-0.4399934134597806,-0.7349764143247415,0.3769739772585527,-0.6230260227414474,-0.6615324094986158,-3.8373382624768944,-7.9167896704418474,-8.38985142291984,-5.90621002615739,10.0
1,2011-08-10 14:34:23.087150,3426,35786.0,15663437.0,2672779.0,475.3205328511384,10.445417396380618,4571.9314068885,-98.0,916.0,723389.0,-74778.0,-38.35132694398084,21,1,0,0.9255957205381747,-0.07440427946182528,-0.7125483930406128,0.541305025215321,-0.4586949747846791,-0.7449409086250691,0.3741804320278582,-0.6258195679721418,-0.637705545962038,0.42197754237072727,-0.5780224576292727,-0.6297385442846597,0.9852371026240081,-0.014762897375991851,-0.20113195625538455,0.5868428939325243,-0.41315710606747574,-0.7036079539458073,0.4088622398320915,-0.5911377601679085,-0.6210812455939945,-5.117647058823529,0.3514311006196519,7.165769147501693,-1.386761420059583,-4.938039494945079
1,2011-08-10 14:34:53.070416,3292,32843.0,15262776.0,2002785.0,564.9683521281895,9.976609963547997,4636.323207776428,-134.0,-2943.0,-400661.0,-669994.0,89.64781927705116,31,1,0,0.8803551371877841,-0.11964486281221588,-1.3345458423345644,0.5118793795665944,-0.48812062043340565,-0.7430824542575086,0.36768537768881676,-0.6323146223111833,-0.6348055792829355,0.314006448123984,-0.685993551876016,-0.7573027326621768,1.1968191215642552,0.1968191215642552,3.7014991117628924,0.5843023698121446,-0.41569763018785544,-0.6516800781582018,0.4207126343256862,-0.5792873656743138,-0.5933595931321985,-4.526315789473684,-0.5100051308363264,-0.14399982639890216,-10.0,9.632827159942064
1,2011-08-10 14:35:23.055097,3180,99246.0,83704517.0,4771441.0,530.3173884547169,31.20943396226415,26322.175157232705,-112.0,66403.0,68441741.0,2768656.0,-34.650963673472575,22,1,0,0.8665794637017659,-0.1334205362982341,-1.2479392909813958,1.749629786333827,0.7496297863338269,0.9644650472902112,2.3640754674068667,1.3640754674068667,1.1287921475387095,1.34819191143794,0.34819191143794004,0.6173428080396648,1.0774277351762898,0.07742773517628974,0.8007188383029217,2.0501611413719845,1.0501611413719845,1.4255000323629852,2.790521674249355,1.790521674249355,1.5279298521783848,-0.6045845272206304,9.928014413251587,10.0,1.9752138798102619,-2.7197650630204824
1,2011-08-10 14:35:53.065227,3396,732330.0,517539210.0,21863401.0,526.3701954057715,215.64487632508835,152396.70494699647,216.0,633084.0,433834693.0,17091960.0,-3.9471930489454503,20,1,0,0.9841766649278386,-0.015823335072161337,-0.2188050768322448,10.0,9.836618367781805,10.0,10.0,9.717166527764075,10.0,5.689194070689809,4.689194070689808,8.763657056168489,1.0354631292090861,0.035463129209086085,0.41913660824992305,10.0,10.0,10.0,10.0,10.0,10.0,1.9863013698630136,10.0,10.0,10.0,-1.2446225857529323
1,2011-08-10 14:36:23.060360,3812,49313.0,28466762.0,2736258.0,441.336183228489,12.936253934942288,7467.671038824764,416.0,-683017.0,-489072448.0,-19127143.0,-85.03401217728248,19,1,0,1.1333095492924248,0.1333095492924248,3.401580103887829,0.2636847311712964,-0.7363152688287036,-0.4498173241950656,0.21995304142948882,-0.7800469585705112,-0.46103025959150506,0.40170605623125494,-0.598293943768745,-0.480708647547217,0.8452616508851201,-0.15473834911488,-2.4984611476269394,0.23336203843922362,-0.7666379615607765,-0.47206540115986717,0.19430195305186598,-0.8056980469481341,-0.4807906101477298,5.781609195402299,-6.718695734444782,-7.028158234551736,-7.443103179022947,-7.16774176599422
1,2011-08-10 14:36:53.050770,3938,38261.0,17218249.0,3642672.0,423.5003595180294,9.71584560690706,4372.33341797867,126.0,-11052.0,-11248513.0,906414.0,-17.83582371045958,19,1,0,1.1510581082661056,0.15105810826610552,2.163437950691047,0.20147590672320062,-0.7985240932767994,-0.4981730615504837,0.13031556487759288,-0.8696844351224071,-0.52883667541325,0.5349528517683847,-0.4650471482316153,-0.3734657461765118,0.8342163034426563,-0.16578369655734373,-1.7186366227495313,0.17336561415827964,-0.8266343858417203,-0.5167470308158231,0.11188458672233516,-0.8881154132776649,-0.5423580839432668,1.1875,-4.826074915183827,-5.157888235087991,10.0,-0.23285110176791948
1,2011-08-10 14:37:23.049724,3985,129496.0,105871526.0,80258595.0,457.6532316178168,32.49585947302384,26567.50966122961,47.0,91235.0,88653277.0,76615923.0,34.15287209978737,20,1,0,1.1309456237938473,0.13094562379384722,1.3866376329510566,0.6801310513837812,-0.31986894861621884,-0.20028083614552486,0.7994026181374472,-0.20059738186255283,-0.12238286927589559,10.0,10.0,8.750831729213672,0.920278737079895,-0.079721262920105,-0.6454160667928747,0.581356597211543,-0.4186434027884571,-0.26075026554291875,0.6805369344081538,-0.31946306559184623,-0.19480968400015486,-0.541015625,10.0,10.0,10.0,4.295325922613851
1,2011-08-10 14:37:53.069077,3305,53133.0,26132481.0,3740324.0,480.089569953404,16.07655068078669,7906.953403933434,-680.0,-76363.0,-79739045.0,-76518271.0,22.436338335587152,15,1,0,0.9024630003822839,-0.09753699961771609,-1.0042221562738833,0.2533409749333903,-0.7466590250666097,-0.5317594283673125,0.1735684898750248,-0.8264315101249752,-0.5968809357309057,0.1651031093929555,-0.8348968906070445,-0.5704874776886298,1.0089402715054698,0.008940271505469935,0.08602569909253728,0.2661660575917437,-0.7338339424082563,-0.5071521528817747,0.18208181074106186,-0.8179181892589382,-0.5748695387193672,-5.9062049062049065,-4.950368845250536,-5.400184584822106,-5.888983386664837,2.045348420096054
1,2011-08-10 14:38:23.058411,3888,681007.0,797059292.0,10440829.0,476.01666257947534,175.15612139917695,205004.9619341564,583.0,627874.0,770926811.0,6700505.0,-4.072907373928615,17,1,0,1.054458667823823,0.054458667823823005,0.6365509669437025,3.3964318381539558,2.396431838153956,1.6043871746854583,5.732357087203887,4.732357087203887,3.0665308043013844,0.46510658960052564,-0.5348934103994744,-0.36062317876826616,1.021955723944082,0.02195572394408193,0.25713860309218434,3.0528897459017936,2.0528897459017936,1.3247328564534964,5.158365264192085,4.158365264192086,2.599199538295564,10.0,10.0,10.0,10.0,0.5945566127043576
1,2011-08-10 14:38:53.047689,3508,45130.0,26113489.0,5393146.0,509.0085559951539,12.864880273660203,7443.982041049031,-380.0,-635877.0,-770945803.0,-5047683.0,32.99189341567859,16,1,0,0.9266694843617921,-0.07333051563820793,-1.0050697129779746,0.237224167113466,-0.7627758328865339,-0.5243978784713745,0.13394990651484176,-0.8660500934851583,-0.4988067597045851,0.26746760158866595,-0.7325323984113341,-0.4378360639262832,1.116934626529684,0.11693462652968406,2.244599485868568,0.2610773463906801,-0.7389226536093199,-0.5134566013875413,0.14809802125443408,-0.851901978745566,-0.4924921375760876,-4.861788617886178,-10.0,-10.0,-1.2095212006542835,4.2760256891497805
1,2011-08-10 14:39:23.055760,3025,24222.0,7046922.0,1638352.0,541.9625717342149,8.007272727272728,2329.5609917355373,-483.0,-20908.0,-19066567.0,-3754794.0,32.954015739060935,18,1,0,0.8121241408934707,-0.18787585910652924,-2.3229218018044193,0.12788442145788875,-0.8721155785421113,-0.5957716996522768,0.03623487230941101,-0.963765127690589,-0.55327075009225,0.07916612893907728,-0.9208338710609227,-0.5703623782287264,1.1549458204177288,0.15494582041772878,2.3074802936215635,0.16254510306890937,-0.8374548969310907,-0.581680255863881,0.04635098445135934,-0.9536490155486406,-0.5512425562611785,-6.944078947368421,-10.0,-10.0,-8.066150323235304,1.4348204733922025
1,2011-08-10 14:39:53.050003,3781,39251.0,18717102.0,2444513.0,402.84936262761175,10.38111610685004,4950.304681301243,756.0,15029.0,11670180.0,806161.0,-139.1132091066031,29,1,0,1.0674157303370788,0.0674157303370787,0.5967302270306589,0.21035104417205794,-0.789648955827942,-0.5276759803418004,0.09725961751659601,-0.9027403824834039,-0.5107693390769931,0.120453482950234,-0.8795465170497659,-0.5300059385857168,0.8172279841755918,-0.18277201582440816,-2.729546922732992,0.2122053772208804,-0.7877946227791197,-0.5415446320646402,0.09930282315963508,-0.900697176840365,-0.514780771571253,5.140197152245345,6.352589215756107,6.736803073974517,3.0110586133950665,-6.87162802821591
1,2011-08-10 14:40:23.054581,3883,29292.0,9489170.0,2130865.0,420.6797217228946,7.54365181560649,2443.772856039145,102.0,-9959.0,-9227932.0,-313648.0,17.830359095282915,18,1,0,1.1089849774375964,0.10898497743759636,1.0867328048744471,0.17378963693557822,-0.8262103630644217,-0.4857762887115745,0.054219535251749204,-0.9457804647482508,-0.4758898054151847,0.45036357696975005,-0.54963642303025,-0.7444296772969982,0.8728060437008582,-0.12719395629914174,-1.1892662829693832,0.16953097744815984,-0.8304690225518402,-0.5055076498394172,0.05367726106110608,-0.9463227389388938,-0.48311342981367433,3.5000000000000004,0.44822427835337136,0.47059876157290653,0.9798463213894884,2.6267427303781865
1,2011-08-10 14:40:53.067005,3487,63972.0,46686752.0,3181931.0,480.2434264425007,18.34585603670777,13388.801835388584,-396.0,34680.0,37197582.0,1051066.0,59.56370471960605,22,1,0,0.964058612109483,-0.035941387890517006,-0.3559847330900549,0.3905961885549187,-0.6094038114450814,-0.34505399615200855,0.27193231192707096,-0.7280676880729291,-0.35746814930566784,0.7216014093076808,-0.2783985906923192,-0.33387485320661725,1.021569833469288,0.021569833469287914,0.17340311302423064,0.4287355729452226,-0.5712644270547774,-0.33022308628348246,0.30131534873639426,-0.6986846512636057,-0.3457739317885831,-4.4256055363321805,8.273184849628791,10.0,4.265277338534253,6.012948736083267
1,2011-08-10 14:41:23.048232,3169,27029.0,10649357.0,1784860.0,577.1184708586305,8.52918901861786,3360.478699905333,-318.0,-36943.0,-36037395.0,-1397071.0,96.8750444161298,16,1,0,0.8960076905677448,-0.1039923094322552,-1.1030372706826914,0.6694754467050087,-0.3305245532949913,-0.8593904394759064,0.4927819740297937,-0.5072180259702063,-0.6876087082370903,0.6034496224070002,-0.3965503775929999,-0.7967052120365347,1.2254380082342593,0.22543800823425933,1.811337585246976,0.7463050863430934,-0.25369491365690655,-0.657391608866317,0.5498809146091264,-0.4501190853908737,-0.6008536708032584,-2.9650872817955114,0.700640968502597,0.7598699773848334,0.03768381922435064,10.0
1,2011-08-10 14:41:53.057941,3542,40809.0,20245099.0,2227292.0,454.5232631826651,11.5214568040655,5715.725296442688,373.0,13780.0,9595742.0,442432.0,-122.5952076759654,24,1,0,1.02104352839435,0.021043528394349958,0.19576604343255308,1.1103522958545107,0.11035229585451072,0.249810981472355,1.0932741874080205,0.09327418740802047,0.1056786011200571,0.9960591281926843,-0.003940871807315682,-0.014342405678082133,0.9379916143662188,-0.062008385633781145,-0.39940897703032363,1.0909006481077859,0.09090064810778596,0.21414935969712715,1.0795419429464252,0.07954194294642523,0.09067078318202819,6.501474926253688,4.80641953483233,4.102580215947459,1.6130777881797618,-9.999806263280629
1,2011-08-10 14:42:23.048731,3608,99789.0,45781884.0,4800920.0,479.1991117269956,27.65770509977827,12688.992239467849,66.0,58980.0,25536785.0,2573628.0,24.67584854433045,19,1,0,1.0099652894412718,0.009965289441271948,0.127686519384301,2.4903295683119295,1.4903295683119295,4.075711230959247,2.1638611676920556,1.1638611676920558,1.6369927130178834,2.0395666377585173,1.0395666377585173,4.701853759346422,1.0259402861546618,0.02594028615466193,0.17712067955496041,2.455351699891226,1.455351699891226,3.8554518026218565,2.124812755070858,1.1248127550708584,1.5472792518755751,-0.3617021276595745,10.0,8.674360709058533,10.0,2.4110272000711688
1,2011-08-10 14:42:53.050676,3384,75186.0,20791273.0,3687561.0,505.1196972819149,22.21808510638298,6143.993203309693,-224.0,-24603.0,-24990611.0,-1113359.0,25.92058555491934,14,1,0,0.9565266549833229,-0.04347334501667708,-0.6001419433769557,1.440946602220851,0.4409466022208509,0.7573723913875658,0.7824960104932199,-0.21750398950678004,-0.3135345849951285,1.3052511180197917,0.3052511180197917,0.7069325743098114,1.0471996815452158,0.04719968154521577,0.3908375424571346,1.5094246949748107,0.5094246949748106,0.8953044525339151,0.8170688117653392,-0.18293118823466084,-0.26535852358696277,-5.473988439306359,-3.032029469093792,-5.616813651039198,-3.362408106918711,0.6974898975226977
1,2011-08-10 14:43:23.060908,3306,60439.0,45796797.0,5256818.0,461.2233935160315,18.2816091954023,13852.630671506353,-78.0,-14747.0,25005524.0,1569257.0,-43.89630376588343,27,1,0,0.9616055846422339,-0.038394415357766144,-0.7705147848779201,0.9850383819287123,-0.01496161807128771,-0.03207883806878626,1.5884637624396598,0.5884637624396597,1.0348695957905267,1.6760071886204324,0.6760071886204323,1.7715997702173445,0.9238495714950808,-0.07615042850491914,-0.8077061416981807,1.0355236489059414,0.03552364890594139,0.08058729211887142,1.677155503693354,0.677155503693354,1.2438431004689232,0.21843687374749496,-2.6066370331633766,10.0,4.0403450641615315,-3.599260804806938
1,2011-08-10 14:43:53.061077,3685,219672.0,188272080.0,173562238.0,454.8455476138399,59.61248303934871,51091.47354138399,379.0,159233.0,142475283.0,168305420.0,-6.377845902191609,19,1,0,1.083250044094303,0.08325004409430296,1.596508002034556,3.621938190020181,2.6219381900201815,5.564110224826706,6.5707903309691496,5.5707903309691496,9.880468243965606,10.0,10.0,10.0,0.9180697906598059,-0.08193020934019411,-0.8169967797562628,3.3790842370329743,2.3790842370329743,5.394103735429835,6.117007520988855,5.117007520988855,9.227715618262797,10.0,10.0,10.0,10.0,-0.6766127395383936
1,2011-08-10 14:44:23.048137,2929,22558.0,6458327.0,2081635.0,514.3754217992489,7.701604643222943,2204.9597132127005,-756.0,-197114.0,-181813753.0,-171480603.0,59.52987418540903,19,1,0,0.8356633380884451,-0.1643366619115549,-3.6683433664456624,0.22744734268343098,-0.7725526573165691,-1.0835183808552593,0.10063237717917471,-0.8993676228208253,-0.8185637756056204,0.05491431340041466,-0.9450856865995854,-0.47236420032840626,1.0921334583122022,0.09213345831220214,2.0126322271861494,0.2764566944710686,-0.7235433055289314,-1.077886466124876,0.12319199672021801,-0.876808003279782,-0.8294703715213533,-8.325581395348838,-6.116043666263503,-6.117975615090643,-5.991361639016285,3.434303221254885
1,2011-08-10 14:44:53.051265,3242,100856.0,81009166.0,3933747.0,527.9777126650216,31.10919185687847,24987.40468846391,313.0,78298.0,74550839.0,1852112.0,13.602290865772716,20,1,0,0.9584910122989593,-0.04150898770104071,-0.47203398409931335,1.05576538174875,0.055765381748750086,0.07118842798089903,1.3189363525365572,0.3189363525365572,0.26875025794367424,0.10385353498456606,-0.8961464650154339,-0.4474584045931047,1.0932287662836921,0.09322876628369205,1.7156216173286405,1.1481822679615978,0.14818226796159786,0.20493310968298145,1.4530593811077235,0.4530593811077234,0.3987169000554903,3.553017944535074,10.0,10.0,10.0,0.13632416776391806
1,2011-08-10 14:45:23.056208,3072,34747.0,19545275.0,8204758.0,561.8232745566406,11.310872395833334,6362.394205729167,-170.0,-66109.0,-61463891.0,4271011.0,33.84556189161901,32,1,0,0.9283210443611749,-0.07167895563882504,-0.8721136388390567,0.3629225148367178,-0.6370774851632822,-0.8149090098557433,0.2854761425153154,-0.7145238574846846,-0.6728836796457643,0.21760744219564532,-0.7823925578043547,-0.38838202314286463,1.1402755186504128,0.14027551865041288,2.109868883414392,0.40709150125017113,-0.5929084987498289,-0.8372206999151383,0.3236856079044123,-0.6763143920955876,-0.6780811165304594,-1.3224043715846994,-10.0,-9.723904813320539,10.0,2.4693042892538384
1,2011-08-10 14:45:53.064136,3279,30795.0,15102993.0,1958164.0,517.6859282552607,9.391582799634037,4605.975297346752,207.0,-3952.0,-4442282.0,-6246594.0,-44.13734630137992,19,1,0,1.0099174571886165,0.009917457188616427,0.11260207455344763,0.3513229227511682,-0.6486770772488317,-0.7138114991704875,0.22139850122981553,-0.7786014987701845,-0.7284930518891991,0.05071933681282013,-0.9492806631871799,-0.48558821485502324,1.0270546243132406,0.02705462431324067,0.29987240450550584,0.36681353595384997,-0.63318646404615,-0.7716972233657097,0.23380855197029055,-0.7661914480297095,-0.7713725375643685,4.317307692307692,0.5113627933430599,-10.0,-7.914236859716325,-4.891936666317973
1,2011-08-10 14:46:23.051567,3617,183391.0,178409939.0,4857036.0,487.1050057666574,50.70251589715234,49325.390931711365,338.0,152596.0,163306946.0,2898872.0,-30.58092248860328,13,1,0,1.1158758561115567,0.11587585611155671,1.3187368216955966,2.2439847489648286,1.2439847489648286,1.2217647142990449,2.873984019883047,1.8739840198830469,1.5212186273132877,0.12799151801727224,-0.8720084819827277,-0.43625449623198226,0.9452080474916731,-0.05479195250832689,-0.7298916478745825,2.128109262451869,1.1281092624518692,1.2146004307089158,2.7632588785817447,1.763258878581745,1.5231462675671987,10.0,10.0,10.0,5.394022531614409,-3.708072054313581
1,2011-08-10 14:46:53.049436,3032,229566.0,91020962.0,75282923.0,578.9616947077836,75.71437994722955,30020.106200527705,-585.0,46175.0,-87388977.0,70425887.0,91.8566889411262,26,1,0,0.9393394881962946,-0.060660511803705366,-0.7566463935818162,3.082688997091423,2.082688997091423,2.2659180382964244,1.5143623656812046,0.5143623656812046,0.42686918211938857,10.0,10.0,10.0,1.109561022777201,0.10956102277720102,2.1174074237842464,3.43482523421767,2.43482523421767,2.88488671403339,1.7157067053000492,0.7157067053000492,0.6274873238737532,-10.0,7.363523607397811,-10.0,3.087247048849152,10.0
1,2011-08-10 14:47:23.048736,3067,92475.0,25816058.0,6089609.0,572.5071713055103,30.15161395500489,8417.36485164656,35.0,-137091.0,-65204904.0,-69193314.0,-6.454523402273367,17,1,0,0.9441571235069572,-0.05584287649304275,-0.782818459572845,0.798085802314643,-0.20191419768535698,-0.26351766974206053,0.3351965724955029,-0.6648034275044972,-0.7712599018446201,0.3231020214348077,-0.6768979785651923,-0.40335236283702236,1.0706857866805635,0.07068578668056351,1.0388658553993577,0.8458693951303835,-0.15413060486961647,-0.19627246047434596,0.36501613360401053,-0.6349838663959895,-0.7937167269406755,0.6990291262135921,-4.3112488406245175,-4.8554205412355,-5.726236101200842,-1.4996822940545032
1,2011-08-10 14:47:53.048293,3845,64824.0,21227848.0,4985328.0,497.64181399505856,16.8592977893368,5520.896749024708,778.0,-27651.0,-4588210.0,-1104281.0,-74.86535731045171,19,1,0,1.1965519387564574,0.1965519387564573,2.5703205919381364,0.5676615747827397,-0.43233842521726035,-0.5533860986379951,0.32173620990278834,-0.6782637900972117,-0.6388900100518413,0.258595249484685,-0.7414047505153151,-0.455358016333132,0.9154278959442481,-0.0845721040557519,-1.1601714829379985,0.4755233828006244,-0.5244766171993757,-0.6632926600343357,0.2795922154457169,-0.720407784554283,-0.7304236700239332,10.0,-10.0,0.5843493720266668,-3.5611124459728867,-9.406273015228171
1,2011-08-10 14:48:23.062761,3359,697033.0,788430088.0,12746303.0,509.0496763212265,207.51205715986904,234721.66954450728,-486.0,632209.0,767202240.0,7760975.0,11.407862326167958,22,1,0,0.9973277909738717,-0.002672209026128266,-0.02543174624426115,5.798451379333867,4.7984513793338675,6.92129092816916,10.0,10.0,10.0,0.6840122563324634,-0.3159877436675365,-0.18572619916868013,0.9590590578604251,-0.04094094213957492,-0.5107888463356688,5.675329534768107,4.675329534768107,6.348435555008944,10.0,10.0,10.0,-4.14359637774903,10.0,10.0,10.0,1.8887194390989372
1,2011-08-10 14:48:53.099567,3877,98165.0,54934327.0,8264641.0,515.5382405168946,25.31983492391024,14169.28733556874,518.0,-598868.0,-733495761.0,-4481662.0,6.4885641956680615,27,1,0,1.1456855791962175,0.1456855791962175,1.4059513402870472,0.38730313290812124,-0.6126968670918788,-0.6047773729664326,0.24859301125641226,-0.7514069887435878,-0.5132314720164216,0.3974868065921402,-0.6025131934078598,-0.40893553614501593,0.9744546764645893,-0.0255453235354107,-0.3115809299590335,0.3323337522133643,-0.6676662477866357,-0.6631608278175041,0.21599165919267582,-0.7840083408073242,-0.5346736318669915,10.0,-5.494399899135144,-5.74246774581201,-3.0771247014892933,4.756585753420172
1,2011-08-10 14:49:23.049013,3300,142545.0,149160141.0,3675083.0,554.2655887430303,43.19545454545455,45200.042727272725,-577.0,44380.0,94225814.0,-4589558.0,38.72734822613575,23,1,0,0.9604190919674039,-0.03958090803259604,-0.33303037795664786,0.602950096568457,-0.397049903431543,-0.3538452494402149,0.759912831131614,-0.240087168868386,-0.14186370440302565,0.17114296066853832,-0.8288570393314617,-0.5888394123049728,1.0365147167238027,0.036514716723802666,0.5133548164830648,0.6074332978847433,-0.39256670211525674,-0.35070641586302076,0.77172864879348,-0.22827135120651992,-0.13514971177581953,-10.0,3.6036655480721844,4.815563756833212,-7.734286984553667,5.810225527683368
1,2011-08-10 14:49:53.063246,3516,54268.0,18545266.0,4279484.0,545.094267375711,15.434584755403868,5274.535267349261,216.0,-88277.0,-130614875.0,604401.0,-9.171321367319363,13,1,0,1.0075653370013755,0.007565337001375542,0.07408141136950028,0.24778958250003197,-0.752210417499968,-0.6131631029849036,0.0891969441066018,-0.9108030558933982,-0.5763197584602631,0.5983457269216792,-0.4016542730783208,-0.8089226293667754,1.028867034387492,0.028867034387492007,0.4782462167315359,0.23889716396307853,-0.7611028360369214,-0.6112016139868758,0.0856174385294394,-0.9143825614705606,-0.5744580401698338,3.029850746268657,-4.072166488548741,-10.0,1.0422021527251764,-0.8568355230595515
1,2011-08-10 14:50:23.052047,3447,41838.0,10682503.0,3054853.0,515.7599404963737,12.13751087902524,3099.072526834929,-69.0,-12430.0,-7862763.0,-1224631.0,-29.33432687933725,26,1,0,0.9630105604291221,-0.03698943957087782,-0.4919170435136498,0.19794007579234224,-0.8020599242076578,-0.6194686728500063,0.05174138870234978,-0.9482586112976502,-0.5939763675586458,0.449893594676703,-0.550106405323297,-0.9902533281303515,0.9836778858586315,-0.016322114141368544,-0.3530499186719201,0.19683222773117076,-0.8031677722688292,-0.6019484564162442,0.05082339201404122,-0.9491766079859588,-0.5876246328132042,-1.7683741648106905,-0.6266652707619024,-4.407088388720238,-2.382724949934397,-4.350459578171369
1,2011-08-10 14:50:53.054179,3664,59160.0,24224633.0,5672734.0,536.2322309175764,16.146288209606986,6611.526473799127,217.0,17322.0,13542130.0,2617881.0,20.47229042120273,17,1,0,1.0469169666838105,0.04691696668381045,0.725181973834038,0.2861152837600075,-0.7138847162399925,-0.5330427149578528,0.11854454551889569,-0.8814554544811043,-0.5439962888046969,0.8858009858975995,-0.11419901410240056,-0.1788759684467213,1.0157037996757667,0.01570379967576679,0.40866281783611824,0.2659143259490024,-0.7340856740509977,-0.5373901191578041,0.10929421677793326,-0.8907057832220667,-0.5451295275647173,3.726130653266332,4.767945706081964,7.420904199910008,7.780406376668955,4.649670902705278
1,2011-08-10 14:51:23.066832,3845,78680.0,45517817.0,14940299.0,510.9839809209363,20.4629388816645,11838.18387516255,181.0,19520.0,21293184.0,9267565.0,-25.24824999664014,22,1,0,1.0798135250505503,0.07981352505055038,1.291795495526216,0.9934945552255693,-0.006505444774430737,-0.01250335786708578,0.8836802598299874,-0.11631974017001255,-0.10491612237144302,2.9944325513557954,1.9944325513557954,4.803235268426953,0.9580146342028564,-0.04198536579714368,-1.2873761129666639,0.9116220772942142,-0.08837792270578576,-0.15758437001088638,0.7960640952566732,-0.20393590474332673,-0.17370705625444702,1.9672131147540983,1.1530085142340247,1.1393158335934674,7.550840883859336,-5.644201100957315
1,2011-08-10 14:51:53.060719,3907,66946.0,28480692.0,3888306.0,505.667554453033,17.134886101868442,7289.657537752751,62.0,-11734.0,-17037125.0,-11051993.0,-5.316426467903284,17,1,0,1.0992009903218545,0.09920099032185457,1.6896692143719445,0.889078357782789,-0.110921642217211,-0.2095287233134677,0.5739058291778564,-0.4260941708221436,-0.3701782970506042,0.6148014513611579,-0.3851985486388421,-0.4958685457923982,0.94966892392133,-0.05033107607867005,-1.4379299412291855,0.7978860297975932,-0.20211397020240687,-0.34727286027404486,0.5060620227698052,-0.4939379772301949,-0.40626547408006114,10.0,-2.011034128817039,-8.046411568617248,-9.277830440085456,-4.836762656899714
1,2011-08-10 14:52:23.066268,3282,36713.0,14459808.0,3148673.0,518.7106531898232,11.186166971358928,4405.791590493602,-625.0,-30233.0,-14020884.0,-739633.0,13.043098736790228,19,1,0,0.892866858915066,-0.10713314108493394,-1.9683431750546578,0.6100693936694894,-0.38993060633051063,-1.7018554422635643,0.5672696996257641,-0.4327303003742358,-0.8465202336534347,0.4945195760881597,-0.5054804239118403,-0.6588371792591731,0.9922774553478442,-0.0077225446521558,-0.23704236810844956,0.6878190174285683,-0.3121809825714317,-1.6895628105842633,0.6457647716966215,-0.3542352283033785,-0.7486999683938488,-6.14827018121911,-0.9995634862895013,0.41908568044588934,-10.0,2.3419368630178137
1,2011-08-10 14:52:53.050580,4178,122361.0,91687815.0,6715820.0,457.6671978776927,29.28697941598851,21945.38415509813,896.0,85648.0,77228007.0,3567147.0,-61.04345531213056,18,1,0,1.1512813447230643,0.1512813447230642,2.079866280519486,2.159283821032904,1.1592838210329044,3.7701024400718333,3.7161057966528115,2.7161057966528115,4.89651483676873,1.0936084558587051,0.09360845585870513,0.11428579240928766,0.8844308397741654,-0.1155691602258346,-5.15735319285357,1.9000790745026517,0.9000790745026518,3.6559855562023373,3.30063033978784,2.3006303397878396,4.5618926650184,10.0,10.0,10.0,10.0,-10.0
1,2011-08-10 14:53:23.070240,3524,158787.0,135077448.0,125732845.0,529.8715603317253,45.05874006810443,38330.71736662883,-654.0,36426.0,43389633.0,119017025.0,72.2043624540326,16,1,0,0.9334604789150244,-0.06653952108497559,-0.7573080353982589,2.181979332710383,1.1819793327103831,2.7154703271893816,3.304715525236694,2.304715525236694,3.084030369267466,10.0,10.0,10.0,1.0474827054169917,0.04748270541699176,0.8194721504202602,2.3912147449805645,1.3912147449805645,3.902334443072063,3.6792395215910436,2.6792395215910436,3.994451457884313,-5.473324213406293,1.261838232554674,1.6781967706019083,10.0,7.214576830016429
1,2011-08-10 14:53:53.051372,3829,69767.0,43188068.0,7935124.0,437.17280825411336,18.22068425176286,11279.202925045704,305.0,-89020.0,-91889380.0,-117797721.0,-92.69875207761191,32,1,0,1.0218296327924852,0.021829632792485103,0.23445258625336454,0.7526316811474756,-0.24736831885252442,-0.47705352982449517,0.6850386636684984,-0.3149613363315016,-0.3997094201492684,0.2569232813426951,-0.7430767186573048,-0.4311701736580111,0.8664089821149286,-0.1335910178850714,-2.428269909316752,0.7398979514701414,-0.2601020485298586,-0.4865264689070121,0.672905300855169,-0.32709469914483097,-0.39809486627924884,10.0,-5.467664388167865,-5.14465703915593,-5.905780946679284,-10.0
1,2011-08-10 14:54:23.055330,3737,47465.0,20148772.0,6105942.0,432.3752072285256,12.701364731067702,5391.697083221836,-92.0,-22302.0,-23039296.0,-1829182.0,-4.797601025587767,17,1,0,0.9981303418803419,-0.0018696581196581197,-0.020123709844287557,0.5220822132370087,-0.4779177867629913,-0.8889982575857073,0.32197458057266715,-0.6780254194273329,-0.8504086041337938,0.20709232772413722,-0.7929076722758628,-0.4342109658981439,0.8827263332686296,-0.11727366673137045,-1.4254758061526955,0.5253384042616975,-0.4746615957383024,-0.8577721081322071,0.32382271941618235,-0.6761772805838177,-0.8143790811805673,-10.0,-10.0,-10.0,-0.30559336490523076,0.675008480948832
1,2011-08-10 14:54:53.061076,3692,41454.0,21253047.0,2356037.0,455.7128161676598,11.228060671722645,5756.513271939329,-45.0,-6011.0,1104275.0,-3749905.0,23.337608939134213,24,1,0,0.9951482479784367,-0.004851752021563342,-0.05356490511090507,0.4763809116671608,-0.5236190883328392,-0.8771938669515262,0.3489117685500732,-0.6510882314499268,-0.7710933464950757,0.07872434271619203,-0.921275657283808,-0.5145341938972641,0.9590733852375641,-0.040926614762435885,-0.42261445478340076,0.4820816329420336,-0.5179183670579663,-0.8560930958299506,0.3537993626975778,-0.6462006373024222,-0.7421159429859664,-0.3235294117647059,-0.5427852779631437,1.6626773900853584,-9.454735132366178,2.5920904311910626
1,2011-08-10 14:55:23.049214,3744,82880.0,66691104.0,4075119.0,475.6185778709936,22.136752136752136,17812.79487179487,52.0,41426.0,45438057.0,1719082.0,19.90576170333378,22,1,0,0.9873417721518988,-0.012658227848101266,-0.19794277265587026,0.9421736382362437,-0.057826361763756357,-0.10008068955108161,1.0709812251379172,0.07098122513791726,0.0884588166717175,0.13689065718012217,-0.8631093428198778,-0.47860067368410264,1.028231282892614,0.028231282892613896,0.3328383965882446,0.9501092142280214,-0.049890785771978564,-0.08254928994626774,1.0769067623337771,0.07690676233377715,0.09154952531624516,-0.36585365853658536,10.0,10.0,10.0,2.57987659928155
1,2011-08-10 14:55:53.089125,3573,46725.0,28805316.0,3051301.0,549.1774127626644,13.077246011754829,8061.941225860622,-171.0,-36155.0,-37885788.0,-1023818.0,73.55883489167081,24,1,0,0.9643204145525208,-0.03567958544747917,-1.172499202336017,0.5835475193142051,-0.4164524806857948,-0.7083316071865693,0.5029590903727479,-0.4970409096272521,-0.5995823182590105,0.10435004280665594,-0.8956499571933441,-0.4851617014745678,1.178112590890173,0.17811259089017306,2.1022176083915958,0.597977686773759,-0.40202231322624105,-0.6427446438153157,0.5130359081712086,-0.4869640918287914,-0.5621145166097091,-0.9700460829493088,-3.5787847318963553,-6.57815458201681,-0.9385345027702873,10.0
1,2011-08-10 14:56:23.055587,3959,40478.0,20877754.0,2498836.0,442.7694266011619,10.22429906542056,5273.491790856277,386.0,-6247.0,-7927562.0,-552465.0,-106.40798616150248,16,1,0,1.065679676985195,0.06567967698519515,2.6079481835768283,0.7020337089954248,-0.2979662910045752,-0.9646416001942808,0.5796596739584426,-0.42034032604155736,-0.7781499264537977,0.5311355786291025,-0.4688644213708975,-0.9616801744727135,0.9420398315536181,-0.057960168446381806,-0.574374183590833,0.6607908599843096,-0.3392091400156903,-1.1494583084991035,0.545885831042664,-0.45411416895733603,-0.8558380797512096,10.0,0.7212703681890382,0.6270159518395659,0.9774837770219129,-10.0
1,2011-08-10 14:56:53.051624,3480,57174.0,40896281.0,3014380.0,511.92856963706896,16.429310344827588,11751.80488505747,-479.0,16696.0,20018527.0,515544.0,69.15914303590705,13,1,0,0.9302325581395349,-0.06976744186046512,-1.8669785820995901,1.1037366506822341,0.10373665068223409,0.30449582244362633,1.2960235655116428,0.29602356551164277,0.4681758053109603,0.83328933361014,-0.16671066638986004,-0.3899888661285504,1.0865956783098354,0.08659567830983543,0.8770447194125226,1.1842186628791045,0.1842186628791044,0.5370029989775115,1.3892192076971588,0.3892192076971588,0.6153690203380449,-10.0,3.8502168049438352,5.486383965729932,1.474169138941866,10.0
1,2011-08-10 14:57:23.081912,3579,48667.0,25235549.0,3087499.0,488.829347146689,13.597932383347304,7051.005588153115,99.0,-8507.0,-15660732.0,73119.0,-23.09922249037993,24,1,0,0.9700238508239376,-0.029976149176062422,-0.6063820677916091,0.9055639702133519,-0.09443602978664806,-0.288604979396048,0.7067850651955058,-0.29321493480449423,-0.5473435105127278,1.0294632991797033,0.02946329917970334,0.13083596296688552,1.0036711184786187,0.0036711184786186167,0.04114876549259081,0.9301462530222547,-0.06985374697774527,-0.21180698655321878,0.7245690622550838,-0.2754309377449163,-0.516181482738814,2.926070038910506,-5.380986713358739,-4.774123438143827,1.1182557555048225,-2.4518067992999915
1,2011-08-10 14:57:53.059001,3710,44686.0,22451762.0,3117895.0,452.6830849134771,12.044743935309974,6051.687870619946,131.0,-3981.0,-2783787.0,30396.0,-36.14626223321193,18,1,0,1.0117262067084811,0.011726206708481048,0.2276263646682482,0.8097519606848262,-0.19024803931517378,-0.6327216776165164,0.6150965312900063,-0.38490346870999376,-0.7616632484630695,0.9912469753709114,-0.008753024629088516,-0.048076698527438996,0.9169849806031732,-0.0830150193968268,-1.0281927292872812,0.7980294015355094,-0.20197059846449064,-0.6757356992158354,0.6057619690301926,-0.3942380309698073,-0.7920699049932655,6.7964601769911495,-3.7596007209205604,-4.495022726918907,-0.7922243397469725,-6.457434876874822
1,2011-08-10 14:58:23.047392,3482,30063.0,11178162.0,1986905.0,491.82715062952326,8.6338311315336,3210.270534175761,-228.0,-14623.0,-11273600.0,-1130990.0,39.14406571604616,25,1,0,0.9513141358395717,-0.048685864160428347,-0.9579025535831022,0.6322929373659193,-0.3677070626340807,-2.8290043081029896,0.4042247725630348,-0.5957752274369652,-2.0613570206472787,0.6726191511919063,-0.32738084880809376,-3.757438892584479,1.0056219761363456,0.005621976136345589,0.06306637322466155,0.6603460836248247,-0.3396539163751753,-1.9515483976199028,0.42030326054633277,-0.5796967394536673,-1.7517498379781873,-10.0,-0.9143059119233387,-0.2741599999385162,-4.907655888276934,9.53351305519199
1,2011-08-10 14:58:53.059124,3860,38253.0,12227869.0,2669167.0,450.4811588147669,9.910103626943004,3167.84170984456,378.0,8190.0,1049707.0,682262.0,-41.34599181475642,15,1,0,1.0598572213069741,0.05985722130697419,1.0868594379464929,0.8651862775254673,-0.1348137224745327,-0.5944112431270326,0.5067937196826101,-0.49320628031738994,-1.1055169783944296,0.9737565498268398,-0.02624345017316022,-0.14652233572899193,0.9432036639410943,-0.0567963360589057,-0.9386083267211566,0.8132352387935038,-0.1867647612064962,-0.7535769432683092,0.4751060262725793,-0.5248939737274206,-1.1029913315128852,10.0,3.457688152682751,1.2977528306611492,4.204925610393124,-2.6046907439385283
1,2011-08-10 14:59:23.058455,3804,45486.0,15960159.0,2720062.0,440.1722868278128,11.957413249211356,4195.625394321766,-56.0,7233.0,3732290.0,50895.0,-10.308871986954044,21,1,0,1.0501904919662084,0.050190491966208436,1.1167843081316258,1.0392381753128956,0.03923817531289558,0.1670439991062589,0.7125731193862488,-0.2874268806137512,-0.5348314825798265,0.9801427603044888,-0.019857239695511245,-0.11586571353537128,0.9186526419537605,-0.08134735804623947,-1.4599175884634956,0.9863261143861101,-0.01367388561388988,-0.053927413348165996,0.6716738235057744,-0.32832617649422563,-0.5818855708661752,-1.8282828282828283,10.0,3.1574217460694562,0.4940028532680488,-7.6838887174837796
1,2011-08-10 14:59:53.053713,5994,56382.0,30895461.0,2926492.0,265.25090065615615,9.406406406406406,5154.397897897898,2190.0,10896.0,14935302.0,206430.0,-174.92138617165665,23,1,0,1.6257119609438568,0.6257119609438568,10.0,1.3608650527382877,0.36086505273828773,2.0218419274827673,1.774509964854831,0.7745099648548311,2.170091346404128,1.0773795113480604,0.07737951134806036,0.46049901925067543,0.5706792090648052,-0.4293207909351948,-8.383451838220457,0.8377032568711458,-0.16229674312885417,-0.93235141518637,1.0885082039509528,0.0885082039509528,0.24028557574174414,10.0,5.661190965092403,3.9947122491620783,4.506921085356654,-10.0
1,2011-08-10 15:00:23.083091,3301,42949.0,21609708.0,2788273.0,527.7827673698879,13.010905786125416,6546.412602241745,-2693.0,-13433.0,-9285753.0,-138219.0,262.53186671373174,21,1,0,0.7916067146282973,-0.20839328537170262,-0.8438508041336674,0.9994182528971006,-0.0005817471028994276,-0.00257173163651531,1.1654035430666325,0.16540354306663257,0.3742400907357952,1.0388095216273645,0.03880952162736447,0.24308779253886703,1.2563776026233466,0.25637760262334675,1.213435775422706,1.252192502718655,0.2521925027186549,1.7024198583057633,1.502861726642785,0.5028617266427852,1.750548127937377,-6.575569358178054,-9.705767984445885,-9.203089553335813,-3.292328904954443,6.871135407608449
1,2011-08-10 15:00:53.048689,3801,53224.0,29191977.0,2868908.0,400.2341392896606,14.002630886608786,7680.078137332281,500.0,10275.0,7582269.0,80635.0,-127.54862808022727,18,1,0,0.9297490338046084,-0.07025096619539158,-0.26349508764459184,1.2486100228495822,0.24861002284958222,1.0952784458539757,1.5887419821448379,0.5887419821448379,1.3350145542586618,1.0957643168738833,0.09576431687388322,0.6852725102002233,0.9198609861075353,-0.08013901389246468,-0.34474893973444243,1.3230333906441851,0.32303339064418507,1.8665406422506585,1.7239582346597733,0.7239582346597733,2.261318834816228,7.112469437652812,10.0,10.0,2.2231434795007616,-9.491955219268656
1,2011-08-10 15:01:23.050503,3657,61592.0,36740215.0,6538438.0,453.4871657883511,16.842220399234346,10046.544982225869,-144.0,8368.0,7548238.0,3669530.0,53.25302649869048,14,1,0,0.8807803468208093,-0.11921965317919075,-0.469477322483364,1.3032916620819825,0.30329166208198255,1.9255332697961671,1.6717548720448856,0.6717548720448856,1.8207506622024954,2.339685056117906,1.3396850561179061,10.0,1.0880621452096417,0.08806214520964165,0.38039003512404995,1.4447550478397913,0.44475504783979114,2.6302741153895974,1.8782551876141014,0.8782551876141013,2.606470688395061,-3.2570532915360504,0.8064850395060663,1.0951247695171733,10.0,3.907046384854145
1,2011-08-10 15:01:53.050233,3392,77366.0,56118630.0,16963573.0,441.9992616459316,22.808372641509436,16544.407429245282,-265.0,15774.0,19378415.0,10425135.0,-11.487904142419495,28,1,0,0.8250231064844092,-0.17497689351559073,-0.6709713681867395,1.4899107586477836,0.48991075864778366,3.3047071611539045,2.087785176393136,1.0877851763931359,3.587474915320324,4.753785595510143,3.753785595510143,8.059008166563853,1.0589714124975336,0.0589714124975336,0.2543825912333988,1.7485833077986024,0.7485833077986025,3.5798655627526084,2.460276951949375,1.4602769519493748,4.3020010532784605,-5.527093596059113,2.3793221646171645,2.952786689613471,10.0,-10.0
1,2011-08-10 15:02:23.069815,3811,343828.0,47958954.0,17050578.0,418.8790936129625,90.21988979270532,12584.348989766466,419.0,266462.0,-8159676.0,87005.0,-23.120168032969104,17,1,0,0.9458922809630181,-0.05410771903698188,-0.19523233113453478,5.897301321038856,4.8973013210388565,10.0,1.3737412770897104,0.37374127708971033,1.0015528436822987,2.657038260427922,1.6570382604279217,1.7411690631332577,1.0027007645135908,0.002700764513590697,0.011647022231247786,5.930015377472978,4.930015377472978,10.0,1.3687018729975078,0.3687018729975078,0.7562505401637742,6.084951456310679,10.0,-2.015934595717053,-0.9694580219722511,-10.0
1,2011-08-10 15:02:53.047770,4036,116622.0,90118709.0,11847402.0,349.25042975792866,28.89544103072349,22328.71878097126,225.0,-227206.0,42159755.0,-5203176.0,-69.62866385503384,27,1,0,1.1234829083620976,0.12348290836209773,1.889168775630363,1.0071697650438114,0.0071697650438113675,0.006481020843860376,2.351501713677509,1.3515017136775092,3.721647136702419,1.281915274626989,0.28191527462698907,0.35943820089066375,0.7787485877578316,-0.22125141224216838,-2.029689317394478,0.9209172840444936,-0.07908271595550641,-0.07493223455430806,2.090633842595963,1.090633842595963,2.9006649302154317,1.5153458543289051,-4.952151012711953,10.0,-2.841951401315455,-3.266142122579364
1,2011-08-10 15:03:23.060855,3655,158192.0,133888673.0,5439821.0,370.3246257113543,43.280984952120384,36631.64787961696,-381.0,41570.0,43769964.0,-6407581.0,21.074195953425654,21,1,0,0.9774295341498636,-0.02257046585013641,-0.3563615363202138,1.2119540568038343,0.21195405680383436,0.22732432111447462,2.5735104135173814,1.5735104135173816,3.459811089941603,0.4921231559181231,-0.5078768440818769,-0.8907188830182091,0.8971693910538284,-0.10283060894617155,-1.033913361280376,1.252571251017098,0.2525712510170982,0.27581739201234323,2.6474037220537285,1.6474037220537283,3.948914925175548,-3.5918367346938775,1.821250661707817,2.1944681254365395,-4.536532596014474,1.590206688472049
1,2011-08-10 15:03:53.063871,3804,596223.0,569914328.0,127669943.0,357.5649521385384,156.7358044164038,149819.74973711884,149.0,438031.0,436025655.0,122230122.0,-12.759673572815927,23,1,0,1.0252816559754192,0.025281655975419166,0.39687836629477463,3.9349458817317844,2.9349458817317844,3.9066713637297803,7.810786613438286,6.810786613438287,10.0,10.0,10.0,10.0,0.8789955721099032,-0.12100442789009684,-1.0866947844071875,3.8786984006499408,2.8786984006499403,3.939812268243158,7.633297489895904,6.633297489895904,10.0,6.102739726027397,10.0,10.0,10.0,-1.1330459854202803
1,2011-08-10 15:04:23.050612,4315,49133.0,18156180.0,2625484.0,284.91881933047506,11.386558516801854,4207.689455388181,511.0,-547090.0,-551758148.0,-125044459.0,-72.64613280806333,17,1,0,1.1538667237137663,0.1538667237137662,2.4256617631747743,0.19010919874233012,-0.8098908012576699,-0.9750319894203062,0.10109239573633784,-0.8989076042636621,-0.7311607933258188,0.07334929540692825,-0.9266507045930718,-0.6430574688665767,0.7350777082138256,-0.2649222917861745,-2.526224867840201,0.16649912419626087,-0.8335008758037391,-1.0176618596623141,0.08843069629079606,-0.911569303709204,-0.7494358133243972,10.0,-6.116519618203958,-6.174277356560258,-6.161516774682194,-2.7867210338407973
1,2011-08-10 15:04:53.061863,3897,39967.0,22318459.0,3926292.0,302.5555999969207,10.255837823967154,5727.087246599948,-418.0,-9166.0,4162279.0,1300808.0,17.636780666445645,21,1,0,0.9930686509352226,-0.006931349064777488,-0.10568491533746405,0.15809756028094982,-0.8419024397190502,-0.9634458827190548,0.12975292370148736,-0.8702470762985126,-0.6603347009419915,0.119243607371897,-0.880756392628103,-0.5445088770751688,0.8494276990386892,-0.15057230096131083,-1.114715032987509,0.15514762832820655,-0.8448523716717934,-0.9544534930668833,0.12694579369934983,-0.8730542063006501,-0.6590716262733954,-3.2643553629469126,-0.6232777246484609,1.5482100075205893,1.4536197257528531,1.561393271067655
1,2011-08-10 15:05:23.051831,3866,41910.0,22041867.0,2605190.0,334.30629171417485,10.840662183135024,5701.465856182101,-31.0,1943.0,-276592.0,-1321102.0,31.750691717254146,41,1,0,0.9808697417161415,-0.01913025828385855,-0.3007583325454283,0.21825010389142382,-0.7817498961085761,-0.6493995209795955,0.13208271480583864,-0.8679172851941613,-0.6284901845646672,0.08597479348776656,-0.9140252065122334,-0.5077697435737976,1.0041553356283186,0.004155335628318598,0.037310161119207874,0.21633330671605688,-0.7836666932839431,-0.6422745598816174,0.13034013768745137,-0.8696598623125487,-0.6260404261846428,-2.802325581395349,1.0319718555523743,0.9460634437829691,0.49669566786337943,2.3647583446064724
1,2011-08-10 15:05:53.047825,4266,56771.0,34281842.0,4995704.0,299.77878382559777,13.307782466010314,8036.062353492734,400.0,14861.0,12239975.0,2390514.0,-34.52750788857708,19,1,0,1.0917745815631879,0.09177458156318777,1.4568415446451177,0.32058615918909,-0.67941384081091,-0.5023133666703239,0.22367851585957343,-0.7763214841404266,-0.49990586014745747,0.1755752732912326,-0.8244247267087674,-0.4228432192443553,0.9086021183876736,-0.09139788161232647,-0.8371676241524267,0.2861890574691366,-0.7138109425308634,-0.5251350536431758,0.19882617132194597,-0.8011738286780541,-0.5168156940910275,10.0,1.9945524146054183,1.8989822853416143,2.2932585835512107,-10.0
1,2011-08-10 15:06:23.060361,3702,132935.0,109217557.0,93398646.0,311.3885449627229,35.90896812533766,29502.311453268503,-564.0,76164.0,74935715.0,88402942.0,11.609761137125131,38,1,0,0.9187016081000596,-0.08129839189994043,-1.3585842805311366,0.8477954194111255,-0.15220458058887448,-0.09712057946827056,0.8190751498476084,-0.1809248501523916,-0.09882182713839129,3.292798095604119,2.292798095604119,1.1713137817142039,0.9859531512958635,-0.014046848704136491,-0.15056781169182876,0.8865245373835995,-0.11347546261640046,-0.0707296597559917,0.8502496414891477,-0.14975035851085228,-0.08072320509269969,-5.615384615384616,4.7548436714289934,4.761575097193886,10.0,1.8228522636334985
1,2011-08-10 15:06:53.066158,3314,239018.0,226331621.0,9912548.0,365.26317799185273,72.12371756185878,68295.60078455039,-388.0,106083.0,117114064.0,-83486098.0,53.87463302912983,29,1,0,0.8265988227077722,-0.17340117729222784,-2.5956982343484416,3.7263186121054144,2.726318612105414,4.481476159231228,5.493061834230711,4.493061834230711,4.808606655770838,0.460828763824703,-0.5391712361752969,-0.28850611403699206,1.1913749471651545,0.19137494716515438,3.225566099813095,4.413946516087679,3.413946516087679,5.071590114850215,6.421823555420228,5.421823555420228,5.421456667015336,-10.0,2.1448925938077394,2.2710536666644012,-10.0,6.833567001434689
1,2011-08-10 15:07:23.049034,3558,52927.0,34621976.0,8127266.0,353.8302990252951,14.875491849353567,9730.74086565486,244.0,-186091.0,-191709645.0,-1785282.0,-11.43287896655761,17,1,0,0.9341034392228932,-0.06589656077710686,-0.7273712514446037,0.5182813978037646,-0.4817186021962354,-0.5754141865855336,0.41794663667357257,-0.5820533633264274,-0.5476756822646505,0.3538566984313084,-0.6461433015686916,-0.3760032719713783,1.096609329332342,0.09660932933234194,1.1372015073763035,0.522178056774265,-0.47782194322573496,-0.5114378593845702,0.4149126347949673,-0.5850873652050327,-0.508347765019373,2.218781218781219,-5.900097427390262,-5.604521169238209,-2.224966598344683,-1.711492328586693
1,2011-08-10 15:07:53.049562,3440,177755.0,159031810.0,7115887.0,357.89499120901166,51.67296511627907,46230.1773255814,-118.0,124828.0,124409834.0,-1011379.0,4.064692183716545,62,1,0,0.9194910723831926,-0.08050892761680739,-0.8446981969795552,1.6975576866878932,0.6975576866878932,0.8768138611260322,1.86440475368633,0.86440475368633,0.8566252436543299,0.29888800471817073,-0.7011119952818292,-0.42795426464785014,1.0750392451656285,0.07503924516562845,0.9051075589987966,1.7569071133372445,0.7569071133372446,0.8597131631955479,1.906144682094014,0.9061446820940139,0.8328318324822931,-0.7404129793510326,10.0,10.0,-2.203743465205926,-0.6036356857533943
1,2011-08-10 15:08:23.058700,3844,98047.0,71119971.0,3939384.0,286.6243043147762,25.506503642039544,18501.553329864724,404.0,-79708.0,-87911839.0,-3176503.0,-71.27068689423544,33,1,0,1.0514223194748358,0.05142231947483589,0.5081823549278347,0.7434494074970504,-0.2565505925029497,-0.424096055136363,0.631072659304322,-0.36892734069567795,-0.503118815128243,0.1594246205531716,-0.8405753794468284,-0.5403501332605032,0.848927287462668,-0.151072712537332,-1.7102243787342963,0.6787654893950446,-0.32123451060495545,-0.482918129946067,0.5717594978331847,-0.4282405021668153,-0.5439878879805651,5.741784037558685,-3.933784828296956,-4.208696823824504,-4.5210777846527925,-10.0
1,2011-08-10 15:08:53.047664,3804,156435.0,114221178.0,15784768.0,318.6373681955836,41.12381703470032,30026.597791798107,-40.0,58388.0,43101207.0,11845384.0,32.01306388080735,24,1,0,1.0650688766939187,0.06506887669391873,1.1108712484291772,1.1163052568782985,0.11630525687829862,0.22699654852277007,0.9513311198080413,-0.04866888019195868,-0.07769693802836138,0.6443092177509068,-0.3556907822490932,-0.2258836143464694,0.9511555748220705,-0.04884442517792958,-0.4777447225225012,1.0276450794492409,0.02764507944924089,0.049153435588729096,0.8715468158314509,-0.1284531841685491,-0.18982061115637208,0.5260663507109005,6.072875278612268,4.850080903946018,10.0,10.0
1,2011-08-10 15:09:23.052167,3495,42847.0,21042541.0,6192445.0,326.3043668197425,12.259513590844064,6020.7556509299,-309.0,-113588.0,-93178637.0,-9592323.0,7.666998624158907,37,1,0,0.9729955456570156,-0.02700445434298441,-0.42335077095882584,0.29583032994468245,-0.7041696700553176,-1.4168980011396222,0.17381148069109328,-0.8261885193089067,-1.3325630156452262,0.689891408512412,-0.31010859148758796,-0.6353147819928727,0.9698449681118188,-0.030155031888181204,-0.3061798783845961,0.298571957896774,-0.701428042103226,-1.2863694327770538,0.174227136224939,-0.825772863775061,-1.225394362379008,-10.0,-10.0,-10.0,0.3820484656107507,4.288443639653488
1,2011-08-10 15:09:53.049139,3687,30957.0,11141346.0,1930727.0,303.26694234336856,8.396257119609439,3021.7917005695685,192.0,-11890.0,-9901195.0,-4261718.0,-23.03742447637393,24,1,0,1.0162063833305772,0.016206383330577195,0.319399221233835,0.2931473018554538,-0.7068526981445462,-1.2372332908268513,0.1392537783135098,-0.8607462216864902,-1.2065489925588078,0.23454066169012203,-0.765459338309878,-1.4012467739625156,0.9227424769038252,-0.07725752309617487,-0.8759235171199011,0.2886535948825779,-0.7113464051174222,-1.21874374281319,0.13672049980889153,-0.8632795001911086,-1.1668216533959237,4.303867403314917,0.6969480708157678,0.7588474993409294,-4.727956994739124,-1.956638534810569
1,2011-08-10 15:10:23.048779,4000,50348.0,33390779.0,2468714.0,284.57812444350003,12.587,8347.69475,313.0,19391.0,22249433.0,537987.0,-18.688817899868525,49,1,0,1.0946907498631637,0.09469074986316366,1.9136331020353028,0.4974695726235621,-0.5025304273764378,-0.7742465611643901,0.4433696977587283,-0.5566303022412717,-0.6711902884006877,0.3530445187085362,-0.6469554812914637,-0.8515187286562373,0.8933670070742747,-0.1066329929257252,-1.2700920043272017,0.4529031902172381,-0.5470968097827619,-0.8213675802183418,0.40210136406676733,-0.5978986359332327,-0.696169624221975,10.0,5.413063268092854,5.737827094077118,1.4341028112628678,-0.8480594571116246
1,2011-08-10 15:10:53.054466,3914,68155.0,55287835.0,42430880.0,287.8130580045989,17.413132345426675,14125.66044966786,-86.0,17807.0,21897056.0,39962166.0,3.234933561098842,50,1,0,1.0392989909718535,0.03929899097185342,0.7855964967179755,0.9000116207208015,-0.09998837927919842,-0.14611559478345645,1.1017208102247362,0.10172081022473613,0.12036307652890242,6.998091241342289,5.998091241342289,6.403150082402033,0.9471204233202498,-0.05287957667975015,-0.8616051334369244,0.8717629595502634,-0.1282370404497366,-0.19012496100115497,1.0714506042225835,0.07145060422258363,0.08511558668940745,-1.7678571428571428,1.6988234555401194,1.8714134158927749,10.0,1.2206131892846082
1,2011-08-10 15:11:23.048898,3988,295552.0,252374572.0,132171387.0,310.99582741850554,74.11033099297893,63283.49348044132,74.0,227397.0,197086737.0,89740507.0,23.18276941390667,36,1,0,1.055026455026455,0.05502645502645503,1.0505385469370114,4.237401861548079,3.237401861548079,4.488786993571672,5.367760387993588,4.367760387993588,5.005669998254961,9.604426965802901,8.604426965802901,6.980970316887785,1.0226090230536407,0.022609023053640577,0.37407622340152674,4.037402321549748,3.037402321549748,4.248431217029313,5.141446409210989,4.141446409210989,4.760175191415394,4.285714285714286,10.0,10.0,10.0,10.0
1,2011-08-10 15:11:53.075855,3622,76614.0,52602439.0,12978000.0,294.0939942435119,21.152401987852016,14523.036720044174,-366.0,-218938.0,-199772133.0,-119193387.0,-16.90183317499367,29,1,0,0.9489624816600293,-0.0510375183399707,-0.8874673817654511,0.785206381351989,-0.21479361864801103,-0.18797191359887874,0.7046786453606124,-0.2953213546393875,-0.2188946999835781,0.350389031990659,-0.649610968009341,-0.431130376852844,0.9719170400943996,-0.02808295990560039,-0.49553663013859384,0.8476813518138518,-0.15231864818614815,-0.13738703883086537,0.7659878294584167,-0.23401217054158335,-0.17669742481418174,-10.0,-8.868844210269053,-8.230084155587232,-6.120579497201478,-10.0
1,2011-08-10 15:12:23.095527,3629,45593.0,30660132.0,2549721.0,285.77305512345,12.56351612014329,8448.644805731607,7.0,-31021.0,-21942307.0,-10428279.0,-8.320939120061894,44,1,0,0.9445109572640675,-0.05548904273593249,-1.2114379455931006,0.4370276788350274,-0.5629723211649726,-0.542167237210098,0.3787099978077652,-0.6212900021922348,-0.5161706520134429,0.06640600265940606,-0.9335939973405939,-0.6523788509217707,0.9649618485303333,-0.03503815146966672,-0.9485393543728378,0.4699834882288575,-0.5300165117711425,-0.5262921456187561,0.4089306699974413,-0.5910693300025587,-0.5027663752027147,-0.7244094488188976,-5.593389996150088,-4.4762956141366494,-8.684175428539007,-0.29165521143370227
1,2011-08-10 15:12:53.078974,3556,90930.0,74681467.0,18658194.0,254.66254300421824,25.570866141732285,21001.5374015748,-73.0,45337.0,44021335.0,16108473.0,-31.110512119231743,33,1,0,0.9283141022294158,-0.07168589777058422,-1.44434722804846,0.8478131957886258,-0.15218680421137423,-0.15395057007682486,0.8800223155511993,-0.11997768444880078,-0.10798191723743694,0.48438005568697967,-0.5156199443130203,-0.36214063718256184,0.8701925048395465,-0.1298074951604536,-3.4878859932522612,0.9276477359915506,-0.0723522640084494,-0.07592541985150002,0.9657785937971802,-0.03422140620281975,-0.031789755649375404,-5.293103448275862,10.0,10.0,10.0,-7.8918236776470305
1,2011-08-10 15:13:23.050853,3552,34043.0,15800131.0,5386463.0,238.33977010951577,9.584177927927929,4448.235078828829,-4.0,-56887.0,-58881336.0,-13271731.0,-16.322772894702467,18,1,0,0.949275749639211,-0.050724250360788974,-0.9740867647760926,0.2950797789350327,-0.7049202210649673,-0.796862103676267,0.1696725976376895,-0.8303274023623105,-0.8554856196431011,0.12899348393195934,-0.8710065160680407,-0.6912432342214233,0.8314148186277978,-0.16858518137220221,-2.362771838745764,0.31775618968886615,-0.6822438103111338,-0.8221375242804101,0.18323233325041433,-0.8167676667495857,-0.8909967765506481,0.954954954954955,-8.008895569464295,-8.130098679876683,-5.0988750101918034,-1.7281390013816065
1,2011-08-10 15:13:53.049278,3458,72069.0,52279210.0,3007659.0,222.45716893956043,20.841237709658763,15118.337189126663,-94.0,38026.0,36479079.0,-2378804.0,-15.882601169955336,35,1,0,0.9423884013735215,-0.057611598626478466,-1.1635988199748126,0.6639464781881297,-0.33605352181187026,-0.34083959328371644,0.61343476559272,-0.38656523440727997,-0.3429513280246608,0.08756239273082199,-0.912437607269178,-0.5693169128067712,0.8037530337610553,-0.19624696623894464,-1.8314545433443683,0.7288099459551952,-0.27119005404480484,-0.2955176843356044,0.6767084864767253,-0.32329151352327473,-0.30437477966402254,-0.298342541436464,6.573698405253284,5.619042803805458,0.6789254369963496,-0.6051693596388029
1,2011-08-10 15:14:23.073160,3375,24297.0,8064625.0,1685434.0,239.40468184296296,7.199111111111111,2389.5185185185187,-83.0,-47772.0,-44214585.0,-1322225.0,16.947512903402526,43,1,0,0.9471291463209294,-0.05287085367907057,-2.731352845856884,0.3805336900037275,-0.6194663099962725,-1.6920941937553398,0.1784024518985711,-0.8215975481014289,-1.64064175839432,0.1979136373225791,-0.8020863626774208,-0.9696176279137584,0.9241093887750007,-0.07589061122499925,-0.6438842140127348,0.4012336739124552,-0.5987663260875448,-1.6210315512010978,0.1880332366196881,-0.8119667633803119,-1.61022961098078,0.2169811320754717,-0.06880612843035044,-0.10483782727557678,0.9488159322871201,1.9570685390174916
1,2011-08-10 15:14:53.057351,3604,29726.0,12901226.0,3294898.0,220.1764045033296,8.248057713651498,3579.696448390677,229.0,5429.0,4836601.0,1609464.0,-19.228277339633337,34,1,0,1.0256118383608424,0.025611838360842343,0.9127535558633177,0.556808475566811,-0.443191524433189,-0.8583010751590664,0.35543394318991706,-0.6445660568100829,-0.8574811325813975,0.5265523058734917,-0.47344769412650833,-0.41923774050653195,0.8873520845896536,-0.11264791541034641,-1.1679905399971144,0.5443622289030309,-0.45563777109696907,-0.8878157419931172,0.34817700641551735,-0.6518229935844826,-0.8688243672426919,5.635627530364372,1.5188562035284898,1.5429769184450768,1.7126210287369583,-0.7579556677183917
1,2011-08-10 15:15:23.051787,3967,48027.0,16195941.0,3263750.0,215.9943385462566,12.106629694983615,4082.6672548525335,363.0,18301.0,3294715.0,-31148.0,-4.182065957073007,60,1,0,1.1305215161014535,0.1305215161014534,4.9942178219204285,0.9564654571525302,-0.04353454284746978,-0.07402322690923778,0.4946030505636837,-0.5053969494363163,-0.565128722522894,0.5094411801359663,-0.4905588198640337,-0.4505029146308433,0.9190931119954535,-0.08090688800454646,-1.3493500136470007,0.8472875814800024,-0.15271241851999764,-0.2612229101411207,0.4386443877841361,-0.5613556122158639,-0.6303693122421125,10.0,6.767000693262747,1.9276233006695345,-1.2089973254676405,0.681228697079981
1,2011-08-10 15:15:53.051368,3673,163260.0,133560470.0,8349188.0,230.37583133297036,44.4486795534985,36362.7742989382,-294.0,115233.0,117364529.0,5085438.0,14.38149278671372,36,1,0,1.0227779015370908,0.02277790153709072,0.3592258789098536,3.9214650128265482,2.9214650128265487,6.350737140529534,6.345450024754104,5.345450024754104,6.335805126675901,2.509041240268481,1.509041240268481,3.784291251065552,1.0136458727924706,0.013645872792470613,0.2859843222702344,3.8331564336903883,2.833156433690388,5.990000353632069,6.138533378161616,5.138533378161616,5.855496148484844,-4.576642335766423,10.0,10.0,2.6517121371840386,2.85960183415662
1,2011-08-10 15:16:23.060370,3935,45304.0,23557429.0,2453728.0,247.1242367473952,11.513087674714104,5986.640152477764,262.0,-117956.0,-110003041.0,-5895460.0,16.748405414424838,50,1,0,1.088399623831388,0.08839962383138793,1.3960552014627097,0.6714110836774073,-0.32858891632259274,-0.39097832509031316,0.5281899888086837,-0.47181001119131627,-0.3991119614456077,0.625921353013421,-0.374078646986579,-0.5722854851174547,1.0950123697952818,0.09501236979528177,2.3091711247992923,0.6200251453547592,-0.37997485464524083,-0.45723512141182016,0.4864577352362512,-0.5135422647637489,-0.4390697891694759,9.826446280991735,-5.56426012057237,-5.670631977375677,-10.0,10.0
1,2011-08-10 15:16:53.057776,3798,72163.0,59001646.0,13770860.0,204.39919973117432,19.00026329647183,15534.925223802002,-137.0,26859.0,35444217.0,11317132.0,-42.72503701622085,56,1,0,1.0234989759620567,0.023498975962056648,0.35488463261447306,1.1616186005782096,0.16161860057820956,0.17483944347628827,1.5184717892103297,0.5184717892103297,0.3783903755984354,3.6149686160517263,2.6149686160517263,3.7976884134038253,0.8863218452600293,-0.1136781547399707,-2.0217002343274815,1.1375282635223167,0.13752826352231665,0.1467824201203782,1.4823035125153408,0.4823035125153408,0.3479560648494808,-2.4360587002096437,6.017560246590697,7.170267957965421,10.0,-9.660339637662679
1,2011-08-10 15:17:23.075289,3666,57498.0,34887030.0,14449665.0,216.61344735979267,15.684124386252046,9516.374795417349,-132.0,-14665.0,-24114616.0,678805.0,12.214247628618352,28,1,0,0.9659060968540865,-0.0340939031459135,-0.8161268874548127,0.8019694264673064,-0.1980305735326936,-0.26592463295690705,0.7113509865510308,-0.28864901344896915,-0.27928391525252466,2.320677792387769,1.3206777923877693,1.7051408408826292,0.9686935757849332,-0.03130642421506675,-0.43467068988207064,0.8227373291023402,-0.17726267089765982,-0.22955615250140216,0.7259232200031915,-0.27407677999680846,-0.25902466525929363,-2.5602836879432624,-2.5318806668616554,-3.3671011306295284,-0.7191638093684078,2.7446192555801163
1,2011-08-10 15:17:53.073260,4227,37120.0,14249861.0,2934261.0,190.8779202363378,8.781641826354388,3371.1523539153063,561.0,-20378.0,-20637169.0,-11515404.0,-25.735527123454855,27,1,0,1.1100898156415777,0.11008981564157776,2.9660682585801044,0.48051531124757935,-0.5194846887524207,-0.8154181454925749,0.26664907975641966,-0.7333509202435804,-0.8228117592789624,0.3469444210659441,-0.6530555789340559,-0.979550507383654,0.8563333879298415,-0.14366661207015852,-1.9559725044028229,0.42731892181968456,-0.5726810781803154,-0.8593760019108304,0.23579972523273143,-0.7642002747672686,-0.8350807637125353,10.0,-4.668803111047098,-5.693294136525552,-6.1616515163427446,-10.0
1,2011-08-10 15:18:23.058893,3804,68058.0,44837564.0,3918481.0,163.83016237171398,17.891167192429023,11786.951629863304,-423.0,30938.0,30587703.0,984220.0,-27.047757864623836,48,1,0,0.9855432923985699,-0.014456707601430172,-0.2397020887391919,0.9066059225512528,-0.09339407744874716,-0.13735894573190569,0.8451739131411687,-0.15482608685883126,-0.1710587918114941,0.46695610260066195,-0.533043897399338,-0.7825846508644942,0.7519348755481348,-0.2480651244518653,-2.464490602354371,0.8997065096243304,-0.10029349037566955,-0.13970576964407677,0.8327427379501035,-0.1672572620498966,-0.17900888872368578,-9.134615384615385,10.0,10.0,10.0,-4.384477502101153
1,2011-08-10 15:18:53.054863,3803,59105.0,35666417.0,4317993.0,171.74384601446226,15.541677622929267,9378.495135419404,-1.0,-8953.0,-9171147.0,399512.0,7.913683642748282,24,1,0,0.978641276376737,-0.021358723623262996,-0.3895919381486816,1.0549076721531503,0.054907672153150386,0.20744188612559708,1.0101881778492732,0.010188177849273167,0.020480651534953896,0.5753182475708487,-0.42468175242915135,-0.5262162763063425,0.839539967680233,-0.16046003231976705,-1.0645480737190824,1.0663933698055386,0.06639336980553866,0.2238382384487568,1.0150755661951751,0.01507556619517506,0.02916756429240435,-1.0381679389312977,0.5297892901409634,0.4831578780794218,1.450844526618438,1.5946054616533887
1,2011-08-10 15:19:23.052241,4051,275410.0,261953677.0,7606658.0,155.67235716119478,67.98568254751913,64663.95383855838,248.0,216305.0,226287260.0,3288665.0,-16.071488853267482,22,1,0,1.0495906311534875,0.049590631153487434,0.8959364466434706,4.6847358680565,3.6847358680565008,10.0,6.943123951515532,5.943123951515533,10.0,0.9655261090912045,-0.034473890908795504,-0.04751215966770222,0.8215207256902818,-0.17847927430971816,-1.5383930106679886,4.420460191698489,3.420460191698489,10.0,6.520134444298415,5.5201344442984155,10.0,10.0,10.0,10.0,7.820272332527833,-0.06602583888212848
1,2011-08-10 15:19:53.090363,3805,39631.0,19582007.0,3316507.0,184.60318070827856,10.41550591327201,5146.388173455979,-246.0,-235779.0,-242371670.0,-4290151.0,28.930823547083776,19,1,0,0.9730960053194211,-0.026903994680578955,-0.46745076599347907,0.3985490485547808,-0.6014509514452192,-0.60398914788265,0.2500291059975914,-0.7499708940024086,-0.5688078240873946,0.49906720601023424,-0.5009327939897658,-0.70789299890167,1.0270136320113923,0.027013632011392175,0.1990608810164874,0.41369362362217943,-0.5863063763778206,-0.6106424377889145,0.26066391502396175,-0.7393360849760382,-0.5768578541960057,-5.861660079051384,-6.800307015601707,-6.971156553737567,-2.479891638852848,3.968674145624611
1,2011-08-10 15:20:23.048575,3799,49524.0,30672127.0,3929096.0,158.01352760805474,13.03606212161095,8073.737036062122,-6.0,9893.0,11090120.0,612589.0,-26.589653100223813,29,1,0,0.9647028948704927,-0.035297105129507365,-0.7174103965962376,0.5166025485892632,-0.4833974514107368,-0.4578660382063939,0.4075602013966235,-0.5924397986033765,-0.42428994391227787,0.8891811767048824,-0.11081882329511766,-0.2632383875627001,0.9115525566969876,-0.08844744330301232,-1.0582782753069464,0.5403966818795498,-0.4596033181204502,-0.44710460808154084,0.42787487009428377,-0.5721251299057163,-0.4181741840315761,-1.2158273381294962,3.768511781496614,4.623032778193146,1.2751191530740873,-3.153300781542554
1,2011-08-10 15:20:53.050488,4343,40523.0,19821185.0,2737966.0,140.8342564768593,9.330647018190191,4563.9385217591525,544.0,-9001.0,-10850942.0,-1191130.0,-17.179271131195435,26,1,0,1.1273491849236839,0.1273491849236839,4.418063127482676,0.4120469039794358,-0.5879530960205642,-0.5808463139485028,0.2523629975440106,-0.7476370024559894,-0.5704718725932121,0.5929224792956392,-0.4070775207043608,-1.1000642696879357,0.8444687196922143,-0.15553128030778576,-2.2095461351414225,0.37361415431246486,-0.6263858456875351,-0.64627631359521,0.23038669212607113,-0.7696133078739289,-0.6052770364777046,7.355140186915889,-4.628265075782005,-4.303728608463655,-6.98657063734187,-1.613660219664454
1,2011-08-10 15:21:23.050335,3860,30353.0,14296115.0,3524564.0,126.37918152487046,7.863471502590674,3703.656735751296,-483.0,-10170.0,-5525070.0,786598.0,-14.455074951988848,58,1,0,0.9746982475632544,-0.025301752436745574,-0.41825878231372454,0.32694374969032275,-0.6730562503096772,-0.6104194004856915,0.1944015956489509,-0.8055984043510491,-0.5612425468980977,0.8043930542965152,-0.1956069457034848,-0.4510047847121859,0.7792841202427712,-0.2207158797572288,-2.1491018729264226,0.33804059070282133,-0.6619594092971787,-0.6130635743686801,0.2016659800443089,-0.7983340199556911,-0.5648019063929596,-5.48051948051948,-0.8467405120755402,-0.10429051302748496,4.331588332210941,-2.14296706076345
1,2011-08-10 15:21:53.081959,3827,92958.0,65478602.0,3730464.0,156.8259405265221,24.290044421217665,17109.642539848446,-33.0,62605.0,51182487.0,205900.0,30.44675900165163,26,1,0,0.9635914996474972,-0.036408500352502746,-0.6248053870954621,1.0674006352180894,0.06740063521808928,0.05564131663937811,0.9453343104537401,-0.054665689546259943,-0.035098208037944494,0.8833769654646356,-0.11662303453536438,-0.25389681189285945,1.0243332961926195,0.024333296192619442,0.17149267464371012,1.1180032352416522,0.11800323524165234,0.09887725391671816,0.9929953583466717,-0.00700464165332821,-0.004542941353488997,-3.894736842105263,10.0,10.0,2.297532608462761,4.355779144871352
1,2011-08-10 15:22:23.068902,3839,36271.0,19028809.0,1939804.0,148.75102672597032,9.44803334201615,4956.709820265694,12.0,-56687.0,-46449793.0,-1790660.0,-8.07491380055177,409,1,0,0.9776408271365997,-0.022359172863400268,-0.3753947112760244,0.7168493491811897,-0.28315065081881036,-0.5816070329485736,0.6349284093598749,-0.365071590640125,-0.5279487066123527,0.5626339544917722,-0.43736604550822783,-3.293405294263007,0.9701287792431288,-0.029871220756871156,-0.21044955575712393,0.7274911054269868,-0.27250889457301325,-0.536609293832384,0.6421047234991832,-0.3578952765008168,-0.5023086109828354,1.2678571428571428,-0.5534770789029443,-0.18207851555725327,-1.3098173104854915,-10.0
1,2011-08-10 15:22:53.079654,3676,34793.0,18891277.0,2346753.0,159.8067747241567,9.464907508161044,5139.085146898803,-163.0,-1478.0,-137532.0,406949.0,11.055747998186376,34,1,0,0.9345129143786862,-0.06548708562131379,-1.1203834104004886,0.6968941909794134,-0.3031058090205866,-0.6041179458768333,0.6326750537074335,-0.3673249462925665,-0.527447484462976,0.7397455184103487,-0.26025448158965125,-1.0019425222211447,1.0933628538249325,0.09336285382493256,1.046117993086633,0.7398128184250129,-0.26018718157498705,-0.49660897882060573,0.6690178271922314,-0.3309821728077687,-0.4603454837161691,-10.0,-1.1994047619047619,-0.24306306241165002,2.477983995095529,2.5418526880758683
1,2011-08-10 15:23:23.052147,3412,93297.0,74150890.0,11125133.0,155.86874028692847,27.343786635404456,21732.382766705745,-264.0,58504.0,55259613.0,8778380.0,-3.938034437228225,78,1,0,0.8728575083141469,-0.12714249168585315,-1.9619992141567477,1.9859045202598575,0.9859045202598575,1.7843006164397337,2.6960825093297514,1.6960825093297514,2.1859456436002764,3.89547717571792,2.89547717571792,10.0,1.0638093112201756,0.06380931122017562,0.6941098058511512,2.263667040185699,1.263667040185699,2.225417100824801,3.063225931508203,2.0632259315082027,2.6019019876206118,-9.73170731707317,10.0,10.0,10.0,-10.0
1,2011-08-10 15:23:53.048905,3752,53155.0,40389267.0,5061057.0,121.6453730759595,14.167110874200429,10764.73001066098,340.0,-40142.0,-33761623.0,-6064076.0,-34.22336721096897,347,1,0,1.0078435586117975,0.007843558611797523,0.1549934453559211,0.9238820601240301,-0.07611793987596988,-0.13448164622943873,1.0526498241479938,0.05264982414799373,0.06982373917091891,1.1164071040192056,0.11640710401920569,0.14026108086837116,0.8135381295887744,-0.18646187041122567,-2.0559849100379983,0.9033966901640749,-0.09660330983592509,-0.1622460482980088,1.0224570644859008,0.02245706448590082,0.028488808855504276,2.825993555316864,-4.80319854473794,-4.107105311909939,-4.615091961326155,-10.0
1,2011-08-10 15:24:23.090120,3748,108270.0,95888400.0,38637106.0,129.10994429722518,28.887406616862325,25583.884738527213,-4.0,55115.0,55499133.0,33576049.0,7.464571221265686,105,1,0,1.012644547714255,0.012644547714254885,0.2683427127728382,1.7436242648337703,0.7436242648337702,1.5795531452878453,2.1998923597121935,1.1998923597121935,2.0371105016969158,7.981814065910511,6.98181406591051,9.080425675614913,0.8689616167906169,-0.13103838320938313,-1.248550035462222,1.7049983821153276,0.7049983821153277,1.4226922587806157,2.1426123856237345,1.1426123856237342,1.8438002660570403,0.8148148148148149,10.0,9.634808128968091,10.0,8.884319044408066
1,2011-08-10 15:24:53.063573,3971,30082.0,10395772.0,1962507.0,115.83005565424324,7.575421808108788,2617.9229413246035,223.0,-78188.0,-85492628.0,-36674599.0,-13.27988864298193,228,1,0,1.0774949801921094,0.07749498019210938,1.7479811023168614,0.4616834363662036,-0.5383165636337964,-1.0398631012287123,0.2092979424896636,-0.7907020575103364,-1.144789670523987,0.16600506517923502,-0.833994934820765,-0.6388646392003976,0.8097944192708393,-0.19020558072916066,-1.618611163855167,0.4241023518421361,-0.5758976481578638,-1.074782600033279,0.19199516770865513,-0.8080048322913449,-1.1548217912452874,10.0,-10.0,-10.0,-6.253240772916512,-1.3957083362828158
1,2011-08-10 15:25:23.052751,3587,34522.0,16247479.0,2513167.0,121.7540728215779,9.624198494563702,4529.545302481182,-384.0,4440.0,5851707.0,550660.0,5.924017167334654,99,1,0,0.9663774987876501,-0.03362250121234985,-0.6215327505076118,0.5400864213368711,-0.4599135786631289,-0.8365853396133165,0.3388907228676634,-0.6611092771323366,-0.8710363196572034,0.2125028216267195,-0.7874971783732805,-0.6036197234610794,0.8922838386032835,-0.10771616139671647,-0.7301604935048277,0.5503401709077803,-0.4496598290922197,-0.7856259359362779,0.34399168541930314,-0.656008314580697,-0.8542005490889893,-10.0,4.587009209888512,4.389135827866833,10.0,1.8997330538074977
1,2011-08-10 15:25:53.069697,3914,28543.0,10031754.0,4704425.0,111.25285396346447,7.292539601430762,2563.04394481349,327.0,-5979.0,-6215725.0,2191258.0,-10.501218858113418,397,1,0,1.0595560368164592,0.05955603681645912,1.0548738271183318,0.4469257122814929,-0.5530742877185071,-1.0035836272960583,0.21157627481374758,-0.7884237251862525,-1.0122208260412928,0.3966700433413936,-0.6033299566586063,-0.4645210753179378,0.8634852549047632,-0.13651474509523673,-1.111380705868472,0.4162507073629304,-0.5837492926370696,-1.0250071044226794,0.19646667409407437,-0.8035333259059256,-1.024062042134339,10.0,-10.0,-10.0,10.0,-0.37982565403611535
1,2011-08-10 15:26:23.077682,3843,24749.0,9504989.0,1825173.0,96.4103946906063,6.440020817069997,2473.3252667187094,-71.0,-3794.0,-526765.0,-2879252.0,-14.842459272858193,206,1,0,1.01280834914611,0.012808349146110032,0.3196655949457597,0.48609037914617476,-0.5139096208538253,-0.7802866875322451,0.27478583852118804,-0.7252141614788119,-0.6881123632168171,0.17258254441116086,-0.8274174555888392,-0.5557912650754963,0.8039662510739365,-0.1960337489260635,-3.4789287012454193,0.47670892673182064,-0.5232910732681794,-0.7832201355787399,0.26849458849473756,-0.7315054115052624,-0.6912960113838504,-1.707171314741036,0.7070451246255057,0.958922949304869,-1.24216083335358,-0.663360351652634
1,2011-08-10 15:26:53.095047,4225,49376.0,24599749.0,2514408.0,98.21635857822486,11.68662721893491,5822.425798816568,382.0,24627.0,15094760.0,689235.0,1.80596388761856,299,1,0,1.1081676546188952,0.10816765461889527,2.7287154360746175,1.0915875949523801,0.09158759495238018,0.11698797256027624,0.8657713481296903,-0.13422865187030975,-0.10084845666784416,0.2532521709576443,-0.7467478290423557,-0.4607804586777541,0.8550109393067779,-0.14498906069322218,-1.35433221032799,0.9768227882361336,-0.023177211763866497,-0.029088986704952278,0.7708203540750341,-0.22917964592496584,-0.17113139212477232,10.0,5.334823628810815,3.443761191373812,2.0649871874269907,1.3578294896949015
1,2011-08-10 15:27:23.068637,3879,75065.0,49712833.0,3610618.0,100.56640249497292,19.351637019850475,12815.888888888889,-346.0,25689.0,25113084.0,1096210.0,2.350043916748064,109,1,0,0.9925793244626407,-0.007420675537359263,-0.12603931361184856,2.2438005165239847,1.2438005165239847,4.350540859106327,3.5117980719427027,2.5117980719427027,5.515732204510256,1.3353193270846648,0.3353193270846647,0.7806215144935691,0.9252356310760822,-0.07476436892391777,-0.7351942255594968,2.2703165521482074,1.2703165521482074,5.108296605471347,3.558730844927465,2.5587308449274646,6.105095550326435,-4.626834381551362,3.1809522192413495,2.761366195581398,1.1517342364626253,1.3803449586790324
1,2011-08-10 15:27:53.048202,3703,24919.0,9517574.0,1601603.0,121.55142829624629,6.72940858763165,2570.233324331623,-176.0,-50146.0,-40195259.0,-2009015.0,20.98502580127337,285,1,0,0.9520259152612094,-0.0479740847387906,-0.8203898001194472,0.5870061953782008,-0.41299380462179924,-0.8551455155498536,0.4322366160601719,-0.5677633839398281,-0.7514262624835406,0.5279618502127303,-0.47203814978726966,-1.26502540433365,1.150619171713264,0.15061917171326403,1.4882752468354798,0.6185684091764957,-0.38143159082350425,-0.8038939708257025,0.45564679430682153,-0.5443532056931785,-0.7224707940918552,-8.565217391304348,-6.573883467087566,-6.111681542015565,-7.094901981723319,7.87418194789371
1,2011-08-10 15:28:23.048940,3542,26048.0,8913177.0,2067801.0,127.02418104404292,7.354037267080745,2516.424901185771,-161.0,1129.0,-604397.0,466198.0,5.472752747796633,94,1,0,0.9052341034553261,-0.09476589654467393,-1.9309566911819402,0.6426780885458816,-0.3573219114541184,-0.6632166285160633,0.43114271039513336,-0.5688572896048667,-0.6730741335700062,0.7252272989199737,-0.27477270108002627,-0.6035962345021973,1.2028863389900177,0.20288633899001776,2.018354714702277,0.7139809670479991,-0.28601903295200093,-0.5366407767264517,0.47941185711301754,-0.5205881428869824,-0.6122399798302978,-7.939655172413793,1.5878371342288868,0.5509617149127662,3.5571325765387845,10.0
1,2011-08-10 15:28:53.057499,4006,48469.0,21880110.0,3175569.0,99.62236844458312,12.099101347978031,5461.834747878183,464.0,22421.0,12966933.0,1107768.0,-27.401812599459788,355,1,0,1.0436640266777824,0.04366402667778239,0.6608019094609736,1.2107745419845422,0.2107745419845421,0.37999627379091266,1.069949588023557,0.06994958802355708,0.08104984754477436,1.3664705239929453,0.36647052399294533,1.0712844983694487,0.9160361429137298,-0.08396385708627023,-0.634668617721416,1.1732636913376329,0.17326369133763286,0.3259691327242055,1.042402584771697,0.04240258477169693,0.04970058352945506,7.236559139784945,10.0,10.0,3.1007318449653796,-9.6872247526981
1,2011-08-10 15:29:23.053469,4463,91491.0,61516281.0,9987677.0,103.92001197423258,20.499887967734708,13783.616625588167,457.0,43022.0,39636171.0,6812108.0,4.297643529649449,110,1,0,1.1529320588995091,0.15293205889950917,2.2372700389362326,2.0433318295313945,1.0433318295313945,2.267867686247214,2.6834074858491204,1.6834074858491206,2.329730176436519,3.8502998342559627,2.8502998342559627,9.10132063632401,0.949942151447472,-0.05005784855252803,-0.3980730630194358,1.7912965100732308,0.7912965100732308,1.7935302449547195,2.3612751325247383,1.3612751325247385,1.8921822651451214,10.0,8.068718381112985,10.0,10.0,5.690035253756971
1,2011-08-10 15:29:53.056987,4516,568356.0,573894839.0,13017251.0,89.4467803914969,125.85385296722764,127080.3452170062,53.0,476865.0,512378558.0,3029574.0,-14.47323158273568,379,1,0,1.152452406471699,0.1524524064716991,1.7001234168675938,10.0,9.683704773075881,10.0,10.0,10.0,10.0,3.1837500247025083,2.1837500247025083,2.629187639339263,0.8092030609612076,-0.1907969390387924,-1.6475240214221698,9.529463259859492,8.529463259859492,10.0,10.0,10.0,10.0,0.11344537815126048,10.0,10.0,1.0269402854359986,-10.0
1,2011-08-10 15:30:23.071194,3813,23987.0,8839147.0,1773078.0,92.47384768082875,6.290847102019408,2318.1607658012063,-703.0,-544369.0,-565055692.0,-11244173.0,3.0270672893318533,143,1,0,0.9424122590212556,-0.05758774097874444,-0.5317286229887831,0.15795823164748848,-0.8420417683525115,-0.5455531903276576,0.06540520545830816,-0.9345947945416918,-0.5130077671071348,0.29699897497147476,-0.7030010250285252,-0.8079771619949431,0.8537653552973269,-0.14623464470267306,-1.0139305012076798,0.18230504347585302,-0.8176949565241469,-0.5493838929074104,0.07655119153237563,-0.9234488084676243,-0.5149299442851711,-6.5180533751962315,-6.5177268589939805,-6.389880666754517,-6.976725678571706,2.3611376632959447
1,2011-08-10 15:30:53.052631,4178,53660.0,40204958.0,2266799.0,76.72666042771661,12.843465773097176,9623.015318334132,365.0,29673.0,31365811.0,493721.0,-15.747187253112145,389,1,0,1.0270403146509341,0.02704031465093412,0.2625242254525119,0.3537939555693867,-0.6462060444306132,-0.4179330291392092,0.29779528862814675,-0.7022047113718533,-0.3849241304938538,0.3775308300325741,-0.6224691699674259,-0.7244961701368403,0.7485714959754035,-0.2514285040245965,-1.7348622712860173,0.37314455056878904,-0.626855449431211,-0.41960696710773093,0.3183048089261907,-0.6816951910738093,-0.37926606680062935,10.0,10.0,10.0,10.0,-1.707788426655185
1,2011-08-10 15:31:23.053986,3711,109278.0,96695003.0,3727028.0,93.83172127566694,29.44704931285368,26056.319859876043,-467.0,55618.0,56490045.0,1460229.0,17.105060847950327,79,1,0,0.8845823798627003,-0.11541762013729974,-1.621224238847889,0.6951853967680413,-0.3048146032319588,-0.20731977481415512,0.6844836879072459,-0.31551631209275405,-0.18368291842899453,0.6166416074135945,-0.3833583925864054,-0.4524249580618975,1.0150780900745322,0.015078090074532216,0.13300634043549273,0.8290872525843753,-0.1709127474156247,-0.11960956795102509,0.8231761630219282,-0.17682383697807183,-0.1045792983294939,-4.671383647798742,9.071345791684776,8.026339056891647,10.0,2.7003880746358417
1,2011-08-10 15:31:53.049612,3739,55558.0,36945121.0,2289391.0,88.52693555549611,14.85905322278684,9881.01658197379,28.0,-53720.0,-59749882.0,-1437637.0,-5.304785720170827,80,1,0,0.9039698273777864,-0.09603017262221358,-1.0830018764161018,0.3280576117301942,-0.6719423882698058,-0.504652717021823,0.23647897469473697,-0.763521025305263,-0.5061711477079609,0.37199457698863764,-0.6280054230113623,-0.7654006231808759,0.9698414253394202,-0.030158574660579838,-0.2813789662722638,0.38112820586798685,-0.6188717941320132,-0.4891797777332616,0.2762198380872677,-0.7237801619127324,-0.5001796605188028,1.4745762711864407,-5.417109309477216,-4.993181010096479,-10.0,-3.58047741938636
1,2011-08-10 15:32:23.061057,3556,36639.0,21927048.0,1768853.0,96.76052016141732,10.303430821147357,6166.211473565804,-183.0,-18919.0,-15018073.0,-520538.0,8.233584605921209,108,1,0,0.8909154682567519,-0.109084531743248,-1.251452756228664,0.22593264507503957,-0.7740673549249604,-0.5478268893859951,0.1449091636777876,-0.8550908363222124,-0.5428048452763616,0.3833075599516624,-0.6166924400483377,-0.59867893313656,1.0970432619536228,0.09704326195362285,1.2644777537619873,0.2721537981428306,-0.7278462018571694,-0.5520705095867139,0.17621889949189523,-0.8237811005081048,-0.552151073441851,-0.2638121546961325,-1.6325383352350207,-2.0560366299352575,0.6619130544123718,3.674444140321192
1,2011-08-10 15:32:53.070415,3927,95757.0,30251043.0,7166592.0,79.22531968143622,24.384262796027503,7703.346829640947,371.0,59118.0,8323995.0,5397739.0,-17.5352004799811,79,1,0,1.0335842501447596,0.03358425014475967,0.551367720562422,1.7153251983003848,0.7153251983003848,1.2259791051409796,0.7392320561099865,-0.2607679438900134,-0.3175521794027738,3.0302332765532176,2.0302332765532176,5.983001542792015,0.8835806491919451,-0.11641935080805488,-1.3357251211491508,1.6533083126248718,0.6533083126248718,1.092793861316395,0.712682595039705,-0.28731740496029506,-0.3427478757232208,2.9322916666666665,1.555916022997196,1.0754029051669791,3.3993367766681084,-10.0
1,2011-08-10 15:33:23.062025,3739,29157.0,13284422.0,1669701.0,76.86367933137203,7.798074351430864,3552.9344744584114,-188.0,-66600.0,-16966621.0,-5496891.0,-2.3616403500641923,56,1,0,0.9782324315839046,-0.021767568416095395,-0.34869542570023526,0.4154697171779351,-0.5845302828220649,-1.331865657174793,0.29387300920689224,-0.7061269907931078,-1.0775725612260116,0.48485210495147035,-0.5151478950485296,-0.8042448175092259,0.8833460696798029,-0.11665393032019708,-1.1525460091774304,0.42455938841696905,-0.575440611583031,-1.2941284632656413,0.29891804233496866,-0.7010819576650312,-1.0332901298612347,-9.24561403508772,-5.639821652501045,-4.961961378852204,-6.095834552390148,0.10871594558562311
1,2011-08-10 15:33:53.052058,3986,93935.0,72775996.0,14613468.0,60.51822186452584,23.566231811339687,18257.90165579528,247.0,64778.0,59491574.0,12943767.0,-16.345457466846185,229,1,0,1.0673736075407025,0.06737360754070262,1.908592616711379,1.4390037654455266,0.4390037654455266,0.80379502363269,1.827600003107945,0.8276000031079448,0.9983193966252704,4.395936243067364,3.3959362430673647,4.90907679956879,0.6952790090020796,-0.3047209909979204,-3.025307734628229,1.3576289849742778,0.3576289849742778,0.670466411442947,1.7108283443603916,0.7108283443603914,0.8520040702949896,3.813211845102506,10.0,10.0,10.0,-10.0
1,2011-08-10 15:34:23.052912,4266,50483.0,31185748.0,5573108.0,55.82140234622597,11.833802156586966,7310.30192217534,280.0,-43452.0,-41590248.0,-9040360.0,-4.696819518299868,34,1,0,1.1257718900089724,0.12577189000897238,2.7850256498943655,0.8115037647164729,-0.18849623528352716,-0.37446019793889895,0.8900873900146948,-0.10991260998530514,-0.1682378338574648,1.0129974892763034,0.012997489276303389,0.012805220031854359,0.6944780012921545,-0.3055219987078454,-1.8020000851893385,0.7312846463750383,-0.2687153536249617,-0.5754537254069093,0.8022470945532063,-0.1977529054467937,-0.32131622466817694,4.090909090909091,-10.0,-7.6939746286290225,-5.152119517491485,0.29505761908502703
1,2011-08-10 15:34:53.065323,4001,82253.0,64772458.0,24773827.0,51.22730374556361,20.558110472381905,16189.0672331917,-265.0,31770.0,33586710.0,19200719.0,-4.594098600662363,32,1,0,1.0272671253979664,0.027267125397966472,0.397024742982277,1.3441306529050139,0.34413065290501393,0.6650557036634772,1.9115461725176697,0.9115461725176698,1.3479244884905612,4.022806356851364,3.022806356851364,3.513860800341579,0.6937812861434225,-0.3062187138565775,-1.3852768416165682,1.319759825361648,0.31975982536164815,0.6380991732786498,1.8828570604287689,0.8828570604287688,1.3464376122242183,-3.514231499051233,10.0,10.0,10.0,0.2976572845844625
1,2011-08-10 15:35:23.047903,3565,33504.0,20470164.0,6531629.0,58.14916706732117,9.398036465638148,5741.981486676017,-436.0,-48749.0,-44302294.0,-18242198.0,6.921863321757563,142,1,0,0.8948742406747326,-0.10512575932526737,-2.2142712069984736,0.4764708391996246,-0.5235291608003755,-1.2562252946708559,0.4821735552070188,-0.5178264447929811,-0.8716640005450473,0.6070659989974105,-0.3929340010025894,-0.4628772861079847,0.8983176611634941,-0.10168233883650594,-0.521674172952579,0.5331282684381506,-0.46687173156184936,-1.1105100905927074,0.5415578901590884,-0.45844210984091166,-0.7715565733586802,-5.898876404494382,-6.343644495111151,-6.170016344807997,-4.964837778125722,1.7600894321345943
1,2011-08-10 15:35:53.048591,3770,479930.0,411180280.0,47693797.0,53.70069553740053,127.3023872679045,109066.38726790452,205.0,446426.0,390710116.0,41162168.0,-4.448471529920639,66,1,0,0.9638492611341207,-0.036150738865879245,-0.5260094169871138,8.293759418246166,7.293759418246166,10.0,10.0,9.153161665425149,10.0,4.485726321224329,3.4857263212243286,4.028349560490944,0.8873807849825904,-0.11261921501740957,-0.6981590400570639,8.700955728413803,7.700955728413803,10.0,10.0,9.681852645643042,10.0,3.831491712707182,10.0,10.0,10.0,-0.055332918528362716
1,2011-08-10 15:36:23.076970,3803,41132.0,26028535.0,3478026.0,64.59867806757822,10.815671838022611,6844.211149092822,33.0,-438798.0,-385151745.0,-44215771.0,10.897982530177686,49,1,0,0.9707473963651215,-0.029252603634878475,-0.43382240522258453,0.2778794900723546,-0.7221205099276454,-0.5712598221611608,0.21676549503232964,-0.7832345049676703,-0.5727309093789594,0.1753287760492479,-0.8246712239507521,-0.9413041959164061,1.1559555518813207,0.15595555188132065,2.392870949314737,0.2806953238711601,-0.71930467612884,-0.5546315672155943,0.2185732184940518,-0.7814267815059481,-0.5586145012059897,4.32258064516129,-5.867172612379179,-5.839856174124839,-5.803545842595149,3.3524565373598487
1,2011-08-10 15:36:53.050913,3771,42383.0,26725279.0,3286743.0,56.50826114001591,11.239193847785732,7087.053566693185,-32.0,1251.0,696744.0,-191283.0,-8.090416927562309,48,1,0,0.9716567894872455,-0.028343210512754444,-0.415104684118883,0.3083287986940239,-0.6916712013059761,-0.4943098417714791,0.2413609465195153,-0.7586390534804847,-0.4975183512260672,0.18663989517729207,-0.8133601048227079,-0.7592191765059164,0.9966280411012055,-0.0033719588987945045,-0.03745776869097986,0.31235946526788294,-0.6876405347321171,-0.4829109422338668,0.24412533254412327,-0.7558746674558766,-0.48832351141379093,0.12568306010928965,1.1184591784557696,1.074522122174721,0.9141107286087072,-10.0
1,2011-08-10 15:37:23.052675,3819,31847.0,17478273.0,2198565.0,50.32620401047394,8.339094003665881,4576.662215239591,48.0,-10536.0,-9247006.0,-1088178.0,-6.182057129541967,47,1,0,1.0097831835007933,0.00978318350079323,0.23913807099987763,0.2344442448638255,-0.7655557551361745,-0.5380141182933968,0.15913159180623382,-0.8408684081937662,-0.545270022092864,0.128175250456421,-0.871824749543579,-0.7766710238386961,0.8854507170919884,-0.11454928290801156,-1.280668820353307,0.2325284671614316,-0.7674715328385684,-0.5364524349076684,0.15789357777383362,-0.8421064222261664,-0.5428685852457573,1.4848484848484849,-5.503703703703704,-9.365508649426776,-1.3797119007682501,-10.0
1,2011-08-10 15:37:53.073085,3680,26276.0,8144021.0,1932956.0,55.62618121847826,7.140217391304348,2213.049184782609,-139.0,-5571.0,-9334252.0,-265609.0,5.299977208004314,56,1,0,0.9824861170439984,-0.017513882956001686,-0.636120184048975,0.2089389881615023,-0.7910610118384976,-0.5023365741443829,0.08113473270102721,-0.9188652672989728,-0.5307201891779603,0.1529509362108071,-0.8470490637891929,-0.5444139840875714,0.9818128880854173,-0.018187111914582655,-0.19289891738272127,0.213658210558405,-0.786341789441595,-0.5005923651462685,0.08299995035871462,-0.9170000496412853,-0.5306550603646031,-2.8186813186813184,0.447387215807642,0.013171280993635898,0.9411725542764465,10.0
1,2011-08-10 15:38:23.048806,3939,34047.0,17526520.0,9028389.0,51.51978950926631,8.643564356435643,4449.48464077177,259.0,7771.0,9382499.0,7095433.0,-4.106391709211948,47,1,0,1.0452157299793028,0.045215729979302684,3.166815815954671,0.2738799294686985,-0.7261200705313015,-0.45381267233154354,0.17900409870660294,-0.8209959012933971,-0.4585939711874943,0.7704706941295376,-0.22952930587046239,-0.1336648839378659,0.9175058028925752,-0.08249419710742478,-0.8765866432642876,0.26218589275349435,-0.7378141072465056,-0.46100499023244906,0.1714144014011975,-0.8285855985988024,-0.4625256691713035,10.0,6.375622578859989,4.805934670723842,8.714652683502393,-7.137960248756913
1,2011-08-10 15:38:53.061523,3915,48823.0,28904571.0,3155383.0,48.64317335300127,12.470753512132822,7383.032183908046,-24.0,14776.0,11378051.0,-5873006.0,-2.8766161562650368,41,1,0,1.0296128760782663,0.029612876078266334,1.2054127012857776,1.3895039417138628,0.3895039417138629,2.04602758109288,1.5069749183515595,0.5069749183515595,1.2788809623789887,0.7918278131356596,-0.2081721868643404,-0.28629707988915143,0.8730585122483917,-0.12694148775160835,-1.2591854044346364,1.3502992052013645,0.35029920520136454,1.8635133253104375,1.4666064827553758,0.4666064827553758,1.1744526614639597,-1.7100591715976332,1.165693690945831,1.1445185103782574,0.2405348470653665,-5.5950025337084694
1,2011-08-10 15:39:23.071479,3773,48203.0,34295798.0,2279128.0,43.75212524357275,12.775775245163,9089.795388285183,-142.0,-620.0,5391227.0,-876255.0,-4.8910481094285245,48,1,0,0.9864568081991215,-0.013543191800878525,-0.48798052103215456,1.3143213942936918,0.31432139429369177,1.2918576554430536,1.7359921976673018,0.7359921976673018,1.7464240470342351,0.581349814886576,-0.41865018511342394,-0.5630123028798752,0.8329815695482604,-0.1670184304517396,-2.575794555076076,1.3354611346511143,0.3354611346511143,1.4543151617610743,1.7678042237896043,0.7678042237896044,1.8516672159078065,-7.339285714285715,-1.40306852164868,8.372669535430015,-10.0,-0.5327149460085924
1,2011-08-10 15:39:53.049222,3424,123640.0,108323183.0,4060125.0,49.46281636682243,36.10981308411215,31636.44363317757,-349.0,75437.0,74027385.0,1780997.0,5.710691123249681,39,1,0,0.895116595210708,-0.10488340478929202,-3.7884138265136964,3.2675109410346943,2.2675109410346943,8.453721355696779,5.092807483062657,4.092807483062658,8.40947709441839,1.0917589205923648,0.09175892059236472,0.11361732138009337,0.9897810168462419,-0.010218983153758137,-0.11798055786105148,3.6571043790641373,2.6571043790641373,10.0,5.7080717155478675,4.7080717155478675,9.660545209619904,-10.0,10.0,10.0,9.837686020950462,3.2384094876419507
1,2011-08-10 15:40:23.053388,3588,53653.0,40543395.0,2781472.0,50.85967606744704,14.95345596432553,11299.719899665552,164.0,-69987.0,-67779788.0,-1278653.0,1.39685970062461,41,1,0,0.9577705408146923,-0.04222945918530773,-0.7572525122985746,0.9547170885693034,-0.045282911430696626,-0.06541963434302853,1.028007339956172,0.028007339956171974,0.027740416882702217,0.6798676631543605,-0.32013233684563946,-0.4546517831918163,1.0212618786209842,0.02126187862098416,0.24464590085247112,0.9692398241392776,-0.030760175860722425,-0.04017181188588965,1.0315270688345477,0.03152706883454763,0.029117952774892476,3.0759493670886076,-4.812218796640267,-4.730522051262971,-4.434358817335998,9.08941215973924
1,2011-08-10 15:40:53.047680,3725,37487.0,19383884.0,3348545.0,38.97856151677853,10.063624161073824,5203.727248322148,137.0,-16166.0,-21159511.0,567073.0,-11.881114550668514,38,1,0,0.999248886742851,-0.0007511132571490374,-0.012729547942787647,0.607832899865744,-0.39216710013425604,-0.6831340885002186,0.4221349207641,-0.5778650792359,-0.7392271372248601,0.7858775074576977,-0.21412249254230228,-0.3325491223039189,0.7979640444885854,-0.20203595551141468,-3.2200462143364144,0.5923028768339507,-0.40769712316604934,-0.6339627931215001,0.40744217486773654,-0.5925578251322634,-0.6982439015411464,8.445652173913045,-3.9524783577455533,-4.2654197269367,2.3415574956748015,-10.0
1,2011-08-10 15:41:23.048645,3380,20191.0,7336782.0,1489434.0,37.125914396153846,5.973668639053255,2170.645562130177,-345.0,-17296.0,-12047102.0,-1859111.0,-1.852647120624681,65,1,0,0.9172320217096337,-0.08276797829036635,-1.6316110507810881,0.3237750396079614,-0.6762249603920386,-1.2131370152016492,0.1584954775988685,-0.8415045224011315,-1.096170817624171,0.4766294649871584,-0.5233705350128416,-2.4663991811485384,0.8011760648783436,-0.19882393512165636,-1.8770358744730735,0.345804791741892,-0.6541952082581081,-1.05905564569179,0.16797355206905198,-0.8320264479309479,-1.0050260003501863,-7.060747663551402,-10.0,-10.0,-0.6365863217370054,0.26137730621976496
1,2011-08-10 15:41:53.050916,3440,50769.0,33953798.0,13575901.0,41.11172331569768,14.75843023255814,9870.29011627907,60.0,30578.0,26617016.0,12086467.0,3.985808919543828,19,1,0,0.961430967020682,-0.03856903297931805,-0.7880762219622198,0.8964276381306193,-0.10357236186938071,-0.14822279903739113,0.8088742586454413,-0.19112574135455876,-0.20422036140289218,4.86288017856099,3.8628801785609896,10.0,0.9335973421733681,-0.0664026578266319,-0.47842792879656426,0.9238299332154207,-0.07617006678457922,-0.10361594929867525,0.8308278614403283,-0.16917213855967173,-0.17341076943071002,1.560747663551402,6.339829561329981,7.170548126189477,10.0,2.730363506836896
1,2011-08-10 15:42:23.048808,3722,50783.0,34697271.0,16085539.0,38.73713773293928,13.644008597528211,9322.21144545943,282.0,14.0,743473.0,2509638.0,-2.3745855827583995,189,1,0,1.0599760779176397,0.05997607791763966,1.4754426985421616,0.8886225239728425,-0.11137747602715756,-0.1613271794297523,0.8279349636907886,-0.1720650363092114,-0.18347471710546753,3.18456448080549,2.18456448080549,2.271529001931342,0.8903505265391317,-0.10964947346086831,-0.7626960591992115,0.8333848396280605,-0.16661516037193946,-0.23431169719581638,0.774516735136684,-0.22548326486331607,-0.2350173119516968,5.234234234234235,-0.9727201870615745,10.0,0.11077650228078403,-3.4966365871983265
1,2011-08-10 15:42:53.052684,4011,42021.0,23414637.0,2603583.0,32.192966749439044,10.476439790575917,5837.605833956619,289.0,-8762.0,-11282634.0,-13481956.0,-6.54417098350023,55,1,0,1.123214785774293,0.12321478577429291,2.7765917258354182,0.9869505784867745,-0.01304942151322554,-0.03968150919984766,0.861369775388509,-0.13863022461149102,-0.27790246825549836,0.3491846533388915,-0.6508153466611085,-0.7111519444597131,0.7783109553392148,-0.22168904466078515,-1.6686994357791824,0.881956350120131,-0.118043649879869,-0.36501712076449994,0.7708121031490918,-0.2291878968509083,-0.4597023826468167,3.848993288590604,0.3986850954609715,0.2337864690898498,-6.605609919126278,-2.0507025274963735
1,2011-08-10 15:43:23.060970,4330,56614.0,38538727.0,3498280.0,29.349645551270207,13.074826789838337,8900.398845265589,319.0,14593.0,15124090.0,894697.0,-2.8433211981688373,68,1,0,1.1844840792209212,0.18448407922092136,2.6555853361228667,1.4065520171328343,0.40655201713283423,1.2990339073412185,1.622186381784604,0.6221863817846042,1.3058335791519076,0.4714281609881594,-0.5285718390118407,-0.5722313399193114,0.7799686991552884,-0.2200313008447116,-2.4689926932071455,1.1904350259283305,0.19043502592833048,0.6067680827951677,1.3733284392534473,0.37332843925344733,0.7633573362068615,2.770685579196218,7.272781980742779,5.4148238885738245,10.0,0.2383978478129903
1,2011-08-10 15:43:53.094002,4428,47156.0,32718487.0,2543569.0,21.26571492863595,10.649503161698284,7388.998870822042,98.0,-9458.0,-5820240.0,-954711.0,-8.083930622634256,65,1,0,1.1724831859344385,0.1724831859344384,1.635198616840058,1.0698890088847344,0.06988900888473444,0.2149220877302289,1.185957619700537,0.18595761970053692,0.40605360730730344,0.34139357330979464,-0.6586064266902053,-0.7181835867418715,0.5956202697451807,-0.4043797302548194,-2.991512963635756,0.9192116280455107,-0.0807883719544893,-0.2667525097874442,1.0233743941362805,0.023374394136280594,0.052286368858188464,-0.19008264462809918,-3.4724211847127098,-2.5192606903643116,-10.0,-3.1977366152076026
1,2011-08-10 15:44:23.048714,4438,48446.0,28505369.0,3041705.0,19.094145272420008,10.91617845876521,6423.021406038756,10.0,1290.0,-4213118.0,498136.0,-2.171569656215944,61,1,0,1.1133410265415684,0.11334102654156847,1.0940583434636537,0.9793283011849941,-0.020671698815005853,-0.1904756271685235,0.8726689738341685,-0.12733102616583147,-0.7414652902299077,0.3970181903654258,-0.6029818096345742,-0.6983231944625601,0.5869444035817216,-0.41305559641827844,-1.7021273306261513,0.8718545508874255,-0.12814544911257453,-0.8498658474636973,0.7772384239189651,-0.22276157608103483,-1.1225085186524182,-0.9522900763358778,-0.7608010383830892,-1.8299517309810354,1.3627713717882435,0.31540279154011336
1,2011-08-10 15:44:53.052356,4309,41220.0,24936602.0,6045956.0,17.353352968438152,9.5660245996751,5787.097238338361,-129.0,-7226.0,-3568767.0,3004251.0,-1.7407923039818556,69,1,0,1.0294328443786134,0.029432844378613363,0.39520240525621647,0.8411558240143662,-0.15884417598563383,-1.4608621457301652,0.7897603292985439,-0.2102396707014561,-1.140288565760519,1.0884719931201443,0.08847199312014438,0.08329806881256996,0.6169440081452958,-0.3830559918547042,-1.3382966116620567,0.8139779473378695,-0.1860220526621304,-1.4680265146996467,0.7640289811486602,-0.23597101885133973,-1.179209260884518,-1.646292585170341,-10.0,-2.275042218591818,2.4259517290166235,0.604681245920836
1,2011-08-10 15:45:23.048174,4012,28714.0,12820333.0,4979191.0,18.685354001246264,7.157028913260219,3195.4967597208374,-297.0,-12506.0,-12116269.0,-1066765.0,1.3320010328081118,66,1,0,0.9323294292619446,-0.06767057073805537,-1.6820936557727209,0.6097504002854024,-0.3902495997145976,-2.9743540926173297,0.4327865160349451,-0.5672134839650549,-2.7362890342292605,1.4039262637375216,0.40392626373752166,0.9886049799734682,0.783414727438824,-0.21658527256117605,-0.7892616830346975,0.6544111033762137,-0.34558889662378633,-2.9105719731452093,0.46531225616804645,-0.5346877438319535,-2.8100168690320615,-3.529812606473594,-5.53874307225766,-5.206679583131033,0.46872046378818727,1.311451187775549
1,2011-08-10 15:45:53.052116,3748,31068.0,12043323.0,2278470.0,18.784031338847385,8.289220917822838,3213.2665421558163,-264.0,2354.0,-777010.0,-2700721.0,0.0986773376011207,54,1,0,0.8709392573314124,-0.12906074266858755,-3.2160618051315026,0.699257258609048,-0.3007427413909521,-1.2897870504781683,0.4378768619593329,-0.562123138040667,-1.6028419531154834,0.5665383358179128,-0.43346166418208715,-1.2005697493149186,0.8881488800300854,-0.11185111996991463,-0.4933629214640514,0.806916480034146,-0.193083519965854,-0.9194574933614031,0.5069041192649589,-0.49309588073504107,-1.479393687140644,-10.0,1.8844968813406475,0.6332887936763,-6.684273247101374,1.036526564479102
1,2011-08-10 15:46:23.099147,4091,58910.0,40300351.0,3105809.0,13.156396823026157,14.399902224395014,9850.978000488878,343.0,27842.0,28257028.0,827339.0,-5.62763451582123,425,1,0,0.9770718891807977,-0.022928110819202294,-0.32030621675843246,1.4981892535248518,0.4981892535248519,2.1603707489583512,1.8149368433599928,0.8149368433599928,1.9372035477143879,0.8221258198800554,-0.1778741801199446,-0.4070480762355298,0.6911135558933555,-0.3088864441066445,-4.159760070883069,1.5457851143746588,0.5457851143746589,3.196993180043783,1.8938448060752846,0.8938448060752846,2.433832267293091,3.946735395189003,6.449385422375323,6.332439543099626,4.391261753879703,-1.6631837973055958
1,2011-08-10 15:46:53.083777,4141,33556.0,14604858.0,6097566.0,16.925873529582226,8.103356677131128,3526.8915720840378,50.0,-25354.0,-25695493.0,2991757.0,3.769476706556072,426,1,0,1.0051946790950577,0.005194679095057684,0.07979005807252142,0.8052486585588267,-0.19475134144117334,-0.6499791942222327,0.6156881063785841,-0.384311893621416,-0.774327896437406,1.5674065430951032,0.5674065430951032,1.4126651468254225,0.9719326899741431,-0.028067310025856974,-0.19771163641796288,0.8050488297093358,-0.19495117029066422,-0.7006641015462879,0.6194079596249544,-0.38059204037504557,-0.7884573109343391,1.7418397626112758,-10.0,-10.0,10.0,3.3241637937155653
1,2011-08-10 15:47:23.049841,4384,39646.0,19741144.0,5605134.0,14.7457502917427,9.043339416058394,4502.998175182482,243.0,6090.0,5136286.0,-492432.0,-2.180123237839526,437,1,0,1.0797497660213784,0.0797497660213783,1.5745053423348405,1.0246138896354953,0.024613889635495313,0.07781355760105244,0.9426988182001996,-0.05730118179980032,-0.09999492483876825,1.2451983810186629,0.2451983810186629,0.6358981332365224,0.8683675159020166,-0.13163248409798348,-0.977289969660907,0.9516192686733429,-0.0483807313266571,-0.16026609130207575,0.880395264070368,-0.11960473592963199,-0.21394371383279728,5.090909090909091,3.044996642041639,2.8475169725774827,-1.805717275753053,-4.027329358141816
1,2011-08-10 15:47:53.051697,3708,27640.0,12487912.0,1749434.0,14.678479702804744,7.454153182308522,3367.829557713053,-676.0,-12006.0,-7253232.0,-3855700.0,-0.067270588937955,288,1,0,0.9098939929328622,-0.09010600706713777,-1.5988249201227256,0.7201892711601195,-0.2798107288398804,-0.881792332634456,0.6274701472492078,-0.37252985275079215,-0.6288056253267645,0.3964063541611435,-0.6035936458388564,-1.6178086392358688,0.8917947976136188,-0.1082052023863812,-0.7207696801532617,0.7931157054714416,-0.2068842945285584,-0.6762190423532708,0.6932648649193965,-0.30673513508060346,-0.5244026607900591,-10.0,-10.0,-5.980358613234868,-10.0,0.8710106613650096
1,2011-08-10 15:48:23.049084,4020,181936.0,149086277.0,41692711.0,16.36139455124378,45.25771144278607,37086.13855721393,312.0,154296.0,136598365.0,39943277.0,1.6829148484390348,307,1,0,1.001394978078916,0.00139497807891588,0.01969618556584919,4.767215176606226,3.767215176606226,10.0,7.516127383537498,6.516127383537499,10.0,10.0,10.0,10.0,1.0449152789550458,0.0449152789550457,0.3191062288580369,4.785127705618175,3.7851277056181747,10.0,7.580368196974394,6.580368196974394,10.0,6.131578947368421,10.0,10.0,10.0,3.1000344945854854
1,2011-08-10 15:48:53.048401,4086,43577.0,21176261.0,2691759.0,13.681185669603524,10.664953499755262,5182.638521781693,66.0,-138359.0,-127910016.0,-39000952.0,-2.6802088816402563,0,0,0,1.0042272906016516,0.004227290601651548,0.07057025696716664,0.6376723794806958,-0.3623276205193042,-0.38340475118363315,0.4482307258443256,-0.5517692741556743,-0.4495497258731362,0.23104968057526012,-0.7689503194247399,-0.5304251328722612,0.9016452669422966,-0.0983547330577034,-0.9961123740778786,0.632871353647327,-0.3671286463526729,-0.38391962696581744,0.44421471708443466,-0.5557852829155653,-0.44855961915913956,0.21323529411764708,-5.5854322984330675,-5.666785568559767,-5.947571107610572,-4.531594532359615
2,2011-08-11 09:49:35.721274,6742,897743.0,361290838.0,210840411.0,1406.751195124444,133.1567784040344,53588.0803915752,0.0,0.0,0.0,0.0,0.0,0,0,0,1.0,0.0,0.0,1.0,0.0,0.0,1.0,0.0,0.0,1.0,0.0,0.0,1.0,0.0,0.0,1.0,0.0,0.0,1.0,0.0,0.0,0.0,0.0,0.0,0.0,0.0
2,2011-08-11 09:50:05.723247,5486,413988.0,315271366.0,259978728.0,1347.47864179712,75.46263215457529,57468.34961720744,-1256.0,-483755.0,-46019472.0,49138317.0,-59.272553327323976,0,0,0,0.8137051320083062,-0.18629486799169387,0.0,0.46114311111309136,-0.5388568888869086,0.0,0.8726248574285739,-0.12737514257142607,0.0,1.2330592924142991,0.23305929241429907,0.0,0.957865645657347,-0.042134354342653044,0.0,0.5667201704565188,-0.43327982954348115,0.0,1.0724091849769315,0.07240918497693144,0.0,0.0,0.0,0.0,0.0,0.0
2,2011-08-11 09:50:35.726957,5001,109209.0,21927621.0,7260795.0,1346.102886310338,21.8374325134973,4384.647270545891,-485.0,-304779.0,-293343745.0,-252717933.0,-1.3757554867820545,0,0,0,0.8179587831207066,-0.18204121687929342,-1.253200394045585,0.1665112740340817,-0.8334887259659183,-1.5981003529873754,0.06482070937560089,-0.9351792906243991,-9.721784364108723,0.030843244883466812,-0.9691567551165332,-6.56618115627975,0.9774804326532845,-0.022519567346715463,-0.7399316209934662,0.20935187627099805,-0.790648123729002,-2.0215812911215703,0.07896251068396745,-0.9210374893160326,-10.0,0.22770700636942676,-0.260055193227977,-10.0,-10.0,0.9535786663623331
2,2011-08-11 09:51:05.729369,5849,94066.0,25357833.0,8115963.0,1189.5917967358523,16.08240724910241,4335.413404000684,848.0,-15143.0,3430212.0,855168.0,-156.5110895744856,0,0,0,1.0184572523071564,0.018457252307156537,0.1179740547137484,0.19859951862851352,-0.8014004813714865,-0.9545889476405613,0.10891139180159139,-0.8910886081984086,-1.1270118654845762,0.05092848971151339,-0.9490715102884866,-1.128741223738259,0.8703623903463696,-0.12963760965363041,-5.117278104240219,0.20935469350420327,-0.7906453064957968,-1.0909697674379994,0.11266561711418657,-0.8873343828858135,-1.1538798274774904,2.4612291786329696,0.942388026388209,1.0303233688405304,1.0126019689515477,-6.741902089349757
2,2011-08-11 09:51:35.725416,4775,53582.0,15554454.0,3273648.0,1087.335648942199,11.221361256544505,3257.477277486911,-1074.0,-40484.0,-9803379.0,-4842315.0,-102.25614779365333,0,0,0,0.8276280440246122,-0.17237195597538782,-1.352074647316578,0.14147006678521404,-0.858529933214786,-0.8646445514692689,0.08595429620081743,-0.9140457037991826,-0.9056928618865897,0.026932748879203314,-0.9730672511207967,-0.8893083330396402,0.8221936965927272,-0.1778063034072728,-2.5285979784153167,0.18206206503710046,-0.8179379349628996,-0.922191111305936,0.10878519679121956,-0.8912148032087804,-0.902050849535607,-3.810750279955207,0.7985061162631256,0.8832698323286216,0.9044552337367815,-0.8835223997199158
2,2011-08-11 09:52:05.732946,4685,78026.0,38974629.0,10234183.0,1098.6608067086445,16.65442902881537,8319.024332977588,-90.0,24444.0,23420175.0,6960535.0,11.3251577664455,0,0,0,0.8410225110401034,-0.15897748895989666,-1.1399219499131885,0.24871413016037355,-0.7512858698396264,-0.6607938709198093,0.2635550289042182,-0.7364449710957818,-0.6237211245570651,0.10454361363790264,-0.8954563863620973,-0.6916299901417373,0.8613893565647295,-0.13861064343527055,-1.334714434233148,0.32306000763408976,-0.6769399923659102,-0.6655132512707113,0.33807835636200206,-0.6619216436379979,-0.5762690621176668,0.7712252160650737,1.1447828080188496,1.3386998893353383,1.1676697872867055,1.1772793763767504
2,2011-08-11 09:52:35.725237,5903,64516.0,17168454.0,4702274.0,838.5254022351346,10.929357953582924,2908.428595629341,1218.0,-13510.0,-21806175.0,-5531909.0,-260.1354044735099,0,0,0,1.144169638703675,0.14416963870367502,1.5026072521048244,0.43075509667219053,-0.5692449033278095,-0.5717052094459916,0.20581436433731495,-0.7941856356626851,-0.5100256010434749,0.08139271626518088,-0.9186072837348191,-0.4693803744953059,0.6908073365570453,-0.3091926634429547,-2.939410617598532,0.38685729893492904,-0.613142701065071,-0.6497926665171577,0.187001343182025,-0.812998656817975,-0.5378259681545772,3.9606222654351,0.9175935109312117,0.6617269874876196,0.8621202079528657,-3.221738396499903
2,2011-08-11 09:53:05.726551,5797,51096.0,18118754.0,3491735.0,798.3287756486113,8.814214248749353,3125.539761945834,-106.0,-13420.0,950300.0,-1210539.0,-40.19662658652328,0,0,0,1.1057490558120016,0.1057490558120016,0.9398678592385779,0.6396610907889103,-0.3603389092110897,-1.2896686615853985,0.7614010140323334,-0.23859898596766657,-0.6085815755881923,0.5198066577399623,-0.4801933422600378,-1.167392458634885,0.7178936015995269,-0.28210639840047314,-1.6988640564104842,0.5744031037562461,-0.42559689624375385,-1.4520710894012,0.6734628291867647,-0.32653717081323524,-0.7027221998871377,-2.2709832134292567,0.8079960626316272,1.0159391264181947,0.9762896463611955,0.6051049147352197
2,2011-08-11 09:53:35.732010,4400,53892.0,18798832.0,4548725.0,1038.983604849091,12.248181818181818,4272.461818181818,-1397.0,2796.0,680078.0,1056990.0,240.65482920047972,0,0,0,0.8145433003813544,-0.18545669961864567,-1.6283228326018029,0.789543081169459,-0.2104569188305409,-0.8013541174825004,0.8161048396599917,-0.18389516034000833,-0.43806907621692104,0.7627532115629042,-0.23724678843709573,-0.46020072355942165,1.0364045266381579,0.03640452663815792,0.21068633296206776,0.9613690380023452,-0.03863096199765484,-0.14283732581083314,0.9734084852617618,-0.026591514738238228,-0.051534974569952804,-9.775125628140705,1.2405657942284858,1.8927562973451157,2.4021931197699162,3.196661219619908
2,2011-08-11 09:54:05.724847,5798,63281.0,22108711.0,4424896.0,840.4661804085893,10.914280786478097,3813.161607450845,1398.0,9389.0,3309879.0,-123829.0,-198.51742444050183,0,0,0,1.1341940532081378,0.1341940532081377,0.9959438179058128,1.0507884109567205,0.050788410956720396,0.27278955714313713,1.0177547283171606,0.0177547283171607,0.039677502783975055,0.8428191926535676,-0.15718080734643236,-0.2889220918319293,0.8643509210713061,-0.13564907892869393,-0.9223114529624639,0.9115357004385455,-0.08846429956145457,-0.3653402426299035,0.8712638792421289,-0.12873612075787114,-0.24871769036696081,5.824016563146998,2.1685418429830237,3.5231578711453166,0.8264357466476865,-5.590525453946171
2,2011-08-11 09:54:35.721475,4825,97836.0,50933356.0,8183084.0,983.4485313129532,20.276891191709844,10556.135958549225,-973.0,34555.0,28824645.0,3758188.0,142.982350904364,0,0,0,0.9075348907196328,-0.09246510928036722,-0.6874567770620631,1.5738825202454225,0.5738825202454225,3.3659425511412473,2.211236875634826,1.211236875634826,3.0648559047034105,1.4931647041018783,0.49316470410187835,1.0013371514740952,1.0654995003839465,0.06549950038394656,0.44508126119157154,1.7022106516503854,0.7022106516503854,2.8623350065889457,2.3522252673450015,1.3522252673450015,2.7463412039944473,-5.755620723362658,10.0,10.0,10.0,3.8959099671917885
2,2011-08-11 09:55:05.731605,4896,69258.0,39037405.0,3752912.0,946.8058310563724,14.145833333333334,7973.326184640523,71.0,-28578.0,-11895951.0,-4430172.0,-36.64270025658072,0,0,0,0.9160648130823634,-0.08393518691763656,-0.6536030987946031,1.047392633861733,0.047392633861732966,0.16800247712460642,1.535356968699298,0.535356968699298,0.9465807130652067,0.740198481194652,-0.259801518805348,-0.7305186808336441,1.0520643437869552,0.052064343786955326,0.44705029395430546,1.1194348085132946,0.11943480851329462,0.33957166703106334,1.6156212834095673,0.6156212834095675,0.9527426617279396,1.5357142857142858,-8.213023725391217,-5.973753059167586,-9.799507971092572,-0.5902255263483454
2,2011-08-11 09:55:35.724042,4550,41205.0,12734487.0,3115717.0,883.5480531863736,9.056043956043956,2798.788351648352,-346.0,-28053.0,-26302918.0,-637195.0,-63.2577778699989,0,0,0,0.8846632446725774,-0.11533675532742259,-0.9465721369133742,0.6143343183356541,-0.38566568166434584,-1.3853959785557233,0.4273402163417213,-0.5726597836582787,-1.171622181472104,0.6384312229912505,-0.3615687770087494,-0.9292004224758433,0.9587041454537873,-0.04129585454621269,-0.38049982289013684,0.6819371687123952,-0.3180628312876048,-0.9670399957626381,0.4705328688487357,-0.5294671311512643,-0.9876932993549531,-0.717974180734856,-10.0,-7.013758501722373,-2.3559116543531338,-3.921016224198386
2,2011-08-11 09:56:05.727100,4795,35165.0,8885560.0,2550350.0,827.5009427320125,7.333680917622523,1853.0886339937435,245.0,-6040.0,-3848927.0,-565367.0,-56.04711045436113,0,0,0,0.9798111896685602,-0.020188810331439818,-0.1815709620523494,0.540215440959591,-0.459784559040409,-1.4152821851763853,0.3093582381530347,-0.6906417618469652,-1.256137020509548,0.5307626524567776,-0.4692373475432225,-1.1423731231364187,0.881585846365341,-0.11841415363465896,-1.4111293927744573,0.550236002407151,-0.4497639975928491,-1.3918510895125975,0.3150024779129952,-0.6849975220870048,-1.2348271270464497,1.9823576583801121,-2.0532807602871297,-2.574234895854905,-6.517818295932641,-4.288405632723509
2,2011-08-11 09:56:35.721617,4377,44302.0,21250894.0,2612629.0,900.1539232216129,10.12154443682888,4855.127713045465,-418.0,9137.0,12365334.0,62279.0,72.6529804896004,0,0,0,0.8801882239382239,-0.11981177606177609,-1.2429567306736513,0.7221307600775889,-0.27786923992241114,-0.6833894062758916,0.794725895760328,-0.20527410423967196,-0.30769605475847495,0.5930525861513611,-0.4069474138486388,-0.8057562349472669,1.0042394141973867,0.0042394141973866465,0.05639869475497371,0.8198672120216807,-0.18013278797831936,-0.43583973944566795,0.8992808869622468,-0.10071911303775313,-0.14654772670736893,-6.291139240506329,3.43952581833716,7.236757147387866,1.1558241070870081,2.7177053608626105
2,2011-08-11 09:57:05.772684,4773,37122.0,11594761.0,2568695.0,768.1796090341504,7.777498428661219,2429.239681542007,396.0,-7180.0,-9656133.0,-43934.0,-131.97431418746248,0,0,0,1.0180011090730707,0.018001109073070773,0.38802526647849694,0.6450032317924981,-0.3549967682075019,-0.7858450632075076,0.43641269365850194,-0.5635873063414981,-0.8365705794229094,0.6353534844854426,-0.3646465155145574,-0.6235627058955422,0.8457413132143904,-0.15425868678560967,-2.3402812637201906,0.6381904368235541,-0.3618095631764459,-0.8528967750165467,0.4332285689282213,-0.5667714310717786,-0.8760866426209039,2.39338494018297,-0.8915643606090942,-10.0,0.8787871765032416,-10.0
2,2011-08-11 09:57:35.723365,4854,38787.0,8505785.0,2825575.0,825.4297585103008,7.990729295426452,1752.3248866913889,81.0,1665.0,-3088976.0,256880.0,57.25014947615034,0,0,0,1.037578555854816,0.037578555854815995,0.8351972765349757,0.8541435442101368,-0.14585645578986314,-0.48010536095938994,0.45483969853536527,-0.5451603014646347,-0.8306677892673415,0.9676425893353034,-0.03235741066469651,-0.18128614379473454,0.9539919323544155,-0.04600806764558451,-0.57680351275914,0.8248988448843713,-0.1751011551156287,-0.6229806259152577,0.44007099022600715,-0.559929009773993,-0.8911879486036381,8.788461538461538,1.1371182923213756,0.6073860797519586,1.228769328238567,2.3297355900264027
2,2011-08-11 09:58:05.730120,4860,39376.0,14375327.0,3169501.0,819.0574470028806,8.102057613168725,2957.8862139917696,6.0,589.0,5869542.0,343926.0,-6.372311507420136,0,0,0,1.0407297957085957,0.04072979570859562,0.9499947249709852,1.0015210015210017,0.001521001521001595,0.016788086506569464,1.141415558441553,0.14141555844155304,0.34528454979045214,1.1590393042738496,0.1590393042738495,1.814179713705274,0.9739524515715282,-0.02604754842847177,-0.4170117352052403,0.9581544461777239,-0.04184555382227603,-0.31427681753804104,1.0804219770212344,0.08042197702123437,0.1749400662384623,1.7142857142857142,1.0966492730793214,1.9612234791340912,2.854374407577828,0.7374972111986345
2,2011-08-11 09:58:35.727597,5584,74223.0,38083975.0,3938810.0,806.6586009090258,13.29208452722063,6820.196095988539,724.0,34847.0,23708648.0,769309.0,-12.398846093854786,0,0,0,1.1801005959677078,0.1801005959677078,4.222347160712619,1.9055773496549457,0.9055773496549457,10.0,2.9471137140750248,1.9471137140750248,4.819186887142141,1.4347205274373032,0.43472052743730305,4.566756645101549,0.9741496713987503,-0.025850328601249677,-0.4545297474556975,1.608217818090723,0.608217818090723,4.660638382576286,2.4625794483373196,1.4625794483373198,3.208460926311109,10.0,10.0,10.0,10.0,0.03870913706588855
2,2011-08-11 09:59:05.726154,4963,77447.0,44537473.0,16250643.0,836.1842052478339,15.604876083014306,8973.901470884546,-621.0,3224.0,6453498.0,12311833.0,29.52560433880808,0,0,0,1.015011452879581,0.015011452879581076,0.16831484845936853,1.6561952012317693,0.6561952012317693,1.9692123150626943,2.3737938774644807,1.3737938774644807,2.187542157905679,5.3755928630829475,4.3755928630829475,10.0,1.0149149158206283,0.014914915820628281,0.2556400479331548,1.6501252395873793,0.6501252395873793,2.6241790671111676,2.384801749114118,1.3848017491141178,2.527001867114495,-4.935361216730038,-0.5872804547083824,0.10511101373139603,10.0,8.083082263396335
2,2011-08-11 09:59:35.742633,5128,49100.0,26318057.0,2611165.0,663.7074053075273,9.574882995319811,5132.226404056162,165.0,-28347.0,-18219416.0,-13639478.0,-172.4767999403066,0,0,0,1.024207078373412,0.02420707837341212,0.3676786132456141,0.9196306493603791,-0.0803693506396209,-0.20894198782405116,1.123768536088029,0.1237685360880289,0.17439139699304232,0.4540647337495093,-0.5459352662504907,-0.5328124026848258,0.8182786719567471,-0.18172132804325294,-5.6114510490511,0.9072752257004064,-0.09272477429959357,-0.2680756946272801,1.1189342194091745,0.1189342194091744,0.17342610897909613,0.4078498293515358,-5.276210589832554,-4.911999267904488,-6.000536735040748,-10.0
2,2011-08-11 10:00:05.722996,5843,68407.0,32881884.0,4114160.0,630.2718853549546,11.707513263734382,5627.568714701352,715.0,19307.0,6563827.0,1502995.0,-33.43551995257269,0,0,0,1.1506951829532475,0.15069518295324744,2.5177973602383923,1.2262263697733864,0.22622636977338648,0.6716974231813737,1.2472208349624097,0.24722083496240962,0.42738743719245015,0.7143706972299401,-0.28562930277006,-0.27944586816909334,0.7976030328726863,-0.20239696712731367,-2.2362766801499108,1.0728115588264033,0.07281155882640328,0.23455236609322583,1.097568118893886,0.09756811889388589,0.17219953133390434,9.070422535211268,7.059358824511605,1.2290616856443013,10.0,-0.6002112887397713
2,2011-08-11 10:00:35.762802,4864,710484.0,630648978.0,19954191.0,736.9011848254523,146.06990131578948,129656.45106907896,-979.0,642077.0,597767094.0,15840031.0,106.6292994704977,0,0,0,0.9219804382439911,-0.07801956175600885,-0.9774535705618357,10.0,10.0,10.0,10.0,10.0,10.0,3.3163817886411704,2.3163817886411704,2.4227389104775345,0.9809968294078126,-0.019003170592187365,-0.14805947946654713,10.0,10.0,10.0,10.0,10.0,10.0,-5.949443882709807,10.0,10.0,10.0,3.7318728613531396
2,2011-08-11 10:01:05.732626,4308,223022.0,181235171.0,6759613.0,751.6494243816156,51.76926648096565,42069.44545032498,-556.0,-487462.0,-449413807.0,-13194578.0,14.748239556163298,0,0,0,0.8164657721173528,-0.1835342278826472,-2.3051112983316124,1.1382610923574583,0.1382610923574583,0.09410978399469618,1.1730881775041604,0.17308817750416045,0.10043115545980741,0.721118166691484,-0.27888183330851596,-0.32290340485732044,1.023007677438743,0.023007677438743015,0.19071597165153065,1.3189671889649417,0.3189671889649418,0.20951273394518358,1.3465640123161382,0.3465640123161382,0.1967352945802248,-10.0,-4.631770147278828,-4.64621955093128,-4.930539676335994,1.8975724531084648
2,2011-08-11 10:01:35.728522,4553,1210004.0,999224117.0,35379943.0,697.8435521827367,265.7597188666813,219464.99385020864,245.0,986982.0,817988946.0,28620330.0,-53.80587219887889,0,0,0,0.9067553572851111,-0.09324464271488885,-0.8465581429244505,5.361306559381813,4.361306559381813,3.519159643294246,5.456534431791227,4.456534431791227,3.160844492834771,3.56008304888177,2.56008304888177,3.299182687525033,0.9642148176280149,-0.0357851823719851,-0.3216366705501355,5.661052046576084,4.661052046576084,3.7707814495244807,5.731365827284824,4.731365827284824,3.395497242090395,1.9600313479623825,10.0,10.0,10.0,-3.8906269458576865
2,2011-08-11 10:02:05.724792,4623,33707.0,10966439.0,3280627.0,752.7057411905689,7.291152930997188,2372.147739563054,70.0,-1176297.0,-988257678.0,-32099316.0,54.86218900783217,0,0,0,0.9359815354713314,-0.06401846452866858,-0.533387255569779,0.0745394660898171,-0.9254605339101829,-0.8356206843974757,0.029317197451617663,-0.9706828025483824,-0.8492575306373593,0.23835158660668948,-0.7616484133933105,-0.7545308431743989,1.0813577214633643,0.08135772146336431,1.1249894977378243,0.0751849286391479,-0.9248150713608522,-0.819978851037532,0.02950794494455078,-0.9704920550554492,-0.8401832601231435,1.853658536585366,-6.193102863696926,-6.17582226697622,-9.3900916395268,2.9828657662190006
2,2011-08-11 10:02:35.726781,4114,39736.0,14289037.0,4124167.0,821.1623030777832,9.65872630043753,3473.271025765678,-509.0,6029.0,3322598.0,843540.0,68.45656188721432,0,0,0,0.8503162333099087,-0.1496837666900913,-1.2158767241165944,0.0884742948953164,-0.9115257051046836,-0.8123504218340964,0.03851582588168051,-0.9614841741183194,-0.8281741729760014,0.29675161948300705,-0.7032483805169929,-0.7101880427355258,1.1502896754176137,0.15028967541761384,2.0732766700607352,0.1000701955825723,-0.8999298044174276,-0.7908302340036174,0.043503917256476,-0.956496082743524,-0.8174006560784348,-4.03960396039604,2.9583576950561947,2.082165410838128,5.3001335400665015,2.845946174610358
2,2011-08-11 10:03:05.749381,4335,892494.0,745935502.0,23971904.0,706.0154407963091,205.8809688581315,172072.78016147634,221.0,852758.0,731646465.0,19847737.0,-115.14686228147411,0,0,0,0.9649630487044788,-0.03503695129552125,-0.5430773928341049,2.0128843507282292,1.0128843507282292,0.881453136403075,2.03101238861206,1.0310123886120597,0.8716465032734713,1.724633614970421,0.7246336149704209,0.7319842567483452,0.9387848535322229,-0.061215146467777204,-1.0329803813618765,2.1421443927209225,1.1421443927209225,0.9958059922799671,2.1669652901064236,1.1669652901064238,0.987318018628377,1.639097744360902,10.0,10.0,10.0,-4.016046160280985
2,2011-08-11 10:03:35.755361,5184,29269.0,7479618.0,1793953.0,620.880446404321,5.646026234567901,1442.8275462962963,849.0,-863225.0,-738455884.0,-22177951.0,-85.13499439198813,0,0,0,1.1817808781288468,0.18178087812884686,3.9057604504627306,0.06100344190385596,-0.938996558096144,-0.8358434808094054,0.01916229083228583,-0.9808377091677142,-0.8423702386874296,0.12201063726669206,-0.877989362733308,-0.9022142564821569,0.8324185729068455,-0.16758142709315446,-2.545621486752566,0.05224320799950741,-0.9477567920004926,-0.8547079994324496,0.016416189377271292,-0.9835838106227287,-0.8545186804148545,9.024574669187146,-10.0,-10.0,-10.0,-10.0
2,2011-08-11 10:04:05.770467,8134,133813.0,90726733.0,4626564.0,352.64093911089253,16.45106958446029,11154.011925252027,2950.0,104544.0,83247115.0,2832611.0,-268.23950729342846,0,0,0,1.7830680871585778,0.7830680871585777,8.910205061100513,0.3034019435790696,-0.6965980564209304,-0.5406572135266553,0.2551521536584939,-0.744847846341506,-0.5513367818222993,0.33745615683505237,-0.6625438431649476,-0.5997525180108924,0.48996860690269983,-0.5100313930973002,-4.970742010612309,0.16642909298005823,-0.8335709070199419,-0.6496783037709671,0.13983555932747288,-0.8601644406725272,-0.6399330392535442,10.0,3.6978679039808418,3.3955238714011053,3.852199908974839,-9.256236281819179
2,2011-08-11 10:04:35.726137,9365,432883.0,347979692.0,12644395.0,307.7948870225307,46.22349172450614,37157.46844634276,1231.0,299070.0,257252959.0,8017831.0,-44.84605208836183,0,0,0,1.7743463433118605,0.7743463433118606,2.482819765094544,1.9170757976615098,0.9170757976615098,0.5519235562540105,2.0012696174271314,1.0012696174271314,0.5412550965489459,1.6726622583171802,0.6726622583171803,0.5504722125535109,0.4730350191054925,-0.5269649808945075,-1.8857353761857532,0.9436140888390515,-0.05638591116094848,-0.031457617084276364,0.9751846562539891,-0.024815343746010955,-0.012608862627692992,0.7187936330633901,2.3894838369768934,2.4158156288097796,2.303569113494813,0.3504386932460968
2,2011-08-11 10:05:05.725029,7833,41983.0,16764686.0,4858779.0,343.3561404497638,5.3597599897868,2140.2637559045065,-1532.0,-390900.0,-331215006.0,-7785616.0,35.56125342723311,0,0,0,1.2580303224977516,0.2580303224977516,0.6756629699837436,0.13736139694214416,-0.8626386030578559,-0.7194492174322092,0.06948167667846268,-0.9305183233215373,-0.7145420684331075,0.5151269853726331,-0.4848730146273668,-0.5025025539267608,0.611281595124136,-0.3887184048758639,-0.9768893286734276,0.09440841703472108,-0.9055915829652789,-0.6058570350490788,0.047498010309557116,-0.952501989690443,-0.5926852086013676,-2.6153521720792914,-5.896336453093372,-5.913975979455029,-5.157309322486418,1.399644705159317
2,2011-08-11 10:05:35.724744,7536,37986.0,10286689.0,2301086.0,379.53925520820064,5.040605095541402,1365.0065021231424,-297.0,-3997.0,-6477997.0,-2557693.0,36.18311475843683,0,0,0,1.0811741413445812,0.08117414134458124,0.2669527993234403,0.1241014033854272,-0.8758985966145728,-0.7323945781426175,0.04254614179653106,-0.957453858203469,-0.7377805256605102,0.24021895959325695,-0.759781040406743,-0.8087122708899402,0.814221549642582,-0.18577845035741805,-0.4722289370109524,0.09015204894233916,-0.9098479510576608,-0.5951639911230197,0.030473336647903602,-0.9695266633520964,-0.5981104997765688,-1.3993008873353052,-9.894080996884735,-10.0,-10.0,1.3786380083444636
2,2011-08-11 10:06:05.727052,8001,41887.0,13591949.0,3033924.0,333.86088972353457,5.235220597425322,1698.7812773403325,465.0,3901.0,3305260.0,732838.0,-45.67836548466608,0,0,0,1.0513245033112584,0.051324503311258325,0.2562305851291385,0.30984533992963814,-0.6901546600703619,-0.5432620718488872,0.14360602609829978,-0.8563939739017002,-0.5561237614448608,0.5784461008000182,-0.4215538991999818,-0.5077164796224077,0.8328982787134773,-0.16710172128652268,-0.5330594217367779,0.33251760951796827,-0.6674823904820317,-0.5935605216961669,0.15948129289807583,-0.8405187071019241,-0.5820911430707139,-0.27366447985004694,1.0228260004587435,1.0224649312388683,1.1690840650316014,0.30043342361431546
2,2011-08-11 10:06:35.746562,9399,76074.0,44412862.0,6576054.0,295.88007155090963,8.093839770188318,4725.275242047026,1398.0,34187.0,30820913.0,3542130.0,-37.980818172624936,0,0,0,1.1498935623577773,0.14989356235777726,1.744361916351458,0.5524201512739779,-0.44757984872602213,-0.3628294383057718,0.46326155476927144,-0.5367384452307286,-0.35521964312255283,1.1971808370497339,0.1971808370497338,0.26167215856599774,0.8615229174616975,-0.13847708253830254,-1.813753558750878,0.5167810354796106,-0.48321896452038937,-0.42603130818497914,0.44148633804686455,-0.5585136619531355,-0.3896116348800569,1.48136315228967,10.0,10.0,10.0,0.33835835766992817
2,2011-08-11 10:07:05.726150,5603,49489.0,15594662.0,3204183.0,542.0373402006068,8.832589684097805,2783.2700339104053,-3796.0,-26585.0,-28818200.0,-3371871.0,246.15726864969716,0,0,0,0.6649024540750939,-0.3350975459249062,-3.1806383131656664,0.39226363438927225,-0.6077363656107277,-0.44537427994840884,0.18006200862645383,-0.8199379913735462,-0.48393579199138165,0.5446653080049193,-0.4553346919950807,-0.6487508451914685,1.6322185642253444,0.6322185642253444,6.416214935145351,0.6313238990228505,-0.36867610097714953,-0.28556739429225003,0.295546768545643,-0.704453231454357,-0.4262567854166479,-10.0,-1.3021701103240446,-2.111184552031939,-9.648084883738823,10.0
2,2011-08-11 10:07:35.727696,4343,47361.0,27832704.0,2599177.0,634.3514758005987,10.905134699516465,6408.635505411006,-1260.0,-2128.0,12238042.0,-605006.0,92.31413559999191,0,0,0,0.5659074325028667,-0.4340925674971333,-2.446663721471644,0.9571011118790391,-0.042898888120960856,-0.1375132128952479,1.3826363390400842,0.3826363390400843,0.5583640124534155,0.6506392351747213,-0.3493607648252786,-0.8116601800626763,1.6740388510182187,0.6740388510182186,2.662961798098193,1.674517786080097,0.6745177860800969,2.4356957904966827,2.5205847398942414,1.5205847398942416,2.9054124513758155,-0.6746411483253589,0.9722478703370423,1.1840943618910875,0.6795591031218366,0.9704825992795751
3,2011-08-12 15:24:01.105063,1712,4317932.0,3659098271.0,1469259418.0,654.0164577383179,2522.1565420560746,2137323.7564252336,0.0,0.0,0.0,0.0,0.0,0,0,1,1.0,0.0,0.0,1.0,0.0,0.0,1.0,0.0,0.0,1.0,0.0,0.0,1.0,0.0,0.0,1.0,0.0,0.0,1.0,0.0,0.0,0.0,0.0,0.0,0.0,0.0
3,2011-08-12 15:24:31.149242,1643,164980.0,46695756.0,11124566.0,353.43447823311016,100.4138770541692,28421.032258064515,-69.0,-4152952.0,-3612402515.0,-1458134852.0,-300.5819795052077,0,0,1,0.959696261682243,-0.04030373831775701,0.0,0.038208105176274196,-0.9617918948237258,0.0,0.01276154739272374,-0.9872384526072763,0.0,0.007571546497311614,-0.9924284535026884,0.0,0.5404060923104855,-0.45959390768951447,0.0,0.039812706063165816,-0.9601872939368342,0.0,0.013297485779880125,-0.9867025142201199,0.0,0.0,0.0,0.0,0.0,0.0
3,2011-08-12 15:25:01.112739,1321,20718.0,7057621.0,2250832.0,352.9159138069644,15.683573050719152,5342.635124905375,-322.0,-144262.0,-39638135.0,-8873734.0,-0.5185644261457583,0,0,1,0.7874813710879285,-0.21251862891207154,-7.30677007226099,0.009243099128423667,-0.9907569008715763,-0.7562326263528455,0.003808965608222672,-0.9961910343917774,-0.72262464993772,0.0030408759137183425,-0.9969591240862816,-0.7157132245168598,0.7006116153272864,-0.2993883846727135,-0.7095465842832824,0.011960459049210278,-0.9880395409507897,-0.7565863344014141,0.0049337624200435195,-0.9950662375799566,-0.7225829725961987,-8.333333333333334,0.9305255635027807,0.9780544195529661,0.987828651118477,0.9965495973710774
3,2011-08-12 15:25:31.233931,949,24012.0,9492386.0,3123497.0,368.10119843624864,25.302423603793468,10002.514225500528,-372.0,3294.0,2434765.0,872665.0,15.18528462928424,1,1,0,0.6088537211291702,-0.3911462788708298,-2.9213040814345863,0.01599509728818753,-0.9840049027118125,-0.6053050672988735,0.00766988845766024,-0.9923301115423397,-0.5856139454257282,0.006320161174469547,-0.9936798388255305,-0.5815631480849954,0.8117689691487557,-0.18823103085124424,-0.49141538408884194,0.028771782791544513,-0.9712282172084554,-0.6001020130827417,0.013821434525131536,-0.9861785654748685,-0.5829436424526515,-1.8542199488491047,1.0022996294808684,1.0020000585152304,1.001784580557322,1.1512978133252354
3,2011-08-12 15:26:01.126918,989,19459.0,11796754.0,1842697.0,382.9164042214358,19.675429726996967,11927.96157735086,40.0,-4553.0,2304368.0,-1280800.0,14.815205785187176,0,0,0,0.7032888888888889,-0.2967111111111111,-1.1947811973943094,0.017191288533854928,-0.9828087114661451,-0.5234872585945947,0.012676693924310168,-0.9873233060756899,-0.5050794102350072,0.004960960295835141,-0.9950390397041649,-0.5049891152357252,0.8861405442049232,-0.11385945579507686,-0.3322112804518769,0.0295476072675529,-0.9704523927324471,-0.5219435102875096,0.021875231038118774,-0.9781247689618813,-0.5024847790122269,1.2096985583224116,0.9957586540969557,1.0025256075013151,0.9965056445813663,1.2072670877567249
3,2011-08-12 15:26:31.112638,1036,30005.0,21084803.0,1388397.0,333.8855221312741,28.962355212355213,20352.12644787645,47.0,10546.0,9288049.0,-454300.0,-49.0308820901617,0,0,0,0.7831871787118234,-0.21681282128817655,-0.8070418217934537,0.03299354907665346,-0.9670064509233466,-0.4612888040174842,0.02823246925739641,-0.9717675307426036,-0.44576386751745106,0.004666563785137521,-0.9953334362148625,-0.452086726044296,0.7906791246521757,-0.20932087534782431,-0.6792421358823022,0.05396916271140801,-0.946030837288592,-0.4571743644729668,0.04640209834011392,-0.9535979016598861,-0.44042539537935643,1.3250345781466113,1.012267146961258,1.0127327682626575,0.9984520416269674,0.0957050459027588
4,2011-08-15 10:42:52.613616,2,4.0,504.0,290.0,1268.7595215,2.0,252.0,0.0,0.0,0.0,0.0,0.0,0,0,1,1.0,0.0,0.0,1.0,0.0,0.0,1.0,0.0,0.0,1.0,0.0,0.0,1.0,0.0,0.0,1.0,0.0,0.0,1.0,0.0,0.0,0.0,0.0,0.0,0.0,0.0
4,2011-08-15 10:43:34.544316,1,2.0,288.0,145.0,1095.947266,2.0,288.0,-1.0,-2.0,-216.0,-145.0,-172.81225550000022,0,0,1,0.5,-0.5,0.0,0.5,-0.5,0.0,0.5714285714285714,-0.42857142857142855,0.0,0.5,-0.5,0.0,0.8637943183309541,-0.1362056816690459,0.0,1.0,0.0,0.0,1.1428571428571428,0.14285714285714285,0.0,0.0,0.0,0.0,0.0,0.0
4,2011-08-15 10:58:26.370803,2,5.0,721.0,435.0,2140.5426025,2.5,360.5,1.0,3.0,433.0,290.0,1044.5953364999998,0,0,1,1.3333333333333333,0.3333333333333333,0.7071067811865475,1.6666666666666667,0.6666666666666666,1.414213562373095,1.8207070707070707,0.8207070707070707,2.127867628570629,2.0,1.0,2.1213203435596424,1.8104084733169061,0.8104084733169061,7.841366171705311,1.25,0.25,0.0,1.3351851851851853,0.3351851851851852,3.5551757609656973,3.0,4.0,5.0092592592592595,5.0,10.0
4,2011-08-15 10:59:02.040572,1,2.0,288.0,145.0,1071.322388,2.0,288.0,-1.0,-3.0,-433.0,-290.0,-1069.2202144999997,0,0,1,0.6,-0.4,-1.1547005383792517,0.5454545454545455,-0.45454545454545453,-1.0910894511799618,0.5710508922670192,-0.42894910773298084,-0.9992292888037477,0.5,-0.5,-1.0,0.7133827421704617,-0.2866172578295383,-0.7687328895434811,0.9230769230769231,-0.07692307692307686,-0.5773502691896252,0.9594669627984452,-0.04053303720155475,-0.22015632559219092,0.0,-10.0,-6.986175115207374,-6.999999999999999,-4.679425207266669
4,2011-08-15 11:00:05.704408,2136,1504642.0,1251201278.0,438602583.0,1016.8135947991572,704.4204119850187,585768.388576779,2135.0,1504640.0,1251200990.0,438602438.0,-54.50879320084289,1,1,0,10.0,10.0,10.0,10.0,10.0,10.0,10.0,10.0,10.0,10.0,10.0,10.0,0.7293467279023031,-0.27065327209769685,-0.7467515290348291,10.0,10.0,10.0,10.0,10.0,10.0,10.0,10.0,10.0,10.0,-0.10432707838807573
4,2011-08-15 11:00:22.615736,3491,175486.0,64146681.0,15032110.0,752.4664280031509,50.26811801775995,18374.872815812087,1355.0,-1329156.0,-1187054597.0,-423570473.0,-264.34716679600626,0,0,0,8.148926237161533,7.148926237161532,3.2083302171300896,0.5831436442240913,-0.41685635577590874,-0.1864258430383628,0.2563400061773665,-0.7436599938226335,-0.3325754580593486,0.17136327732541767,-0.8286367226745823,-0.37057868008463896,0.5706222110931297,-0.4293777889068703,-1.20725489456087,0.3525506997183318,-0.6474493002816682,-0.2939286220466959,0.15652659653050902,-0.843473403469491,-0.3781699412307427,2.174789128397376,-5.416863059420273,-5.743661535650552,-5.828639518763301,-4.2461091603574195
4,2011-08-15 11:00:52.643903,2680,66100.0,16049937.0,6785045.0,754.200584519403,24.66417910447761,5988.782462686567,-811.0,-109386.0,-48096744.0,-8247065.0,1.734156516252142,0,0,0,2.379683892736636,1.3796838927366364,0.9632577181071575,0.1967101492318781,-0.8032898507681219,-0.4104237422722345,0.061010172495205336,-0.9389898275047946,-0.44662587307211477,0.07478522102522428,-0.9252147789747758,-0.4314073374400786,0.6205275071172611,-0.37947249288273893,-0.8621797760564038,0.1620109744979182,-0.8379890255020818,-0.4123502087652523,0.04948754564938169,-0.9505124543506184,-0.4425445874506126,-2.162224132989395,-4.11672992101754,-4.748995361017384,-3.7432024199331817,1.0167943028688096
4,2011-08-15 11:01:22.622497,2913,55734.0,23996353.0,4061324.0,542.7818084775146,19.13285272914521,8237.67696532784,233.0,-10366.0,7946416.0,-2723721.0,-211.4187760418885,0,0,0,1.7527075812274369,0.7527075812274369,0.7864673529012384,0.15958333214029038,-0.8404166678597096,-0.45165939338897315,0.09011706750652615,-0.9098829324934739,-0.43954423595241077,0.04410452624725393,-0.9558954737527461,-0.45417391219095776,0.47319014976504953,-0.5268098502349504,-1.0520285757392425,0.12204367291742829,-0.8779563270825717,-0.44864518642553525,0.06743565301975081,-0.9325643469802491,-0.4393781835903595,-0.5651362448674878,-1.784138703137765,1.4755731418176188,-3.00719317897095,-2.0932089102654836
4,2011-08-15 11:01:52.789187,2985,538232.0,562286393.0,13494023.0,504.7552638874372,180.31222780569516,188370.65092127305,72.0,482498.0,538290040.0,9432699.0,-38.02654459007738,0,0,0,1.3300953569200606,0.3300953569200607,0.5508081185109078,1.4934593587885219,0.49345935878852193,0.27666032128019147,2.0742535758058764,1.0742535758058764,0.5309988508507604,0.14525908472331367,-0.8547409152766863,-0.4106996849108466,0.6099636476622295,-0.39003635233777045,-1.4913440830086264,1.1262678329390423,0.12626783293904234,0.06632739422620841,1.5224141280530108,0.5224141280530109,0.25018116245995153,-0.8763311576777739,10.0,10.0,10.0,0.8810005079222697
4,2011-08-15 11:02:22.711886,2320,186272.0,41362133.0,19396476.0,548.2951200676723,80.28965517241379,17828.505603448277,-665.0,-351960.0,-520924260.0,5902453.0,43.53985618023512,0,0,0,0.8166138683562126,-0.1833861316437874,-1.057246533618035,0.3979840987542059,-0.6020159012457942,-0.4606440079463056,0.10784416365819477,-0.8921558363418053,-0.6378475298843325,0.20290258434704814,-0.7970974156529519,-0.39727878743477674,0.7677014919116589,-0.23229850808834102,-0.8098137748609191,0.4101442403224684,-0.5898557596775316,-0.3957020242638236,0.11049717001861296,-0.889502829981387,-0.5753645449449124,-2.1142761394101877,-4.269605930550137,-5.632199296477369,1.1870855064793084,1.3842426989426306
4,2011-08-15 11:02:52.624349,2063,31181.0,16593929.0,8898058.0,578.1690001158507,15.114396509936984,8043.591371788657,-257.0,-155091.0,-24768204.0,-10498418.0,29.87388004817842,0,0,0,0.7168670512196816,-0.28313294878031836,-1.8956389487581504,0.15257519886007767,-0.8474248011399224,-0.8830941024740849,0.11721500555088253,-0.8827849944491175,-0.5297508646522344,0.7570369864182427,-0.24296301358175734,-0.45721233272114736,0.9317794492782208,-0.06822055072177922,-0.34579851416640806,0.21307867818099854,-0.7869213218190015,-0.8487078380907922,0.168416560059572,-0.8315834399404279,-0.5040183657954127,-7.983695652173914,0.4118077626159576,0.8976384418442668,0.8747821438584148,1.3188121884126298
4,2011-08-15 11:03:22.619799,2382,29867.0,11292419.0,4416031.0,573.3376784412259,12.538623005877414,4740.730058774139,319.0,-1314.0,-5301510.0,-4482027.0,-4.83132167462486,0,0,0,0.9189105778875087,-0.08108942211249126,-0.5343142496944271,0.17017865140241978,-0.8298213485975802,-0.6887791662329484,0.08551121827769456,-0.9144887817223054,-0.501678543719495,0.4194962675543612,-0.5805037324456388,-1.0117297900207503,0.978992777976064,-0.021007222023936022,-0.12582231223945178,0.1962144073749435,-0.8037855926250566,-0.7310910819600468,0.10374986883987973,-0.8962501311601202,-0.5126137456637635,2.1169467787114846,0.954471432036312,0.442565385069617,-2.6533982757237795,0.8614058241367518
4,2011-08-15 11:03:52.657532,2308,31895.0,14146510.0,2456632.0,522.9230404961005,13.819324090121317,6129.337088388215,-74.0,2028.0,2854091.0,-1959399.0,-50.41463794512538,0,0,0,0.9113164337044934,-0.08868356629550656,-0.5624793910250624,0.189560981640013,-0.810439018359987,-0.6293115357965433,0.10790111452615818,-0.8920988854738419,-0.4846978725667386,0.24436361564473355,-0.7556363843552665,-1.1716478828210732,0.9516900991316788,-0.048309900868321265,-0.9053233864635306,0.2247865091453099,-0.77521349085469,-0.6606909296161159,0.1348760217887662,-0.8651239782112338,-0.4911436821125479,-0.2416107382550335,1.279855380454282,3.999558803561017,-3.1354736611940663,-0.3937251987793968
4,2011-08-15 11:04:22.716029,2443,213912.0,223355323.0,5196054.0,537.6822629525174,87.56119525173966,91426.65697912405,135.0,182017.0,209208813.0,2739422.0,14.759222456416865,0,0,0,1.013020401393266,0.013020401393265919,0.09157309790898745,1.3084151021411785,0.3084151021411786,0.2291767045942928,1.7296094369045647,0.7296094369045647,0.3886363132903606,0.5339009174040437,-0.4660990825959563,-0.659150192462668,0.9856758668183834,-0.01432413318161663,-0.24648142184222205,1.449332441266351,0.4493324412663511,0.3721315464755857,2.0306853024201907,1.0306853024201907,0.5778999672069456,2.115702479338843,10.0,10.0,9.535662918491523,4.716046854021886
4,2011-08-15 11:04:52.622657,2445,29864.0,14800665.0,2238944.0,456.74404537218817,12.214314928425358,6053.441717791411,2.0,-184048.0,-208554658.0,-2957110.0,-80.9382175803292,0,0,0,1.0615665161514416,0.061566516151441555,0.9799442603970786,0.30280232070034696,-0.697197679299653,-0.7382362062219131,0.2412493863005467,-0.7587506136994533,-0.5095491589016498,0.27734931460302836,-0.7226506853969716,-0.8646189556191426,0.8273128355399527,-0.17268716446004734,-4.0612569835461825,0.29175732257051296,-0.708242677429487,-0.7702820175990522,0.2361511039021121,-0.7638488960978879,-0.5272764748683938,1.018450184501845,-1.83744449925999,-2.0766529902378084,-0.7818275773264518,-10.0
4,2011-08-15 11:05:22.649175,2749,104389.0,48343074.0,7459472.0,410.6860551615133,37.97344488905056,17585.69443433976,304.0,74525.0,33542409.0,5220528.0,-46.05799021067486,0,0,0,1.1807404862125248,0.18074048621252478,2.6553414821856465,1.5500907284709209,0.5500907284709208,0.4521083191973561,0.8626873390955755,-0.13731266090442448,-0.08224976134709158,1.6072486269440736,0.6072486269440737,1.046293647593577,0.7694046642991964,-0.23059533570080362,-2.512094550979398,1.3442131639945412,0.34421316399454116,0.2930993538635567,0.7554397613320848,-0.2445602386679152,-0.14936903959480144,10.0,3.3823909262953307,7.314110537866356,2.521351672256826,-1.5154259719982683
4,2011-08-15 11:05:52.637148,2249,109854.0,76299464.0,4114309.0,499.15094148866166,48.84570920409071,33925.951089373055,-500.0,5465.0,27956390.0,-3345163.0,88.46488632714835,0,0,0,0.9122251967226414,-0.08777480327735868,-1.2870627733899365,1.3399214982179755,0.3399214982179755,0.3466785145917573,1.2229908860315766,0.22299088603157666,0.15244955022836676,0.9450737035511292,-0.054926296448870794,-0.1113973976821145,0.9977538836490585,-0.002246116350941569,-0.017150090054014775,1.4882283608923221,0.4882283608923221,0.4933418113315127,1.346953560898776,0.3469535608987759,0.2337037813090403,-4.644314868804665,-0.6267484427931374,3.402699663250774,-10.0,3.641011786342407
4,2011-08-15 11:06:22.626848,2209,189785.0,181621974.0,4896900.0,532.2837967931191,85.9144409234948,82219.09189678587,-40.0,79931.0,105322510.0,782591.0,33.13285530445745,0,0,0,0.9057733311464654,-0.09422666885353459,-1.1890116715687609,1.9369215821552352,0.9369215821552354,1.2205270402645743,2.4091307306670564,1.4091307306670566,1.2256938497286678,1.140649019019482,0.14064901901948204,0.28103268766638884,1.0965037723336248,0.09650377233362487,0.9043363722922241,2.1434242595805957,1.1434242595805957,1.486611350016485,2.6501585472124622,1.650158547212462,1.4364549284050032,-0.5037593984962405,3.996499431157563,7.100853530567341,10.0,3.2330713457341407
4,2011-08-15 11:06:52.644883,2166,38729.0,26899533.0,1947717.0,540.3251686278855,17.880424746075715,12418.99030470914,-43.0,-151056.0,-154722441.0,-2949183.0,8.041371834766437,0,0,0,0.8954113269946259,-0.10458867300537412,-1.1823462658665151,0.29892529221801656,-0.7010747077819834,-1.2331131871427157,0.24704739259451106,-0.752952607405489,-0.9170004556336022,0.4073753772063952,-0.5926246227936048,-1.500316735661623,1.1087927835169213,0.10879278351692133,0.9885029259248188,0.3280702260051604,-0.6719297739948396,-1.1337992886862447,0.26856419260562886,-0.7314358073943712,-0.8788952280904999,-1.1717171717171717,-5.7835835075052255,-5.619256973666304,-7.042744075650708,3.2952575516401406
4,2011-08-15 11:07:22.730922,2180,36326.0,24234500.0,2171501.0,483.9642716082569,16.66330275229358,11116.743119266055,14.0,-2403.0,-2665033.0,223784.0,-56.360897019628624,0,0,0,0.9223218818751058,-0.0776781181248942,-0.7636105912712714,0.3843037021207268,-0.6156962978792733,-0.9006758809914813,0.3482321526226036,-0.6517678473773965,-0.6785815432536596,0.5256002926223519,-0.4743997073776481,-0.8762567032458645,0.9920593929365985,-0.00794060706340153,-0.07138902723707248,0.41077354349105405,-0.589226456508946,-0.8138570471812089,0.3651942058745801,-0.6348057941254198,-0.628779201901606,1.2527075812274369,0.9314145778985404,0.9321721950775795,1.3444593341146562,-10.0
4,2011-08-15 11:07:52.638887,2297,26170.0,14455660.0,1834198.0,475.06989085676975,11.393121462777536,6293.2781889420985,117.0,-10156.0,-9778840.0,-337303.0,-8.894380751487176,0,0,0,0.9941140829221847,-0.005885917077815247,-0.05503353847149114,0.2731259510356243,-0.7268740489643757,-1.1047113847247156,0.2022344550955013,-0.7977655449044987,-0.877050366955857,0.44541209259938574,-0.5545879074006143,-1.0144852205418669,0.9630796295960297,-0.03692037040397035,-0.35249702492974094,0.2748279774299178,-0.7251720225700822,-1.0605841160159604,0.2000832776099406,-0.7999167223900594,-0.844377779580074,3.207547169811321,-8.858248220365212,-6.182855116715524,-10.0,-2.633781562715574
4,2011-08-15 11:08:22.632929,1994,313115.0,350223605.0,6293926.0,463.1074830351053,157.02858575727183,175638.7186559679,-303.0,286945.0,335767945.0,4459728.0,-11.962407821664442,0,0,0,0.8981172867309252,-0.10188271326907479,-4.235851075924771,3.905501616508342,2.905501616508342,3.340360575346166,5.412852471527478,4.412852471527479,4.100257982415693,2.102934754462608,1.1029347544626076,2.3352597321950195,0.9149450139764426,-0.08505498602355746,-1.485835813658691,4.345080066331429,3.3450800663314286,3.840127067709844,6.0160937208453555,5.0160937208453555,4.650370552081836,-2.3517699115044244,10.0,10.0,4.964009575355796,-1.928991546751368
4,2011-08-15 11:08:52.701118,1829,36071.0,16755924.0,7973394.0,543.9429739387643,19.721705850191363,9161.248769819573,-165.0,-277044.0,-333467681.0,1679468.0,80.83549090365904,0,0,0,0.8431679881984142,-0.15683201180158576,-3.0819592266524025,0.2985392096006621,-0.7014607903993378,-0.6670735184141958,0.14023212877863026,-0.8597678712213698,-0.701529825438915,2.325385397616296,1.325385397616296,2.2253783140980845,1.0901750490761966,0.09017504907619665,1.2851738142145985,0.3413478665893255,-0.6586521334106745,-0.6002644587501202,0.15922260013258194,-0.840777399867418,-0.6617927293724102,-2.235294117647059,-7.814981723006381,-7.086861854939612,2.8526676934525654,10.0
4,2011-08-15 11:09:22.651450,2002,308103.0,344995559.0,5500706.0,489.3907577017982,153.89760239760238,172325.45404595404,173.0,272032.0,328239635.0,-2472688.0,-54.55221623696616,0,0,0,0.9564303458819033,-0.04356965411809661,-0.49825874993444486,3.4202428448683535,2.4202428448683535,1.7473496282266172,3.9877497225172434,2.9877497225172434,1.7523280958462217,1.3601646349569076,0.36016463495690754,0.5049239987016984,0.9762784202962876,-0.02372157970371238,-0.31258556008145444,3.455466759432982,2.455466759432982,1.7369598947384466,4.014496430486164,3.014496430486165,1.743351852549702,3.276315789473684,9.848640982604056,10.0,-5.018678404703535,-10.0
4,2011-08-15 11:09:52.622072,2406,954525.0,1097241258.0,14718333.0,348.07168536824605,396.7269326683292,456043.7481296758,404.0,646422.0,752245699.0,9217627.0,-141.31907233355213,0,0,0,1.1677344205008735,0.16773442050087356,1.9049984089779493,6.6306258118743795,5.6306258118743795,5.325775119371746,7.308459136235384,6.308459136235384,5.252482243163878,3.0955041753027763,2.0955041753027763,3.7334893412170214,0.7087663932789299,-0.29123360672107007,-4.588205959599915,5.529999396673809,4.529999396673809,4.248537310959942,6.088125395352965,5.088125395352965,4.213012556164031,10.0,10.0,10.0,10.0,-10.0
4,2011-08-15 11:10:22.614054,1852,31311.0,21392650.0,1676452.0,352.9776205755939,16.90658747300216,11551.106911447085,-554.0,-923214.0,-1075848608.0,-13041881.0,4.905935207347852,0,0,0,0.8795592705167173,-0.12044072948328263,-1.065562208436427,0.09557785668236075,-0.9044221433176393,-0.7852425819596633,0.05865267967489983,-0.9413473203251002,-0.7770425572854489,0.2307855576113549,-0.7692144423886451,-1.1805866612090026,0.7608644579539545,-0.23913554204604548,-1.545962148440601,0.11442420800506815,-0.8855757919949319,-0.8398253642311094,0.07047978185329958,-0.9295202181467005,-0.831273739236067,-10.0,-6.02730889491276,-6.013242460864351,-6.197280476856628,1.1805078313353712
4,2011-08-15 11:10:52.650166,2108,359947.0,385989746.0,7906770.0,415.2853027125237,170.75284629981024,183107.0901328273,256.0,328636.0,364597096.0,6230318.0,62.30768213692983,0,0,0,1.0453238123574333,0.04532381235743335,0.39456415126251254,1.0953122860403195,0.09531228604031951,0.08323757126177023,1.0542659487728203,0.05426594877282034,0.045104088109069664,1.0932183894664604,0.09321838946646042,0.14109187731735764,0.944908064029892,-0.05509193597010797,-0.28052201060674975,1.147098685083005,0.14709868508300492,0.14162337632081268,1.110116334880552,0.11011633488055207,0.09971806284610872,3.8764044943820224,10.0,10.0,10.0,3.551663671804799
4,2011-08-15 11:11:22.706418,2289,45530.0,30686635.0,2368185.0,283.7690423722149,19.890782000873745,13406.131498470948,181.0,-314417.0,-355303111.0,-5538585.0,-131.5162603403088,0,0,0,1.1223889379229184,0.12238893792291845,1.064570928313561,0.13470756948253712,-0.8652924305174629,-0.7770031356964108,0.08220918290126152,-0.9177908170987384,-0.7777990727914651,0.3134538633413504,-0.6865461366586496,-1.091145144639769,0.6600298219329473,-0.33997017806705265,-1.705726950360683,0.13120470377109228,-0.8687952962289077,-0.8502153523559027,0.08054743074695542,-0.9194525692530445,-0.8395225858594547,6.938596491228069,-10.0,-10.0,-10.0,-10.0
4,2011-08-15 11:11:52.614675,2245,321438.0,349139889.0,7470486.0,328.2712136636971,143.17951002227173,155518.8815144766,-44.0,275908.0,318453254.0,5102301.0,44.50217129148217,0,0,0,1.0532983015858122,0.0532983015858121,0.513718008099157,0.9457307686875962,-0.054269231312403826,-0.04925038221193838,0.9284124956888395,-0.0715875043111604,-0.06150974878059141,1.1610790226532761,0.1610790226532762,0.1968869166201681,0.8686747421609864,-0.13132525783901358,-0.6380461609960841,0.9442381842953217,-0.05576181570467832,-0.05459414888383961,0.9296547532050062,-0.07034524679499371,-0.06488080160586837,-1.4782608695652173,10.0,10.0,5.551392285283207,1.8552388593185987
4,2011-08-15 11:12:22.671357,2217,71946.0,54778850.0,3009014.0,359.5324625286423,32.45196211096076,24708.54758682905,-28.0,-249492.0,-294361039.0,-4461472.0,31.26124886494523,0,0,0,1.0169724770642201,0.016972477064220184,0.17444390269525661,0.21003052983183193,-0.7899694701681681,-0.7229927173274521,0.1453443838407491,-0.8546556161592509,-0.7360768069530568,0.4406845461421374,-0.5593154538578626,-0.7273939910110376,1.0400882061908905,0.04008820619089039,0.2914960001786356,0.21708256755405764,-0.7829174324459424,-0.7555159838175142,0.1507304471871386,-0.8492695528128613,-0.7673940402205538,-1.5761316872427982,-10.0,-10.0,-10.0,1.9701259102853672
4,2011-08-15 11:12:52.660505,2004,356607.0,386362831.0,7245588.0,389.8340575718563,177.94760479041915,192795.8238522954,-213.0,284661.0,331583981.0,4236574.0,30.30159504321398,0,0,0,0.9354868826440109,-0.0645131173559891,-0.7877912069110028,2.14778985559619,1.1477898555961898,1.18601249170886,2.2943494238639595,1.2943494238639595,1.1931080140629922,1.6150902859166594,0.6150902859166594,0.9306054917193016,1.120318632962191,0.12031863296219095,0.8729895272564459,2.3219742801702683,1.321974280170268,1.3652783262141577,2.4826154567647594,1.4826154567647594,1.3644165905930532,-4.634920634920635,2.6126658350130696,2.590388192683875,2.809060800205375,10.0
4,2011-08-15 11:13:22.643646,2204,29121.0,19681342.0,1855164.0,305.5830081515427,13.212794918330308,8929.828493647912,200.0,-327486.0,-366681489.0,-5390424.0,-84.25104942031362,0,0,0,1.014452729448587,0.01445272944858699,0.2718609623869365,0.12601387489744414,-0.8739861251025558,-1.2755976370307291,0.08153284040961589,-0.918467159590384,-1.2169952611672792,0.3312787769647354,-0.6687212230352646,-1.3983988342021867,0.8599774034832214,-0.14002259651677862,-0.9639924719371911,0.12139143397999008,-0.8786085660200099,-1.24672786512783,0.07839558037223447,-0.9216044196277655,-1.1963207881818017,5.578947368421053,-6.033661649697507,-6.023444490661005,-5.839551413361067,-10.0
4,2011-08-15 11:13:52.620223,2666,331423.0,348553014.0,6502624.0,258.85891021417854,124.31470367591898,130740.06526631658,462.0,302302.0,328871672.0,4647460.0,-46.72409793736415,0,0,0,1.216351856921252,0.21635185692125183,4.31399416506168,2.0094962420056217,1.009496242005622,1.0396713087001734,2.0731172415655865,1.0731172415655865,0.9851455560149865,1.481341017585899,0.48134101758589903,0.7707133420321779,0.7764262044495638,-0.2235737955504362,-1.7653779655049961,1.6074512580339244,0.6074512580339244,0.6079517992150302,1.653433902452986,0.653433902452986,0.5872474463559446,10.0,5.568897245077473,5.488999821036048,4.839856725636137,-1.1295861733954558
4,2011-08-15 11:14:22.614682,2996,320758.0,351719114.0,6042041.0,249.2873349432577,107.06208277703604,117396.23297730308,330.0,-10665.0,3166100.0,-460583.0,-9.571575270920874,0,0,0,1.321453775582216,0.32145377558221605,3.004736246856718,1.444159796854669,0.44415979685466916,0.6248654403633537,1.5179727188316616,0.5179727188316616,0.6719066198675865,1.1582390300824188,0.1582390300824188,0.3175846966932114,0.7590598136330075,-0.24094018636699255,-1.5747204589368846,1.0900086469432093,0.09000864694320929,0.12316188384105108,1.144897622777184,0.1448976227771841,0.18230285087266285,3.3766578249336865,-1.186520831220072,-0.9501976269091359,-1.5570078552374336,-0.9212212946515695
4,2011-08-15 11:14:52.623984,2853,38140.0,22395240.0,3456840.0,292.87001456677183,13.36838415702769,7849.716088328076,-143.0,-282618.0,-329323874.0,-2585201.0,43.58267962351417,0,0,0,1.180193596425912,0.1801935964259121,1.0779576364704146,0.17182424731158574,-0.8281757526884143,-1.1651917121226885,0.09644015815892422,-0.9035598418410757,-1.1718915528179439,0.7010585642799868,-0.2989414357200132,-0.6254649649093716,0.9368268392408029,-0.06317316075919707,-0.3212878955286681,0.14690882417503617,-0.8530911758249637,-1.144382611343104,0.08270337198047266,-0.9172966280195274,-1.131281404449807,-1.952063914780293,-10.0,-10.0,-8.049004336883813,3.7589604568404065
4,2011-08-15 11:15:22.622977,2913,118174.0,121783306.0,2954611.0,199.5430644122897,40.56779951939581,41806.83350497769,60.0,80034.0,99388066.0,-502229.0,-93.32695015448208,0,0,0,1.1447771751945297,0.14477717519452962,0.8672033816688597,0.5491106817626336,-0.4508893182373665,-0.5835008858615575,0.5394793159114158,-0.4605206840885841,-0.5545708110728198,0.5885150088296841,-0.41148499117031595,-0.9090911861790838,0.6667288846718353,-0.3332711153281646,-1.7904386602524411,0.46532784026747837,-0.5346721597325217,-0.6443636813392788,0.45669399043742015,-0.5433060095625799,-0.6135226924846375,-0.5283018867924528,10.0,10.0,-6.607412253866457,-5.999964223325785
4,2011-08-15 11:15:52.626550,2353,23002.0,13483580.0,1225313.0,287.19386228601786,9.775605609859754,5730.378240543986,-560.0,-95172.0,-108299726.0,-1729298.0,87.65079787372812,0,0,0,0.8630428403755869,-0.13695715962441318,-1.180674645911499,0.13730635517946171,-0.8626936448205383,-0.9706485294862006,0.07801805598185359,-0.9219819440181464,-0.9540854146676536,0.29438674603388165,-0.7056132539661184,-1.4553593069171293,1.099397267765316,0.09939726776531617,0.6241876832490698,0.163731355119339,-0.836268644880661,-0.948164605071803,0.0934130190356062,-0.9065869809643938,-0.9417930298396446,-4.08030803080308,-0.9957807853778631,-1.0466384539771172,-1.0150399314654914,3.3030726893161324
4,2011-08-15 11:16:22.634645,2157,305653.0,323745098.0,6555933.0,364.9591066439499,141.7028280018544,150090.44877144182,-196.0,282651.0,310261518.0,5330620.0,77.76524435793203,0,0,0,0.782599230825049,-0.21740076917495096,-2.3405232185953126,1.8379681466078652,0.8379681466078651,0.9269751095726799,1.886771022899384,0.8867710228993839,0.9032914269082043,1.6242489568008291,0.6242489568008291,1.1407887159733228,1.4170382589300219,0.4170382589300219,2.8806471613272184,2.4010219244657125,1.4010219244657127,1.5474092009584128,2.47247057022802,1.4724705702280199,1.495390153384614,-7.577181208053691,10.0,10.0,10.0,10.0
4,2011-08-15 11:16:52.615671,2168,197950.0,220470734.0,6024150.0,316.4581387661439,91.30535055350552,101693.14298892987,11.0,-107703.0,-103274364.0,-531783.0,-48.50096787780598,0,0,0,0.8167570825798673,-0.18324291742013263,-1.2985042429552673,1.2283937363399762,0.22839373633997623,0.25640008886531285,1.3231530678123875,0.32315306781238745,0.3320066680455283,1.4885663456576508,0.48856634565765067,0.8891703241723873,1.1351916301216902,0.13519163012169014,0.6186493464157977,1.4609945403043143,0.4609945403043144,0.48813586271629555,1.5748134869306438,0.5748134869306439,0.5643827133885452,1.1080550098231827,-10.0,-10.0,-10.0,-3.2856210219134314
4,2011-08-15 11:17:22.620345,2617,212647.0,233214324.0,4413275.0,310.52822532709206,81.25601834161253,89115.14100114634,449.0,14697.0,12743590.0,-1610875.0,-5.929913439051859,0,0,0,1.0515107682417228,0.05151076824172284,0.3476205790743124,1.55689767014829,0.5568976701482901,0.6470176404903315,1.6613595094547762,0.6613595094547763,0.6997673298970293,1.0914844931061702,0.09148449310617034,0.16665068590700996,1.0627073396839364,0.06270733968393642,0.30440668645999525,1.3692374485726917,0.36923744857269164,0.3884501281301725,1.4505809528673075,0.4505809528673074,0.4398783453445447,3.711352657004831,1.5983730701582959,1.4854760874000883,-10.0,-1.4414055736691538
4,2011-08-15 11:17:52.618960,2241,73580.0,51090018.0,2853472.0,287.9077542106203,32.83355644801428,22797.866131191437,-376.0,-139067.0,-182124306.0,-1559803.0,-22.620471116471776,0,0,0,0.917840760157274,-0.08215923984272605,-0.6215210533092798,0.4290749289151483,-0.5709250710848517,-0.9201496381882834,0.2798848667683093,-0.7201151332316907,-1.1088043153477383,0.6738379057153255,-0.32616209428467446,-0.628506518676609,0.9735280365477539,-0.026471963452246065,-0.1288510853407835,0.4502588024159243,-0.5497411975840757,-0.7949335869385821,0.29345721545059356,-0.7065427845494066,-0.9852734427053282,-6.966101694915254,-4.984567954294096,-5.319445435025228,-9.154255124498789,-7.405085833300343
4,2011-08-15 11:18:22.648249,2151,212319.0,220675807.0,5151237.0,287.1705949800093,98.7071129707113,102592.1929335193,-90.0,138739.0,169585789.0,2297765.0,-0.7371592306109847,0,0,0,0.9322988904299585,-0.06770110957004154,-0.8221257596234673,1.3060447915436402,0.30604479154364006,0.43791721167185876,1.3104205649420417,0.31042056494204173,0.3985788332927281,1.2222859820190097,0.22228598201900976,0.42337661345744715,0.916279406405481,-0.083720593594519,-0.8284451346743901,1.3829431434695612,0.3829431434695611,0.5279528317079523,1.388531418707329,0.38853141870732893,0.4840684429063462,0.3303571428571429,10.0,10.0,10.0,-1.041711187596163
4,2011-08-15 11:18:52.659045,2081,44910.0,22185330.0,1887466.0,288.858003175877,21.58097068716963,10660.898606439212,-70.0,-167409.0,-198490477.0,-3263771.0,1.687408195867704,0,0,0,0.9180342332803952,-0.0819657667196048,-0.9332889851402528,0.22406847684326384,-0.7759315231567362,-1.877020125007309,0.10572538592291844,-0.8942746140770815,-1.9015977244514615,0.3775223900311972,-0.6224776099688029,-2.1419182619157144,0.9216771292895317,-0.07832287071046826,-0.7749034047834493,0.24204503267901745,-0.7579549673209826,-1.7317336289391376,0.1143164793291042,-0.8856835206708958,-1.8056385105767114,-0.7326732673267328,-5.421393746995779,-5.790007807580542,-5.156691520263764,10.0
4,2011-08-15 11:19:22.614010,2543,30888.0,18222641.0,2777730.0,290.9181906366496,12.146283916633896,7165.804561541487,462.0,-14022.0,-3962689.0,890264.0,2.0601874607726245,0,0,0,1.1294190797655002,0.12941907976550013,1.3742714755734908,0.20830691955554714,-0.7916930804444529,-1.4294825151228348,0.12186836781807947,-0.8781316321819206,-1.2663481450411243,0.6831737958444829,-0.3168262041555171,-0.7647730094096168,0.9756313570949099,-0.024368642905090106,-0.5137462496940745,0.18647401892243182,-0.8135259810775681,-1.4969676414005453,0.10961606172005528,-0.8903839382799447,-1.2955352340888098,10.0,0.7311145457404418,0.934296789218912,1.953486444265323,1.1353585800261718
4,2011-08-15 11:19:52.623572,2249,283259.0,301714884.0,6019060.0,270.3804841765229,125.948866162739,134155.12850155626,-294.0,252371.0,283492243.0,3241330.0,-20.537706460126746,0,0,0,0.966646608785352,-0.03335339121464795,-0.3238656752319427,2.465935049378073,1.4659350493780732,1.8621467197759949,2.7660566203752293,1.7660566203752293,1.77654293278793,1.7616919098200687,0.7616919098200686,1.9580599577526683,0.9225592453383762,-0.07744075466162387,-2.302620320379538,2.554495619267263,1.554495619267263,1.9986697468310353,2.8871439228587468,1.8871439228587468,1.9185808565598963,-4.92,8.553213776921144,8.008526972860011,5.992160595363508,-3.0207024611003797
4,2011-08-15 11:20:22.630500,2392,229097.0,239292019.0,5280649.0,296.2784810355351,95.77633779264214,100038.46948160537,143.0,-54162.0,-62422865.0,-738411.0,25.89799685901221,0,0,0,1.0616955170883267,0.06169551708832668,0.788678664884022,1.7760668944858253,0.7760668944858254,0.8908737989405415,1.9489854333199303,0.9489854333199302,0.8949918758296466,1.4127719218265966,0.4127719218265966,0.8787865523737932,1.039402187658216,0.039402187658216015,1.350167924106409,1.6444164797591263,0.6444164797591263,0.7383548041940668,1.8033274607745495,0.8033274607745496,0.7581474020074529,2.942934782608696,-4.83518382144678,-5.556376254442299,-3.299221253156556,4.22533673337747
4,2011-08-15 11:20:52.648330,2400,243649.0,250208436.0,5831693.0,234.54205248416667,101.52041666666666,104253.515,8.0,14552.0,10916417.0,551044.0,-61.73642855136842,0,0,0,1.051156271899089,0.051156271899089084,0.6268689398845532,1.5219064228275032,0.5219064228275032,0.7284903291308454,1.5597266115101518,0.5597266115101518,0.6829358678884798,1.3808613808336767,0.38086138083367677,0.9009344739040535,0.8180144779309217,-0.18198552206907825,-5.34823487426824,1.4332581246938985,0.43325812469389846,0.6045664167411658,1.4699639287823578,0.4699639287823578,0.5727720421913997,-0.7350993377483444,-0.5321411807069324,-0.7099813779344462,0.13515413173410917,-10.0
4,2011-08-15 11:21:22.625930,2119,121232.0,124158125.0,3023802.0,262.92767834686174,57.21189240207645,58592.79141104295,-281.0,-122417.0,-126050311.0,-2807891.0,28.385625862695065,0,0,0,0.9082726103729104,-0.09172738962708958,-1.2222087958690475,0.7287302402131274,-0.2712697597868726,-0.379119298742796,0.7464805489879787,-0.2535194510120213,-0.3112756834984488,0.693640814956536,-0.30635918504346404,-0.7042965239494955,0.9519624080530875,-0.048037591946912504,-0.5255593755181805,0.8013478946527709,-0.19865210534722913,-0.2772144194936211,0.8222999944821383,-0.1777000055178617,-0.2167300346610438,-6.642570281124499,-10.0,-10.0,-10.0,3.696790041728533
4,2011-08-15 11:21:52.621592,1935,213323.0,230639040.0,4872012.0,302.66672797467703,110.24444444444444,119193.3023255814,-184.0,92091.0,106480915.0,1848210.0,39.73904962781529,0,0,0,0.826711099718021,-0.17328890028197894,-2.507801675531068,1.1745244322092223,0.17452443220922229,0.30643973035800093,1.2352185209684439,0.23521852096844384,0.3840086634531395,1.0622304150005404,0.062230415000540315,0.18236775016138618,1.1168127499864586,0.11681274998645867,1.284280835639831,1.4040165340158408,0.4040165340158407,0.7122265793189907,1.4744138898175618,0.47441388981756194,0.7795338867921349,-10.0,5.0330573098189255,4.221045230740218,7.132321778065642,8.662659432509013
4,2011-08-15 11:22:22.625758,1893,149248.0,164353684.0,3933933.0,330.8683472562071,78.84204965662968,86821.8087691495,-42.0,-64075.0,-66285356.0,-938079.0,28.201619281530043,0,0,0,0.8530869761153673,-0.1469130238846327,-1.660124429642608,0.6842723004694836,-0.31572769953051644,-1.146714121549728,0.7170675862014853,-0.28293241379851475,-0.9995247036736408,0.7859310040717273,-0.21406899592827267,-0.8952165186683069,1.2103799202209906,0.21037992022099058,2.096908282577737,0.8033598445720467,-0.19664015542795327,-0.755206129177075,0.8409165435213548,-0.1590834564786452,-0.5793579978470029,0.6546052631578947,-2.756104914078987,-2.5602692709238517,-3.2396195927769034,10.0
4,2011-08-15 11:22:52.617094,1919,88534.0,30802359.0,7773810.0,283.7605479979156,46.13548723293382,16051.255341323606,26.0,-60714.0,-133551325.0,3839877.0,-47.10779925829149,0,0,0,0.8934723903529191,-0.10652760964708081,-0.945416609445082,0.4627781744583916,-0.5372218255416084,-1.9309399119664854,0.15269082029561326,-0.8473091797043867,-3.1192493554858154,1.6942245320380371,0.6942245320380372,2.8543250590316105,0.9940582593627115,-0.0059417406372884495,-0.04543043997118176,0.5200179507471,-0.4799820492529,-2.025905606012582,0.17115866080125153,-0.8288413391987485,-3.407602119358855,1.3651685393258426,-1.2652618068666006,-3.86131909884305,10.0,-4.893987724135141
4,2011-08-15 11:23:22.670109,2191,27255.0,18503481.0,1540090.0,210.5923981154724,12.439525330899134,8445.221816522137,272.0,-61279.0,-12298878.0,-6233720.0,-73.1681498824432,0,0,0,1.0671147477108904,0.06711474771089042,0.6455823382731277,0.16700654177890306,-0.8329934582210969,-2.1156339898034644,0.11562339396513237,-0.8843766060348677,-1.6044783150505237,0.3027471717400065,-0.6972528282599935,-1.9374714107630115,0.7442661693373882,-0.2557338306626118,-1.963996875314839,0.1578803129441977,-0.8421196870558023,-2.407612445638541,0.10970308867794683,-0.8902969113220531,-1.6780087696791706,3.8752642706131084,-1.1797699252292568,0.705048250354478,-10.0,-10.0
4,2011-08-15 11:23:52.649095,2074,164411.0,164178585.0,7229976.0,292.79517802459014,79.27242044358727,79160.35920925747,-117.0,137156.0,145675104.0,5689886.0,82.20277990911777,0,0,0,1.0311226011733121,0.031122601173312073,0.46585840919619736,1.3710239629614804,0.37102396296148055,0.6429013273573999,1.4440729450190357,0.4440729450190356,0.5619736861122029,1.709727749427523,0.7097277494275229,1.2871008342603287,1.0526023616558713,0.052602361655871385,0.32301957433184014,1.300087522988032,0.30008752298803193,0.5009427036595804,1.3690619163459676,0.3690619163459675,0.45519521858437295,-1.7990430622009572,4.169126685582779,4.143547448089748,7.629091740312419,10.0
4,2011-08-15 11:24:22.625707,2385,54909.0,21725175.0,4951281.0,306.57377689895173,23.022641509433964,9109.088050314464,311.0,-109502.0,-142453410.0,-2278695.0,13.778598874361592,0,0,0,1.1910707151418298,0.19107071514182974,3.020869425708056,0.4271272350494966,-0.5728727649505033,-1.0221887379176837,0.17852087819324175,-0.8214791218067583,-1.0779539631320334,0.9765909195177355,-0.023409080482264585,-0.046762108193593985,1.0789660109838244,0.07896601098382433,0.501362441743118,0.35209930203716366,-0.6479006979628362,-1.1362857047076713,0.14707641626849527,-0.8529235837315047,-1.1038225503836165,10.0,-10.0,-10.0,-3.7087502799456225,1.3066207454646794
4,2011-08-15 11:24:52.615333,2772,95960.0,63387524.0,4979456.0,355.93440347799424,34.61760461760462,22867.07215007215,387.0,41051.0,41662349.0,28175.0,49.3606265790425,0,0,0,1.3247944943605428,0.32479449436054286,3.3410284069840297,0.9905916503735881,-0.009408349626411863,-0.015415547899124317,0.7932100688210382,-0.20678993117896186,-0.21423429000677904,0.9790865500888942,-0.020913449911105747,-0.041928909015303266,1.2492518599802807,0.24925185998028057,1.5715494862044836,0.722066202053077,-0.2779337979469229,-0.43112057199563186,0.5728576547511779,-0.4271423452488221,-0.4313716500465193,3.3,2.29568724986428,1.9971178552462279,0.7771764498101402,10.0
4,2011-08-15 11:25:22.662940,2624,62676.0,47652158.0,3123223.0,236.110423496189,23.88567073170732,18160.12118902439,-148.0,-33284.0,-15735366.0,-1856233.0,-119.82397998180522,0,0,0,1.1568644740322724,0.15686447403227238,1.0813256085331442,0.7269833831706757,-0.2730166168293243,-0.45570847896493377,0.7979339747425029,-0.2020660252574971,-0.19769335940172025,0.5898524371253322,-0.41014756287466786,-0.8828176446401905,0.8143669046270762,-0.18563309537292383,-1.0275230582996668,0.6109252214119967,-0.38907477858800327,-0.5907046445729215,0.6694580835271918,-0.3305419164728082,-0.3021765043085059,-1.8418657565415244,-2.123029575138868,0.22076040130673485,-9.877054832844424,-10.0
4,2011-08-15 11:25:52.627797,2103,72558.0,62410175.0,3610841.0,328.25614980694246,34.502139800285306,29676.735615786973,-521.0,9882.0,14758017.0,487618.0,92.14572631075345,0,0,0,0.8729038685040678,-0.12709613149593219,-1.0528636116696886,0.8953113316272263,-0.10468866837277366,-0.16115697609876625,0.9892341698321147,-0.01076583016788535,-0.011417172571108589,0.8272628065967297,-0.17273719340327034,-0.3510467323430659,1.170665844724923,0.17066584472492297,0.8274611497765826,0.9958025132569013,-0.004197486743098732,-0.005561234051236939,1.0772591242571334,0.0772591242571335,0.07217083084727785,-4.695035460992908,2.9108206357800293,3.3792857707086,1.5242542500548855,10.0
4,2011-08-15 11:26:22.647436,2174,25782.0,13921423.0,1784364.0,251.4415025823367,11.859245630174794,6403.598436062557,71.0,-46776.0,-48488752.0,-1826477.0,-76.81464722460575,0,0,0,0.9090148854323465,-0.09098511456765342,-0.7032932503281547,0.28613983139258714,-0.7138601686074129,-1.4515015640568196,0.19370088878220473,-0.8062991112177953,-1.0676878572960082,0.3733795046507444,-0.6266204953492557,-1.8768192739820917,0.8272898520150552,-0.1727101479849448,-1.171814642963672,0.30361537785551557,-0.6963846221444845,-1.1746225324961737,0.20140474425806013,-0.7985952557419398,-0.9228189231438566,5.034090909090908,-6.162572015098338,-6.521794922660312,-5.410180171348463,-4.264159357506461
4,2011-08-15 11:26:52.625370,2035,35115.0,22159950.0,2196070.0,332.0009121031941,17.255528255528255,10889.41031941032,-139.0,9333.0,8238527.0,411706.0,80.55940952085737,0,0,0,0.8438381157737602,-0.1561618842262398,-1.3163544044710531,0.5629478814306556,-0.43705211856934445,-1.0638905013009516,0.5298977928631071,-0.4701022071368929,-0.8569314390987527,0.5951678571902848,-0.40483214280971525,-1.112421732182029,1.122902189219588,0.12290218921958804,0.715533922610007,0.674638058143817,-0.32536194185618295,-0.8784873446491577,0.6315146021261574,-0.3684853978738426,-0.6600045502966095,-7.95,1.3366178793758883,1.2741475644269122,1.378016281732889,10.0
4,2011-08-15 11:27:22.644380,2151,32972.0,23033794.0,1838314.0,253.64749709205017,15.328684332868434,10708.41190144119,116.0,-2143.0,873844.0,-357756.0,-78.35341501114391,0,0,0,0.9186026648445508,-0.08139733515544922,-0.5720750339785146,0.5644131452184422,-0.4355868547815578,-0.8946946323592316,0.5496506177146003,-0.45034938228539967,-0.8260369612764848,0.5856758596335888,-0.41432414036641113,-1.033433943026716,0.8433869054102986,-0.1566130945897014,-0.882745691329213,0.6276064774366463,-0.3723935225633537,-0.8929162238483478,0.6084536678246761,-0.3915463321753239,-0.7427548759784184,2.657142857142857,0.45867434576134186,9.049381864182623,0.3507647871614914,-10.0
4,2011-08-15 11:27:52.616878,1892,154285.0,141783578.0,4899192.0,304.7253399487315,81.54598308668076,74938.46617336152,-259.0,121313.0,118749784.0,3060878.0,51.07784285668134,0,0,0,0.8532515558762515,-0.14674844412374857,-1.3939461421629398,3.3671536383198823,2.3671536383198823,5.292150747872456,4.190379276203987,3.190379276203987,5.303792873197276,1.95143207752972,0.9514320775297201,2.9268413568460727,1.08717374814239,0.08717374814238996,0.5310285671982533,3.9650382649894818,2.9650382649894818,6.823794728047695,4.940675650972024,3.9406756509720244,6.536476148959755,-1.0853462157809985,10.0,10.0,5.87223754927348,3.49679282820212
4,2011-08-15 11:28:22.615401,1952,26739.0,17017818.0,1547883.0,289.3908379318648,13.698258196721312,8718.144467213115,60.0,-127546.0,-124765760.0,-3351309.0,-15.334502016866736,0,0,0,0.9425398358281024,-0.057460164171897636,-1.050079485668355,0.4168693407169049,-0.5831306592830952,-0.6981170504675881,0.32315308573670803,-0.6768469142632919,-0.6692383768263331,0.5401307340798913,-0.4598692659201087,-0.9713155369997615,0.9842747693412576,-0.01572523065874242,-0.11770034315259158,0.4267594007848139,-0.5732405992151861,-0.6346735469904979,0.3286972743842473,-0.6713027256157528,-0.6243297606637264,1.4098360655737705,-7.961433920248011,-7.627211190482413,-10.0,-2.1174320985636443
4,2011-08-15 11:28:52.617316,1828,24782.0,12862388.0,1733185.0,273.37328064332604,13.556892778993436,7036.317286652079,-124.0,-1957.0,-4155430.0,185302.0,-16.01755728853874,0,0,0,0.8957271658173266,-0.10427283418267344,-1.7382755305993975,0.4507572037119898,-0.5492427962880102,-0.5425541499214906,0.2951218535876045,-0.7048781464123954,-0.5583295573766449,0.7065098689260394,-0.2934901310739606,-0.519126966463529,0.9550451280870992,-0.04495487191290084,-0.3746436638304447,0.48525721403271804,-0.514742785967282,-0.47880841123144663,0.31508334890417905,-0.6849166510958209,-0.5191161678015129,-3.1059602649006623,0.7864423055937493,0.5422764673797398,1.449117238450807,-1.0606495246999383
4,2011-08-15 11:29:22.658619,2055,22626.0,10782033.0,1336322.0,304.7967363318735,11.01021897810219,5246.731386861314,227.0,-2156.0,-2080355.0,-396863.0,31.42345568854745,0,0,0,1.0423006695069994,0.04230066950699944,0.6616901516912603,0.41304451008240445,-0.5869554899175955,-0.5763233760150261,0.24859715730043735,-0.7514028426995626,-0.5907368159879035,0.5470163518478313,-0.4529836481521688,-0.7942635126139562,1.0487536767942054,0.04875367679420531,0.47380380777482056,0.3893691686910221,-0.610630831308978,-0.5791166593372149,0.23362259936559454,-0.7663774006344055,-0.5858244203067717,4.280346820809248,-9.78,-8.821936952036523,-10.0,6.163909738910141
4,2011-08-15 11:29:52.615960,2247,32110.0,21216270.0,1720724.0,270.76130606898084,14.29016466399644,9442.042723631508,192.0,9484.0,10434237.0,384402.0,-34.035430262892646,0,0,0,1.1373759870419113,0.13737598704191137,2.106453492634669,0.6141834095882236,-0.38581659041177646,-0.3529290614526081,0.5162621706540023,-0.4837378293459978,-0.35197543342097165,0.7577013475068375,-0.2422986524931625,-0.37139630771028126,0.949417590726526,-0.05058240927347403,-0.6587255937051745,0.5287169125355294,-0.47128308746447056,-0.4174207377989766,0.4426729248834568,-0.5573270751165432,-0.3957730427787107,10.0,4.796941308351348,5.585301949381421,3.2355504170989637,-5.255552557261035
4,2011-08-15 11:30:22.623989,1940,50937.0,27396000.0,2381119.0,262.8226474659794,26.25618556701031,14121.649484536085,-307.0,18827.0,6179730.0,660395.0,-7.938658603001443,0,0,0,0.9725285742931622,-0.027471425706837756,-0.33435338742162357,0.97751993920366,-0.022480060796339966,-0.02046949483270239,0.672584681900073,-0.32741531809992697,-0.23549600758402492,1.0594705706154126,0.05947057061541254,0.08963868039853104,0.9106514071697209,-0.08934859283027906,-1.5744061404862792,0.9789667565459025,-0.021033243454097482,-0.018424091305280162,0.6700237902535242,-0.3299762097464758,-0.23064370049216118,-10.0,10.0,10.0,10.0,-3.319372213895432
4,2011-08-15 11:30:52.660684,2148,163934.0,177724888.0,4717021.0,245.65453558286777,76.3193668528864,82739.70577281193,208.0,112997.0,150328888.0,2335902.0,-17.168111883111635,0,0,0,1.0716423867491518,0.07164238674915181,0.9108276351354074,5.214384772955711,4.214384772955711,10.0,9.953842927324304,8.953842927324304,10.0,2.7049518002328874,1.7049518002328874,7.605777563433922,0.8766207964472228,-0.12337920355277718,-2.059669573985533,4.84187927086908,3.8418792708690797,10.0,9.283060544759714,8.283060544759714,10.0,10.0,6.466820838332625,7.571032039860132,5.638272996851164,-1.0485690615439964
4,2011-08-15 11:31:22.631139,1958,14511.0,4935514.0,1001412.0,312.1924703396323,7.411133810010215,2520.6915219611847,-190.0,-149423.0,-172789374.0,-3715609.0,66.53793475676451,0,0,0,0.9581131336856528,-0.04188686631434719,-0.517087939063808,0.24645961635794814,-0.7535403836420519,-0.7422069032293831,0.09871755390424189,-0.9012824460957581,-0.6283594549598318,0.42117292604680656,-0.5788270739531934,-1.0115802229320559,1.1499576912119214,0.14995769121192148,1.8899447640557092,0.2620018941409446,-0.7379981058590555,-0.7594070382059412,0.1062807594406355,-0.8937192405593646,-0.6391798510785204,-5.846938775510203,-6.445643062793834,-6.375910779780877,-6.862176086999051,8.606716981447152
4,2011-08-15 11:31:52.622784,2074,23035.0,12381601.0,1364723.0,262.819582807136,11.10655737704918,5969.913693346191,116.0,8524.0,7446087.0,363311.0,-49.37288753249635,0,0,0,1.002126014688829,0.0021260146888288033,0.033976783326489415,0.4053773432165509,-0.5946226567834492,-0.5503386278258321,0.25576038689270675,-0.7442396131072933,-0.49479227104392615,0.6116214817456002,-0.3883785182543998,-0.5850725732895037,0.9411773724290554,-0.05882262757094456,-0.5799833453785792,0.41048111203668763,-0.5895188879633124,-0.5609866137300769,0.26167575751529903,-0.738324242484701,-0.4985621032630123,3.4615384615384617,5.149547269009834,5.696736065187866,3.4824023296842053,-7.359340305497712
4,2011-08-15 11:32:22.628458,1864,52104.0,45125348.0,1757250.0,279.8749898036481,27.95278969957081,24208.877682403432,-210.0,29069.0,32743747.0,392527.0,17.055406996512147,0,0,0,0.8990064628147004,-0.10099353718529955,-1.6202015251061148,0.9156248791854551,-0.08437512081454486,-0.07827606741731512,0.9260118331682202,-0.07398816683177975,-0.04965326561000621,0.7855387380901867,-0.21446126190981324,-0.3248277434498826,1.033320574993595,0.033320574993595,0.3629645880034086,1.032356551536466,0.03235655153646614,0.03082714973812488,1.0544487084838623,0.05444870848386228,0.03710189843098281,-10.0,10.0,10.0,10.0,3.031510662872987
4,2011-08-15 11:32:52.623064,2259,84382.0,33731120.0,5032569.0,254.01745546170872,37.35369632580788,14931.881363435148,395.0,32278.0,-11394228.0,3275319.0,-25.85753434193936,0,0,0,1.1313100961538463,0.13131009615384617,2.3177959981414795,1.3854873719710628,0.3854873719710628,0.3915913739458099,0.6303389435423837,-0.3696610564576163,-0.27814060073699604,2.2423730286213326,1.2423730286213326,1.891847702823078,0.931583250526943,-0.06841674947305702,-0.7406411878358499,1.253092601565134,0.25309260156513397,0.27408570336335936,0.5762497980124449,-0.42375020198755514,-0.3342687934871201,6.1566579634464755,7.071921576472942,-3.382824632551703,10.0,-10.0
4,2011-08-15 11:33:22.616020,2081,70365.0,69060541.0,2066989.0,260.4461407770303,33.81307063911581,33186.228255646325,-178.0,-14017.0,35329421.0,-2965580.0,6.428685315321559,0,0,0,1.0099000291177327,0.009900029117732743,0.13143576893775416,1.0410070835527834,0.04100708355278346,0.045868978868546136,1.2606959934434974,0.2606959934434975,0.20229669933468802,0.7449696261976974,-0.2550303738023027,-0.36493966846856785,0.9613687341809609,-0.03863126581903909,-0.3974671120276572,1.0557113256255604,0.05571132562556031,0.06461525503417906,1.272760446278544,0.2727604462785441,0.2169759621581865,-3.7899686520376177,-3.0955299745851397,10.0,-6.592373984046465,4.650508309304059
4,2011-08-15 11:33:52.624300,1731,203502.0,232998944.0,3445828.0,274.07713631831314,117.5632582322357,134603.6649335644,-350.0,133137.0,163938403.0,1378839.0,13.630995541282855,0,0,0,0.8455451348182884,-0.15445486518171161,-2.128933346617686,4.163348977278772,3.1633489772787717,5.167320766741675,7.050569772137382,6.050569772137382,7.752872146902234,1.5351713004334067,0.5351713004334068,0.7463588507647554,1.0007558636720126,0.0007558636720125348,0.008824651590605772,4.996855178922089,3.996855178922089,6.958189085576902,8.327621545123133,7.327621545123134,9.319543205379432,-10.0,8.114375487608076,8.54333907698355,3.6015516039051603,3.6076796136575866
4,2011-08-15 11:34:22.633299,1869,209446.0,234431655.0,5080973.0,292.41622367629753,112.06313536650616,125431.59711075442,138.0,5944.0,1432711.0,1635145.0,18.3390873579844,0,0,0,0.9336597062643621,-0.0663402937356379,-0.644252693094607,2.4163797797816273,1.4163797797816273,1.7736253645272089,2.9803345153781455,1.9803345153781453,1.7567853587537083,1.8587983969690123,0.8587983969690122,1.559467498612384,1.0982890197590989,0.09828901975909878,2.4895026319787585,2.4597972734175193,1.4597972734175193,1.602785778173249,2.945778856053877,1.945778856053877,1.5800010673056772,4.039647577092511,-0.8427438343624829,-0.9685896375407491,2.3446536923338743,3.40573614647149
4,2011-08-15 11:34:52.640852,2583,46239.0,18085595.0,2656894.0,205.4173341618273,17.901277584204415,7001.778939217964,714.0,-163207.0,-216346060.0,-2424079.0,-86.99888951447022,0,0,0,1.3173194614443084,0.3173194614443085,2.9834195631098592,0.3730160907003722,-0.6269839092996278,-1.0197132059962088,0.14695429676554458,-0.8530457032344554,-1.031193497394844,0.7641951679884195,-0.23580483201158053,-0.5200889773909984,0.7547490884529929,-0.24525091154700707,-4.354512472364863,0.2722661308811614,-0.7277338691188386,-1.0643079300914962,0.10533354725152638,-0.8946664527484737,-1.017348924176262,10.0,-5.377611836211383,-5.8715606256956825,-4.2614584594685505,-10.0
5,2011-08-15 16:43:20.931208,3737,930782.0,627527620.0,504326805.0,423.6423398672732,249.0719828739631,167922.83114797965,0.0,0.0,0.0,0.0,0.0,0,0,0,1.0,0.0,0.0,1.0,0.0,0.0,1.0,0.0,0.0,1.0,0.0,0.0,1.0,0.0,0.0,1.0,0.0,0.0,1.0,0.0,0.0,0.0,0.0,0.0,0.0,0.0
5,2011-08-15 16:43:50.935353,2973,361919.0,307905261.0,10876615.0,296.56050024016145,121.73528422468888,103567.19172552976,-764.0,-568863.0,-319622359.0,-493450190.0,-127.08183962711178,0,0,0,0.7955579341717955,-0.20444206582820446,0.0,0.38883326063460616,-0.6111667393653938,0.0,0.49066407786162464,-0.5093359221383753,0.0,0.02156660104552642,-0.9784333989544736,0.0,0.7000256403386724,-0.2999743596613275,0.0,0.4887554305386893,-0.5112445694613107,0.0,0.6167546784288231,-0.38324532157117686,0.0,0.0,0.0,0.0,0.0,0.0
5,2011-08-15 16:44:20.938654,2587,67680.0,38954279.0,10221202.0,245.72884335214536,26.161577116350987,15057.70351758794,-386.0,-294239.0,-268950982.0,-655413.0,-50.83165688801608,0,0,0,0.7710879284649776,-0.22891207153502235,-1.4216178218619593,0.10471098885202379,-0.8952890111479762,-1.4385953546727772,0.08328610163533476,-0.9167138983646652,-1.8971177915175306,0.03967831579999993,-0.9603216842000001,-0.7089851753433227,0.6823878764918209,-0.31761212350817913,-1.2727801990396497,0.14110606472764078,-0.8588939352723591,-1.7685575195252528,0.11092638586283157,-0.8890736141371685,-2.652100564881406,-0.010471204188481676,-0.0344810613451745,-0.6829297101833856,0.9973435495080061,0.20001698059820033
5,2011-08-15 16:44:50.952945,2576,38818.0,19812395.0,2130795.0,218.5340057872671,15.069099378881988,7691.147127329193,-11.0,-28862.0,-19141884.0,-8090407.0,-27.19483756487827,0,0,0,0.8312358825427557,-0.16876411745724426,-0.8936163653647341,0.0856039594789989,-0.9143960405210011,-0.9450057296128495,0.06099955689071272,-0.9390004431092873,-1.0350699023020067,0.0121661314151357,-0.9878338685848643,-0.6068785295768481,0.6787250367579803,-0.32127496324201965,-1.1288052012425878,0.11388122467404815,-0.8861187753259518,-1.0484846017862972,0.08052215828959527,-0.9194778417104047,-1.1442973772069334,0.971304347826087,0.8996804549172636,0.9024324616836493,0.9508784744543769,0.5414371911481278
5,2011-08-15 16:45:20.945204,2664,47703.0,34177861.0,2291248.0,181.28032973986487,17.90653153153153,12829.527402402402,88.0,8885.0,14365466.0,160453.0,-37.25367604740222,0,0,0,0.8974985260675482,-0.10250147393245178,-0.5585278033582426,0.13637231015745438,-0.8636276898425457,-0.7298439278498415,0.13750905772634348,-0.8624909422736565,-0.7526099156395892,0.017372567325945967,-0.9826274326740541,-0.5218895454523026,0.6121927596066832,-0.38780724039331677,-1.2624943086159457,0.17383381127812503,-0.826166188721875,-0.7842782947659761,0.17440968623880976,-0.8255903137611902,-0.7936496624279121,1.3031869078380707,1.039844657407698,1.0945539319012454,1.0012780109503459,0.27348293837985604
5,2011-08-15 16:45:50.942658,2457,65568.0,50641059.0,2658619.0,162.0717424831095,26.686202686202687,20610.931623931625,-207.0,17865.0,16463198.0,367371.0,-19.20858725675538,0,0,0,0.8450849556304602,-0.15491504436953982,-0.9173395769416688,0.22658065300898056,-0.7734193469910194,-0.5842459054540923,0.24621825709171352,-0.7537817429082865,-0.5858049401628882,0.025088569727998573,-0.9749114302720014,-0.46384303988696796,0.5933451030791046,-0.40665489692089535,-1.1812263829126954,0.31034475647603355,-0.6896552435239665,-0.5849089261139833,0.3356081505313488,-0.6643918494686512,-0.5697279356967406,0.03541472506989746,1.1011517655838265,1.138730974018985,1.0036588145488667,0.6037211597919672
5,2011-08-15 16:46:20.940771,2552,37089.0,26642194.0,1991918.0,137.09812282092477,14.533307210031348,10439.73119122257,95.0,-28479.0,-23998865.0,-666701.0,-24.97361966218472,0,0,0,0.9625103718790072,-0.03748962812099271,-0.5112428794255028,0.3188049263522713,-0.6811950736477287,-0.5750230877754877,0.29504688417221653,-0.7049531158277835,-0.521142793950483,0.3534466853232213,-0.6465533146767787,-0.8105957604443725,0.620816765790471,-0.379183234209529,-1.5701188129241423,0.3501011416167529,-0.6498988583832472,-0.5977646686693403,0.3267388525645608,-0.6732611474354392,-0.5337582805287199,1.37109375,0.8354222192428694,0.7919966712485091,0.9933551596592574,0.5226218100976685
5,2011-08-15 16:46:50.939212,1923,26543.0,16268125.0,1418850.0,186.4619178673947,13.80291211648466,8459.763390535622,-629.0,-10546.0,-10374069.0,-573068.0,49.36379504646993,0,0,0,0.7490651293237769,-0.25093487067622305,-8.644293664234569,0.5166862624485125,-0.4833137375514876,-1.7107456992242507,0.47783400087416983,-0.5221659991258302,-1.5066210202707297,0.3676961831537228,-0.6323038168462772,-0.6843238659009635,0.9868706641421886,-0.013129335857811343,-0.05702763509799368,0.687692483480544,-0.312307516519456,-1.0549491637270907,0.6348405500836394,-0.3651594499163606,-0.9912265577828286,-6.470308788598574,0.8376689345195949,0.8155806748704764,0.6774971616927398,2.5478194871223256
5,2011-08-15 16:47:20.947131,2226,48748.0,39132631.0,2138452.0,135.0057674824798,21.89937106918239,17579.798292902065,303.0,22205.0,22864506.0,719602.0,-51.456150384914906,0,0,0,0.9143936904370686,-0.08560630956293135,-0.7058962061861216,1.1298853611841222,0.12988536118412217,0.3833835958684266,1.3261555379005765,0.32615553790057655,0.7047767350171628,1.0191422904218015,0.019142290421801413,0.08843127757056811,0.7623601517442579,-0.23763984825574216,-1.3935424246226995,1.2443099785578131,0.24430997855781308,0.8094012597116391,1.4642242169090438,0.46422421690904375,1.0708029725042316,3.281626506024096,3.6989085251719866,6.039308557986515,1.4087555235237128,-3.341051097559847
5,2011-08-15 16:47:50.944294,2252,32667.0,20211413.0,2092143.0,148.5395939760213,14.505772646536412,8974.872557726465,26.0,-16081.0,-18921218.0,-46309.0,13.533826493541511,0,0,1,0.9524615124344442,-0.04753848756555578,-0.3813363055131866,0.7238390257521571,-0.27616097424784286,-0.8562000912496889,0.6056330604469433,-0.3943669395530567,-1.0169899428398186,0.9963452060164851,-0.0036547939835149036,-0.016890731132936283,0.9261521510349815,-0.0738478489650185,-0.4933012848816299,0.7648438747425493,-0.2351561252574506,-0.8294875674056571,0.6417980837828774,-0.35820191621712266,-0.9955738345172072,1.3714285714285714,-9.097180261832829,-5.896735733455843,-10.0,1.8101347980163158
5,2011-08-15 16:48:20.934268,2242,22089.0,10099798.0,1404974.0,128.50102064005353,9.852363960749331,4504.816235504014,-10.0,-10578.0,-10111615.0,-687169.0,-20.038573335967783,0,0,1,0.9824715162138475,-0.017528483786152498,-0.16452339958422638,0.524392849512143,-0.475607150487857,-1.2992583035608012,0.3302845130313974,-0.6697154869686026,-1.4450032739951222,0.6820274054847864,-0.3179725945152137,-1.4821549628864412,0.8353148656144644,-0.16468513438553553,-1.1959162945306308,0.5388070808979696,-0.4611929191020304,-1.4675184504252914,0.34093768390772244,-0.6590623160922775,-1.576520997194412,0.8786407766990292,-2.5175578611332803,-2.6199665799063583,-10.0,-2.06018983209548
5,2011-08-15 16:48:50.954327,1823,20479.0,7024196.0,1568514.0,132.8125215063083,11.23368074602304,3853.0970927043336,-419.0,-1610.0,-3075602.0,163540.0,4.311500866254761,0,0,1,0.8142027690933452,-0.18579723090665476,-1.8689693535482998,0.6126447922649819,-0.38735520773501814,-1.2566618124072197,0.3125917161181062,-0.6874082838818938,-1.3932905953500756,0.8669332128573145,-0.13306678714268544,-0.6566957607703868,0.9027417202472401,-0.09725827975275994,-0.6180933285829529,0.7529909817734161,-0.24700901822658397,-0.8456257567051224,0.38562606402972044,-0.6143739359702796,-1.2851397216212002,-8.744186046511627,0.8148531474964925,0.6206824943111661,1.6522580156264333,1.6421519451400455
5,2011-08-15 16:49:21.040689,2233,31183.0,11832418.0,1668300.0,114.92462493103449,13.96462158531124,5298.888490819525,410.0,10704.0,4808222.0,99786.0,-17.8878965752738,0,0,1,1.0667876934836615,0.06678769348366147,0.6842533039195752,1.0358011240583023,0.03580112405830219,0.09419215915340477,0.6379613743561937,-0.36203862564380634,-0.5325772281877289,0.9673622652524378,-0.032637734747562167,-0.15516374946001485,0.7857333030644069,-0.21426669693559303,-1.3230784341879211,0.9793672603862158,-0.020632739613784184,-0.06300491656569808,0.6108602355849133,-0.3891397644150867,-0.6161069408246169,3.8120713305898484,4.222155328115593,2.225461945709241,2.1783780975144302,-10.0
5,2011-08-15 16:49:50.979718,2624,1153788.0,1395210232.0,16936420.0,99.30856654878048,439.7057926829268,531711.2164634146,391.0,1122605.0,1383377814.0,15268120.0,-15.616058382253996,0,0,1,1.2175204157386788,0.21752041573867864,2.5209511696107105,10.0,10.0,10.0,10.0,10.0,10.0,9.544459476106926,8.544459476106926,10.0,0.7525844633402159,-0.24741553665978408,-2.6949397718195693,10.0,10.0,10.0,10.0,10.0,10.0,5.306451612903226,10.0,10.0,10.0,-0.09146277006498467
5,2011-08-15 16:50:20.931331,1933,43275.0,28932040.0,2076639.0,113.82093787066736,22.387480600103466,14967.428867046045,-691.0,-1110513.0,-1366278192.0,-14859781.0,14.51237132188686,0,0,1,0.8649543583318418,-0.1350456416681583,-1.0646863855619084,0.17169811919638533,-0.8283018808036147,-0.4141196750572667,0.10015397236126802,-0.899846027638732,-0.4202947993103483,0.43865826070766756,-0.5613417392923324,-0.38930746152597123,0.9119005884007968,-0.08809941159920319,-0.5901435185809168,0.22878815442084424,-0.7712118455791558,-0.3948740862037939,0.13500154069227102,-0.864998459307729,-0.4076276637539753,-9.680904522613066,-6.0247638094548615,-6.03761064629516,-6.020885637811895,3.0327043776962794
5,2011-08-15 16:50:50.985021,2655,57893.0,43272628.0,2642210.0,102.03525808399246,21.80527306967985,16298.541619585689,722.0,14618.0,14340588.0,565571.0,-11.78567978667489,0,0,1,1.2229387379087977,0.22293873790879778,1.5463929642300933,0.2277792029360709,-0.7722207970639291,-0.39020814082732225,0.14889776061485993,-0.8511022393851401,-0.40053377889757646,0.5584923039240118,-0.44150769607598817,-0.3059309870829156,0.8656333136227918,-0.13436668637720817,-1.1922519153947457,0.2193054298149125,-0.7806945701850875,-0.40793754260562787,0.14543557526566314,-0.8545644247343369,-0.40816472330777187,10.0,5.890082956259427,7.222223012175616,10.0,-0.6973122103158571
5,2011-08-15 16:51:20.938271,2161,29154.0,19352381.0,2335885.0,106.15914790236002,13.4909763998149,8955.289680703378,-494.0,-28739.0,-23920247.0,-306325.0,4.123889818367559,0,0,1,0.958910188143415,-0.04108981185658498,-0.24173689784302604,0.11156282861555558,-0.8884371713844444,-0.465178972627192,0.06510378762463451,-0.9348962123753655,-0.4526501305668203,0.4692023966013612,-0.5307976033986388,-0.39452161036783057,0.9429631185841999,-0.057036881415800156,-0.48411683955529117,0.13249911519475607,-0.8675008848052439,-0.46747829250212525,0.07826283041158784,-0.9217371695884121,-0.45201114861806296,-6.9806295399515745,-5.013378393475589,-4.6053973990160015,-2.237940861727269,1.77909899811731
5,2011-08-15 16:51:50.950165,2098,20495.0,11527086.0,1847158.0,112.06430442183031,9.76882745471878,5494.321258341278,-63.0,-8659.0,-7825295.0,-488727.0,5.905156519470296,0,0,1,0.9038428399103913,-0.09615716008960876,-0.7173430626440714,0.07791039715105304,-0.9220896028489469,-0.4870121086729597,0.03845952327259876,-0.9615404767274013,-0.4705110305924397,0.35993712103149195,-0.640062878968508,-0.4970395327071321,1.044891473236744,0.04489147323674406,0.692180314545907,0.0955191970465855,-0.9044808029534146,-0.49026262526867936,0.04759201933858993,-0.9524079806614101,-0.47241968429817777,-1.9319526627218935,-5.990778097982709,-4.173741714615736,-4.184424483072724,2.1077690590349025
5,2011-08-15 16:52:20.935806,1921,41356.0,16099094.0,2320720.0,97.2378057850078,21.52837064029152,8380.579906298803,-177.0,20861.0,4572008.0,473562.0,-14.826498636822508,0,0,1,0.837328916397873,-0.16267108360212704,-1.1440551076819239,0.15850008240042004,-0.84149991759958,-0.4397191272129011,0.053724736455609996,-0.94627526354439,-0.462919828731736,0.4490850640707489,-0.5509149359292511,-0.4322978629854155,0.9115106322365136,-0.08848936776348638,-1.510776978826221,0.2122450575002287,-0.7877549424997714,-0.42237083113471846,0.07256833192480702,-0.927431668075193,-0.4602322145885598,-5.555555555555555,10.0,10.0,10.0,-10.0
5,2011-08-15 16:52:50.947767,1814,18037.0,11360849.0,851981.0,93.79826402205072,9.94321940463065,6262.871554575524,-107.0,-23319.0,-4738245.0,-1468739.0,-3.4395417629570773,3,1,0,0.8423105497771174,-0.15768945022288258,-1.1362448599499386,0.46929069120011657,-0.5307093087998834,-1.4258895487522951,0.4766127371830142,-0.5233872628169858,-0.9899991528189748,0.37958231114111407,-0.6204176888588859,-4.65220668587381,0.8826951129180983,-0.11730488708190163,-1.8080920336806228,0.558727561609404,-0.44127243839059604,-1.3565061266562641,0.5788646920935647,-0.4211353079064353,-0.9883764938350911,0.2389758179231863,0.8951890991988724,0.9828213808537888,0.4975475002907832,-7.305019640923257
5,2011-08-15 16:53:20.932270,2175,51483.0,43011145.0,1847255.0,61.52298843310344,23.67034482758621,19775.23908045977,361.0,33446.0,31650296.0,995274.0,-32.27527558894729,4,1,0,1.0212226500140857,0.021222650014085742,0.13930018009532433,1.542007368137299,0.542007368137299,1.0993584585351015,2.1164394419487973,1.1164394419487973,1.7112526058201587,0.9238165128585308,-0.07618348714146916,-0.21710142247259326,0.601639121048761,-0.398360878951239,-5.646325946696603,1.5463401899335092,0.5463401899335092,1.3954232227149734,2.1782926058266625,1.1782926058266627,2.497035651756083,10.0,7.62611934384658,10.0,5.063477313666346,-7.059681697101911
5,2011-08-15 16:53:50.973551,1944,33796.0,26162910.0,2383971.0,47.560019414094654,17.38477366255144,13458.287037037036,-231.0,-17687.0,-16848235.0,536716.0,-13.962969019008789,17,1,0,0.955846199232963,-0.04415380076703705,-0.5643592338712792,1.05267092353216,0.0526709235321601,0.11938558498344573,1.2907137015677912,0.29071370156779114,0.4482772711627888,1.2952142013706618,0.29521420137066184,0.9014722684998907,0.5051166764572659,-0.4948833235427342,-2.3752996849857744,1.108698221800733,0.10869822180073299,0.260915362842931,1.3769955809125791,0.376995580912579,0.6383228833459996,-1.40625,-10.0,-10.0,4.375763407991648,-0.7233012540809818
5,2011-08-15 16:54:20.969042,1816,14818.0,6882487.0,1105037.0,53.063344594713655,8.159691629955947,3789.9157488986784,-128.0,-18978.0,-19280423.0,-1278934.0,5.503325180619001,8,1,0,0.9123794212218649,-0.08762057877813509,-1.2053325539688384,0.4485762894524935,-0.5514237105475065,-1.2942355965837167,0.31815911719227963,-0.6818408828077204,-1.1025883527376263,0.5972472418100148,-0.4027527581899853,-1.215756005311102,0.6436861225147408,-0.3563138774852592,-1.0947328533901126,0.4957554217138467,-0.5042445782861533,-1.2892014098560378,0.35505185666305317,-0.6449481433369468,-1.1549071544995257,-1.9493087557603686,-10.0,-10.0,-10.0,1.469573978538013
5,2011-08-15 16:54:50.960240,2357,16037.0,6465862.0,1246758.0,31.934366763258375,6.803988120492151,2743.25922783199,541.0,1219.0,-416625.0,141721.0,-21.12897783145528,12,1,0,1.218717683557394,0.21871768355739402,2.873597539950117,0.5027587936547746,-0.4972412063452254,-1.023566161301387,0.31231073968556794,-0.687689260314432,-0.990202811863873,0.7326144522411894,-0.2673855477588106,-0.6520664529177305,0.45209450911952187,-0.5479054908804781,-1.6622094629622917,0.42163165704362676,-0.5783683429563733,-1.3564474896836916,0.2654755348319053,-0.7345244651680948,-1.192255950758656,10.0,2.073630438611943,0.5514951882821316,1.9548375534447886,-0.7905622123239143
5,2011-08-15 16:55:20.961096,2406,51240.0,41165839.0,2236491.0,36.0720715166251,21.296758104738156,17109.65876974231,49.0,35203.0,34699977.0,989733.0,4.137704753366723,26,1,0,1.1903819513160498,0.19038195131604985,1.6138222416291987,1.9095035439849146,0.9095035439849147,1.5479068363751007,2.1923952187724045,1.1923952187724043,1.4232305260482634,1.5040285127024848,0.5040285127024849,1.2074424582043812,0.6265145012019455,-0.3734854987980544,-0.9372042899754023,1.6143197907684537,0.6143197907684537,1.1346685031245776,1.8585506865646784,0.8585506865646783,1.0919811805846251,-0.4380733944954129,7.951893834669616,10.0,5.607858564828178,1.3168060377332236
5,2011-08-15 16:55:51.029469,2254,25874.0,14908929.0,1641855.0,46.0561608176575,11.479148181011537,6614.431677018633,-152.0,-25366.0,-26256910.0,-594636.0,9.984089301032398,8,1,0,1.0534679379323237,0.05346793793232384,0.44660488082838073,0.7729396441502264,-0.22706035584977363,-0.4228946513633023,0.6026817358865708,-0.39731826411342913,-0.5541149994875216,0.9308083032258475,-0.06919169677415253,-0.21275445820934907,1.0005562103596086,0.0005562103596085888,0.0021086469412121486,0.7423569539964776,-0.2576430460035224,-0.521545071796158,0.5814745961976343,-0.41852540380236564,-0.6148385258744237,-2.2837837837837833,-4.819835557027979,-5.404784232438931,-3.1474601122418764,1.8647798224431658
5,2011-08-15 16:56:20.931564,1771,16121.0,7776267.0,1310555.0,33.96467923941276,9.102766798418973,4390.890457368719,-483.0,-9753.0,-7132662.0,-331300.0,-12.09148157824474,4,1,0,0.8216572329961955,-0.17834276700380444,-1.4712772206807017,0.5685818079215603,-0.4314181920784397,-0.8179851482223116,0.40676797875488646,-0.5932320212451135,-0.7719933484808142,0.760702321957272,-0.23929767804272797,-0.7188031422791542,0.7910316712832228,-0.20896832871677715,-1.0329118552285206,0.6988757233488623,-0.3011242766511378,-0.6358490933074972,0.5022114796940187,-0.4977885203059813,-0.694036782431277,-10.0,-0.9042133624897496,-0.26905686014227487,-7.0647517039922105,-2.908843454804391
5,2011-08-15 16:56:50.934568,2084,28406.0,17929947.0,2854722.0,31.16790509740883,13.630518234165066,8603.621401151631,313.0,12285.0,10153680.0,1544167.0,-2.7967741420039296,6,1,0,0.9826480573368539,-0.017351942663146068,-0.12097561948313419,1.1445724877105328,0.1445724877105327,0.2325778181357381,1.1612752635435537,0.16127526354355362,0.16839798723099822,1.8928769970305128,0.8928769970305129,2.9773238619228537,0.7749716183434371,-0.22502838165656286,-1.0055825463462373,1.198975548551197,0.19897554855119715,0.38959250222107716,1.2415698876926777,0.24156988769267784,0.2854533788483243,10.0,4.475247524752476,3.761156563490138,8.192770556801836,-0.02857821358977807
5,2011-08-15 16:57:20.936911,2077,31961.0,20977773.0,1784043.0,37.76667170438132,15.388059701492535,10100.035146846412,-7.0,3555.0,3047826.0,-1070679.0,6.598766606972486,7,1,0,0.955206033848418,-0.044793966151582085,-0.3789702534809976,1.1607155827365303,0.16071558273653022,0.30759993960645016,1.1885848858232255,0.18858488582322555,0.23787030783703542,0.9601559936024152,-0.039844006397584744,-0.1086627721900519,1.05378590485985,0.053785904859849985,0.32013729005947744,1.234735559962825,0.23473555996282502,0.5260968066724813,1.2797210717455967,0.2797210717455966,0.3935498023093228,-1.1305970149253732,0.308139534883721,0.3794238675677486,-4.059633591189272,2.506881514706464
5,2011-08-15 16:57:50.969201,2389,19720.0,9433835.0,1489566.0,33.591015580996235,8.25449979070741,3948.86354123064,312.0,-12241.0,-11543938.0,-294477.0,-4.175656123385082,26,1,0,1.1277379154078548,0.12773791540785492,1.1417487760570497,0.6419187250166013,-0.3580812749833987,-0.853424236503632,0.4590282842566553,-0.5409717157433447,-0.8879779000814173,0.7578432152659645,-0.2421567847340355,-0.7958311984933565,0.907730410111505,-0.09226958988849493,-0.6067153378887397,0.5821452645885422,-0.4178547354114578,-1.2816698202693395,0.4217191866453154,-0.5782808133546847,-1.120540626321274,6.571428571428571,-4.843569454910826,-4.977401046629902,-3.740417097071387,-4.579764917591149
5,2011-08-15 16:58:20.943247,1635,37108.0,13975892.0,2841779.0,33.342630206116205,22.696024464831805,8547.946177370031,-754.0,17388.0,4542057.0,1352213.0,-0.2483853748800299,34,1,0,0.7730496453900709,-0.22695035460992907,-2.069725114696357,1.5197981684441604,0.5197981684441604,1.9711141306692639,0.9838470578500769,-0.01615294214992315,-0.04115654732542932,1.5647285832731053,0.5647285832731052,1.690515797614713,0.9132643613043919,-0.08673563869560803,-0.5425875410304415,1.9614577241626954,0.9614577241626953,3.7129165452699326,1.2698297948779917,0.2698297948779917,0.6854610506761584,-10.0,3.758248730964467,1.7156902224013335,10.0,0.4994361648338405
5,2011-08-15 16:58:50.962948,1868,24698.0,12332036.0,2636799.0,33.7524664480728,13.221627408993577,6601.732334047109,233.0,-12410.0,-1643856.0,-204980.0,0.4098362419565973,24,1,0,0.9381277621534753,-0.06187223784652473,-0.41673927600686456,0.9262954184043926,-0.07370458159560746,-0.22709444858066608,0.8796820211295979,-0.12031797887040203,-0.30328735633615705,1.282406828741137,0.2824068287411369,0.7819217861345702,0.9936963357722429,-0.00630366422775713,-0.08967528579817675,0.9570920551593375,-0.042907944840662494,-0.102218375454922,0.9274347681162523,-0.07256523188374776,-0.18667912814933982,2.8820678513731828,-6.523411073526793,-7.809168339519227,-1.854137428703818,1.1611811283895244
5,2011-08-15 16:59:20.944904,1948,19878.0,11400920.0,1475861.0,35.86377766735113,10.204312114989731,5852.628336755647,80.0,-4820.0,-931116.0,-1160938.0,2.111311219278328,9,1,0,0.9688650154182832,-0.031134984581716856,-0.2232892200953726,0.7004573869042166,-0.2995426130957834,-1.27588990804956,0.7636302049138103,-0.23636979508618966,-0.7726526823518854,0.6357683169567367,-0.36423168304326325,-1.3223360112677087,1.057175804171307,0.05717580417130699,0.8117055233307923,0.6971041394676292,-0.3028958605323709,-0.848339635572781,0.7741121619121459,-0.22588783808785412,-0.7204681567648646,3.123711340206186,-3.8098402704908474,-2.0219087052043245,-5.376788886509572,10.0
5,2011-08-15 16:59:50.979861,2305,20777.0,10223320.0,1923581.0,28.928586553145337,9.013882863340564,4435.279826464208,357.0,899.0,-1177600.0,447720.0,-6.935191114205793,12,1,0,1.1621458102248663,0.16214581022486635,1.1566676684138575,0.7789524987815394,-0.22104750121846062,-0.7687853368890282,0.7503854642429287,-0.24961453575707124,-0.7683002596885106,0.9403460953644331,-0.05965390463556687,-0.18798086086678137,0.8297716030671558,-0.17022839693284422,-3.1068436877046217,0.6460219617061888,-0.3539780382938112,-0.8815454178955665,0.6326857747984241,-0.3673142252015759,-1.0787610660876845,10.0,1.5270872420262664,0.09818109191461447,2.6235139002408507,-8.384347648823667
5,2011-08-15 17:00:20.946059,2205,33690.0,22781571.0,1936544.0,31.35361860272109,15.27891156462585,10331.778231292516,-100.0,12913.0,12558251.0,12963.0,2.425032049575755,20,1,0,1.086742237555446,0.08674223755544604,0.5611430730076538,1.3786922680285805,0.3786922680285805,1.2562257162761565,1.9856334595945269,0.9856334595945269,6.339550398710541,0.9339416137951496,-0.06605838620485037,-0.2146909175612435,0.9473624387374084,-0.05263756126259157,-0.6864111986769912,1.2051449766244537,0.20514497662445377,0.4399863673569932,1.7579153241369936,0.7579153241369936,2.428672699174801,-3.1929824561403506,6.772979256080114,6.838628426754945,-0.5355028737691525,2.371921636915108
5,2011-08-15 17:00:50.956411,2484,129975.0,132342151.0,10464088.0,25.045194361916263,52.32487922705314,53277.8385668277,279.0,96285.0,109560580.0,8527544.0,-6.3084242408048254,21,1,0,1.2468627647826522,0.24686276478265232,1.8325160850988251,4.773192998949695,3.7731929989496957,10.0,9.357598174804474,8.357598174804474,10.0,4.837961105043163,3.8379611050431626,10.0,0.7671229093220573,-0.23287709067794268,-2.8968861951187743,3.7154767270054903,2.71547672700549,7.068019920304482,7.447411871435798,6.447411871435798,10.0,8.581521739130435,10.0,10.0,10.0,-10.0
5,2011-08-15 17:01:20.958969,2151,22380.0,12316484.0,2156025.0,27.12257540539284,10.404463040446304,5725.933984193399,-333.0,-107595.0,-120025667.0,-8308063.0,2.0773810434765743,30,1,0,0.9949121184088807,-0.005087881591119334,-0.043294505951081856,0.48860788234985897,-0.511392117650141,-0.49448697113332213,0.32569505315945685,-0.6743049468405431,-0.48040150411065063,0.5847046296842203,-0.4152953703157797,-0.40182412482002966,0.8752400153180627,-0.12475998468193733,-0.9169634750988704,0.5199963650768058,-0.48000363492319414,-0.526748786164763,0.35565135484309063,-0.6443486451569093,-0.49642852468223747,-2.9611307420494697,-6.792961977882347,-6.070096327028465,-6.449833508455247,2.2518210941809826
5,2011-08-15 17:01:50.937523,2009,104007.0,112220800.0,2323454.0,20.224264889995023,51.77053260328522,55859.03434544549,-142.0,81627.0,99904316.0,167429.0,-6.898310515397817,21,1,0,0.905526007392049,-0.09447399260795092,-1.0617552174198044,2.2939347154830174,1.2939347154830172,1.231509695728445,2.9677922627504483,1.9677922627504483,1.401768390826431,0.6469818416572554,-0.3530181583427447,-0.32929033071867586,0.6818067959561162,-0.3181932040438838,-2.262296112218309,2.6623687914495697,1.6623687914495695,1.7438918636772536,3.50769955771803,2.50769955771803,1.9016321438375228,-3.5088339222614837,10.0,10.0,2.741244326856277,-4.202431285061778
5,2011-08-15 17:02:20.957943,2132,110506.0,117306481.0,2575644.0,19.51646696716698,51.832082551594745,55021.80159474672,123.0,6499.0,5085681.0,252190.0,-0.7077979228280427,17,1,0,0.9557109557109557,-0.044289044289044364,-0.5570180938980397,1.777601189078239,0.777601189078239,0.9455058474493769,2.0233325930150494,1.0233325930150496,1.000121926473345,0.6848772039022974,-0.3151227960977025,-0.3159448074094581,0.7355032519745246,-0.26449674802547535,-1.6619004096407621,1.8672485662778857,0.8672485662778858,1.079751711994397,2.1222656374044973,1.1222656374044973,1.108224946805781,9.081967213114755,-0.6137479347193001,-0.7477838200164492,0.4876833574604792,0.7737148423661772
5,2011-08-15 17:02:50.997996,1837,14920.0,7571182.0,1539733.0,14.919137957539467,8.121937942297224,4121.492651061513,-295.0,-95586.0,-109735299.0,-1035911.0,-4.597329009627513,12,1,0,0.8364447682360442,-0.16355523176395587,-2.0391751862193046,0.1862401949280753,-0.8137598050719247,-1.3398863127058513,0.09536274692440995,-0.9046372530755901,-1.2587423540377842,0.39570116913992803,-0.604298830860072,-0.6386582505994458,0.6051793499106239,-0.39482065008937606,-1.9750189667168632,0.223608256146783,-0.7763917438532171,-1.3113402400534526,0.11434844316925849,-0.8856515568307416,-1.244889860495447,-7.52601156069364,-6.326371630130727,-6.123835436647225,-8.943335229878095,-1.4422389492778833
5,2011-08-15 17:03:20.951640,2029,20971.0,11118399.0,1543696.0,21.12082755889601,10.33563331690488,5479.743223262691,192.0,6051.0,3547217.0,3963.0,6.201689601356543,24,1,0,0.9559031376613587,-0.04409686233864125,-0.39379802419847043,0.27464194788730917,-0.7253580521126909,-1.0332535040659538,0.14562137885907758,-0.8543786211409224,-1.067742024517156,0.40497941543875676,-0.5950205845612433,-0.6067148684994921,0.9885469547738976,-0.011453045226102299,-0.0507591363918754,0.29622821821488643,-0.7037717817851135,-1.0489361317389607,0.15745836460016474,-0.8425416353998353,-1.0742004997482812,3.6086956521739135,2.6118806606286626,2.1660507170460925,1.049935611663991,2.886792085265803
5,2011-08-15 17:03:51.001092,1963,17711.0,9202495.0,1698201.0,12.010477238410596,9.022414671421291,4687.975038206826,-66.0,-3260.0,-1915904.0,154505.0,-9.110350320485416,48,1,0,0.9662335105335697,-0.033766489466430356,-0.5478226795973374,0.32463414276497154,-0.6753658572350285,-0.7637331862995301,0.17660877467869313,-0.8233912253213068,-0.749384139550615,0.8374968141407175,-0.16250318585928242,-0.7038967420468084,0.5835809160417085,-0.4164190839582915,-1.960969624257964,0.34055933823002527,-0.6594406617699747,-0.7555951897110783,0.18572415468174483,-0.8142758453182551,-0.7453452480214362,0.27472527472527475,0.8504642031485083,0.9209765426168297,1.0866021358702622,-10.0
5,2011-08-15 17:04:20.949446,2234,38146.0,24006952.0,3166949.0,10.920942559534469,17.075201432408235,10746.173679498655,271.0,20435.0,14804457.0,1468748.0,-1.089534678876129,70,1,0,1.1203610832497493,0.12036108324974924,2.2354858954965535,0.7113738507729892,-0.2886261492270108,-0.3154637121753161,0.4663004422002344,-0.5336995577997656,-0.4753144826131501,1.635697749177541,0.6356977491775411,2.5570484813593066,0.6219840780009738,-0.3780159219990262,-1.6944098157175846,0.6513145639088409,-0.3486854360911591,-0.3911748677864557,0.4292629886183053,-0.5707370113816947,-0.514637793723269,8.207446808510639,10.0,10.0,10.0,0.6395157486282729
5,2011-08-15 17:04:50.945136,2241,40251.0,28736815.0,2743425.0,12.076521081659974,17.961178045515396,12823.210620258811,7.0,2105.0,4729863.0,-423524.0,1.1555785221255075,35,1,0,1.0990681706718979,0.09906817067189799,1.3222540305225567,0.9950606662909015,-0.004939333709098532,-0.004971200639081484,0.8491690125762986,-0.15083098742370135,-0.10835276672917556,1.3033860076891186,0.30338600768911866,0.8711550782421053,0.7693242158251259,-0.23067578417487414,-0.8046156769583199,0.9317194097013148,-0.06828059029868516,-0.07101475654083747,0.8008781741555208,-0.1991218258444793,-0.1451429879702883,-0.8444444444444444,1.1598062586356113,1.2680907310607288,-3.510530589985714,1.6210569090689029
5,2011-08-15 17:05:20.934297,1991,23932.0,15853214.0,2253766.0,10.920687096433952,12.020090406830738,7962.43797086891,-250.0,-16319.0,-12883601.0,-489659.0,-1.1558339852260229,56,1,0,0.9661296583850931,-0.033870341614906915,-0.39783092598698927,0.9065220191062053,-0.09347798089379462,-0.20735218466459468,0.9830128519894062,-0.016987148010593728,-0.02858746804113949,1.0539492877107042,0.05394928771070428,0.15116239913504814,0.768543905823139,-0.23145609417686103,-0.7949318672698825,0.9613555049369034,-0.038644495063096605,-0.10378290277635395,1.0516024070914798,0.05160240709147981,0.09904184739981312,-10.0,-0.16141199914596827,0.27268546998923987,-10.0,0.2232241987958649
5,2011-08-15 17:05:50.937704,2094,16721.0,8094331.0,1519450.0,10.152039623686724,7.985195797516714,3865.487583572111,103.0,-7211.0,-7758883.0,-734316.0,-0.7686474727472277,48,1,0,1.0011474469305794,0.0011474469305795042,0.017744316625392522,0.5928970080348341,-0.40710299196516586,-1.1143082740194277,0.45515769467050354,-0.5448423053294965,-1.1570748125506949,0.6660727121961818,-0.33392728780381825,-1.1103238653586975,0.7570560821629023,-0.24294391783709768,-0.7494475360960857,0.6011634242965206,-0.3988365757034794,-1.317236349737812,0.46349282680907083,-0.5365071731909292,-1.2977547915764511,2.344155844155844,-5.000776742121615,-5.684166277068237,-6.142031250656482,0.03881840811880448
5,2011-08-15 17:06:20.933039,2277,24386.0,14407967.0,2494055.0,14.456918505050504,10.709705753184014,6327.609574000879,183.0,7665.0,6313636.0,974605.0,4.304878881363781,36,1,0,1.0819158034780956,0.08191580347809564,1.3182100212043668,0.8915553410694569,-0.10844465893054309,-0.26515705613154145,0.8387081387602252,-0.16129186123977476,-0.30592823101969796,1.0956338066654008,0.0956338066654008,0.3143009808419393,1.2889395868319882,0.28893958683198817,3.960748753016007,0.8358588536709365,-0.1641411463290635,-0.4617621478267698,0.7892683800283689,-0.21073161997163112,-0.4403857190485803,10.0,10.0,10.0,10.0,2.9623311649345156
5,2011-08-15 17:06:50.940440,2465,52945.0,16131421.0,5776880.0,10.888098778093305,21.47870182555781,6544.187018255578,188.0,28559.0,1723454.0,3282825.0,-3.5688197269572,35,1,0,1.1373073728891758,0.1373073728891759,2.4636048593856574,1.845596642404975,0.845596642404975,2.4033751448016716,0.8853758875523043,-0.1146241124476957,-0.2557377932234393,2.3719200223031627,1.371920022303163,5.446537735833132,0.9301756902902888,-0.06982430970971126,-0.4851487029246705,1.6333272870697761,0.6333272870697763,1.9567670411331801,0.7842060701299707,-0.2157939298700293,-0.5088222415535874,1.9936305732484079,10.0,0.655425290924627,10.0,-8.293900277971591
5,2011-08-15 17:07:20.946740,2294,37200.0,26036850.0,1718596.0,10.579905932868352,16.216216216216218,11349.978204010462,-171.0,-15745.0,9905429.0,-4058284.0,-0.3081928452249531,24,1,0,1.0363209251897363,0.03632092518973622,0.4428774119107619,1.1754668688975258,0.17546686889752583,0.3781265949932745,1.5642680500282204,0.5642680500282203,1.2516656776273503,0.5810945620837383,-0.4189054379162616,-0.7549354921390119,0.9043541206567852,-0.0956458793432148,-0.6626601554439646,1.1557441267823882,0.15574412678238822,0.3948104895975312,1.5124055300396935,0.5124055300396934,1.1587963442012466,-4.7012987012987,-6.319616190283127,7.28873722927381,-8.774695959395096,-10.0
5,2011-08-15 17:07:50.968360,2502,31789.0,17253026.0,2010992.0,11.34781287490008,12.705435651478815,6895.693844924061,208.0,-5411.0,-8783824.0,292396.0,0.767906942031729,18,1,0,1.1248988400323712,0.12489884003237128,1.5011896394231672,1.024235745953191,0.024235745953191074,0.05261272964575696,1.0713000157978172,0.07130001579781717,0.1783768675670426,0.7305925190661429,-0.26940748093385714,-0.4272177484789867,0.9954632241518345,-0.004536775848165484,-0.029776505957299446,0.9286253739851289,-0.07137462601487107,-0.18516190415040987,0.9564148630695407,-0.0435851369304593,-0.11453049522156075,10.0,-7.86758439855785,-10.0,2.426559943171007,3.565478983196656
5,2011-08-15 17:08:20.933022,1921,13681.0,5959009.0,967278.0,6.524699824049973,7.121811556480999,3102.034877667881,-581.0,-18108.0,-11294017.0,-1043714.0,-4.823113050850107,18,1,0,0.8257393397524071,-0.17426066024759287,-2.4723970927736465,0.41955704393373444,-0.5804429560662655,-1.377344508024387,0.363693085001946,-0.636306914998054,-1.615371032925028,0.35772186823154156,-0.6422781317684584,-0.9887394681938949,0.5681084290583668,-0.4318915709416333,-2.887557598706007,0.5153618386194628,-0.48463816138053717,-1.2808526901824349,0.44336374229460773,-0.5566362577053923,-1.4360849461759841,-6.684931506849315,-10.0,-10.0,-10.0,-10.0
6,2011-08-16 10:01:46.972101,3768,6542819.0,6189530033.0,652106244.0,819.6052588251061,1736.416932059448,1642656.5904989385,0.0,0.0,0.0,0.0,0.0,2,1,0,1.0,0.0,0.0,1.0,0.0,0.0,1.0,0.0,0.0,1.0,0.0,0.0,1.0,0.0,0.0,1.0,0.0,0.0,1.0,0.0,0.0,0.0,0.0,0.0,0.0,0.0
6,2011-08-16 10:02:16.974249,2932,128829.0,32597012.0,6909487.0,699.8318450453615,43.93894952251024,11117.671214188267,-836.0,-6413990.0,-6156933021.0,-645196757.0,-119.7734137797446,0,0,0,0.778131634819533,-0.2218683651804671,0.0,0.01969013662153882,-0.9803098633784612,0.0,0.005266476101772879,-0.9947335238982271,0.0,0.010595646129099173,-0.9894043538709009,0.0,0.8538645128370231,-0.14613548716297683,0.0,0.025304377486343208,-0.9746956225136568,0.0,0.0067681043490723765,-0.9932318956509276,0.0,0.0,0.0,0.0,0.0,0.0
6,2011-08-16 10:02:46.973411,2855,68722.0,33068091.0,7155447.0,710.9881495089317,24.0707530647986,11582.51873905429,-77.0,-60107.0,471079.0,245960.0,11.156304463570107,0,0,0,0.8522388059701492,-0.14776119402985075,-0.8373632935103852,0.02060120677829526,-0.9793987932217048,-0.7203597071489453,0.010629191837724683,-0.9893708081622753,-0.7069985769380237,0.021715557500098584,-0.9782844424999014,-0.7065676588738151,0.9358572957022426,-0.06414270429775738,-0.5753797427691739,0.027040383682626665,-0.9729596163173733,-0.7237083991575368,0.01400737574311513,-0.9859926242568848,-0.7067038525978815,0.8157894736842105,0.9812575323628506,1.0001530239157688,1.000762434086444,1.1862901642610908
6,2011-08-16 10:03:16.998795,2357,59118.0,28988266.0,7659033.0,664.0054431501909,25.08188375053033,12298.79762409843,-498.0,-9604.0,-4079825.0,503586.0,-46.98270635874076,0,0,0,0.7400313971742544,-0.2599686028257457,-1.635204875234231,0.02631220541305596,-0.973687794586944,-0.5879903565311966,0.013902811360671835,-0.9860971886393282,-0.5784317727077561,0.03449128356015426,-0.9655087164398457,-0.575667881174137,0.8931105520942231,-0.1068894479057769,-1.2010606625756857,0.041700587769433715,-0.9582994122305662,-0.5863986339329738,0.022155248235922815,-0.977844751764077,-0.5763429601280489,-0.6363636363636365,0.9955496496268128,0.9980119303724594,1.002342439155091,-0.29766037748192276
6,2011-08-16 10:03:46.977425,2421,25292.0,9286687.0,1923444.0,514.4970602094176,10.446922759190418,3835.8888888888887,64.0,-33826.0,-19701579.0,-5735589.0,-149.50838294077334,0,0,0,0.812961719274681,-0.187038280725319,-0.9519925744404427,0.014878767342482257,-0.9851212326575177,-0.5186419241985206,0.005911149567687299,-0.9940888504323127,-0.5072309966523176,0.011417974252864125,-0.9885820257471358,-0.5164927574905903,0.711016588963484,-0.288983411036516,-3.1181027058495614,0.022840938217313762,-0.9771590617826862,-0.5241094333833619,0.009145831692789754,-0.9908541683072103,-0.5096019783126648,1.1814316087880936,0.9791316718645724,0.9872078919386377,0.964399945242373,-2.843407713364691
7,2011-08-16 13:51:24.049047,4724,2627884.0,2144420053.0,508914727.0,509.7970826725232,556.2836579170195,453941.58615580015,0.0,0.0,0.0,0.0,0.0,0,0,0,1.0,0.0,0.0,1.0,0.0,0.0,1.0,0.0,0.0,1.0,0.0,0.0,1.0,0.0,0.0,1.0,0.0,0.0,1.0,0.0,0.0,0.0,0.0,0.0,0.0,0.0
8,2011-08-16 14:18:55.889839,4459,8201472.0,7017385820.0,2146513603.0,1379.011612656874,1839.3074680421616,1573757.7528593857,0.0,0.0,0.0,0.0,0.0,2,1,0,1.0,0.0,0.0,1.0,0.0,0.0,1.0,0.0,0.0,1.0,0.0,0.0,1.0,0.0,0.0,1.0,0.0,0.0,1.0,0.0,0.0,0.0,0.0,0.0,0.0,0.0
8,2011-08-16 14:19:25.904795,3316,1687242.0,1432290559.0,391513430.0,1187.7793425765983,508.8184559710495,431933.2204463209,-1143.0,-6514230.0,-5585095261.0,-1755000173.0,-191.2322700802756,0,0,1,0.7436644987665396,-0.25633550123346044,0.0,0.20572428949339827,-0.7942757105066017,0.0,0.2041060012573172,-0.7958939987426827,0.0,0.18239503791302086,-0.8176049620869792,0.0,0.8613265701861366,-0.1386734298138634,0.0,0.2766358886764364,-0.7233641113235636,0.0,0.2744597887835879,-0.7255402112164121,0.0,0.0,0.0,0.0,0.0,0.0
8,2011-08-16 14:19:55.911926,3148,409688.0,300344207.0,36357113.0,948.7245313961246,130.1423125794155,95407.94377382463,-168.0,-1277554.0,-1131946352.0,-355156317.0,-239.0548111804737,5,1,0,0.8097749196141479,-0.1902250803858521,-0.9149701919290496,0.08285971259761381,-0.9171402874023862,-0.9844587005176114,0.071090108905578,-0.928909891094422,-0.9937292662237189,0.028649902091094078,-0.9713500979089059,-0.993298707541348,0.739230072056904,-0.260769927943096,-2.474980770132285,0.11084781378077684,-0.8891521862192233,-1.1096121253666955,0.09513723204983741,-0.9048627679501626,-1.12391216313593,0.7060367454068242,0.6077651541318007,0.5946545943793528,0.5952634963073591,-1.500151371733684
8,2011-08-16 14:20:25.914641,3019,177741.0,107394679.0,32729549.0,787.1583188098708,58.87413050679033,35572.93110301424,-129.0,-231947.0,-192949528.0,-3627564.0,-161.56621258625376,0,0,0,0.8291678110409229,-0.17083218895907717,-0.8719158770175014,0.051777256316077,-0.948222743683923,-0.7789273767019343,0.03682094617188596,-0.9631790538281141,-0.7811933404065277,0.03814063536421421,-0.9618593646357858,-0.7305593042156129,0.6717293567361329,-0.3282706432638671,-1.7843466915329467,0.07126847244074326,-0.9287315275592567,-0.8546764147987908,0.05079189391872081,-0.9492081060812791,-0.8579430561242131,0.7048054919908466,0.9106955480285388,0.9138238800129345,0.994842708561392,-0.12645407884100313
8,2011-08-16 14:20:55.898192,539,28905.0,22063721.0,19244022.0,509.6174723042672,53.62708719851577,40934.54730983303,-2480.0,-148836.0,-85330958.0,-13485527.0,-277.5408465056036,0,0,0,0.15464065413857409,-0.8453593458614259,-4.462412109633257,0.011036504560886578,-0.9889634954391134,-0.6851576671747418,0.009963954648117088,-0.9900360453518829,-0.6735318504911324,0.029525405105127186,-0.9704745948948729,-0.6258999712524054,0.473768168676887,-0.5262318313231129,-2.171032195445285,0.0845472258773162,-0.9154527741226837,-0.7019054895132965,0.07663235202851011,-0.9233676479714898,-0.690144980852056,-5.888888888888889,0.9258020987991746,0.9506043025185985,0.9744807858220318,-0.8757408255793149
9,2011-08-17 11:34:49.436881,1,2.0,214.0,107.0,1823.088379,2.0,214.0,0.0,0.0,0.0,0.0,0.0,0,0,0,1.0,0.0,0.0,1.0,0.0,0.0,1.0,0.0,0.0,1.0,0.0,0.0,1.0,0.0,0.0,1.0,0.0,0.0,1.0,0.0,0.0,0.0,0.0,0.0,0.0,0.0
9,2011-08-17 11:39:01.485380,1,2.0,214.0,107.0,2005.431641,2.0,214.0,0.0,0.0,0.0,0.0,182.34326199999987,0,0,0,1.0,0.0,0.0,1.0,0.0,0.0,1.0,0.0,0.0,1.0,0.0,0.0,1.1000188822990682,0.10001888229906811,0.0,1.0,0.0,0.0,1.0,0.0,0.0,0.0,0.0,0.0,0.0,0.0
9,2011-08-17 11:40:19.495285,1,2.0,214.0,107.0,1973.646729,2.0,214.0,0.0,0.0,0.0,0.0,-31.78491199999985,0,0,0,1.0,0.0,0.0,1.0,0.0,0.0,1.0,0.0,0.0,1.0,0.0,0.0,1.0310233294796771,0.031023329479677154,0.46059011182239434,1.0,0.0,0.0,1.0,0.0,0.0,0.0,0.0,0.0,0.0,-1.3486272171658296
9,2011-08-17 12:01:01.780520,3113,4196764.0,3520083901.0,890063764.0,998.7820122608416,1348.1413427561838,1130769.001284934,3112.0,4196762.0,3520083687.0,890063657.0,-974.8647167391584,0,0,0,10.0,10.0,0.0,10.0,10.0,0.0,10.0,10.0,0.0,10.0,10.0,0.0,0.5164184633781757,-0.4835815366218244,-9.601841183317173,10.0,10.0,0.0,10.0,10.0,0.0,0.0,0.0,0.0,0.0,-10.0
9,2011-08-17 12:01:19.440673,4118,230480.0,92539795.0,16668246.0,911.6587599939292,55.968916949975714,22472.024040796503,1005.0,-3966284.0,-3427544106.0,-873395518.0,-87.12325226691246,0,0,0,5.2862644415917845,4.2862644415917845,2.1458868894601544,0.2196737014418231,-0.7803262985581769,-0.39016389302038096,0.1051563323205104,-0.8948436676794896,-0.4474219426420131,0.07490807136656907,-0.9250919286334309,-0.46254618673864134,0.5361950468951422,-0.46380495310485775,-1.6624345640258122,0.1653266617975286,-0.8346733382024714,-0.4198168643428245,0.07944778339710401,-0.920552216602896,-0.46062460647115955,0.2917737789203085,-4.780327786040762,-4.894843885284026,-4.925092373477282,0.577228779093094
9,2011-08-17 12:01:49.441506,3718,108751.0,31261000.0,8326575.0,934.441318260355,29.24986551909629,8408.015061861215,-400.0,-121729.0,-61278795.0,-8341671.0,22.78255826642589,0,0,0,2.5698092341719656,1.5698092341719656,1.1291768509723952,0.12282003501044667,-0.8771799649895533,-0.4189836637919026,0.04326633089299638,-0.9567336691070036,-0.4418725993759605,0.045915286768350605,-0.9540847132316493,-0.43664243109097384,0.6057881952926927,-0.3942118047073074,-1.1231351561949083,0.10371481704271626,-0.8962851829572838,-0.42380380911100246,0.03643356768979121,-0.9635664323102088,-0.4419060184158794,-1.4857906242409522,-3.6407943491352754,-4.310950532615876,-3.5022802485628426,1.1249825427621645
9,2011-08-17 12:02:19.454887,3175,64422.0,21480511.0,4117636.0,847.4480948340158,20.2903937007874,6765.515275590551,-543.0,-44329.0,-9780489.0,-4208939.0,-86.99322342633923,0,0,0,1.4496393023468177,0.44963930234681776,0.48506814439953727,0.07101192041709004,-0.92898807958291,-0.4576881928463804,0.029474736811159693,-0.9705252631888404,-0.45314966788805167,0.022499297337503662,-0.9775007026624963,-0.45253623099778434,0.6209356719880846,-0.37906432801191536,-0.9055268833017075,0.07058215037657174,-0.9294178496234283,-0.4502897243504395,0.029109581552932254,-0.9708904184470677,-0.4492536688450864,-1.7304277643260695,-3.038133683987899,-2.5643383055051783,-3.5274456107919945,0.5105299546372639
9,2011-08-17 12:02:49.441240,2816,69408.0,40720730.0,6783462.0,732.100446433949,24.647727272727277,14460.486505681818,-359.0,4986.0,19240219.0,2665826.0,-115.34764840006687,0,0,0,0.9968141592920354,-0.003185840707964602,-0.005515735743040254,0.07543660696993035,-0.9245633930300696,-0.4639237146204732,0.05554798133727469,-0.9444520186627253,-0.444281108081974,0.03689967742511315,-0.9631003225748869,-0.44841185908618353,0.6460496199515898,-0.3539503800484102,-0.8481028214573642,0.08466224190581127,-0.9153377580941888,-0.45074256103802357,0.0618694727063026,-0.9381305272936974,-0.43719434856828987,-1.5655324511657216,-0.61300838248991,3.478573783220967,2.2371672427808034,0.5019460821270898
9,2011-08-17 12:03:19.440518,2974,133822.0,115169989.0,5046935.0,630.7516376126429,44.99731002017485,38725.618359112304,158.0,64414.0,74449259.0,-1736527.0,-101.34880882130608,0,0,0,0.8778040141676505,-0.12219598583234947,-0.79308816784556,0.1432837418961096,-0.8567162581038904,-0.4383886119986023,0.15537954456235267,-0.8446204554376473,-0.40294578527435254,0.02725245543979046,-0.9727475445602095,-0.4571474328122577,0.7128054320499579,-0.287194567950042,-2.5135407441604536,0.15219293581616194,-0.8478070641838381,-0.42592043675250973,0.1636927696441495,-0.8363072303558505,-0.3957719204850652,-0.7193605683836589,3.640376912658848,8.141492583247226,-2.2799912432712133,0.5918444191551343
9,2011-08-17 12:03:49.449604,3193,34921.0,12819511.0,2719564.0,730.9370999430004,10.9367366113373,4014.8797369245226,219.0,-98901.0,-102350478.0,-2327371.0,100.1854623303575,0,0,0,0.9502410570799358,-0.049758942920064234,-0.30759459164791686,0.28770784483994444,-0.7122921551600556,-1.2830288356729385,0.21282705457122056,-0.7871729454287795,-1.151364035033855,0.3321170527096133,-0.6678829472903868,-1.0919430725840786,0.9009676728243706,-0.09903232717562935,-0.6282709484774244,0.3122030693729927,-0.6877969306270073,-1.609636882732127,0.22100662755602243,-0.7789933724439776,-1.0852392417390864,8.877697841726619,0.8782889344716218,0.8497018123728703,0.9868512613334723,2.3611031756023544
9,2011-08-17 12:04:19.441123,2528,74290.0,61964959.0,3262952.0,719.8009306511076,29.386867088607595,24511.45530063291,-665.0,39369.0,49145448.0,543388.0,-11.13616929189277,0,0,0,0.7961703199798439,-0.20382968002015617,-1.8993140307217282,0.9030593887057404,-0.09694061129425954,-0.20446924918560686,1.3990623582408412,0.3990623582408412,0.43130840245452334,0.6043808270911217,-0.3956191729088783,-0.9690391138506007,0.9286127740219242,-0.07138722597807583,-0.47078662013420797,1.129204116437972,0.1292041164379721,0.26733668004918887,1.6933761366991118,0.6933761366991118,0.7124794284548919,-2.5945945945945947,2.0065760205360017,4.082367845051831,1.1947811269910662,0.6918972167266915
9,2011-08-17 12:04:49.467017,2783,29269.0,15737100.0,1684885.0,798.8914064664032,10.51706791232483,5654.7251167804525,255.0,-45021.0,-46227859.0,-1578067.0,79.09047581529558,0,0,0,0.9475010213809071,-0.05249897861909295,-0.5579939860671871,0.388324139010728,-0.611675860989272,-1.2775384066183393,0.3120512445286781,-0.6879487554713218,-0.8495373188080754,0.38414109012957226,-0.6158589098704278,-1.6837559778785607,1.0910722051450916,0.09107220514509166,0.8657813694216229,0.403698213220322,-0.596301786779678,-1.2342328790505255,0.319555594690676,-0.6804444053093239,-0.8483415726355921,2.0714285714285716,-5.532166797249065,-8.527996471073974,-0.5582390316182702,2.8423950100034223
9,2011-08-17 12:05:19.459920,3246,37938.0,20010790.0,2610170.0,646.4321234085028,11.68761552680222,6164.753542821934,463.0,8669.0,4273690.0,925285.0,-152.4592830579004,0,0,0,1.1354414439625016,0.13544144396250168,1.5742998490270654,0.5551198384595124,-0.44488016154048754,-0.7284716099240109,0.40604285770828585,-0.5939571422917141,-0.6982244707863108,0.669349944029577,-0.3306500559704229,-0.6380340813498452,0.8947203184729279,-0.10527968152707218,-1.2666791498112022,0.4850208225110309,-0.514979177488969,-0.8652870723587198,0.3528072326412304,-0.6471927673587696,-0.7845490174302427,6.905612244897958,2.233038431997269,4.720515561223113,2.9017256595516763,-10.0
9,2011-08-17 12:05:49.443694,2570,35956.0,16778640.0,2088772.0,630.8513940867705,13.990661478599222,6528.653696498054,-676.0,-1982.0,-3232150.0,-521398.0,-15.580729321732292,0,0,0,0.8727248030426514,-0.1272751969573486,-1.2615188868054952,0.5794868488911811,-0.420513151108819,-0.5949622663362429,0.3716983911408029,-0.6283016088591971,-0.645258131030795,0.681513648792333,-0.31848635120766705,-0.7841618889226769,0.8943646270093212,-0.10563537299067882,-1.0912273816406972,0.6505735307788559,-0.34942646922114406,-0.4894565043544282,0.41283264554079785,-0.5871673544592022,-0.6069799320044037,-8.86046511627907,0.6850969176993963,0.21966215257021507,0.3753156980149005,0.09063649366030375
9,2011-08-17 12:06:19.440900,2728,55897.0,43138305.0,6117908.0,660.5740044563784,20.490102639296182,15813.161656891496,158.0,19941.0,26359665.0,4029136.0,29.72261036960788,0,0,0,0.952513966480447,-0.04748603351955307,-0.40101684004174953,1.316003842278245,0.3160038422782449,0.7426078852228211,1.694209651954662,0.6942096519546622,0.8594445164999656,2.4736124495333827,1.4736124495333827,6.007215155589865,0.9364761945756297,-0.06352380542437026,-0.6564897877045126,1.338890759050774,0.33889075905077387,0.6494088536657975,1.6867564087811928,0.6867564087811928,0.7560176654069987,2.955445544554456,2.0187909999386915,2.339531639107824,7.810199437962005,10.0
9,2011-08-17 12:06:49.455741,2619,63523.0,56175054.0,23631063.0,648.4746500649103,24.25467735777014,21449.046964490262,-109.0,7626.0,13036749.0,17513155.0,-12.099354391468069,0,0,0,0.9451461566221581,-0.05485384337784194,-0.5315627701043723,1.3611099207199486,0.3611099207199486,0.9201481637817903,1.781866631126854,0.7818666311268541,1.2097032845331903,7.494935674904298,6.494935674904298,10.0,0.9380374600462762,-0.06196253995372383,-0.6215289975852383,1.4089709018300212,0.40897090183002105,0.9001329077978285,1.8278542607436168,0.8278542607436169,1.1716707165175968,-0.17204301075268819,0.81779176201373,1.1499451792178805,10.0,0.14022014610141084
9,2011-08-17 12:07:19.459833,2960,51974.0,32357909.0,2499030.0,613.8881489067568,17.558783783783785,10931.726013513511,341.0,-11549.0,-23817145.0,-21132033.0,-34.58650115815351,0,0,0,1.0612361967589274,0.06123619675892736,0.63491923157258,1.1675195320397336,0.16751953203973352,0.514668343095522,1.0655272871017443,0.06552728710174437,0.10892127336254155,0.3458118576922828,-0.6541881423077172,-0.5062955216235727,0.9067172886434005,-0.09328271135659946,-0.9162487554466074,1.0846773341570881,0.08467733415708804,0.2310244504204566,0.9828860803011435,-0.01711391969885641,-0.026638934213094625,10.0,-4.363146651806446,-10.0,-6.18752892695842,-1.4245271780543758
9,2011-08-17 12:07:49.437675,3066,127626.0,104781498.0,6524267.0,519.0765941581866,41.62622309197652,34175.309197651666,106.0,75652.0,72423589.0,4025237.0,-94.8115547485702,0,0,0,1.085463428450046,0.08546342845004606,0.8638867153183238,2.6015540915169106,1.6015540915169106,6.641261710256779,3.1099686527477166,2.109968652747717,4.347063565134073,0.8829237915569903,-0.1170762084430097,-0.09379951696042063,0.8110013406958557,-0.18899865930414433,-6.704918436878414,2.3656144677119113,1.3656144677119113,4.7910777957530435,2.8064379348545945,1.8064379348545945,3.3863461353262223,1.9943502824858756,10.0,10.0,10.0,-1.5624293323051965
9,2011-08-17 12:08:19.445003,2877,67889.0,49246081.0,3787943.0,661.804812573514,23.59714980882864,17117.164059784496,-189.0,-59737.0,-55535417.0,-2736324.0,142.72821841532743,0,0,0,1.0317004948719788,0.031700494871978804,0.4093391064216503,1.0133412542988154,0.013341254298815481,0.025279499524200926,0.972353346251215,-0.027646653748785072,-0.04175035609073308,0.4635152458185107,-0.5364847541814892,-0.4939682193169573,1.0768531280108788,0.07685312801087886,0.8398704409198905,1.000553769033533,0.0005537690335330003,0.00121276130335036,0.9627429070632365,-0.037257092936763464,-0.061795539252915255,-4.25,-4.330267148336456,-4.275625408248329,-4.49547290217897,6.6035344227103145
9,2011-08-17 12:08:49.445783,2913,65388.0,42156866.0,5068242.0,627.1208717775489,22.446961894953656,14471.975969790594,36.0,-2501.0,-7089215.0,1280299.0,-34.6839407959651,0,0,0,1.0221052631578946,0.022105263157894735,0.3525527357105319,0.8910656320777086,-0.1089343679222914,-0.25820690911813327,0.7377850215825338,-0.26221497841746627,-0.5344941353688663,0.5954202153744023,-0.4045797846255978,-0.399833252855192,1.0102409827431105,0.010240982743110513,0.10586318317192432,0.8800870811704619,-0.11991291882953813,-0.32538807896639294,0.7273343302058308,-0.27266566979416923,-0.6152220503340836,-0.4136807817589576,-1.3916011649390911,-2.091742185656085,2.7674224666028318,-6.602602635120777
9,2011-08-17 12:09:19.481564,2281,27084.0,15854359.0,1479879.0,670.9575298448049,11.873739587900044,6950.617711530031,-632.0,-38304.0,-26302507.0,-3588363.0,43.83665806725594,0,0,0,0.7900935226879113,-0.20990647731208867,-3.654815914256174,0.3597768331562168,-0.6402231668437832,-1.6123710672707443,0.2784227194144729,-0.7215772805855271,-1.459253094914383,0.17825338115893202,-0.8217466188410679,-0.7843083247117307,1.092634772922985,0.09263477292298496,1.0112743538778886,0.4585029154400332,-0.5414970845599668,-1.5281650968207592,0.3540986283059027,-0.6459013716940973,-1.4099015231200542,-10.0,-10.0,-10.0,-10.0,7.551951126388475
9,2011-08-17 12:09:49.455947,2957,63448.0,56407575.0,2154965.0,586.7478989316875,21.456881974974635,19075.946905647612,676.0,36364.0,40553216.0,675086.0,-84.2096309131174,0,0,0,1.048804710222033,0.048804710222033025,0.44495271678605874,0.9331658631431253,-0.06683413685687471,-0.12262550485127678,1.1540166458785392,0.15401664587853925,0.22360576622423894,0.556569248334178,-0.4434307516658221,-0.8563189378752184,0.9485560024931555,-0.051443997506844426,-0.5265779729714087,0.9161553488427218,-0.08384465115727828,-0.17561759544605154,1.140267679869839,0.14026767986983907,0.22403299044740896,10.0,5.989708828453032,6.02883395239095,1.1523814708956415,-10.0
9,2011-08-17 12:10:19.440540,2839,23507.0,6827371.0,1931070.0,660.0828785191969,8.280028178936245,2404.8506516379007,-118.0,-39941.0,-49580204.0,-223895.0,73.33497958750945,0,0,0,1.007166170001419,0.007166170001418979,0.06539162135211192,0.33444306913084926,-0.6655569308691508,-1.2936204594734189,0.12716452025601732,-0.8728354797439827,-1.445841493030759,0.5077675361982269,-0.4922324638017731,-0.904879461592012,1.0765587289200649,0.07655872892006488,0.7552770220389803,0.3421472204895288,-0.6578527795104712,-1.4740714599281473,0.1309959739476448,-0.8690040260523553,-1.600400603684488,-10.0,-10.0,-10.0,-2.2536729978347116,10.0
9,2011-08-17 12:10:49.445563,2671,32241.0,19067278.0,1779673.0,589.2434235795582,12.070760014975663,7138.628977910895,-168.0,8734.0,12239907.0,-151397.0,-70.8394549396387,0,0,0,0.9630778106295521,-0.036922189370447854,-0.36742227005538924,0.6518179171586149,-0.3481820828413851,-0.7773780425372515,0.5591831234653408,-0.4408168765346592,-0.6954397541045194,0.6169951405825186,-0.3830048594174814,-0.7365327063265817,0.9187651675741785,-0.08123483242582151,-1.499335034577748,0.6885398930934237,-0.3114601069065763,-0.784113748200799,0.5946820170541064,-0.40531798294589355,-0.6882067465857719,-2.700440528634361,1.419423928389631,1.6247775042699324,0.8351943101939673,-3.511925452849764
9,2011-08-17 12:11:19.441161,2454,56764.0,34704356.0,2507315.0,520.3097837628361,23.13121434392828,14141.9543602282,-217.0,24523.0,15637078.0,727642.0,-68.93363981672212,0,0,0,0.8981772930239368,-0.10182270697606319,-1.0125458877089886,1.3408734433168925,0.3408734433168925,0.707046635047482,1.2366724732138827,0.23667247321388268,0.32379328605293745,1.0098878436298744,0.009887843629874469,0.01674569653391149,0.8300645337473957,-0.1699354662526042,-2.73390780599345,1.5192242945734618,0.5192242945734616,1.248393146086425,1.4130079380328915,0.41300793803289143,0.6204414981314034,-4.266990291262136,4.439603904847396,3.590738605504003,2.8116139762083785,-3.750022069069277
9,2011-08-17 12:11:49.440208,2764,24887.0,12354170.0,1691040.0,492.4264836790883,9.00397973950796,4469.6707670043415,310.0,-31877.0,-22350186.0,-816275.0,-27.883300083747827,0,0,0,1.0468110892289046,0.04681108922890467,0.4479560657625441,0.6128474616339316,-0.3871525383660685,-0.8628356711102858,0.464928597260629,-0.535071402739371,-0.7300089694721693,0.8581431135720218,-0.14185688642797822,-0.7212437235356849,0.8132985348664198,-0.18670146513358027,-1.8375765352131856,0.5861002566259264,-0.4138997433740737,-0.9734603975753755,0.449556534866317,-0.5504434651336829,-0.8281457461257759,4.3769063180827885,-10.0,-10.0,-0.5937100120386094,-0.30526243117694896
9,2011-08-17 12:12:19.450470,2497,2229132.0,2264734329.0,52094060.0,483.7577350340408,892.7240688826591,906982.1101321586,-267.0,2204245.0,2252380159.0,50403020.0,-8.668748645047458,0,0,0,0.9123127511874315,-0.08768724881256851,-1.2650077002911229,10.0,10.0,10.0,10.0,10.0,10.0,10.0,10.0,10.0,0.8490521577124238,-0.15094784228757616,-1.3095680487823342,10.0,10.0,10.0,10.0,10.0,10.0,-3.7639751552795038,10.0,10.0,10.0,0.7572201353427087
9,2011-08-17 12:12:49.469733,2196,16687.0,7523159.0,1125691.0,483.5076280264117,7.598816029143898,3425.846539162113,-301.0,-2212445.0,-2257211170.0,-50968369.0,-0.2501070076291398,0,0,0,0.8302457466918715,-0.16975425330812854,-2.6970737184460076,0.03525624637919385,-0.9647437536208061,-0.4651655090420865,0.016091027964873786,-0.9839089720351262,-0.45785423329024566,0.09380264618738901,-0.906197353812611,-0.4851600443949384,0.8804429540069603,-0.1195570459930397,-0.8805401738159515,0.04019644109697239,-0.9598035589030276,-0.4612002033660087,0.01831734682684497,-0.9816826531731551,-0.4561629100979044,-2.2717391304347827,-6.1079589635422336,-6.110682026361032,-6.103052928772538,0.9878577235842784
9,2011-08-17 12:13:19.471968,2136,16503.0,5119341.0,1361925.0,566.7185123501872,7.726123595505618,2396.695224719101,-60.0,-184.0,-2403818.0,236234.0,83.21088432377553,0,0,0,0.848831664282308,-0.15116833571769198,-1.735678548179162,0.03496826518162605,-0.9650317348183739,-0.46359236861117914,0.010946325646257655,-0.9890536743537424,-0.46042179919964293,0.1150317649586144,-0.8849682350413856,-0.46550052476585924,1.1028891764329813,0.10288917643298136,1.1813810469479578,0.04089935254704309,-0.959100647452957,-0.4604385919889063,0.012800695422685257,-0.9871993045773148,-0.4593605505991879,0.5334370139968896,0.8651026392961877,-10.0,2.4666014385773654,3.3562442667234236
9,2011-08-17 12:13:49.440461,2629,22690.0,10092171.0,2221724.0,442.7334089319132,8.630658044883987,3838.7869912514266,493.0,6187.0,4972830.0,859799.0,-123.98510341827398,0,0,0,1.0911430231592927,0.09114302315929274,0.8685692316046528,0.04840072816538416,-0.9515992718346158,-0.45326729705741653,0.02170886572149906,-0.9782911342785009,-0.4519865361159092,0.18898629025901673,-0.8110137097409833,-0.42269919647640836,0.8692227337472787,-0.13077726625272132,-1.8801897969126482,0.04589876122732966,-0.9541012387726704,-0.4553615706615437,0.02060725738828542,-0.9793927426117146,-0.4528166235345083,5.607476635514018,2.9656246028720297,2.7826399703411338,10.0,-10.0
9,2011-08-17 12:14:19.454582,2612,24505.0,10178939.0,2101223.0,460.0713476921899,9.381699846860643,3896.990428790199,-17.0,1815.0,86768.0,-120501.0,17.337938760276643,0,0,0,1.0685648829978727,0.06856488299787265,0.6163168539394103,0.05304344475667551,-0.9469565552433244,-0.4428443019129746,0.02212982965990381,-0.9778701703400962,-0.4458176581630936,0.17960877991138988,-0.8203912200886101,-0.4249512478848573,0.9316414735558596,-0.06835852644414044,-0.7486149484751229,0.050674438748290744,-0.9493255612517093,-0.4443264914251721,0.021153701906668036,-0.978846298093332,-0.4463113107404589,-1.4857142857142858,1.266332100721958,1.0176270412399386,-1.1096778259819113,2.1174754426244173
9,2011-08-17 12:14:49.470539,2628,34326.0,19507459.0,2076362.0,470.7472594037291,13.061643835616438,7422.929604261796,16.0,9821.0,9328520.0,-24861.0,10.675911711539245,0,0,0,1.0886495443247721,0.08864954432477216,0.9185183842566873,0.07431423973064498,-0.925685760269355,-0.43280690400029886,0.04245093138266036,-0.9575490686173397,-0.4360357637723055,0.17624779637414878,-0.8237522036258512,-0.43053714166965334,0.9659173003664467,-0.03408269963355329,-0.3489833865202892,0.07052256097458225,-0.9294774390254177,-0.43526043530758973,0.04031832480066457,-0.9596816751993354,-0.43723201478656093,1.5263157894736843,10.0,10.0,-1.3030476640913933,2.649801706267322
9,2011-08-17 12:15:19.493686,2824,29940.0,16626260.0,2435091.0,513.3803919288245,10.601983002832862,5887.485835694051,196.0,-4386.0,-2881199.0,358729.0,42.63313252509533,0,0,0,1.1572821899844277,0.15728218998442758,1.5272762744359822,1.3050186991657295,0.3050186991657295,0.9596665558039318,1.5858375570326502,0.5858375570326503,1.1250624277304186,1.3700413810176186,0.3700413810176186,1.3227019732523053,1.0590498775069452,0.05904987750694518,0.593940955102468,1.1424811314551093,0.14248113145510927,0.5916921946085885,1.4030351327346935,0.40303513273469355,0.8894864325772237,6.480916030534352,0.9900082285176913,0.9935837241249478,1.0358602069211582,10.0
9,2011-08-17 12:15:49.441283,3008,26182.0,9423820.0,2258023.0,494.0476068806516,8.704122340425531,3132.918882978724,184.0,-3758.0,-7202440.0,-177068.0,-19.332785048172862,0,0,0,1.1723439083326836,0.17234390833268368,1.72982402050429,1.0230220999656154,0.02302209996561536,0.08608090789212149,0.7658632371635408,-0.23413676283645923,-0.50228340344733,1.1072729635432375,0.1072729635432374,0.5410204857234622,1.0067601768283891,0.006760176828389244,0.06658113154797418,0.8809464449412523,-0.11905355505874775,-0.5690436517828131,0.6682024142369235,-0.33179758576307644,-0.7898795421083413,0.4649681528662421,-2.4177921979929073,-4.956036519862846,-1.6761417443103712,-4.235854759092343
9,2011-08-17 12:16:19.447456,2716,51204.0,36291771.0,3310999.0,463.8058051244477,18.85272459499264,13362.213181148749,-292.0,25022.0,26867951.0,1052976.0,-30.24180175620387,0,0,0,0.9911685278446829,-0.008831472155317065,-0.13964384304682445,1.8600292059894075,0.8600292059894075,5.094517239899601,2.756533177522753,1.7565331775227528,5.029707346959998,1.4924597628489285,0.49245976284892845,7.610004970595107,0.9739808865135297,-0.02601911348647031,-0.44429599352391547,1.8710484843319362,0.8710484843319363,4.752182079859083,2.763172883104431,1.7631728831044309,4.808948495458923,-2.674311926605504,10.0,10.0,4.875339527596312,-1.0807365451694788
9,2011-08-17 12:16:49.444436,2918,147288.0,125071992.0,4831684.0,438.8195384194654,50.475668265935575,42862.231665524334,202.0,96084.0,88780221.0,1520685.0,-24.986266704982317,0,0,0,1.0581665216129967,0.05816652161299685,0.9814703313204174,4.432193648176122,3.432193648176123,10.0,6.795304341822259,5.795304341822259,9.812724313712316,1.9831734459350412,0.9831734459350412,4.700562971148061,0.9134262358399754,-0.08657376416002456,-1.8346051094363127,4.164509723845209,3.1645097238452093,9.323983433888742,6.358902666454153,5.358902666454153,8.883095796618687,10.0,10.0,10.0,5.980262100938698,-6.928672391285629
9,2011-08-17 12:17:19.486780,2830,46470.0,19596431.0,3493899.0,390.9516737812721,16.420494699646643,6924.533922261484,-88.0,-100818.0,-105475561.0,-1337785.0,-47.86786463819328,0,0,0,1.0039733219809848,0.003973321980984751,0.07359634490576313,0.8041461895203157,-0.19585381047968436,-0.22219387343371105,0.47352376992099154,-0.5264762300790085,-0.4557317402429804,1.1714933431168486,0.17149334311684855,0.44975544854410926,0.8210508546846289,-0.17894914531537115,-2.974901563596659,0.8073312502464347,-0.19266874975356527,-0.2268570297217529,0.47645146180259074,-0.5235485381974093,-0.4676002883152311,-2.437908496732026,-5.10553578264092,-5.590162688078276,-3.4497420032734403,-10.0
9,2011-08-17 12:17:49.444602,2489,20177.0,7481479.0,1499781.0,425.8868663394938,8.10646846122941,3005.817195660908,-341.0,-26293.0,-12114952.0,-1994118.0,34.93519255822167,0,0,0,0.870523223279239,-0.129476776720761,-3.3725415417089843,0.33507260432304603,-0.6649273956769539,-0.8037491279733808,0.18070308433097385,-0.8192969156690262,-0.7096608635797439,0.459218897890077,-0.5407811021099229,-1.7211866283993191,0.92543663171782,-0.07456336828217999,-0.7139769922680197,0.3858202374374546,-0.6141797625625455,-0.7598448236406075,0.20824739317449312,-0.791752606825507,-0.6998898474101207,-9.44059405940594,-10.0,-10.0,-8.033742329124388,3.1890429329958954
9,2011-08-17 12:18:19.442033,2541,28734.0,15778186.0,1850174.0,414.3556558673751,11.30814639905549,6209.439590712318,52.0,8557.0,8296707.0,350393.0,-11.531210472118744,0,0,0,0.9100350977723659,-0.08996490222763406,-1.249918319102416,0.4931673308824287,-0.5068326691175713,-0.5738053291743317,0.39870989531256973,-0.6012901046874303,-0.48423227526328405,0.6009249085997973,-0.3990750914002027,-0.9664197427935369,0.935969064622503,-0.064030935377497,-0.7284154620140192,0.5512969927126701,-0.44870300728732987,-0.5290388744042712,0.4480909497717194,-0.5519090502282805,-0.4565805167013391,1.7761194029850746,5.382361978899929,5.536307102378942,2.8731383177769936,0.34102492759047587
9,2011-08-17 12:18:49.451209,2465,26137.0,9312511.0,1923918.0,485.0338283935091,10.603245436105476,3777.894929006085,-76.0,-2597.0,-6465675.0,73744.0,70.67817252613406,0,0,0,0.9133689046983844,-0.0866310953016156,-1.2751287828422457,0.44469890054547373,-0.5553010994545262,-0.6389847713269493,0.22800209160853452,-0.7719979083914654,-0.6536548361273969,0.6418821105903252,-0.3581178894096748,-0.7962814311106647,1.1365390076516895,0.13653900765168947,2.1439686460151846,0.5041314330551558,-0.4958685669448441,-0.6138778242628853,0.2610332922068008,-0.7389667077931992,-0.6557667336542117,0.18629550321199148,-6.088166144200628,-6.087584662262136,1.9040600810594115,5.434461173773949
9,2011-08-17 12:19:19.475074,2983,31993.0,15466472.0,2269290.0,417.3743075893396,10.72510895072075,5184.871605766008,518.0,5856.0,6153961.0,345372.0,-67.65952080416952,0,0,0,1.1262553802008608,0.12625538020086088,1.5930981886443858,0.5950946035430758,-0.4049053964569243,-0.4092341794228522,0.4363129014250285,-0.5636870985749715,-0.39694630926756347,0.8343311673643415,-0.16566883263565843,-0.3198769973267752,0.9683644917953446,-0.03163550820465544,-0.39006133691520445,0.55333111709382,-0.44666888290618,-0.49074002344742035,0.4129403022887229,-0.5870596977112771,-0.433085408045705,10.0,2.168069573542905,2.140498479202172,2.244959739193313,-10.0
9,2011-08-17 12:19:49.480461,2559,24031.0,7065295.0,1496018.0,386.932981455256,9.39077764751856,2760.959359124658,-424.0,-7962.0,-8401177.0,-773272.0,-30.441326134083624,0,0,0,0.9614517583408476,-0.038548241659152355,-0.44291336892268846,0.7827126394851183,-0.21728736051488168,-0.679300035672536,0.5223099539811286,-0.4776900460188714,-1.2924887691564027,0.6777247423272607,-0.32227525767273935,-0.9246675475777983,0.9067598391163483,-0.09324016088365175,-1.134381457620663,0.8213968327973581,-0.17860316720264194,-0.6700559063942819,0.5499358755271486,-0.4500641244728514,-1.38353903684483,-10.0,0.6547118261850037,0.6167539280868336,-0.5088858309846184,-6.097458258952452
9,2011-08-17 12:20:19.442857,2918,27633.0,13898128.0,2145206.0,412.4558812227553,9.4698423577793,4762.895133653187,359.0,3602.0,6832833.0,649188.0,25.522899767499325,0,0,0,1.1191224975070952,0.11912249750709515,1.4556226703536437,1.0541152954101562,0.054115295410156194,0.315314469159353,1.2610828956468687,0.2610828956468687,0.6712951485768346,1.1866152475539542,0.1866152475539543,1.0407299947098962,0.968395590443953,-0.03160440955604704,-0.37257813475978147,0.9444578696344862,-0.055542130365513795,-0.43507129689819796,1.1373272537593444,0.13732725375934443,0.3903538417317071,7.623616236162361,1.8026204376309105,3.726342208719145,2.624691360496446,10.0
9,2011-08-17 12:20:49.448937,2398,31153.0,19123131.0,9164729.0,407.7906872385321,12.991242702251876,7974.616763969975,-520.0,3520.0,5225003.0,7019523.0,-4.665193984223208,0,0,0,0.8903906133967029,-0.10960938660329714,-1.2370841197163038,1.1244297181797183,0.12442971817971824,1.1587020867069626,1.554205704002328,0.5542057040023282,1.746091793913653,4.73159620535931,3.7315962053593092,10.0,0.9635190693023112,-0.036480930697688756,-0.4215362760460237,1.2613562178486895,0.26135621784868945,3.2145385620016955,1.7568283981303,0.7568283981302999,2.597226664588446,-7.0606060606060606,1.3605150214592274,3.0714421187757037,10.0,-0.7367281490056775
9,2011-08-17 12:21:19.476808,2475,57620.0,35046406.0,6634882.0,389.3842614965656,23.28080808080808,14160.16404040404,77.0,26467.0,15923275.0,-2529847.0,-18.406425741966476,0,0,0,0.9288448547624409,-0.07115514523755907,-0.7070183803073115,2.0440307349571114,1.0440307349571114,8.768226503760221,2.7014658030195604,1.7014658030195604,4.572934953839342,1.9515321962066245,0.9515321962066244,0.9996789807760699,0.9228918619956706,-0.07710813800432931,-0.8759792441568037,2.1888598197608826,1.1888598197608828,8.691286699658919,2.894408729658195,1.8944087296581948,4.72528081520312,3.692307692307692,10.0,10.0,-2.729323930163899,-10.0
9,2011-08-17 12:21:49.444786,2385,25298.0,13884841.0,1509996.0,387.0644806209644,10.60712788259958,5821.736268343816,-90.0,-32322.0,-21161565.0,-5124886.0,-2.319780875601225,0,0,0,0.8943973599339984,-0.10560264006600162,-1.0573003704990627,0.7335730441338514,-0.26642695586614856,-0.6902339530813674,0.7662763823949802,-0.2337236176050198,-0.4063053065399538,0.34776308289335045,-0.6522369171066495,-0.8375113235151543,0.9609641849688177,-0.03903581503118221,-1.1389568246588304,0.8053056088911499,-0.19469439110885017,-0.4394541088135571,0.8354119297699468,-0.16458807023005323,-0.25893808814662644,-10.0,-6.133246513991677,-5.111613302222613,-6.439317727751686,0.8787354218707207
10,2011-08-18 09:56:29.146156,3,8.0,1142.0,707.0,2231.2397053333334,2.6666666666666665,380.6666666666667,0.0,0.0,0.0,0.0,0.0,0,0,0,1.0,0.0,0.0,1.0,0.0,0.0,1.0,0.0,0.0,1.0,0.0,0.0,1.0,0.0,0.0,1.0,0.0,0.0,1.0,0.0,0.0,0.0,0.0,0.0,0.0,0.0
10,2011-08-18 10:10:52.782230,1,2.0,290.0,145.0,1535.769409,2.0,290.0,-2.0,-6.0,-852.0,-562.0,-695.4702963333334,0,0,0,0.3333333333333333,-0.6666666666666666,0.0,0.25,-0.75,0.0,0.2539404553415061,-0.7460595446584939,0.0,0.2050919377652051,-0.7949080622347949,0.0,0.6883031909700467,-0.31169680902995334,0.0,0.75,-0.24999999999999994,0.0,0.7618213660245183,-0.23817863397548164,0.0,0.0,0.0,0.0,0.0,0.0
10,2011-08-18 10:19:13.328372,1826,944164.0,596868774.0,411970711.0,1271.0472561106244,517.0668127053669,326872.27491785324,1825.0,944162.0,596868484.0,411970566.0,-264.7221528893756,0,0,0,10.0,10.0,10.0,10.0,10.0,10.0,10.0,10.0,10.0,10.0,10.0,10.0,0.6748309959083112,-0.32516900409168875,-1.2454096545810494,10.0,10.0,10.0,10.0,10.0,10.0,10.0,10.0,10.0,10.0,0.23872477578108853
10,2011-08-18 10:19:29.146497,2927,170057.0,54424834.0,12522123.0,891.8984545404852,58.09941920054664,18594.066962760506,1101.0,-774107.0,-542443940.0,-399448588.0,-379.1488015701392,0,0,0,4.798360655737705,3.7983606557377048,2.2001973200464366,0.5403357855649488,-0.4596642144350512,-0.26539147418529135,0.27355110099095814,-0.7264488990090419,-0.4194169767812806,0.0911868011627783,-0.9088131988372217,-0.5247051727086172,0.5310967497939432,-0.46890325020605683,-1.5878070603422134,0.3340752788405068,-0.6659247211594932,-0.3897001082541035,0.17030500067694895,-0.829694999323051,-0.48050040371734576,0.8118486012068021,-3.4596793326526547,-3.726453459282242,-3.9088180021961016,-0.18460253007738023
10,2011-08-18 10:19:59.155627,2804,89657.0,21848195.0,6378498.0,793.0359640570614,31.974679029957205,7791.795649072753,-123.0,-80400.0,-32576639.0,-6143625.0,-98.8624904834238,0,0,0,2.357788522177843,1.3577885221778432,1.1192373799449482,0.32186144524788846,-0.6781385547521116,-0.41892269719107667,0.1341830885123891,-0.8658169114876109,-0.48528848873777963,0.060104526501720455,-0.9398954734982795,-0.48898497341534153,0.5349355854893157,-0.4650644145106843,-1.2207189633343645,0.22057857778454282,-0.7794214222154572,-0.45290965918973564,0.0900429073652023,-0.9099570926347977,-0.4907405907980207,-1.1682626538987688,-2.8912195896476898,-3.394298350799134,-2.9625975209193594,0.7047429385904442
10,2011-08-18 10:20:29.207325,2286,76246.0,42434952.0,3968001.0,815.9019630704288,33.353455818022745,18562.97112860892,-518.0,-13411.0,20586757.0,-2410497.0,22.8659990133674,0,0,0,1.511704800952255,0.5117048009522549,0.5362023884253843,0.316665669896203,-0.6833343301037971,-0.41180086064698146,0.3152000183140814,-0.6847999816859186,-0.3554681506393575,0.04604614950033535,-0.9539538504996646,-0.4511881949691806,0.6067998519352068,-0.3932001480647932,-0.9143875766222882,0.2725812578909485,-0.7274187421090514,-0.40117188961467753,0.262241599278121,-0.737758400721879,-0.3642979086163332,-1.9246697607997143,-1.7479726488862117,3.7115638434163185,-2.889758538653901,1.079494992111048
10,2011-08-18 10:20:59.170379,2655,71786.0,41811277.0,4634136.0,601.2500966952919,27.03804143126177,15748.12693032015,369.0,-4460.0,-623675.0,666135.0,-214.65186637513693,0,0,0,1.3485371800081267,0.34853718000812683,0.5794819249636128,0.28038646195765105,-0.719613538042349,-0.47315837274876005,0.292150770431715,-0.707849229568285,-0.3980505519768875,0.05328559427624003,-0.94671440572376,-0.4530333684373959,0.5663992082717347,-0.43360079172826527,-1.4038464203816117,0.21041461863601563,-0.7895853813639844,-0.465151657064329,0.2116051706586035,-0.7883948293413965,-0.41513956185996603,-0.1918528252299606,-1.2925050499750779,-1.0734879804570931,-0.1604668068461778,0.2416938375714406
10,2011-08-18 10:21:29.153629,2779,93283.0,70007028.0,12519671.0,543.4004917689816,33.56711047139259,25191.445843828715,124.0,21497.0,28195751.0,7885535.0,-57.84960492631024,0,0,0,1.1117778844615138,0.11177788446151388,0.6252103656129188,0.345004475149973,-0.654995524850027,-0.46757519420313515,0.462160907237573,-0.537839092762427,-0.32685562127528306,0.1424394404113619,-0.8575605595886381,-0.4159873524267718,0.6212941619933734,-0.37870583800662655,-1.345825691651102,0.2514268225766949,-0.748573177423305,-0.4653636038771343,0.3249928468337992,-0.6750071531662009,-0.3751636684657716,-0.7663903541823662,0.49733923994204843,2.3718112179461346,7.50836244610747,0.690484700719337
10,2011-08-18 10:21:59.152745,2787,59903.0,38449443.0,14628888.0,570.2051233028346,21.493720846788666,13795.996770721204,8.0,-33380.0,-31557585.0,2109217.0,26.80463153385301,0,0,0,1.0359824548360717,0.03598245483607174,0.39393329554719236,0.5977997281594478,-0.4022002718405522,-1.0059876367608622,0.8339492139304234,-0.16605078606957652,-0.4312152036687434,1.8275862267130263,0.8275862267130264,1.5713233642157773,0.7820698962505812,-0.21793010374941882,-1.065481827362574,0.583964701700642,-0.4160352982993581,-1.2559776689804785,0.8031349823900557,-0.19686501760994435,-0.5375817012999651,-0.9580272822665268,0.8038503621540497,0.70051360494865,1.0264014458442767,1.1841871141837976
10,2011-08-18 10:22:29.211362,2241,39876.0,20863471.0,2482492.0,630.5397938656849,17.79384203480589,9309.893351182507,-546.0,-20027.0,-17585972.0,-12146396.0,60.33467056285031,0,0,0,0.8417849898580122,-0.15821501014198777,-1.928022993746057,0.5100863447393668,-0.4899136552606332,-2.8186674897982003,0.48621263034115986,-0.5137873696588402,-1.273303467521522,0.2946284706989647,-0.7053715293010353,-1.22812272499329,0.9485242803391746,-0.05147571966082546,-0.26439681636543205,0.6034797261637198,-0.3965202738362802,-2.2534324472443634,0.5740445639632503,-0.4259554360367496,-1.0818168370186856,-10.0,0.09095448190714814,-4.504081871924137,-10.0,1.9377668839252085
10,2011-08-18 10:22:59.210896,2193,34778.0,16254438.0,1971958.0,598.2808391554947,15.858641130870954,7411.964432284541,-48.0,-5098.0,-4609033.0,-510534.0,-32.25895471019021,0,0,0,0.8601349231251961,-0.13986507687480387,-1.3363887244315806,0.5098008173699918,-0.49019918263000817,-1.6837395873652095,0.38054805037451367,-0.6194519496254863,-1.501890331186449,0.2578856359035506,-0.7421143640964494,-1.0284748697880333,0.9462583718844277,-0.05374162811557224,-0.3153623751529405,0.5950880636640445,-0.4049119363359555,-1.5338938127219441,0.4486203206607095,-0.5513796793392904,-1.543304289838524,0.5737122557726465,0.48795725276712004,-10.0,0.3447982369637007,0.0073933843426000805
10,2011-08-18 10:23:29.164758,2082,37928.0,28108256.0,2066406.0,617.7699108357349,18.217098943323727,13500.603266090298,-111.0,3150.0,11853818.0,94448.0,19.48907168024016,0,0,0,0.8225997629395496,-0.1774002370604504,-1.5383389343184435,0.6329223765627816,-0.3670776234372184,-0.9197945694268345,0.7500108719633756,-0.24998912803662446,-0.44112144672687453,0.2851226276242237,-0.7148773723757763,-0.8768589182522951,1.0493169738743229,0.049316973874322975,0.8760283290403644,0.7869065031377375,-0.2130934968622625,-0.6837321840984814,0.9446606021832322,-0.05533939781676783,-0.11376346730507768,-4.967741935483871,1.3798109385550303,3.2638627339402126,1.2365880895351453,1.4477752740551566
10,2011-08-18 10:23:59.147199,2565,42590.0,23732714.0,3844404.0,527.8870831633528,16.60428849902534,9252.52007797271,483.0,4662.0,-4375542.0,1777998.0,-89.88282767238206,0,0,0,1.0614964409865917,0.061496440986591586,0.43757050483994175,0.8012627554859878,-0.1987372445140122,-0.4311045641919617,0.6832206876454823,-0.31677931235451773,-0.5136451740464502,0.5709044840844428,-0.42909551591555717,-0.45925237986198825,0.8916420649542202,-0.10835793504577984,-1.8098380719722353,0.7764062611771645,-0.2235937388228355,-0.6730778767523014,0.6684390230390633,-0.33156097696093667,-0.6644871708118106,5.214659685863875,1.6884635832004253,-0.5965610794875085,4.462198128307882,-10.0
10,2011-08-18 10:24:29.194399,2476,27065.0,13749972.0,2198608.0,578.4451871231826,10.930936995153472,5553.300484652666,-89.0,-15525.0,-9982742.0,-1645796.0,50.55810395982974,0,0,0,1.0431412200876307,0.04314122008763064,0.3498105134683463,0.629199116587237,-0.370800883412763,-1.6174685757374052,0.539602585771438,-0.4603974142285619,-1.3908505163605251,0.4398245541316312,-0.5601754458683689,-0.5152052577269562,0.9821859197900236,-0.017814080209976442,-0.25582200098837504,0.6074930326796308,-0.3925069673203691,-3.2552215901554957,0.5212313255502454,-0.4787686744497546,-1.796244136526843,-1.0794392523364487,-0.5312765076046002,-0.07864829719571848,0.051443603983600684,10.0
11,2011-08-18 15:39:35.087798,4922,1553697.0,1012130069.0,167139646.0,258.6973787612759,315.6637545713125,205633.90268183663,0.0,0.0,0.0,0.0,0.0,0,0,0,1.0,0.0,0.0,1.0,0.0,0.0,1.0,0.0,0.0,1.0,0.0,0.0,1.0,0.0,0.0,1.0,0.0,0.0,1.0,0.0,0.0,0.0,0.0,0.0,0.0,0.0
11,2011-08-18 15:40:05.112527,4253,1253107.0,1198207468.0,30670232.0,191.30865592428876,294.64072419468613,281732.2990830002,-669.0,-300590.0,186077399.0,-136469414.0,-67.38872283698717,0,0,0,0.8640796424217798,-0.13592035757822024,0.0,0.8065324191267667,-0.19346758087323332,0.0,1.183847318343034,0.18384731834303403,0.0,0.1835006399379355,-0.8164993600620645,0.0,0.7395075158485739,-0.2604924841514261,0.0,0.9334005565346686,-0.06659944346533138,0.0,1.370067364421447,0.370067364421447,0.0,0.0,0.0,0.0,0.0,0.0
11,2011-08-18 15:40:35.107200,3408,78380.0,50935766.0,4089930.0,128.11501855252348,22.99882629107981,14945.94072769953,-845.0,-1174727.0,-1147271702.0,-26580302.0,-63.19363737176525,0,0,0,0.7428882833787466,-0.2571117166212534,-2.493370548309515,0.055849998788657845,-0.9441500012113422,-6.233953500923927,0.04608867663635936,-0.9539113233636406,-8.012314327527811,0.041352131059905914,-0.9586478689400941,-0.982554755048095,0.569392446668152,-0.4306075533318479,-2.033282664398067,0.07536836805648926,-0.9246316319435107,-10.0,0.061333513376913326,-0.9386664866230867,-4.2508542808737015,-1.5261584454409567,-6.816141588209854,-10.0,0.6104577396368097,-0.8754959201298471
11,2011-08-18 15:41:05.118467,3037,91019.0,70973314.0,4982722.0,110.48456748304248,29.9700362199539,23369.54692130392,-371.0,12639.0,20037548.0,892792.0,-17.630451069480998,0,0,0,0.7240721608519431,-0.27592783914805685,-1.5254101298246268,0.09464110434551141,-0.9053588956544886,-1.1168294128753724,0.09415931356794513,-0.9058406864320548,-1.1088996730560008,0.0740375444042027,-0.9259624555957973,-0.7123663758545209,0.573329237177295,-0.42667076282270494,-1.259102844318622,0.14197006069904888,-0.8580299393009512,-1.1095988508128833,0.1395718614645145,-0.8604281385354854,-1.048272935652419,0.2648612945838838,1.0257009171588207,1.0625395342152792,1.0164267443434247,0.594957901481567
11,2011-08-18 15:41:35.112433,1649,27261.0,18077920.0,11227649.0,93.66073285021226,16.531837477258946,10962.959369314736,-1388.0,-63758.0,-52895394.0,6244927.0,-16.823834632830227,0,0,0,0.42227912932138284,-0.5777208706786171,-2.661294092897329,0.0366386298246457,-0.9633613701753543,-0.9294511943174855,0.03100516020600578,-0.9689948397939943,-0.9297088729220382,0.21708259271577934,-0.7829174072842207,-0.5196280994460466,0.5440602285652425,-0.4559397714347575,-1.1657941402199294,0.09969848898452272,-0.9003015110154774,-0.9264234874388908,0.08341899358555897,-0.9165810064144411,-0.9033525182097427,-1.9453580901856764,0.8256403665058202,0.7751898662194695,1.15404650867699,0.5459546448721607
12,2011-08-19 10:02:43.748728,1,3.0,435.0,290.0,3063.798096,3.0,435.0,0.0,0.0,0.0,0.0,0.0,0,0,0,1.0,0.0,0.0,1.0,0.0,0.0,1.0,0.0,0.0,1.0,0.0,0.0,1.0,0.0,0.0,1.0,0.0,0.0,1.0,0.0,0.0,0.0,0.0,0.0,0.0,0.0
12,2011-08-19 10:10:35.615858,1,3.0,433.0,290.0,2408.900391,3.0,433.0,0.0,0.0,-2.0,0.0,-654.8977049999999,0,0,0,1.0,0.0,0.0,1.0,0.0,0.0,0.9954022988505747,-0.004597701149425287,0.0,1.0,0.0,0.0,0.7862464547337457,-0.21375354526625434,0.0,1.0,0.0,0.0,0.9954022988505747,-0.004597701149425287,0.0,0.0,0.0,0.0,0.0,0.0
12,2011-08-19 10:16:33.807982,1,2.0,290.0,145.0,1981.947021,2.0,290.0,0.0,-1.0,-143.0,-145.0,-426.9533700000002,0,0,0,1.0,0.0,0.0,0.6666666666666666,-0.3333333333333333,0.0,0.6682027649769585,-0.3317972350230415,-10.0,0.5,-0.5,0.0,0.7243033855082541,-0.2756966144917459,-1.6290877894340854,0.6666666666666666,-0.3333333333333333,0.0,0.6682027649769585,-0.3317972350230415,-10.0,0.0,0.0,-10.0,0.0,-0.3038780461140882
12,2011-08-19 10:26:31.883066,1,2.0,290.0,145.0,1559.903076,2.0,290.0,0.0,0.0,0.0,0.0,-422.0439449999999,0,0,0,1.0,0.0,0.0,0.75,-0.24999999999999994,-1.1547005383792512,0.7512953367875648,-0.24870466321243523,-1.1546170187568228,0.6,-0.39999999999999997,-1.1547005383792515,0.627757446410824,-0.37224255358917596,-1.6974792946226926,0.75,-0.24999999999999994,-1.1547005383792512,0.7512953367875648,-0.24870466321243523,-1.1546170187568228,0.0,1.0,1.0,1.0,-0.1703383804466799
12,2011-08-19 10:26:56.132358,1,2.0,290.0,145.0,1848.048584,2.0,290.0,0.0,0.0,0.0,0.0,288.14550799999984,0,0,0,1.0,0.0,0.0,0.8,-0.2,-0.8660254037844387,0.8011049723756906,-0.19889502762430938,-0.865983642462954,0.6666666666666666,-0.3333333333333333,-0.8660254037844387,0.8200293411386643,-0.17997065886133568,-0.6319986886432754,0.8,-0.2,-0.8660254037844387,0.8011049723756906,-0.19889502762430938,-0.865983642462954,0.0,1.0,1.0,1.0,1.7663979311534654
12,2011-08-19 10:32:11.292538,398,3128323.0,1723899518.0,681165037.0,1302.6531876884424,7860.108040201005,4331405.824120603,397.0,3128321.0,1723899228.0,681164892.0,-545.3953963115575,0,0,0,10.0,10.0,0.0,10.0,10.0,10.0,10.0,10.0,10.0,10.0,10.0,10.0,0.5996048493475913,-0.4003951506524087,-1.4879013531427003,10.0,10.0,10.0,10.0,10.0,10.0,0.0,10.0,10.0,10.0,-1.2430418064258184
12,2011-08-19 10:32:13.751934,3716,442117.0,197088459.0,40916604.0,1044.9217270091497,118.97658772874058,53037.79843918192,3318.0,-2686206.0,-1526811059.0,-640248433.0,-257.7314606792927,0,0,0,10.0,10.0,10.0,0.7066337588209947,-0.29336624117900534,-0.13119784332513867,0.5716351445487247,-0.4283648554512754,-0.19157076818919086,0.3003424884411615,-0.6996575115588385,-0.3128967676530694,0.5740412063892533,-0.42595879361074673,-1.8415349105805405,0.07559725137901493,-0.924402748620985,-0.41399734136248345,0.061206280634317545,-0.9387937193656825,-0.41999920037087707,10.0,-5.293368325490999,-5.428365540815128,-5.699659192726837,0.2682843431481608
12,2011-08-19 10:32:43.750293,2960,307199.0,175342328.0,115742374.0,910.2059036003378,103.78344594594594,59237.272972972976,-756.0,-134918.0,-21746131.0,74825770.0,-134.71582340881184,0,0,0,3.594850619383046,2.594850619383046,1.3139214335412124,0.430196955786476,-0.569803044213524,-0.2985017734820146,0.45638559607941337,-0.5436144039205866,-0.2770837531220703,0.8014488785067143,-0.1985511214932857,-0.09539753687392355,0.5881802970587557,-0.41181970294124426,-1.6568859484036595,0.06498581466684679,-0.9350141853331533,-0.42645040733336326,0.06754052055505569,-0.9324594794449443,-0.42348668727987615,-2.0174966352624497,-2.5258281800621556,-1.55168574776836,8.143757426438755,0.5061659431876733
12,2011-08-19 10:33:13.757874,2923,545584.0,381028926.0,162669696.0,688.2408265641465,186.6520697913103,130355.43140608964,-37.0,238385.0,205686598.0,46927322.0,-221.96507703619136,0,0,0,2.0654324477105708,1.0654324477105708,0.8457082354113957,0.7034995227771097,-0.2965004772228903,-0.17297111815943905,0.9087995810356054,-0.09120041896439454,-0.05200424910610367,0.9707864466882469,-0.029213553311753113,-0.01682330430643195,0.5162529615499107,-0.48374703845008926,-1.6944456627487556,0.11540442361999355,-0.8845955763800064,-0.4099221716356673,0.14665591700199143,-0.8533440829980085,-0.39409597592888884,-1.0625211220006758,2.880002083353679,4.865296204667132,1.027234243086851,-0.03553495071057608
12,2011-08-19 10:33:43.755079,2736,150667.0,115853223.0,14676479.0,662.1576518790205,55.06834795321637,42344.01425438596,-187.0,-394917.0,-265175703.0,-147993217.0,-26.083174685125982,0,0,0,1.3682736547309462,0.36827365473094625,0.4385083661039963,0.17031351559099978,-0.8296864844090002,-0.5775183750383674,0.23382400095331177,-0.7661759990466882,-0.5424315083946125,0.07334617255260786,-0.9266538274473921,-0.6711417170054613,0.5714097566341241,-0.428590243365876,-1.116187073086991,0.03328792470836141,-0.9667120752916386,-0.4609042214906092,0.04628442663241595,-0.9537155733675841,-0.45670633450278203,-1.3199863107460643,-4.61922680733602,-4.479734565146962,-5.54889117509152,0.850382561009111
12,2011-08-19 10:34:13.771471,2763,58358.0,29027876.0,21085246.0,593.1355845588129,21.121245023525155,10505.926891060442,27.0,-92309.0,-86825347.0,6408767.0,-69.02206732020761,0,0,0,1.0849760464933638,0.08497604649336374,0.17198958527324235,0.06379471303420065,-0.9362052869657993,-0.6872000423925633,0.055968950702872104,-0.9440310492971279,-0.7189585362455535,0.10385079372750297,-0.8961492062724971,-0.6648053374864306,0.6435682580518061,-0.35643174194819394,-1.236531954678248,0.012686059524015173,-0.9873139404759848,-0.4746005798149313,0.011378965893812047,-0.988621034106188,-0.47901425957961463,-0.9506398537477148,-4.063385656920984,-4.747222653396267,1.1833677947094965,0.7089864444921555
12,2011-08-19 10:34:43.758407,2936,36420.0,14924386.0,2594247.0,520.9714210885559,12.404632152588556,5083.237738419619,173.0,-21938.0,-14103490.0,-18490999.0,-72.164163470257,0,0,0,0.9723142138031527,-0.027685786196847237,-0.20832902411187074,0.12108316571637548,-0.8789168342836245,-1.3166970351383538,0.08306639195637479,-0.9169336080436252,-1.2669489380399004,0.03652938811223674,-0.9634706118877633,-1.0503758600105066,0.6681413546887698,-0.33185864531123016,-1.3620806143224462,0.12772434943553887,-0.8722756505644611,-1.3360430589141934,0.0860164833623347,-0.9139835166376652,-1.2265948208237354,-0.6342494714587738,0.964269950960353,0.9583936339174409,0.8599336076325961,0.4914561446259668
12,2011-08-19 10:35:13.754149,2461,85454.0,28638023.0,3794423.0,705.1241007135311,34.72328321820398,11636.742381145876,-475.0,49034.0,13713637.0,1200176.0,184.15267962497524,0,0,0,0.8594077385109652,-0.14059226148903475,-3.818507440536556,0.3890540033581369,-0.6109459966418631,-0.635692221156071,0.19993684128855796,-0.8000631587114421,-0.7733470694999353,0.05989276847567849,-0.9401072315243215,-0.8328521388902819,1.0447176361294825,0.044717636129482645,0.20573233919901682,0.4580548631726783,-0.5419451368273217,-0.5737305109039389,0.23506112225009246,-0.7649388777499077,-0.7507532979819804,-2.0448717948717947,1.6043180008725724,1.3764089365744474,1.1565895333629923,2.7573487174648594
12,2011-08-19 10:35:43.752517,2556,45070.0,24471412.0,6928725.0,973.5951912010954,17.63302034428795,9574.104851330205,95.0,-40384.0,-4166611.0,3134302.0,268.4710904875643,0,0,0,0.9248136623489398,-0.0751863376510602,-1.0822813911488571,0.257107097342447,-0.742892902657553,-0.6160326619038932,0.21486037373320865,-0.7851396262667913,-0.5783368347610689,0.16914173229226814,-0.8308582677077319,-0.49708691504836,1.535818563577168,0.5358185635771681,4.456342476453692,0.28443146663234176,-0.7155685333676582,-0.6202504647935267,0.23944198980808165,-0.7605580101919184,-0.5782568171344087,1.9519038076152306,0.08940449615549392,0.8579928857575106,1.1399892526840443,7.545463485995997
12,2011-08-19 10:36:13.765325,2810,53222.0,32939374.0,5361923.0,534.151567002847,18.94021352313167,11722.19715302491,254.0,8152.0,8467962.0,-1566802.0,-439.4436241982485,0,0,0,1.044454356229557,0.04445435622955691,0.6430730257529415,0.7077977173649955,-0.29220228263500453,-0.4767538866719404,0.7735337194781841,-0.22646628052181594,-0.23321112798944302,0.546252968675885,-0.45374703132411504,-0.5663662561887982,0.7730159891036076,-0.22698401089639245,-0.9079001682058815,0.6718745115367059,-0.32812548846329415,-0.5395279084574808,0.7405610839024807,-0.25943891609751935,-0.27323533427191565,4.460490463215258,1.0814362835005613,1.1187460881836864,0.9496984643816045,-8.699963250208988
12,2011-08-19 10:36:43.811535,2154,34302.0,19086709.0,2722573.0,712.2647731165273,15.924791086350975,8861.05338904364,-656.0,-18920.0,-13852665.0,-2639350.0,178.11320611368035,0,0,0,0.7962442702942482,-0.20375572970575184,-2.8512663058970844,0.6157817638695409,-0.3842182361304592,-1.1509455513947717,0.7340981444683636,-0.2659018555316363,-1.0050018103615788,0.34233658389917215,-0.6576634161008279,-0.6954822488370764,1.070438100449594,0.07043810044959409,0.2506426386063295,0.7596082496736056,-0.2403917503263944,-0.6047421365060079,0.9130925373067642,-0.08690746269323577,-0.30888989113741383,-10.0,0.02919595669351942,0.1646350297885701,-0.41678787480584156,7.957216381001648
12,2011-08-19 10:37:13.765243,2404,136552.0,127452182.0,3994387.0,540.4372897188019,56.80199667221298,53016.714642262894,250.0,102250.0,108365473.0,1271814.0,-171.82748339772536,0,0,1,0.9305566307966245,-0.06944336920337543,-0.5853008184732347,2.6830878538755365,1.6830878538755363,4.132589247794099,5.307857900669319,4.307857900669319,10.0,0.9331855301945048,-0.06681446980549527,-0.15459306835512798,0.7841272505291232,-0.21587274947087676,-0.8128730929425874,2.850763389894361,1.8507633898943612,4.274083729891753,5.654834480470926,4.654834480470926,10.0,3.0525451559934322,10.0,10.0,1.3463041573522547,-8.211812884735643
12,2011-08-19 10:37:43.780071,2402,44224.0,28303358.0,4655413.0,597.629431989592,18.411323896752705,11783.246461282264,-2.0,-92328.0,-99148824.0,661026.0,57.1921422707901,0,0,1,0.9697214372224465,-0.030278562777553492,-0.314801102241193,0.6235758601240835,-0.37642413987591655,-0.6455244635586478,0.6084448575741538,-0.39155514242584627,-0.40002335419788115,1.0208329687824738,0.020832968782473767,0.05853891966184542,0.8622375657403936,-0.1377624342596064,-0.5342795049906841,0.639178635592035,-0.360821364407965,-0.5983455911265705,0.6214083689885879,-0.37859163101141213,-0.3762826827247913,0.981203007518797,-5.610314385011784,-5.40552590224019,1.360571085748568,10.0
12,2011-08-19 10:38:13.757653,3009,35543.0,15145678.0,4442488.0,471.3903745706215,11.812229976736456,5033.458956463942,607.0,-8681.0,-13157680.0,-212925.0,-126.23905741897056,0,0,1,1.2205906214505924,0.22059062145059233,2.2593860228869884,0.5671091680760763,-0.4328908319239238,-0.6484357908977202,0.3260598510585664,-0.6739401489414336,-0.6870256043530123,0.9386984020341274,-0.06130159796587261,-0.18525265206852062,0.7018752081572915,-0.29812479184270846,-1.0922286717372658,0.46245812885252,-0.53754187114748,-0.7840425564715977,0.26503797401572193,-0.7349620259842781,-0.7321439577645167,10.0,-0.05275284986660199,-10.0,-2.2365126191941833,-4.871875271469026
12,2011-08-19 10:38:43.813478,2206,98908.0,18445256.0,7644556.0,593.4864293608341,44.83590208522212,8361.403445149592,-803.0,63365.0,3299578.0,3202068.0,122.09605479021263,0,0,1,0.8631348305814226,-0.1368651694185774,-1.011738474533093,1.6276168942513074,0.6276168942513075,0.8860880076970968,0.4137056322231255,-0.5862943677768745,-0.5578018907695506,1.8049378980302204,0.8049378980302203,3.4817291008476317,1.0390629041833415,0.03906290418334153,0.24609700587605038,1.8391868848303856,0.8391868848303856,1.115300139416677,0.46238173721016534,-0.5376182627898346,-0.4929458550857333,-9.863134657836646,10.0,2.769071474695718,7.439587215538984,2.2156001968421166
12,2011-08-19 10:39:13.786022,2181,45310.0,25631011.0,2679272.0,594.7754671930307,20.774873911049976,11751.953690967446,-25.0,-53598.0,7185755.0,-4965284.0,1.289037832196641,0,0,1,0.895687885010267,-0.10431211498973306,-0.7466326669821197,0.6481579496980222,-0.35184205030197785,-0.537017527671528,0.6148495798771157,-0.3851504201228842,-0.33315406681682747,0.5710440289287666,-0.4289559710712334,-1.1101586421065546,1.0201251612908089,0.020125161290808807,0.13264330333430027,0.7028690014881789,-0.2971309985118211,-0.4390261756941582,0.6749661315369561,-0.32503386846304394,-0.2822880271406593,0.793046357615894,-6.865910782296545,3.478852110904575,-10.0,-0.8913760156365205
12,2011-08-19 10:39:43.773477,2927,41714.0,23068536.0,2967846.0,490.88353109600274,14.251451998633414,7881.290058079945,746.0,-3596.0,-2562475.0,288574.0,-103.891936097028,0,0,1,1.199393542042288,0.1993935420422881,1.4534487162917473,0.578498184652338,-0.4215018153476619,-0.6925536750345874,0.5365337677106047,-0.4634662322893953,-0.4194303306888076,0.6337186747793698,-0.3662813252206301,-0.940072630440642,0.8772924163461998,-0.12270758365380023,-1.2546065986619597,0.4668433891690369,-0.5331566108309631,-0.8440725645032193,0.4381085294971179,-0.5618914705028821,-0.511041523675605,10.0,-2.633357558139535,-2.957790914905822,10.0,-3.421335851821164
12,2011-08-19 10:40:13.778612,2960,198979.0,183691891.0,12099578.0,413.5990301621621,67.22263513513514,62058.071283783785,33.0,157265.0,160623355.0,9131732.0,-77.2845009338406,0,0,1,1.163064833005894,0.16306483300589392,1.0464610837310042,3.744443900805046,2.7444439008050465,5.638762482072885,8.304797656947237,7.304797656947237,10.0,2.7020562024960277,1.7020562024960277,3.862375954643311,0.7525002954945045,-0.24749970450549547,-2.161856756390307,3.053193336787962,2.053193336787962,3.4179769052243305,6.924369346892239,5.92436934689224,10.0,-0.6845124282982792,9.291244016111687,8.693894645143933,10.0,-6.798046311898005
12,2011-08-19 10:40:43.781416,2819,103829.0,65137038.0,5491297.0,489.68469142532814,36.83185526782547,23106.43419652359,-141.0,-95150.0,-118554853.0,-6608281.0,76.085661263166,0,0,1,1.06113076865166,0.061130768651660054,0.3831560414383156,1.2347248450484476,0.2347248450484476,0.2858247277611764,1.224461559429961,0.22446155942996104,0.1634309885552483,0.9203165610479946,-0.07968343895200534,-0.12023167490596631,0.9548731315550637,-0.04512686844493632,-0.2911830753088824,1.1589845524447342,0.15898455244473425,0.21285394433031302,1.2150259280563604,0.21502592805636037,0.16912539270784427,-2.263440860215054,-4.074214080320506,-4.814787703800511,-5.438564298346423,3.067203584506475
12,2011-08-19 10:41:13.748841,2931,54167.0,29985798.0,13266296.0,415.4175535499829,18.48072330262709,10230.569089048107,112.0,-49662.0,-35151240.0,7774999.0,-74.26713787534521,0,0,1,1.1193003895211182,0.1193003895211182,0.7976520624066866,0.5541494455129516,-0.4458505544870483,-0.6853258096917196,0.4744982725336168,-0.5255017274663831,-0.47505630044003433,2.1478628593773137,1.1478628593773137,1.827021645481189,0.8043154904611108,-0.19568450953888916,-1.304301380813683,0.502420972481899,-0.497579027518101,-0.8736971930263151,0.45204337639730025,-0.5479566236026997,-0.5419780582984611,3.9473684210526314,-4.636323697390387,-4.515731518406381,10.0,-10.0
12,2011-08-19 10:41:43.776435,2453,26619.0,12561667.0,1934284.0,471.21317821932325,10.851610273134936,5120.94048104362,-478.0,-27548.0,-17424131.0,-11332012.0,55.79562466934033,0,0,1,0.8876103632942539,-0.1123896367057461,-0.9410099424479728,0.2997641886580826,-0.7002358113419175,-0.9354675267755507,0.1917728172055182,-0.8082271827944818,-0.7759360375843225,0.264939278778995,-0.735060721221005,-1.0626216044044954,0.9799138328545642,-0.020086167145435777,-0.13035339093331866,0.34436101283447923,-0.6556389871655208,-0.9513443058492835,0.22259477300488115,-0.7774052269951188,-0.7912323367474852,-4.296551724137931,-2.0786079881987436,-8.549095614400086,-10.0,2.5666866097534
12,2011-08-19 10:42:13.769660,2164,33538.0,18084674.0,10579566.0,490.4939944681146,15.49815157116451,8357.058225508317,-289.0,6919.0,5523007.0,8645282.0,19.280816248791325,12,1,0,0.7679205110007097,-0.2320794889992903,-3.0999090441139425,0.3942789695938002,-0.6057210304061997,-0.7364570132856426,0.28756504358330726,-0.7124349564166927,-0.6368284374991272,1.4792747207223094,0.47927472072230937,0.6555693112433191,1.0752683881071392,0.07526838810713915,0.8844776470458883,0.5248690242610775,-0.4751309757389225,-0.6011710314910887,0.38548274872447047,-0.6145172512755296,-0.5644731638331887,-6.3125,2.8508908030602966,3.1129625939909458,10.0,1.7802063400142272
12,2011-08-19 10:42:43.785546,2283,85254.0,54345505.0,3164275.0,413.7836341226456,37.34296977660972,23804.426193604904,119.0,51716.0,36260831.0,-7415291.0,-76.71036034546898,24,1,0,0.8565318526299992,-0.14346814737000077,-1.1068478677299882,1.0219067345588448,0.021906734558844752,0.025628786113375424,0.8780669140584754,-0.12193308594152466,-0.10615405781642234,0.3647913891628238,-0.6352086108371763,-1.1488477187518935,0.9072577206888505,-0.09274227931114958,-1.092069329722783,1.2540879171551178,0.2540879171551178,0.32698275962105,1.0932191715245996,0.09321917152459959,0.08625455823904755,1.779816513761468,10.0,10.0,-5.870969373545007,-10.0
12,2011-08-19 10:43:13.761166,2336,31296.0,18560684.0,2100397.0,465.76825851926367,13.397260273972602,7945.498287671233,53.0,-53958.0,-35784821.0,-1063878.0,51.98462439661808,97,1,0,0.9233201581027668,-0.0766798418972332,-0.5814954807890662,0.5157428800258399,-0.48425711997416016,-0.885502504034454,0.5152462807002042,-0.4847537192997959,-0.7635697264702399,0.3049736032801756,-0.6950263967198245,-0.9839481539336751,1.0211560062296745,0.021156006229674427,0.24946443176238228,0.5628849776715709,-0.43711502232842914,-0.836925030457242,0.5625575349303761,-0.437442465069624,-0.7088655575597973,1.3914327917282128,-1.3723016047482963,-0.38329419578835394,0.4046771553242235,10.0
12,2011-08-19 10:43:43.804274,2467,55428.0,38495748.0,2789883.0,396.0955102922578,22.46777462505067,15604.27563842724,131.0,24132.0,19935064.0,689486.0,-69.67274822700585,18,1,0,1.0138078408810718,0.013807840881071714,0.11315742179618689,1.20039502066062,0.20039502066062,0.38138837086486754,1.441374494369886,0.441374494369886,0.7059127832482072,0.4493315116229704,-0.5506684883770296,-0.6423387634674158,0.8776080431252921,-0.12239195687470797,-1.5885162071948526,1.17545288735248,0.17545288735248013,0.31734244697553277,1.4068427573294808,0.40684275732948083,0.6149646672612715,2.3561076604554865,2.663518674258613,3.1400412750212263,2.0166710902710197,-10.0
12,2011-08-19 10:44:13.753800,3067,58350.0,38491104.0,5455686.0,311.3436700238018,19.025105966742743,12550.0828170851,600.0,2922.0,-4644.0,2665803.0,-84.75184026845602,262,1,0,1.3103477740750236,0.31034777407502356,5.78180143008808,1.2568117690137204,0.25681176901372044,0.4892082344037028,1.3548599300865865,0.3548599300865864,0.5751062022568378,1.3262297198056923,0.32622971980569226,0.3677603764811313,0.6957852667078956,-0.3042147332921044,-3.3707518790371664,0.9554807541274909,-0.04451924587250906,-0.08317078983535796,1.0315328937007333,0.031532893700733325,0.050678444253129805,7.4655172413793105,10.0,-1.0027285706731532,2.272288043627146,-10.0
12,2011-08-19 10:44:43.753530,2292,21026.0,11092232.0,1404587.0,436.0515425767889,9.173647469458988,4839.542757417103,-775.0,-37324.0,-27398872.0,-4051099.0,124.70787255298706,87,1,0,0.9304213688398149,-0.06957863116018514,-0.4834593192392358,0.3984219262807637,-0.6015780737192362,-1.4473919804291195,0.33016974900509866,-0.6698302509949013,-1.4639311482618027,0.29153139333993,-0.7084686066600699,-0.9870468747803243,1.049469739671916,0.04946973967191602,0.2953055723036291,0.42576533872198496,-0.574234661278015,-1.3046813933299402,0.35448635164599995,-0.645513648354,-1.3570172291719058,-7.311074918566775,-6.881314802559012,-6.283352662072839,-6.75211094899134,4.900302001319368
12,2011-08-19 10:45:13.770537,2844,63655.0,44367122.0,4776830.0,349.17246873663856,22.38220815752461,15600.253867791842,552.0,42629.0,33274890.0,3372243.0,-86.87907384015028,68,1,0,1.1426275612695862,0.14262756126958617,1.0713128302336412,1.2662420331484678,0.26624203314846784,0.5320797106043281,1.3779869789704304,0.3779869789704304,0.702286185720517,1.601369455953498,0.601369455953498,1.1667977444606155,0.8629884166931912,-0.13701158330680888,-0.951274502699022,1.1035856275397726,0.10358562753977256,0.19417670907411963,1.204767690240772,0.2047676902407721,0.3609487463939789,10.0,10.0,10.0,2.8377388111733004,-6.978982468825275
12,2011-08-19 10:45:43.798005,2521,41721.0,27118571.0,2389879.0,322.61642856525185,16.549385164617217,10757.069020230068,-323.0,-21934.0,-17248551.0,-2386951.0,-26.556040171386712,7,1,0,0.9691680762724897,-0.030831923727510313,-0.2365311457482162,0.9079454201214338,-0.0920545798785663,-0.2266699902952021,0.8979249556096414,-0.10207504439035861,-0.2128797089988094,0.7230058745537633,-0.27699412544623675,-0.5260032369204172,0.823660252547384,-0.17633974745261607,-1.1011356486436443,0.9572094623263,-0.04279053767369997,-0.12651520107009606,0.9512853704762555,-0.04871462952374454,-0.1151309913846524,-3.8787878787878785,-4.077549886568822,-7.642958984436657,-8.401146007423003,-1.0550658707928218
12,2011-08-19 10:46:13.823679,2026,48472.0,35316748.0,2322702.0,365.84121545952615,23.92497532082922,17431.76110562685,-495.0,6751.0,8198177.0,-67177.0,43.2247868942743,9,1,0,0.7679478432264423,-0.23205215677355767,-1.9628177728984473,1.0090765259388792,0.009076525938879174,0.0254454306178559,1.1066586455982075,0.10665864559820748,0.25763397229156165,0.690587098130359,-0.309412901869641,-0.6140464586441202,1.0076717971975016,0.00767179719750158,0.05330216880295679,1.3351270624555407,0.3351270624555406,1.0955456182784118,1.4685258282101241,0.468525828210124,1.2515334769282185,-10.0,2.2378896882494006,3.7898371408736757,-2.160296667841178,2.509753207771094
12,2011-08-19 10:46:43.755507,2246,15786.0,5382498.0,1390124.0,341.5832090271594,7.028495102404274,2396.481745325022,220.0,-32686.0,-29934250.0,-932578.0,-24.25800643236676,4,1,0,0.8807843137254902,-0.1192156862745098,-0.7289381912927462,0.3384300072033753,-0.6615699927966248,-1.852234213982136,0.1720903941283612,-0.8279096058716389,-2.009162406509713,0.4251225895252777,-0.5748774104747223,-1.0763992038527355,0.9568021365688063,-0.04319786343119368,-0.3138943066155019,0.3859464192709671,-0.6140535807290328,-1.9238448861443032,0.19585912830144156,-0.8041408716985584,-2.0157128715870916,3.494331065759637,-10.0,-10.0,-8.980906757766263,-3.009018647845395
12,2011-08-19 10:47:13.802645,2063,52519.0,26315685.0,2798407.0,362.1849966398449,25.45758603974794,12756.027629665536,-183.0,36733.0,20933187.0,1408283.0,20.601787612685484,11,1,0,0.8646994718752619,-0.1353005281247381,-1.0390965871184292,1.3772946606524703,0.37729466065247036,0.7277729053624953,1.0673381286467063,0.06733812864670624,0.10181144510428396,1.1390341938968045,0.13903419389680438,0.24699971010889565,0.9976092297871596,-0.002390770212840386,-0.019879680377975245,1.6100430710645817,0.6100430710645816,1.2699888516417446,1.2499755517979738,0.24997555179797382,0.3897042628611423,-0.11449451887941542,5.315031482003572,4.1612909042440505,2.7319659619014542,2.4064321566539086
12,2011-08-19 10:47:43.751426,2406,116689.0,90848142.0,5300286.0,368.4534769522028,48.499168744804656,37758.995012468826,343.0,64170.0,64532457.0,2501879.0,6.268480312357951,39,1,0,1.028205128205128,0.028205128205128206,0.19234994375936976,2.6263205988665472,1.6263205988665468,4.0406496393930755,3.279701541272478,2.279701541272478,4.367692037463176,1.9375305144589734,0.9375305144589735,2.0483397026214223,1.0579241780959254,0.0579241780959255,1.1618310126728006,2.543414141211135,1.543414141211135,3.9093952686857585,3.203085703529608,2.203085703529608,4.444372306913896,8.489082969432316,9.187978280887815,10.0,7.974899915340575,1.4243111839633755
12,2011-08-19 10:48:13.793257,2652,106787.0,84251273.0,5959930.0,347.1555047386878,40.26659125188537,31768.95663650076,246.0,-9902.0,-6596869.0,659644.0,-21.29797221351504,102,1,0,1.1774107618540224,0.17741076185402233,1.8686918870115778,1.9402624397228065,0.9402624397228067,1.3869893473793027,2.2772873885800258,1.277287388580026,1.4734973695643663,2.098360316357587,1.0983603163575868,2.124241685168827,0.9858567073664624,-0.014143292633537625,-0.25400072195044815,1.6576124000573236,0.6576124000573237,1.0390608396180592,1.9586205671743833,0.9586205671743832,1.1767909661511191,3.8082191780821923,-1.9335520609420374,-1.709630403979947,5.30085432204426,-6.523044224503419
12,2011-08-19 10:48:43.749479,2334,31585.0,14568035.0,3128167.0,345.4279849061697,13.532562125107113,6241.660239931448,-318.0,-75202.0,-69683238.0,-2831763.0,-1.7275198325181125,269,1,0,1.0243131747564294,0.024313174756429426,0.21442480366929212,0.4641399194129074,-0.5358600805870926,-0.8581719152748253,0.3008503056650761,-0.6991496943349239,-0.9050873575959332,0.8801102825098843,-0.1198897174901157,-0.21572458799387906,0.9674670179318601,-0.03253298206813995,-0.9723606542818718,0.4660717342863869,-0.5339282657136131,-0.966944578179599,0.3056274807148149,-0.6943725192851852,-0.989251702831258,-10.0,-6.778901423170319,-7.098367096308521,-4.965997964734958,-1.3519936570367284
12,2011-08-19 10:49:13.764933,2203,60272.0,23082708.0,4552866.0,328.8280826654562,27.35905583295506,10477.852019972765,-131.0,28687.0,8514673.0,1424699.0,-16.599902240713504,76,1,0,0.9413725322621999,-0.058627467737800115,-0.6340365451770174,0.9319470816350514,-0.06805291836494866,-0.09773371878125962,0.5213706320890379,-0.47862936791096206,-0.5262841859399359,1.2254096670738746,0.22540966707387466,0.4453940923770412,0.9316271502185235,-0.06837284978147647,-2.0674781321639624,1.0149192032025252,0.014919203202525152,0.02302075491116868,0.5761992722080216,-0.42380072779197847,-0.49009472033789636,-3.1266233766233764,9.493811807899569,3.051855698230536,7.843953492702973,-3.065966481229999
12,2011-08-19 10:49:43.762922,2311,441086.0,404289383.0,11068055.0,453.3812248195586,190.8636953699697,174941.3167459974,108.0,380814.0,381206675.0,6515189.0,124.55314215410245,27,1,0,0.9911648653285298,-0.008835134671470197,-0.0928528187342519,5.9954275088894455,4.995427508889445,10.0,8.455607416070727,7.455607416070726,9.739350347412861,2.545591107789378,1.545591107789378,4.928636991406724,1.2938592304481031,0.2938592304481031,6.628117050832324,6.152330196096912,5.152330196096912,10.0,8.835108440488565,7.835108440488565,10.0,10.0,10.0,10.0,9.299905904433556,10.0
12,2011-08-19 10:50:13.792592,1894,26497.0,17370860.0,3641695.0,334.97235804487855,13.989968321013729,9171.520591341075,-417.0,-414589.0,-386918523.0,-7426360.0,-118.40886677468006,6,1,0,0.795397278683017,-0.20460272131698298,-2.9004779029714043,0.1751476364290162,-0.8248523635709838,-0.7532702502161659,0.14075969889910184,-0.8592403011008982,-0.6595221060936992,0.6067609898583453,-0.39323901014165474,-0.7811223596270959,0.9086478642461726,-0.09135213575382742,-0.6815426525239164,0.2182378864499871,-0.7817621135500129,-0.6951699038891834,0.17557263693229055,-0.8244273630677095,-0.6161079905386261,-9.40725806451613,-6.334845728021166,-6.118326024367971,-5.490130656105314,-7.491982680541369
12,2011-08-19 10:50:43.803705,2319,31653.0,16443056.0,2794747.0,345.4892486748598,13.64941785252264,7090.580422595946,425.0,5156.0,-927804.0,-846948.0,10.516890629981276,75,1,0,1.0176408636124274,0.01764086361242751,0.14748475680495962,0.2375541669731188,-0.7624458330268812,-0.5804781121179379,0.15125273809710912,-0.8487472619028908,-0.5501810846038021,0.4928883093698561,-0.5071116906301439,-0.8976194949969762,0.9545140364952474,-0.045485963504752695,-0.31867474864384704,0.23861628040264152,-0.7613837195973585,-0.5766560696677318,0.15241918752318934,-0.8475808124768107,-0.5438457955217016,5.150390624999999,1.2858346638282774,0.9368645672005124,-1.5532153496552192,2.570570365209721
12,2011-08-19 10:51:13.749562,2533,54132.0,41973951.0,2751535.0,262.6468296020529,21.37070667193052,16570.845242795105,214.0,22479.0,25530895.0,-43212.0,-82.84241907280693,48,1,0,1.14501401319953,0.14501401319952997,1.7312816704796261,0.45789748821251475,-0.5421025117874853,-0.3541114975290664,0.44113078707169445,-0.5588692129283055,-0.30766004810274306,0.5462531461517784,-0.45374685384822155,-0.6651706567549893,0.7263065912246321,-0.27369340877536785,-1.9111242354815543,0.4119341434692908,-0.5880658565307092,-0.39153763147110576,0.3984852762803512,-0.6015147237196489,-0.3354512493848466,4.213213213213214,2.495927276599143,2.8825812069354364,0.9317385440273122,-10.0
12,2011-08-19 10:51:43.778648,1737,15408.0,7467379.0,998449.0,320.04484052964887,8.870466321243523,4299.009211283823,-796.0,-38724.0,-34506572.0,-1753086.0,57.398010927595976,7,1,0,0.7713143872113677,-0.22868561278863234,-2.20857213056848,0.1255459226908285,-0.8744540773091715,-0.6010814968878677,0.07420482175968383,-0.9257951782403162,-0.5478313007695007,0.20122800295281154,-0.7987719970471885,-1.134958245340169,0.9274953604299284,-0.07250463957007157,-0.36405689716235345,0.1659688642096183,-0.8340311357903818,-0.5786966773928046,0.09848722911199843,-0.9015127708880015,-0.5355490662712151,-10.0,-9.587395218876127,-7.2954604400013485,-10.0,4.466852492981668
12,2011-08-19 10:52:13.766347,2414,32046.0,20482293.0,1690334.0,270.3761998769677,13.27506213753107,8484.79411764706,677.0,16638.0,13014914.0,691885.0,-49.66864065268118,221,1,0,1.118213822493978,0.11821382249397804,0.7721918436462158,0.281710198742563,-0.718289801257437,-0.44521842258607364,0.21005557011274142,-0.7899444298872585,-0.4478980626046232,0.3976417960993731,-0.6023582039006269,-0.6514790259216477,0.7875641288123366,-0.21243587118766336,-1.0516305411883888,0.2668415831806381,-0.7331584168193619,-0.4616230122061413,0.2000439288993628,-0.7999560711006372,-0.45712676161287663,8.263948497854077,2.8542706847360915,5.167351837415658,1.9732749421353768,-10.0
12,2011-08-19 10:52:43.765180,1840,66144.0,50423287.0,2764990.0,413.6011303179348,35.947826086956525,27403.960326086955,-574.0,34098.0,29940994.0,1074656.0,143.22493044096706,56,1,0,0.8442690648802422,-0.15573093511975777,-0.9831186998035544,2.0704161867080684,1.0704161867080684,2.4248910894525513,2.4303298249633625,1.4303298249633625,2.3156585785792925,1.1640337937282559,0.16403379372825586,0.3764072905172393,1.348526834972552,0.3485268349725521,2.821319863272361,2.526000435949656,1.5260004359496562,4.825311734908091,3.0037168994938437,2.0037168994938437,4.006323011887559,-10.0,1.4168052024251907,1.3900526433735239,1.5729835639170755,4.9131420157970265
12,2011-08-19 10:53:13.753505,2024,34515.0,23468662.0,3947279.0,348.3664764510869,17.052865612648223,11595.188735177866,184.0,-31629.0,-26954625.0,1182289.0,-65.2346538668478,3,1,0,0.9333210366134834,-0.0666789633865166,-0.4050065859605399,0.8655452069634824,-0.13445479303651764,-0.266350096220005,0.8578356544075755,-0.1421643455924245,-0.21510668621671392,1.7942087562289462,0.7942087562289462,2.1343836056257808,1.0804351144400917,0.08043511444009162,0.42164571768737097,0.9157033859616946,-0.08429661403830538,-0.1470041569213138,0.9080137789213523,-0.09198622107864772,-0.12540060504909328,10.0,-4.988826392917497,-5.077556089905288,7.742798318704695,-5.148268628709202
12,2011-08-19 10:53:43.773664,1821,32340.0,25928741.0,1232806.0,327.50533945414605,17.759472817133442,14238.73750686436,-203.0,-2175.0,2460079.0,-2714473.0,-20.8611369969409,5,1,0,0.8631968145620024,-0.1368031854379977,-0.8239249851286654,0.7995253281910554,-0.2004746718089446,-0.4079652147872724,0.9014580493411382,-0.09854195065886184,-0.16406695437285482,0.5072195739063625,-0.4927804260936375,-1.0592393773044064,1.0139261464013865,0.013926146401386433,0.07279768850666153,0.9200185604933868,-0.07998143950661321,-0.14863833110462715,1.0415469220390519,0.04154692203905175,0.06389814407983899,-2.440677966101695,-4.79979035639413,0.7507948780503775,-10.0,-10.0
12,2011-08-19 10:54:13.773702,2133,27976.0,18852357.0,1765592.0,227.42898654571027,13.115799343647446,8838.423347398031,312.0,-4364.0,-7076384.0,532786.0,-100.07635290843578,0,0,1,1.0842822285481903,0.0842822285481903,0.6121845922012943,0.7751602910453138,-0.22483970895468622,-0.43944873635521015,0.7377437421676868,-0.2622562578323132,-0.4290732468571112,0.8301747117556018,-0.16982528824439827,-0.2952876564821658,0.6769146992483138,-0.3230853007516862,-2.088261795253601,0.7058662888992382,-0.29413371110076175,-0.5289328523062198,0.6693575521301224,-0.33064244786987756,-0.4984593211463306,3.191011235955056,-0.0012848751835536811,-1.2051391038197692,2.754052237100892,-8.714974730120634
12,2011-08-19 10:54:43.758667,1924,21228.0,11356390.0,1237129.0,242.6354910680873,11.033264033264032,5902.489604989605,-209.0,-6748.0,-7495967.0,-528463.0,15.206504522377031,3,1,0,0.9401876465989053,-0.05981235340109465,-0.5033402815318416,0.5498883541169096,-0.4501116458830904,-1.1156190093618046,0.40804722262185555,-0.5919527773781444,-1.2751547617756145,0.5425527986533814,-0.45744720134661865,-0.9598211787061937,0.7643130906857402,-0.23568690931425987,-1.0420443800817414,0.567840839555345,-0.43215916044465497,-0.8863072185056317,0.418253773510584,-0.581746226489416,-1.0543885323046336,-3.6388888888888884,-3.6845957988542333,-4.292042812906621,-4.44435783159072,1.8209450039198547
12,2011-08-19 10:55:13.753483,1847,32367.0,19008903.0,1856823.0,209.1551908316188,17.52409312398484,10291.772062804548,-77.0,11139.0,7652513.0,619694.0,-33.48030023646848,0,0,1,0.9479572982960377,-0.05204270170396227,-0.7755998234968945,0.8882125980362563,-0.1117874019637437,-0.23461457301895128,0.730946139526852,-0.26905386047314805,-0.4748676477525081,0.848035074822366,-0.151964925177634,-0.2857671751313235,0.6705680403520856,-0.32943195964791433,-1.3307087899836973,0.9232028071928595,-0.07679719280714054,-0.14750943749220036,0.7569839520112714,-0.24301604798872858,-0.3971059184351351,0.21428571428571427,6.148363838047699,5.1927428989766815,7.836795710550414,-5.03450698883201
12,2011-08-19 10:55:43.769567,2130,205160.0,42835808.0,20566920.0,195.1621550741784,96.31924882629109,20110.707981220658,283.0,172793.0,23826905.0,18710097.0,-13.993035757440424,0,0,1,1.0924197353574725,0.09241973535747258,1.3934827190443486,6.911188066780753,5.911188066780753,10.0,2.1718696434711644,1.1718696434711644,4.154376335330814,10.0,9.242868536277586,10.0,0.7201069349487456,-0.2798930650512545,-1.2105575124576848,6.296569624971982,5.296569624971982,10.0,1.976808311400973,0.9768083114009729,3.199566854133946,10.0,10.0,4.792355915684993,10.0,0.6577815193444569
12,2011-08-19 10:56:13.748769,2668,30973.0,13870504.0,1897938.0,167.56025536506746,11.609070464767616,5198.839580209895,538.0,-174187.0,-28965304.0,-18668982.0,-27.60189970911094,6,1,0,1.3536276002029426,0.35362760020294265,4.605654251691724,0.4853621921139809,-0.5146378078860191,-0.4149462669705935,0.5878218967591882,-0.4121781032408118,-0.8154909973001283,0.35596210999025857,-0.6440378900097414,-0.4029663855686187,0.6970714910977395,-0.3029285089022605,-1.402453061260107,0.37267834593976984,-0.6273216540602302,-0.5347304969451531,0.43774444737402773,-0.5622555526259723,-1.215048820472774,10.0,-6.103782706788948,-8.477948480380123,-6.616541897625827,0.09918011903836589
12,2011-08-19 10:56:43.810546,2044,26074.0,16518598.0,2812058.0,237.76985610420743,12.756360078277886,8081.505870841487,-624.0,-4899.0,2648094.0,914120.0,70.20960073913997,1,1,0,0.9549616894038497,-0.045038310596150294,-0.30057665820713036,0.4103505149447284,-0.5896494850552716,-0.4725655547934864,0.7797384882563211,-0.22026151174367886,-0.37209560768799715,0.5145689922143584,-0.4854310077856416,-0.3140747113689821,1.14099363545585,0.1409936354558502,1.01107148555605,0.42634472724111566,-0.5736552727588843,-0.46133198290283567,0.8026566817970515,-0.1973433182029485,-0.33175849919753836,-4.683589138134592,-10.0,2.098043602891534,5.871718696439203,3.194803333250242
12,2011-08-19 10:57:13.751388,2236,46479.0,30749450.0,4646551.0,137.2144965214669,20.78667262969589,13751.99016100179,192.0,20405.0,14230852.0,1834493.0,-100.55535958274052,0,0,1,1.0534250447564308,0.05342504475643084,0.35033923666376304,0.7358883097637127,-0.26411169023628733,-0.2098252962460282,1.48418716777686,0.48418716777686005,0.790413166781436,0.8188947550000938,-0.18110524499990618,-0.12315359012135584,0.6519847951754525,-0.34801520482454756,-2.358600454084251,0.6964081003408522,-0.3035918996591478,-0.24329363274686827,1.3866998861708788,0.38669988617087886,0.6352001253195214,10.0,10.0,10.0,7.765182050826304,-10.0
12,2011-08-19 10:57:43.788078,2460,25471.0,11688685.0,3534178.0,151.11276788577234,10.354065040650406,4751.497967479675,224.0,-21008.0,-19060765.0,-1112373.0,13.89827136430543,3,1,0,1.125858123569794,0.12585812356979406,0.9005026356336707,0.3734170348890055,-0.6265829651109945,-0.5555484122320777,0.4752144606864106,-0.5247855393135894,-1.0700572497106728,0.5560330003281908,-0.44396699967180914,-0.35167272672310684,0.7979662043865584,-0.2020337956134416,-0.9908851780845317,0.32560885730529265,-0.6743911426947075,-0.591479288500839,0.4136426584819046,-0.5863573415180954,-1.1722034532389893,2.58974358974359,-5.159835254049345,-5.914326310546143,-2.631321966010661,1.6591794843179546
12,2011-08-19 10:58:13.772620,2186,33176.0,23089745.0,2369321.0,170.19622419213175,15.17657822506862,10562.554894784997,-274.0,7705.0,11401060.0,-1164857.0,19.08345630635941,6,1,0,0.9473045588490207,-0.052695441150979336,-0.4776280036728342,0.4964133625810622,-0.5035866374189377,-0.4326303705455429,0.9981470313184302,-0.0018529686815698134,-0.0032247549161904766,0.35407767043974553,-0.6459223295602544,-0.5526030447264597,0.9574284670032382,-0.042571532996761786,-0.18975525247378072,0.49980360735982343,-0.5001963926401766,-0.40945488541877695,1.0176942099410684,0.017694209941068333,0.02818133124542301,-3.234910277324633,6.58657192575406,8.78737737045536,-4.472303120090857,2.643923128791871
12,2011-08-19 10:58:43.753859,2406,137325.0,90828155.0,5778979.0,161.59394971903575,57.07605985037407,37750.68786367415,220.0,104149.0,67738410.0,3409658.0,-8.602274473096003,0,0,1,1.0376056580990167,0.03760565809901665,0.354602825267704,4.2339045340469745,3.2339045340469745,10.0,4.734727527185958,3.7347275271859575,9.239067526112413,1.8934998623202053,0.8934998623202052,2.5345045696967983,0.9353086547662399,-0.06469134523376006,-0.28877611364022654,4.03748175660287,3.03748175660287,10.0,4.4573680570858025,3.4573680570858025,7.7597707691908235,10.0,4.027868871522932,10.0,1.9368428219568967,-0.7228026693132479
12,2011-08-19 10:59:13.796531,2093,35321.0,16785723.0,2348589.0,193.98366591208796,16.875776397515526,8019.934543717152,-313.0,-102004.0,-74042432.0,-3430390.0,32.38971619305218,2,1,0,0.9234909989410518,-0.07650900105894815,-1.0279484225535822,0.6576855041430034,-0.3423144958569966,-0.3869974853489243,0.485488319156692,-0.514511680843308,-0.5515680511776282,0.6134941552692383,-0.3865058447307616,-1.0648833845479306,1.1305894560581247,0.13058945605812475,0.5745828971277552,0.7264664132804154,-0.2735335867195846,-0.3290208195793666,0.5353887415035751,-0.464611258496425,-0.529237543792825,-4.973282442748093,-5.795584474198886,-5.810595895137184,-5.419419944288144,10.0
12,2011-08-19 10:59:43.768481,1945,38485.0,26527494.0,2282703.0,202.00515556915167,19.786632390745503,13638.81439588689,-148.0,3164.0,9741771.0,-65886.0,8.02148965706374,1,1,0,0.8544943326596961,-0.14550566734030396,-2.1611452201596517,0.6927444090837089,-0.30725559091629107,-0.3684713259665773,0.766062858158111,-0.2339371418418889,-0.2514633169019024,0.6110797961495946,-0.3889202038504054,-0.9774764764554535,1.2406638101792722,0.2406638101792721,1.837125555435582,0.8225979828630166,-0.1774020171369835,-0.22654672461475833,0.9112387836497309,-0.08876121635026912,-0.10096237317747597,-10.0,0.7108251324753974,10.0,0.2892081239521953,1.91598396913137
12,2011-08-19 11:00:13.762936,2223,19057.0,10214683.0,1481954.0,164.7256197440396,8.572649572649572,4594.99910031489,278.0,-19428.0,-16312811.0,-800749.0,-37.27953582511208,1,1,0,1.0022542831379622,0.002254283137962128,0.023244125687824628,0.3531978144993291,-0.6468021855006709,-0.7448787374316744,0.3023530361467035,-0.6976469638532965,-0.7275192628873068,0.45420341220944027,-0.5457965877905597,-1.1872343396880622,0.9371211941367461,-0.0628788058632539,-0.5125544763022148,0.3593826362824042,-0.6406173637175958,-0.8091933048630354,0.3074668434840092,-0.6925331565159908,-0.7863758172296733,5.776632302405498,-10.0,-10.0,-0.6937404604695396,-3.8769221036689108
12,2011-08-19 11:00:43.749144,2212,120863.0,93602023.0,80307803.0,178.30493318218805,54.63969258589512,42315.56193490054,-11.0,101806.0,83387340.0,78825849.0,13.57931343814846,27,1,0,1.0190730673546484,0.01907306735464853,0.243832069487887,2.2945998693822998,1.2945998693822998,1.4235266802722708,2.794994649014786,1.7949946490147857,1.840915546339468,10.0,10.0,10.0,0.9989020233521632,-0.001097976647836815,-0.010721130361781458,2.3253367902865953,1.3253367902865953,1.620577527172864,2.8374191771609585,1.8374191771609587,2.077225237212404,0.7679324894514767,10.0,10.0,10.0,3.987681339491541
12,2011-08-19 11:01:13.752497,2700,47099.0,20695820.0,3206529.0,133.33978563444444,17.444074074074074,7665.118518518519,488.0,-73764.0,-72906203.0,-77101274.0,-44.96514754774361,5,1,0,1.240922878941079,0.24092287894107903,3.069557022307549,0.670828455124754,-0.329171544875246,-0.42353328793084044,0.43486273241793455,-0.5651372675820655,-0.6534686664309105,0.17388980619398509,-0.8261101938060149,-0.4399591643960677,0.7402721126948101,-0.25972788730518986,-2.641523043730221,0.555717870633247,-0.444282129366753,-0.6136073127122947,0.3604739782896858,-0.6395260217103141,-0.7766404916392158,10.0,-5.206096684799342,-6.169752351498274,-5.94629046021194,-10.0
12,2011-08-19 11:01:43.760082,2080,36959.0,26385897.0,3273834.0,191.53167133125,17.76875,12685.527403846154,-620.0,-10140.0,5690077.0,67305.0,58.19188569680557,0,0,1,0.9308153584534146,-0.06918464154658548,-0.5456045071070896,0.7085018690692994,-0.29149813093070065,-0.3827883106735945,0.7861099414289499,-0.21389005857105012,-0.21064559139877057,0.1826354160769579,-0.8173645839230421,-0.4200825680621305,1.097779905939476,0.09777990593947596,0.6292271830278835,0.7572846896837576,-0.24271531031624244,-0.31751337615312464,0.8320077722465461,-0.16799222775345388,-0.16546654528794005,-10.0,0.4380777159577062,1.405667157667002,1.1308188691714125,10.0
12,2011-08-19 11:02:13.757110,2132,21970.0,10356919.0,1913762.0,136.8918116228893,10.304878048780488,4857.841932457786,52.0,-14989.0,-16028978.0,-1360072.0,-54.63985970836072,0,0,1,0.9551971326164874,-0.044802867383512544,-0.35083508234194183,0.4185351840068886,-0.5814648159931114,-0.7716092031226448,0.2918660130131947,-0.7081339869868053,-0.7578241570841816,0.10567102916272417,-0.8943289708372758,-0.46573181229412103,0.786818508100994,-0.21318149189900604,-1.3896395681689204,0.4358650392256089,-0.5641349607743911,-0.746838880086327,0.3002373702247238,-0.6997626297752761,-0.751291330570035,10.0,-10.0,-9.3482747291872,-8.34979383838875,-10.0
12,2011-08-19 11:02:43.828103,2743,36725.0,22395539.0,2178481.0,131.59427238680277,13.388625592417062,8164.615020051039,611.0,14755.0,12038620.0,264719.0,-5.297539236086521,2,1,0,1.2086895214594164,0.20868952145941655,1.9112349099250372,0.7466009075089043,-0.25339909249109566,-0.2992480140258992,0.6944123128646492,-0.3055876871353508,-0.2816779796369157,0.12077995267491369,-0.8792200473250863,-0.45544364870829696,0.8175651258052118,-0.18243487419478824,-1.153588999130296,0.6156819709263879,-0.3843180290736121,-0.44344573724022046,0.5660512129395852,-0.43394878706041484,-0.3929757936276467,10.0,5.467151074780503,4.722384640001979,4.587551939198951,0.5932063295306607
12,2011-08-19 11:03:13.763078,2070,25428.0,14766611.0,1893494.0,120.14935497149756,12.284057971014493,7133.628502415459,-673.0,-11297.0,-7628928.0,-284987.0,-11.444917415305198,2,1,0,0.8721665121766242,-0.12783348782337578,-0.9434387924651652,0.4822924253459578,-0.5177075746540423,-0.6975376234524469,0.4257072966970828,-0.5742927033029173,-0.5953307260922008,0.10417503732845217,-0.8958249626715479,-0.4687261718993436,0.778509769460183,-0.22149023053981698,-1.2047310462923206,0.5409286005107248,-0.4590713994892752,-0.5755389083648081,0.471248140018336,-0.5287518599816641,-0.5180709278837584,-7.471153846153846,-4.197022866198778,-4.131523761548449,-3.045771377132545,-0.7272037402978281
12,2011-08-19 11:03:43.750377,2155,24591.0,13733401.0,1587227.0,128.52768006960557,11.411136890951276,6372.8078886310905,85.0,-837.0,-1033210.0,-306267.0,8.378325098107993,0,0,1,0.9189765458422174,-0.08102345415778252,-0.5509862475548896,0.7310873404248994,-0.2689126595751006,-0.8985826428854389,0.7258608295284144,-0.2741391704715857,-0.8161556497673511,0.6366173061342361,-0.36338269386576394,-1.3101911214146391,0.900675808458995,-0.09932419154100497,-0.5060623949169243,0.8014521048696525,-0.19854789513034748,-0.8646868448863388,0.7866356617710402,-0.21336433822895984,-0.6048703452640758,3.9929577464788735,0.9561481636716089,0.9344704382340261,0.980471230065931,1.7203371848315527
12,2011-08-19 11:04:13.827618,2201,415203.0,382999895.0,347878282.0,127.61097925670153,188.64288959563837,174011.76510676966,46.0,390612.0,369266494.0,346291055.0,-0.916700812904054,8,1,0,0.9843470483005367,-0.015652951699463326,-0.1225399008926592,10.0,10.0,10.0,10.0,10.0,10.0,10.0,10.0,10.0,0.9003239546032831,-0.09967604539671696,-0.4959191155770386,10.0,10.0,10.0,10.0,10.0,10.0,1.4220183486238531,10.0,10.0,10.0,0.04750550403319291
12,2011-08-19 11:04:43.770946,1933,40563.0,28705055.0,2670347.0,128.61813590170718,20.98448008277289,14850.00258665287,-268.0,-374640.0,-354294840.0,-345207935.0,1.007156645005665,8,1,0,0.8552340500840634,-0.14476594991593658,-1.194210691067681,0.3871128442100562,-0.6128871557899438,-0.36988624631589834,0.3230714933841714,-0.6769285066158286,-0.3656402146573244,0.037562774502132426,-0.9624372254978676,-0.44219082929484277,0.9973891339565599,-0.0026108660434401103,-0.055074464451334855,0.44452694344430055,-0.5554730565556995,-0.3316131892324713,0.3702491729459264,-0.6297508270540736,-0.33738632147773645,-10.0,-5.952358794852,-5.96748363758845,-6.008756227661926,1.0787817381444378
12,2011-08-19 11:05:13.848980,2339,35545.0,24718133.0,1919262.0,106.61893310731082,15.19666524155622,10567.820863616931,406.0,-5018.0,-3986922.0,-751085.0,-21.999202794396357,1,1,0,1.0534137993154387,0.05341379931543862,0.38328764729623604,0.3275976479696227,-0.6724023520303773,-0.4251767377411389,0.2671650046483629,-0.7328349953516371,-0.41725023391897564,0.02694019941408868,-0.9730598005859113,-0.44826694525797267,0.837540159628507,-0.16245984037149294,-4.843949205909365,0.3079849202092638,-0.6920150797907362,-0.4379656020273201,0.2509779926133626,-0.7490220073866374,-0.4272737813022927,10.0,-2.3494325821545745,-2.086465131934928,-5.963652464693326,-10.0
12,2011-08-19 11:05:43.756706,2132,212503.0,190818252.0,7522810.0,102.6732212326454,99.67307692307692,89501.99437148217,-207.0,176958.0,166100119.0,5603548.0,-3.94571187466542,3,1,0,0.9964479341933072,-0.0035520658066927973,-0.05030598022540844,1.9627861008996361,0.9627861008996361,0.6070301852515638,2.0521485601828404,1.0521485601828406,0.6029819396030824,0.1056726974960082,-0.8943273025039918,-0.4116196806876696,0.8394849535642908,-0.1605150464357092,-2.076798222961531,2.005339325462591,1.0053393254625909,0.6426123147113435,2.1016170089890345,1.1016170089890345,0.6379062105714778,-1.561881188118812,10.0,10.0,10.0,0.21007842365821833
12,2011-08-19 11:06:13.766309,1927,182270.0,173318442.0,5066936.0,81.92123806227296,94.58744161909704,89942.10793980281,-205.0,-30233.0,-17499810.0,-2455874.0,-20.75198317037244,2,1,0,0.8954460966542751,-0.10455390334572491,-1.5368121103639294,1.2511583528394232,0.2511583528394231,0.2158372551643895,1.3519912117097856,0.35199121170978565,0.281809498940767,0.07006699811610183,-0.9299330018838982,-0.43650126418271445,0.6895158902465126,-0.3104841097534874,-2.8352586860186952,1.4079356785013104,0.40793567850131046,0.3556233990000687,1.5228711583142933,0.5228711583142933,0.4239606064109817,-10.0,-1.808044901777362,-1.4970078637324373,-3.1813254043652908,-4.93723516896576
12,2011-08-19 11:06:43.777826,2461,51955.0,41445717.0,2766401.0,98.29923152824055,21.11133685493702,16841.006501422187,534.0,-130315.0,-131872725.0,-2300535.0,16.37799346596759,1,1,0,1.1683440941891379,0.16834409418913782,1.9982682135122392,0.29317197918030347,-0.7068280208196965,-0.8058244318020482,0.25885460518209374,-0.7411453948179063,-0.807442126132574,0.03788992092774654,-0.9621100790722534,-0.45711408607355175,0.8978041545061457,-0.10219584549385424,-0.5760850588087181,0.251874432981746,-0.748125567018254,-0.8865123946557353,0.22225093622659578,-0.7777490637734041,-0.8784484876077922,10.0,-5.132287749161271,-5.131738293691324,-4.305642799440987,2.757052540439671
12,2011-08-19 11:07:13.760509,1848,20522.0,11818125.0,2027634.0,80.27920263095238,11.104978354978355,6395.089285714285,-613.0,-31433.0,-29627592.0,-738767.0,-18.02002889728817,0,0,1,0.8561897702001482,-0.14381022979985178,-1.296626353667737,0.19625656993780077,-0.8037434300621993,-0.9817180955008333,0.12873617474108415,-0.8712638252589159,-0.9652215223224433,0.5082870762080915,-0.49171292379190845,-0.8526891429546505,0.7747002190813271,-0.22529978091867284,-1.3866422826754667,0.22072840163166196,-0.779271598368338,-0.9150618794469483,0.14422653819771392,-0.8557734618022862,-0.9145768629724517,-10.0,0.5673341628859623,0.5662826879547056,0.989296702885752,-2.073857803400645
12,2011-08-19 11:07:43.749536,2128,31310.0,21281867.0,3799072.0,108.3283542650376,14.713345864661656,10000.87734962406,280.0,10788.0,9463742.0,1771438.0,28.04915163408521,4,1,0,0.993742411506491,-0.006257588493508962,-0.051261555319127516,0.31135950039280424,-0.6886404996071958,-0.7717803866219477,0.24068048345635457,-0.7593195165436454,-0.7775521011008418,0.9840603888205606,-0.015939611179439452,-0.02555561644589938,1.1529399634081798,0.15293996340817984,1.1861311385492845,0.30440544631351,-0.69559455368649,-0.7517851426895987,0.23448933777444322,-0.7655106622255567,-0.7569508779525546,10.0,3.6914824609550427,3.802090729339199,10.0,3.901300229049017
12,2011-08-19 11:08:13.756603,2450,145290.0,130358230.0,4446715.0,74.18405664285714,59.30204081632653,53207.44081632653,322.0,113980.0,109076363.0,647643.0,-34.144297622180446,1,1,0,1.167111280487805,0.167111280487805,1.4772693682142608,1.4570964377406932,0.4570964377406932,0.5035685634982869,1.4857927866324743,0.48579278663247416,0.48993129319312106,1.0496024780042614,0.04960247800426137,0.09713647954573479,0.786679324834418,-0.213320675165582,-1.599452723224069,1.2293626736908803,0.22936267369088034,0.24689832163455716,1.2508738895606213,0.2508738895606213,0.24680239186928227,8.630331753554502,10.0,10.0,0.7226288827062309,-10.0
12,2011-08-19 11:08:43.765720,1892,39890.0,24702317.0,2461139.0,119.89072687156448,21.083509513742072,13056.192917547569,-558.0,-105400.0,-105655913.0,-1985576.0,45.70667022870734,0,0,1,0.8747919363787682,-0.1252080636212318,-0.9466581550775532,0.46238874966094584,-0.5376112503390541,-0.6367655496828826,0.3265581076229331,-0.673441892377067,-0.7075905617362084,0.679618902511427,-0.3203810974885731,-0.941567882121076,1.3531315672551991,0.3531315672551992,2.205612818851877,0.524937741124569,-0.47506225887543096,-0.530042500587245,0.3701017735775724,-0.6298982264224277,-0.6209347768118559,-9.773584905660378,-6.840745093955038,-7.73766742923117,-2.227429581986252,9.021763868269163
12,2011-08-19 11:09:13.791064,1622,34846.0,26367711.0,1649711.0,79.34979985265105,21.483353884093717,16256.295314426634,-270.0,-5044.0,1665394.0,-811428.0,-40.54092701891344,1,1,0,0.7523889043510529,-0.2476110956489471,-1.8181173600162777,0.602940820232068,-0.397059179767932,-0.45665221204550327,0.5741940890321385,-0.42580591096786147,-0.4040039505710539,0.5321318465351922,-0.4678681534648078,-1.455631735270458,0.8248735968492769,-0.17512640315072317,-0.8845393538627919,0.8437072698176349,-0.15629273018236509,-0.2051750075954026,0.8168942796279726,-0.18310572037202738,-0.19165056121670204,-10.0,0.8228683803905043,1.056030057303674,-0.556967023908616,-6.338619018883481
12,2011-08-19 11:09:43.760941,2381,51814.0,36769609.0,2779976.0,62.953579901721966,21.76144477110458,15442.92692146157,759.0,16968.0,10401898.0,1130265.0,-16.39621995092908,1,1,0,1.1976861167002013,0.1976861167002012,1.2493262731531873,0.95296073685527,-0.04703926314472994,-0.04983683092576987,0.8569875762283056,-0.1430124237716944,-0.1246887207736498,0.9663249531380491,-0.03367504686195087,-0.08105030630832673,0.6812684055472712,-0.3187315944527288,-1.4464395657083045,0.852138660930623,-0.147861339069377,-0.19487636408017317,0.7806089615188042,-0.21939103848119584,-0.22797639502561529,5.523241954707985,5.958793617394353,4.449361274959036,6.060782312011391,-3.3263091557649562
12,2011-08-19 11:10:13.785915,2330,130922.0,118440202.0,4072608.0,71.55416071330471,56.18969957081545,50832.70472103005,-51.0,79108.0,81670593.0,1292632.0,8.600580811582745,0,0,1,1.112384226105223,0.112384226105223,0.6839388831081169,2.159360052779152,1.1593600527791523,1.4657164351890193,2.4728648228747407,1.4728648228747407,1.5184382683570536,1.3452837831026003,0.3452837831026003,0.9454052427523115,0.8045099171259733,-0.1954900828740267,-0.7221393146311521,2.0308008844121335,1.0308008844121335,1.591247699145367,2.3541564911734274,1.3541564911734272,1.6390312726094831,-1.4784240150093808,10.0,10.0,7.59072070946458,3.482040889956735
12,2011-08-19 11:10:43.762084,1987,68965.0,59266531.0,4217192.0,72.86944933970811,34.7081026673377,29827.141922496223,-343.0,-61957.0,-59173671.0,144584.0,1.315288626403401,0,0,1,0.9306791569086651,-0.06932084309133489,-0.410484460400793,0.8561507788718896,-0.14384922112811033,-0.21804438586551797,0.8802707782880017,-0.11972922171199832,-0.15362264866051753,1.3683164257529243,0.36831642575292434,0.979544939804208,0.8931561077139075,-0.1068438922860925,-0.3923116071743498,0.9650787814272256,-0.0349212185727744,-0.06306049257121417,1.0022860152554927,0.0022860152554927057,0.003339262538087439,-9.49009900990099,-4.109916475926594,-4.045218457068042,1.6428696771174545,1.1788331026964725
12,2011-08-19 11:11:13.780220,2019,31339.0,17521560.0,2618307.0,89.46692523625558,15.522040614165428,8678.335809806835,32.0,-37626.0,-41744971.0,-1598885.0,16.597475896547465,0,0,1,0.9885428907168037,-0.011457109283196284,-0.07401680324584956,0.480016052101937,-0.519983947898063,-0.8711403891463487,0.32991526112746333,-0.6700847388725366,-0.9116747329294207,0.8623843970597787,-0.13761560294022135,-0.3819084524599918,1.1001356011609207,0.10013560116092075,0.36457602399442207,0.4999816259473864,-0.5000183740526136,-1.0221720719585465,0.3459840407563959,-0.6540159592436041,-1.0369862863056007,1.345572354211663,-1.4648542417294463,-1.935994749541715,-10.0,10.0
12,2011-08-19 11:11:43.782268,2210,27727.0,16028756.0,2553254.0,59.542838821266976,12.546153846153846,7252.830769230769,191.0,-3612.0,-1492804.0,-65053.0,-29.9240864149886,0,0,1,1.0687687397233774,0.06876873972337741,0.46473888913841027,0.43611546277596375,-0.5638845372240363,-0.884751514712343,0.310195227102455,-0.689804772897545,-0.8812293385816509,0.8323406873243963,-0.16765931267560374,-0.4782108409283548,0.7913849272968643,-0.2086150727031357,-1.590698039767542,0.41914221421242365,-0.5808577857875763,-1.0690385407499865,0.2996111321063649,-0.7003888678936351,-1.012476772609218,6.519685039370079,-1.1120336802713133,-0.039447512288746225,-3.06953705588924,-3.9178742968563856
12,2011-08-19 11:12:13.765463,2491,24412.0,12553129.0,2301949.0,40.95410602970694,9.800080289040546,5039.393416298675,281.0,-3315.0,-3475627.0,-251305.0,-18.588732791560037,0,0,1,1.1398371007595862,0.1398371007595863,1.7162500687312998,0.392770146122336,-0.6072298538776639,-0.9010904225359451,0.2530600763084104,-0.7469399236915897,-0.8761878341199595,0.7086697973202576,-0.2913302026797424,-1.1480983109186818,0.5745735859385356,-0.42542641406146436,-2.6087117104583375,0.3481936496073925,-0.6518063503926076,-1.028358329305338,0.22490476590487998,-0.7750952340951199,-0.9525491923090627,1.3894557823129252,-1.3282764433206913,-0.680840568510067,-2.390664307066736,-3.692474721918784
12,2011-08-19 11:12:43.768242,1999,22768.0,13234950.0,1494409.0,47.45468773986994,11.389694847423712,6620.785392696348,-492.0,-1644.0,681821.0,-807540.0,6.500581710162997,4,1,0,0.9055902872157289,-0.09440971278427113,-0.9836724007293561,0.40174333456848943,-0.5982566654315106,-0.7495466713075758,0.2956735506461194,-0.7043264493538806,-0.6944598961957438,0.4740149752812068,-0.5259850247187932,-1.8125249908822016,0.7095763232518069,-0.29042367674819314,-1.0799300627019277,0.44226302120426575,-0.5577369787957343,-0.7319910810650428,0.3257285694144128,-0.6742714305855873,-0.6937307785530887,-10.0,0.7000218962119553,1.1407762399820287,-7.446594020839827,2.477440266976616
12,2011-08-19 11:13:13.757737,2089,20524.0,11487652.0,1848439.0,71.40983897367161,9.82479655337482,5499.115366203925,90.0,-2244.0,-1747298.0,354030.0,23.955151233801672,1,1,0,0.9756211470203625,-0.024378852979637503,-0.24205556708686676,0.585693820593456,-0.4143061794065441,-0.7543476128430661,0.48428224642204154,-0.5157177535779585,-0.6124773825268017,0.7009569354402856,-0.2990430645597144,-0.7963716801070441,1.1507025299769713,0.15070252997697142,0.47770652332332664,0.5850456195253617,-0.4149543804746383,-0.6811040165250747,0.4788627865154112,-0.5211372134845887,-0.5789375589082268,2.359516616314199,0.8962590380383527,0.9169576629121139,1.6865839293243075,5.970057075565055
12,2011-08-19 11:13:43.757430,2016,21329.0,13137317.0,1466349.0,66.0703083531746,10.57986111111111,6516.52628968254,-73.0,805.0,1649665.0,-382090.0,-5.339530620497015,0,0,1,0.9326424870466322,-0.06735751295336784,-0.7215103398625339,0.8412479293208173,-0.15875207067918276,-0.9463713069196503,0.927435424992729,-0.07256457500727101,-0.40813654153188,0.6778386033450445,-0.3221613966549554,-1.4493517846454411,1.069692894785795,0.06969289478579516,0.22205070136578153,0.8953423985111398,-0.10465760148886022,-0.5216854222803142,0.9846533020620198,-0.0153466979379802,-0.07012090653263646,-4.57843137254902,1.0830907702153134,1.1726353814203134,0.19347859401127931,-10.0
12,2011-08-19 11:14:13.773664,2035,18800.0,9820732.0,1447817.0,64.64372961621622,9.238329238329236,4825.9125307125305,19.0,-2529.0,-3316585.0,-18532.0,-1.4265787369583762,5,1,0,0.9416936603424341,-0.058306339657565945,-0.6227368738208351,0.8050702295306612,-0.19492977046933882,-1.59216825798631,0.7390476634258756,-0.26095233657412437,-2.0614233221949902,0.7490465005587517,-0.2509534994412483,-1.0016138291332777,1.1323849368640297,0.13238493686402975,0.595176553102524,0.8531796393845864,-0.1468203606154136,-1.3692657412660791,0.7801686038914409,-0.21983139610855906,-1.5149043411825156,10.0,-0.26323676323676326,-2.782391851911493,0.9195630396247085,0.6951314063722625
12,2011-08-19 11:14:43.780155,1985,17824.0,9285914.0,1378270.0,52.81134723929471,8.979345088161208,4678.042317380353,-50.0,-976.0,-534818.0,-69547.0,-11.832382376921515,0,0,1,0.9336782690498588,-0.06632173095014111,-0.6817403937468106,0.8264631420808102,-0.1735368579191898,-1.7479814229789081,0.7708227841586565,-0.2291772158413435,-1.9370965063000822,0.8051617935490549,-0.1948382064509451,-0.9042753374399682,0.9088710593158984,-0.09112894068410159,-0.4029344909876165,0.8832241971450125,-0.11677580285498745,-1.4241820758063792,0.8206592767716114,-0.1793407232283885,-1.231748916710946,-0.42857142857142855,0.4533437885067772,0.5692526317552896,0.6854320960850776,-10.0
12,2011-08-19 11:15:13.792700,1888,27818.0,18631040.0,1558342.0,45.50994450264831,14.734110169491526,9868.13559322034,-97.0,9994.0,9345126.0,180072.0,-7.301402736646395,2,1,0,0.9324377716317661,-0.06756222836823388,-3.3798905477486185,1.3737962368512024,0.3737962368512025,3.8366969907017086,1.6352609640409248,0.6352609640409247,3.960868654310433,1.0204872536502898,0.02048725365028986,0.1693851492402358,0.752504344694429,-0.24749565530557108,-1.5033642275504076,1.4730566926532185,0.4730566926532184,4.779721212184197,1.7533762742548444,0.7533762742548444,4.641867942552332,0.041501976284585004,8.585003035822709,10.0,1.9747542165622474,-4.078879229825605
12,2011-08-19 11:15:43.794329,1987,29681.0,16733231.0,6095987.0,51.05863022395571,14.937594363361852,8421.354302969301,99.0,1863.0,-1897809.0,4537645.0,5.5486857213074,0,0,1,0.9922101268351144,-0.0077898731648856035,-0.20969749844551916,1.3961616256644245,0.3961616256644245,2.1494153084187273,1.3416066875279764,0.34160668752797646,1.1334121849475023,3.958835684200095,2.9588356842000945,10.0,0.8497162801357427,-0.15028371986425731,-0.8512091636019704,1.3997929545637138,0.3997929545637137,1.8130922745326727,1.3415041069056128,0.34150410690561284,1.0044519005182981,5.45945945945946,0.8445544554455445,-2.7585038425971398,10.0,10.0
12,2011-08-19 11:16:13.751099,2018,21060.0,11466053.0,1444276.0,42.33233639197225,10.43607532210109,5681.889494549058,31.0,-8621.0,-5267178.0,-4651711.0,-8.726293831983462,3,1,0,1.0180607405912623,0.01806074059126221,0.6320020245557834,0.912067352666043,-0.08793264733395703,-0.37862012755675123,0.8479775555149096,-0.15202244448509042,-0.49780096806152757,0.6044632166113588,-0.3955367833886412,-0.45588344104264594,0.7556809936521363,-0.24431900634786377,-1.5284038443640087,0.8924415066259231,-0.10755849337407687,-0.4288710541448947,0.8280230678312563,-0.17197693216874368,-0.521243488994405,2.519607843137255,-5.707327727421644,-6.020587813089842,-6.47576036809943,-1.1439251936584052
12,2011-08-19 11:16:43.749822,2290,18777.0,8952080.0,1251389.0,37.68346249388647,8.199563318777292,3909.205240174672,272.0,-2283.0,-2513973.0,-192887.0,-4.648873898085782,3,1,0,1.1550489256531828,0.15504892565318273,5.397719376207022,0.8150942413376975,-0.18490575866230255,-0.7908625507106701,0.6788361673276767,-0.3211638326723233,-1.0001834811161359,0.5247049567401825,-0.47529504325981753,-0.5461451262002591,0.7349830755210517,-0.2650169244789483,-1.58399766789488,0.7029146565467999,-0.29708534345320015,-1.175920437138024,0.5838933843474476,-0.4161066156525524,-1.1978160558063224,10.0,-10.0,-6.521172597507038,-10.0,0.020793792813480216
12,2011-08-19 11:17:13.749226,1782,24066.0,12896906.0,1659048.0,42.30994444893378,13.505050505050503,7237.320987654321,-508.0,5289.0,3944826.0,407659.0,4.626481955047318,3,1,0,0.8762785208497247,-0.12372147915027533,-1.6615569774128667,1.044894060437652,0.04489406043765196,0.19181720046932174,0.9910280760599959,-0.008971923940004076,-0.026410309977044775,0.7072862616325827,-0.2927137383674173,-0.3270419285271504,0.9222043090393076,-0.07779569096069242,-0.5737998723541249,1.178725015775964,0.17872501577596384,0.6423776955836149,1.1114290843941135,0.11142908439411353,0.2860563169642464,-10.0,10.0,10.0,10.0,1.8580185674821168
12,2011-08-19 11:17:43.770286,2002,31253.0,20442220.0,1716700.0,42.8635357952048,15.610889110889111,10210.899100899102,220.0,7187.0,7545314.0,57652.0,0.5535913462710127,24,1,0,1.0045158053186152,0.004515805318615153,0.047365796981441464,1.2871698983542281,0.287169898354228,1.536382989954183,1.4882371415787374,0.4882371415787375,1.7077266629288328,0.7147531002056617,-0.28524689979433826,-0.33086584943688296,0.9790920151518558,-0.02090798484814416,-0.18549692525059167,1.2627636774603432,0.2627636774603433,1.104457210876758,1.4538024009467625,0.45380240094676255,1.3719075927423132,6.41871921182266,4.756968920217878,9.447702459601128,0.026647386903532355,1.26357971278806
12,2011-08-19 11:18:13.748776,2093,15460.0,6321328.0,1272619.0,39.78256602484472,7.3865265169612995,3020.223602484472,91.0,-15793.0,-14120892.0,-444081.0,-3.0809697703600776,42,1,0,1.0382974501438635,0.0382974501438635,0.4267982194350922,0.6192074465102493,-0.38079255348975066,-1.7645055329773693,0.44838161857010783,-0.5516183814298922,-1.7171422582798244,0.5229625885563062,-0.4770374114436938,-0.5647080216678055,0.9198370089148215,-0.08016299108517856,-0.7158146656860421,0.589138938051924,-0.4108610619480761,-1.6418431866535381,0.4258554162827448,-0.5741445837172552,-1.6751575299425892,2.991228070175439,-10.0,-10.0,-10.0,-4.821039210032588
12,2011-08-19 11:18:43.756166,1820,23335.0,10608288.0,2028590.0,52.095616463186815,12.821428571428571,5828.729670329671,-273.0,7875.0,4286960.0,755971.0,12.313050438342096,2,1,0,0.8934707903780069,-0.10652920962199312,-1.1866785525242904,1.0547750777464382,0.05477507774643809,0.20206954990742,0.8828676346865482,-0.11713236531345189,-0.2637554221301134,1.381114624772877,0.3811146247728769,2.6099714037885695,1.2707993242640763,0.2707993242640762,5.034948481026727,1.1626649686303463,0.16266496863034638,0.5138320402637035,0.9695308004687013,-0.030469199531298723,-0.06415107045652066,-10.0,3.7687926306166943,3.0586822601017314,1.7836546993718914,6.459817459762625
12,2011-08-19 11:19:13.789405,1797,36642.0,25303183.0,2223107.0,81.40909408903728,20.390651085141904,14080.791875347802,-23.0,13307.0,14694895.0,194517.0,29.313477625850467,0,0,1,0.899669570441574,-0.100330429558426,-0.9646126972264566,1.6228928789717514,0.6228928789717515,2.350863320297544,2.136341758309265,1.136341758309265,2.5054609322146875,1.4019992316177927,0.4019992316177927,1.9476214168910524,1.8955700424729318,0.8955700424729317,6.969285627437068,1.7723770254694287,0.7723770254694285,2.501369741304544,2.3307646476080524,1.3307646476080526,2.818977304385605,0.4191919191919192,10.0,10.0,0.6644903254072296,10.0
12,2011-08-19 11:19:43.769609,2086,44615.0,34592634.0,2255200.0,61.53314600287632,21.387823585810164,16583.237775647172,289.0,7973.0,9289451.0,32093.0,-19.87594808616096,0,0,1,1.0985885822624817,0.0985885822624816,1.3356207080359404,1.7060402581908287,0.7060402581908287,2.2785004251039047,2.288722564629656,1.2887225646296558,2.5426627416418492,1.2669571814315044,0.26695718143150426,1.3002823981629352,1.1903769601170526,0.19037696011705263,0.5702965198055595,1.533957034619327,0.533957034619327,1.5801740516366145,2.0535009228954615,1.0535009228954613,2.006249375198908,3.931034482758621,1.2314581584102995,1.8406190701630343,-0.8348646417993698,-3.2728028573937413
12,2011-08-19 11:20:13.752124,2261,27411.0,16506311.0,1852411.0,42.31186226846528,12.123396727111896,7300.447147279965,175.0,-17204.0,-18086323.0,-402789.0,-19.22128373441104,5,1,0,1.153806899367218,0.15380689936721786,2.1115525769099865,0.9058193714682264,-0.09418062853177357,-0.25122625689147515,0.848499500651054,-0.15150049934894602,-0.25971948685212054,0.9753416518748099,-0.024658348125190053,-0.11406354008458122,0.7618708425947696,-0.23812915740523038,-0.788238824796733,0.7811736863864016,-0.21882631361359836,-0.5920804568141811,0.7340986715048023,-0.26590132849519765,-0.4708935591871728,1.8782894736842106,-5.186091780621927,-5.168176103608969,-4.378240784229526,-5.999501170622877
12,2011-08-19 11:20:43.753895,1619,23657.0,14741303.0,1090382.0,34.890235646695494,14.612106238418775,9105.190240889438,-642.0,-3754.0,-1765008.0,-762029.0,-7.421626621769789,1,1,0,0.8049120015909317,-0.19508799840906835,-1.9798672536926005,0.8021334165180418,-0.19786658348195815,-0.5123266568107607,0.7897261086217353,-0.21027389137826463,-0.3443513603831371,0.5660248463261817,-0.4339751536738183,-2.090839697351438,0.6294870275720534,-0.3705129724279466,-1.2163500723579417,0.985841347307003,-0.01415865269299695,-0.03538544591174064,0.9724976600798794,-0.027502339920120578,-0.04493239928832407,-10.0,-3.885476314419573,-1.2421859854991564,-10.0,-10.0
12,2011-08-19 11:21:13.750675,2001,30301.0,18028742.0,1762006.0,42.534922699650174,15.142928535732134,9009.866066966517,382.0,6644.0,3287439.0,671624.0,7.64468705295468,2,1,0,1.0440363143065847,0.044036314306584626,0.33135693381418346,0.973307208017474,-0.02669279198252602,-0.08978328086950328,0.8859183008004021,-0.11408169919959783,-0.24187321154601896,0.9323088905561981,-0.06769110944380186,-0.26905633869572126,0.781202795570857,-0.21879720442914302,-0.6576824906882401,0.930894012935981,-0.06910598706401905,-0.2595991120588973,0.851619957070405,-0.14838004292959492,-0.34297088951896704,5.029535864978903,3.052702208124924,0.9521667225852808,10.0,8.812930098811789
12,2011-08-19 11:21:43.795492,1796,18194.0,8384844.0,1127965.0,36.20317143541203,10.130289532293986,4668.621380846325,-205.0,-12107.0,-9643898.0,-634041.0,-6.331751264238143,0,0,1,0.9197050389184761,-0.08029496108152394,-0.6262628100587858,0.5593816486908613,-0.4406183513091388,-1.7351774719911353,0.3840192866729876,-0.6159807133270124,-1.6431640183129015,0.6141522269262709,-0.3858477730737291,-1.5046583165856906,0.6891136235500536,-0.3108863764499465,-0.8636518723927128,0.6054664220692028,-0.39453357793079724,-1.6591007807682023,0.4162500222684565,-0.5837499777315435,-1.6674776183667652,-6.662983425414364,-9.690066035027275,-7.4981859600504235,-10.0,-2.3113450868945784
12,2011-08-19 11:22:13.751301,1766,19841.0,10153484.0,1353854.0,46.0529517180068,11.234994337485844,5749.424688561721,-30.0,1647.0,1768640.0,225889.0,9.849780282594764,4,1,0,0.9044351121581482,-0.09556488784185185,-0.744820866195809,0.6880730763361955,-0.3119269236638044,-0.9071721121299933,0.5503014649775965,-0.44969853502240353,-0.8517296167268654,0.8369560002987154,-0.16304399970128455,-0.5274184504357038,1.0588183390729557,0.05881833907295578,0.23989240616313415,0.765362619980975,-0.23463738001902498,-0.8093081848965875,0.6160006015777048,-0.38399939842229525,-0.8084720481900104,-10.0,1.446389852558543,1.5226990663799798,2.0313228786769204,2.089434713905222
12,2011-08-19 11:22:43.770046,1798,108176.0,55293774.0,5886284.0,51.45101391601779,60.16462736373749,30752.93325917686,32.0,88335.0,45140290.0,4532430.0,5.398062198010997,0,0,1,0.9520279572169862,-0.04797204278301383,-0.36414832175789325,4.529831496432281,3.5298314964322803,10.0,4.076828994735123,3.0768289947351226,10.0,4.095308808677461,3.0953088086774616,10.0,1.2735831760471414,0.2735831760471415,2.3545064246794745,4.75656964575527,3.756569645755271,10.0,4.291081077261524,3.2910810772615244,10.0,1.5,10.0,10.0,10.0,2.743538258847018
12,2011-08-19 11:23:13.753405,2010,15854.0,6962752.0,1453068.0,39.48844758159204,7.8875621890547265,3464.0557213930347,212.0,-92322.0,-48331022.0,-4433216.0,-11.962566334425752,1,1,0,1.1191536748329622,0.11915367483296214,1.5706236944683372,0.3960153670148724,-0.6039846329851276,-0.6300684457734915,0.32657653696224337,-0.6734234630377566,-0.7413436804805683,0.6475064237384976,-0.35249357626150235,-0.38521264985950965,0.9351588657677298,-0.06484113423227025,-0.3973458997426254,0.3543858568485635,-0.6456141431514365,-0.6746536386437809,0.292147694158168,-0.707852305841832,-0.7812145538875154,3.2894168466522684,-6.715470810375781,-7.230237589914041,-6.494987075696235,-7.544680948383962
12,2011-08-19 11:23:43.754303,2066,20433.0,9406825.0,1525548.0,44.65444648354308,9.890125847047434,4553.158276863504,56.0,4579.0,2444073.0,72480.0,5.165998901951042,0,0,1,1.1023369971187706,0.10233699711877065,1.590773032881475,0.531096971398272,-0.4689030286017279,-0.45839538367065813,0.47594022990217844,-0.5240597700978216,-0.5098182991003212,0.6585188156927931,-0.34148118430720686,-0.3938776879487971,1.0349590104786486,0.03495901047864866,0.25552547225926087,0.4729384002842369,-0.527061599715763,-0.49873906243244126,0.424379408113526,-0.575620591886474,-0.5425863858891737,-0.28388746803069054,3.9341278995258238,2.571033602530857,-0.0007885609039223611,4.617399736129472
12,2011-08-19 11:24:13.778385,1959,37654.0,26679820.0,2135349.0,45.02625497498724,19.221031138335885,13619.10158244002,-107.0,17221.0,17272995.0,609801.0,0.3718084914441562,0,0,1,1.038045782111064,0.038045782111063985,0.5141282964049745,1.0316277438656862,0.03162774386568624,0.028782556117209927,1.478898192127887,0.47889819212788703,0.41417206064125994,0.9409543851398806,-0.059045614860119396,-0.06608941030228115,1.033423193480595,0.033423193480595005,0.2458169800755343,0.9677522807771696,-0.03224771922283042,-0.028387360311007314,1.3843872544723277,0.3843872544723277,0.32265145495259334,-9.23076923076923,9.725678962302391,10.0,10.0,-0.12289615651007145
12,2011-08-19 11:24:44.020626,2629,41473.0,27133381.0,2491312.0,32.346560013313045,15.775199695701788,10320.799163179916,670.0,3819.0,453561.0,355963.0,-12.679694961674194,12,1,0,1.3694134805708928,0.36941348057089285,5.378874012159377,1.0267728933738698,0.02677289337386985,0.02786367134607236,1.2504247711599956,0.2504247711599957,0.26715200778713205,1.008293358085164,0.008293358085164057,0.010597654974781308,0.7135067619248253,-0.2864932380751747,-3.047344171981578,0.7276494994419138,-0.2723505005580862,-0.2691196401554085,0.8876018781312665,-0.11239812186873356,-0.11451702684633462,10.0,-0.018756423432682426,-0.8760421986888641,0.7667691764014518,-8.18552357846352
12,2011-08-19 11:25:13.777943,2059,28537.0,18183327.0,1804780.0,40.35167014618747,13.859640602234094,8831.144730451675,-570.0,-12936.0,-8950054.0,-686532.0,8.005110132874428,31,1,0,0.984037468935194,-0.015962531064806006,-0.10563417695369255,0.6381546580795205,-0.36184534192047946,-0.4359634809394298,0.7245707150129532,-0.2754292849870468,-0.35770559075530906,0.6688551458204132,-0.33114485417958683,-0.4872995570155226,0.9473703117452603,-0.05262968825473974,-0.31446616737675426,0.6135921288349612,-0.38640787116503883,-0.4061662402350047,0.704125177038749,-0.295874822961251,-0.3373643742260761,-4.302433371958285,-3.9900147928994087,-3.635485362484826,-4.017834504658634,3.920210623388604
12,2011-08-19 11:25:43.776648,1990,25270.0,15284907.0,1640261.0,44.73319183467337,12.698492462311558,7680.857788944723,-69.0,-3267.0,-2898420.0,-164519.0,4.381521688485897,40,1,0,0.9279119649351861,-0.07208803506481391,-0.5638495513020877,0.877729227306514,-0.122270772693486,-0.32246847801978473,0.864862551087886,-0.135137448912114,-0.2539032070325429,0.8715467929684168,-0.1284532070315833,-0.5573888092490991,1.1079846583443667,0.10798465834436666,0.8501598122320082,0.952860132556502,-0.047139867443497976,-0.1383993569642928,0.9415525310388645,-0.058447468961135486,-0.11398988102036198,-2.32183908045977,0.7948869272592574,0.6094873230710479,0.7984578723921378,2.9737751074957814
12,2011-08-19 11:26:13.766140,1948,22606.0,11603784.0,2625322.0,36.43356169045175,11.604722792607802,5956.767967145791,-42.0,-2664.0,-3681123.0,985061.0,-8.299630144221624,1,1,0,0.9100252265719893,-0.0899747734280108,-0.6958725553124768,0.7369903564652108,-0.2630096435347891,-0.9254142379212801,0.6000616827730688,-0.3999383172269312,-1.0175715893207071,1.3677470108624867,0.3677470108624866,1.79307137909907,0.8795612995289398,-0.1204387004710602,-0.9188645950120875,0.8121496027142875,-0.18785039728571248,-0.7700735275315534,0.6617886703257445,-0.3382113296742555,-0.9114375915255315,-9.5,-2.414613423959218,-3.211640494559402,10.0,-8.912330653058572
12,2011-08-19 11:26:43.861962,1868,113080.0,37820187.0,9054757.0,38.9179516761242,60.53533190578158,20246.35278372591,-80.0,90474.0,26216403.0,6429435.0,2.4843899856724505,1,1,0,0.8823807274444969,-0.11761927255550307,-0.8602049871554343,3.635077793493635,2.635077793493635,10.0,1.9123276149087558,0.9123276149087559,2.6091632874678425,4.232372013000999,3.2323720130009996,10.0,0.978372701040122,-0.021627298959878017,-0.15783337773822198,4.137239449236486,3.137239449236486,10.0,2.1813114064871986,1.1813114064871986,3.7767709415643185,-2.389830508474576,10.0,10.0,10.0,2.5110234775217135
12,2011-08-19 11:27:13.780367,2077,39087.0,26089249.0,2212083.0,40.26797230524795,18.81896966779008,12561.025036109771,209.0,-73993.0,-11730938.0,-6842674.0,1.3500206291237546,1,1,0,0.9896131122546216,-0.010386887745378397,-0.07162543949198677,0.8461635045850905,-0.1538364954149095,-0.1865857552431053,1.1855991841752154,0.18559918417521543,0.38748697174555635,0.6278464901405688,-0.37215350985943124,-0.42009608975870705,1.0443863257371695,0.04438632573716946,0.37218314703140787,0.8219801163213597,-0.17801988367864027,-0.19317653333184104,1.1841997329142282,0.18419973291422814,0.3476556250639698,10.0,-5.905006231273036,-6.2650590415917184,-5.944551614820226,2.105070068618758
12,2011-08-19 11:27:43.777117,2036,123944.0,112668342.0,3986223.0,24.5171487740668,60.8762278978389,55338.08546168959,-41.0,84857.0,86579093.0,1774140.0,-15.750823531181156,12,1,0,1.023938845302756,0.02393884530275594,0.5593693713477508,2.7111733310000874,1.7111733310000874,2.0492369137477118,5.169152083436141,4.169152083436141,8.718638374529975,1.1496153675999525,0.1496153675999525,0.1648669299152249,0.610777720084402,-0.389222279915598,-5.1799476594935,2.590099574767398,1.5900995747673978,1.7895068342653364,5.005602520907248,4.005602520907248,7.795618560317895,0.6286231884057971,10.0,10.0,10.0,-10.0
12,2011-08-19 11:28:13.781421,2149,40773.0,19751336.0,5853262.0,29.67814252722196,18.973010702652395,9190.942764076315,113.0,-83171.0,-92917006.0,1867039.0,5.160993753155164,15,1,0,1.0832745236414962,0.08327452364149614,2.0435280412033148,0.6292382101750996,-0.3707617898249004,-0.4845489658994066,0.4853707860826936,-0.5146292139173064,-0.5044524814892509,1.4994026737305446,0.49940267373054453,0.6484123812573049,0.8026767570544885,-0.19732324294551154,-0.961518831180881,0.5765689808558825,-0.42343101914411757,-0.5458709154008903,0.4514965526679799,-0.5485034473320202,-0.5493409859371414,10.0,-5.3587472617313185,-5.917023403129057,3.2793669144690005,2.6296652206494713
12,2011-08-19 11:28:43.752529,1987,34791.0,21654625.0,1746416.0,38.460485993960745,17.5093105183694,10898.1504781077,-162.0,-5982.0,1903289.0,-4106846.0,8.782343466738784,34,1,0,0.9858106767215717,-0.014189323278428215,-0.26016884201072543,0.5124009543727356,-0.4875990456272644,-0.705852761715302,0.5207118548407862,-0.4792881451592138,-0.48764456549209484,0.3679508632502413,-0.6320491367497587,-1.072652190763861,1.1324245945937415,0.13242459459374142,0.6742234813998149,0.5125428423151265,-0.48745715768487347,-0.6820854318664584,0.5275348822547927,-0.4724651177452073,-0.4855934694714427,-6.09433962264151,-2.929304005676321,1.1306607582925867,-5.874014983618566,3.9167435082368045
12,2011-08-19 11:29:13.752788,1973,306790.0,400682681.0,6162546.0,45.91862253471871,155.49417131272173,203082.960466295,-14.0,271999.0,379028056.0,4416130.0,7.458136540757962,15,1,0,0.9750914302658891,-0.024908569734110948,-0.4790169060502405,4.36183976683017,3.36183976683017,5.349583555309424,9.190655294705262,8.190655294705262,9.09878161120998,1.3483165979958378,0.34831659799583775,0.5333917143576209,1.3360733219464975,0.3360733219464974,1.6702123247062743,4.399628286891212,3.3996282868912115,5.1877508928268234,9.381613737282173,8.381613737282173,9.39976821837558,-2.794871794871795,10.0,10.0,10.0,10.0
12,2011-08-19 11:29:43.783489,1869,25962.0,15241913.0,2845701.0,31.133218391118245,13.890850722311397,8155.116639914393,-104.0,-280828.0,-385440768.0,-3316845.0,-14.785404143600465,11,1,0,0.91420465662297,-0.08579534337702997,-2.4520559075719914,0.23801534695673698,-0.761984653043263,-0.7127451785939035,0.13120437160517834,-0.8687956283948216,-0.6162130229098027,0.7128320239993627,-0.28716797600063726,-0.5664048111950339,0.8704094566465368,-0.1295905433534632,-0.5404812455778577,0.25565510188474877,-0.7443448981152512,-0.6801319049925025,0.14008802043569946,-0.8599119795643005,-0.6013185087661416,-5.9523809523809526,-8.248670693304424,-6.311113360754226,-4.734099275606102,-10.0
12,2011-08-19 11:30:13.755121,1893,24104.0,14330963.0,3910938.0,24.1798368483888,12.73322768092974,7570.503433703117,24.0,-1858.0,-910950.0,1065237.0,-6.953381542729446,17,1,0,0.945176752546435,-0.05482324745356499,-1.077755877203326,0.22643069176718145,-0.7735693082328186,-0.6936862115654662,0.1257104450151243,-0.8742895549848757,-0.6028027062866744,0.9495265354021929,-0.050473464597807126,-0.10937187815159315,0.7123969183542643,-0.2876030816457356,-1.169349946119139,0.23867918589092232,-0.7613208141090777,-0.6742742645892401,0.13204431440967176,-0.8679556855903282,-0.5933016951019177,1.5769230769230766,0.29219047619047617,0.580104276294198,7.4059875192939595,-2.8060037566933764
12,2011-08-19 11:30:43.792390,1612,14538.0,6922060.0,1000001.0,22.422658276674937,9.018610421836229,4294.08188585608,-281.0,-9566.0,-7408903.0,-2910937.0,-1.7571785717138615,16,1,0,0.8165332793030088,-0.18346672069699121,-3.293380570033278,0.16810045788816427,-0.8318995421118357,-0.5833165728133115,0.07337952891887187,-0.9266204710811281,-0.510328702393114,0.2436784630805323,-0.7563215369194677,-1.631513437526757,0.6619418352342793,-0.3380581647657207,-1.356162983015482,0.2062805779321591,-0.7937194220678409,-0.5549074129871139,0.0898728275138585,-0.9101271724861415,-0.5008318564647709,-8.825174825174825,0.5209334935897436,0.6232916173208155,-10.0,-10.0
12,2011-08-19 11:31:13.755047,1890,24563.0,14987374.0,1400675.0,19.12754734920635,12.996296296296295,7929.827513227513,278.0,10025.0,8065314.0,400674.0,-3.2951109274685884,30,1,0,1.012427683736876,0.012427683736875961,0.1535272868342651,0.3023622241097037,-0.6976377758902963,-0.4487502649688367,0.16332084614053777,-0.8366791538594622,-0.4444045122765791,0.44705431684016994,-0.5529456831598301,-0.857211034095912,0.5899382643714483,-0.41006173562855175,-1.3495917646294204,0.3114434416750717,-0.6885565583249283,-0.45128853896222204,0.16944017020327526,-0.8305598297967247,-0.4447595989306864,3.588454376163873,2.910615589860873,4.143323910094381,1.4127884323550701,-1.27077257263714
12,2011-08-19 11:31:43.777328,1857,507654.0,251301740.0,68288637.0,35.20093957458266,273.37318255250403,135326.7312870221,-33.0,483091.0,236314366.0,66887962.0,16.073392225376313,3,1,0,1.0051964923676517,0.005196492367651785,0.06985319801557742,6.410468813532783,5.410468813532782,3.3654519150318816,2.77887214846317,1.7788721484631702,0.9273621771459801,10.0,10.0,10.0,1.2326822821051355,0.2326822821051355,0.6238495997972081,6.695952468671175,5.695952468671175,3.6262766482396356,2.9287381035185787,1.9287381035185787,1.0160709362295945,-0.7010309278350517,10.0,10.0,10.0,5.156996647205906
12,2011-08-19 11:32:13.785256,2519,62421.0,20387904.0,5006310.0,103.72388263795158,24.780071456927352,8093.649861055975,662.0,-445233.0,-230913836.0,-63282327.0,68.52294306336891,0,0,1,1.3808792895515842,0.38087928955158423,5.811489779899374,0.5229457408502717,-0.4770542591497283,-0.2622807253217239,0.3366740090833715,-0.6633259909166286,-0.3765171249344879,0.32321314870014123,-0.6767868512998588,-0.35488738296344247,3.927024973171994,2.927024973171994,10.0,0.3847691786917772,-0.6152308213082228,-0.33913654786455777,0.24785139687166657,-0.7521486031283334,-0.4277792092686183,10.0,-10.0,-6.729026020796054,-6.093055589156576,10.0
12,2011-08-19 11:32:43.767268,2393,80402.0,45557408.0,23381310.0,111.9527223146678,33.59882992060176,19037.78019222733,-126.0,17981.0,25169504.0,18375000.0,8.22883967671622,11,1,0,1.224542012076553,0.22454201207655303,1.30331312431771,0.634806088933805,-0.36519391106619503,-0.2163694825444106,0.7397363351112599,-0.26026366488874014,-0.15098165729092317,1.4685542062293082,0.4685542062293082,0.2544127509725257,2.7351590807771857,1.7351590807771855,1.9940313823609797,0.5046363741711645,-0.49536362582883553,-0.2849305174939734,0.5832124566618424,-0.41678754333815754,-0.23692865247092332,-1.9692307692307693,1.4659206231657478,10.0,10.0,-0.4332026189528089
12,2011-08-19 11:33:13.754471,2329,62995.0,34560272.0,14799718.0,91.31115839587804,27.048089308716182,14839.103477887506,-64.0,-17407.0,-10997136.0,-8581592.0,-20.641563918789743,15,1,0,1.1337747054814526,0.13377470548145273,0.7141790326690618,0.45676486198805644,-0.5432351380119436,-0.3594393551171639,0.5095033329246135,-0.4904966670753866,-0.3212275383801059,0.746880103767443,-0.25311989623255704,-0.17529372851919836,1.5612601462767717,0.5612601462767718,0.7207458646020464,0.38228678796683574,-0.6177132120331642,-0.38444687751466977,0.4247460376178562,-0.5752539623821439,-0.356391535458423,-1.64,-2.545969661444456,-2.760869032642044,-3.2037565589399115,-2.175850822787404
12,2011-08-19 11:33:43.816829,2050,100748.0,26053064.0,7024523.0,83.73718030243901,49.14536585365854,12708.811707317072,-279.0,37753.0,-8507208.0,-7775195.0,-7.573978093439038,14,1,0,0.9328358208955224,-0.06716417910447757,-0.4857187156618804,0.6825421558598169,-0.3174578441401831,-0.23162779868917238,0.3551450462896277,-0.6448549537103723,-0.47214443497243114,0.3111592610163395,-0.6888407389836605,-0.576762118581062,1.15877960428482,0.15877960428482002,0.27186534124162,0.6609175971347689,-0.33908240286523106,-0.22613204189430655,0.3430602820395635,-0.6569397179604365,-0.4413447639570721,-2.945606694560669,2.895515611779516,-2.539030093553085,-3.8171574098222454,-1.549727318807435
12,2011-08-19 11:34:13.815103,2569,37754.0,22046494.0,6352034.0,56.47272385247177,14.695990657843518,8581.741533670689,519.0,-62994.0,-4006570.0,-672489.0,-27.26445644996724,12,1,0,1.1522246142805885,0.1522246142805885,1.257426917073435,0.23184151703470807,-0.768158482965292,-0.6468225390064624,0.291728038981424,-0.7082719610185759,-0.5423445849545353,0.26801718588558165,-0.7319828141144183,-0.668347882128132,0.6629407377735085,-0.3370592622264915,-0.9573166738808585,0.1801219678800628,-0.8198780321199372,-0.6214971110813681,0.22582808114872358,-0.7741719188512763,-0.5393186576513349,10.0,-5.13427840126009,-2.8103570586199322,-1.597890447963743,-3.1099374198350946
12,2011-08-19 11:34:43.752278,2645,40716.0,24776718.0,5658418.0,48.02322751115312,15.393572778827975,9367.379206049149,76.0,2962.0,2730224.0,-693616.0,-8.44949634131865,3,1,0,1.1150927487352444,0.11509274873524451,1.3385247987817404,0.5912523234200744,-0.40874767657992567,-1.2020105572199815,0.8336426878149344,-0.16635731218506553,-0.4748501825514423,0.5001793104947954,-0.4998206895052047,-0.7290976426834189,0.5369351295955398,-0.4630648704044602,-1.9343508202947177,0.5156341939806873,-0.4843658060193126,-1.1347242206487564,0.7403745085653323,-0.25962549143466773,-0.7215052116589115,-0.4662921348314607,1.0315173441157692,1.0595455076303903,0.9440059701046246,-2.9860807704084915
12,2011-08-19 11:35:13.760298,2219,57716.0,49688093.0,2400153.0,54.05218260883281,26.00991437584497,22392.11041009464,-426.0,17000.0,24911375.0,-3258265.0,6.028955097679685,0,0,1,0.9256632738194561,-0.07433672618054389,-0.7666079817795428,0.8945027354586736,-0.10549726454132635,-0.25500997618813853,1.6238580365880597,0.6238580365880597,1.9924847999472604,0.20974490301253657,-0.7902550969874634,-1.1856406846176215,0.6903268850087168,-0.3096731149912833,-0.929075024726415,0.9297101321974444,-0.07028986780255565,-0.13773889123319505,1.7348860473581929,0.7348860473581929,2.2264814801026716,-10.0,4.9161483529140755,10.0,-10.0,1.541192476457881
12,2011-08-19 11:35:43.755415,2142,32677.0,22007601.0,1743961.0,28.095451907096173,15.255368814192344,10274.323529411764,-77.0,-25039.0,-27680492.0,-656192.0,-25.956730701736635,1,1,0,0.9067050457162208,-0.09329495428377924,-0.8963883340175822,0.5447455897895835,-0.4552544102104165,-1.0834304209913166,0.7003230320825363,-0.2996769679174637,-0.8386425816777817,0.24064694520848798,-0.759353054791512,-1.2015020514803532,0.4210993551904771,-0.5789006448095229,-1.988333324395059,0.5765753495346483,-0.4234246504653517,-0.8043275939042395,0.7566985360745352,-0.24330146392546478,-0.5963979915879526,-1.2126436781609198,-4.518601780833994,-10.0,0.8436234951199307,-1.241492983796904
12,2011-08-19 11:36:13.768205,2262,21955.0,10163369.0,1360783.0,19.065223542882404,9.706012378426172,4493.089743589743,120.0,-10722.0,-11844232.0,-383178.0,-9.03022836421377,0,0,1,0.9729032258064516,-0.027096774193548386,-0.23715149960381499,0.40716068706395514,-0.5928393129360449,-1.1493674700267407,0.3514985996248097,-0.6485014003751903,-1.596589578999809,0.29353677359796154,-0.7064632264020385,-1.3640634845317698,0.3525624957000386,-0.6474375042999614,-1.752104687297747,0.40273839268157025,-0.5972616073184298,-0.9741146225158738,0.35476784056259764,-0.6452321594374023,-1.445251544631182,4.208556149732621,-0.7682564812982385,-3.717813443847927,0.8532532429946421,0.28576070206411014
12,2011-08-19 11:36:43.751335,1708,12266.0,4900991.0,902579.0,24.294912167447308,7.181498829039812,2869.432669789227,-554.0,-9689.0,-5262378.0,-458204.0,5.229688624564904,9,1,0,0.7214665878178592,-0.2785334121821408,-2.936900963949174,0.3214057374042281,-0.6785942625957718,-1.9836310702446,0.19042991740703993,-0.80957008259296,-1.4338262250755907,0.2576537298800041,-0.7423462701199959,-1.1174599922395703,0.5905170574770122,-0.40948294252298784,-1.0128455498333395,0.4429695735512055,-0.5570304264487945,-1.5145536388967373,0.26034324558718686,-0.7396567544128132,-1.2113831009804015,-10.0,0.38516111837345957,-0.6559090655925114,0.5954934371987415,1.4043242919035466
12,2011-08-19 11:37:13.775266,2270,18944.0,9219408.0,1172364.0,15.131156804845814,8.345374449339207,4061.413215859031,562.0,6678.0,4318417.0,269785.0,-9.163755362601494,17,1,0,1.0340743440233238,0.034074344023323704,0.22362188613362716,0.5729147765075909,-0.4270852234924091,-0.8078322642016842,0.4132900672434738,-0.5867099327565263,-0.7536414577633869,0.4858172962567051,-0.5141827037432949,-0.6546707818507589,0.43597849958029905,-0.5640215004197009,-1.2713028056321352,0.5673546342085618,-0.4326453657914382,-0.8779441619143523,0.41110470745480493,-0.5888952925451951,-0.7588070670176391,4.263646922183508,2.3100282485875705,2.2593439224267726,1.247533927704697,-0.42392457453318677
12,2011-08-19 11:37:43.807620,2438,25430.0,11693842.0,2698176.0,22.446519500820347,10.430680885972109,4796.489745693191,168.0,6486.0,2474434.0,1525812.0,7.315362695974533,2,1,0,1.149891519667956,0.14989151966795594,1.3468858817648124,0.885704732581953,-0.11429526741804702,-0.18427705110437104,0.6091845982633244,-0.39081540173667567,-0.4124838234560695,1.7798370414151221,0.7798370414151222,2.0333422126891594,0.7980194379560344,-0.2019805620439656,-0.37103764927696364,0.7842833168831967,-0.21571668311680328,-0.3701747514238593,0.543938482780763,-0.45606151721923704,-0.49587555576172354,3.24,2.4895278339151203,1.7952640912857043,2.700617067917595,2.11202526002289
12,2011-08-19 11:38:13.753130,2061,156807.0,147827550.0,4551706.0,16.890224812712276,76.08296943231441,71726.12809315867,-377.0,131377.0,136133708.0,1853530.0,-5.556294688108071,2,1,0,0.9524029574861368,-0.047597042513863215,-0.37341396544646355,7.046112229491696,6.046112229491696,10.0,10.0,10.0,10.0,2.8889217799294045,1.8889217799294045,4.262260700539986,0.7745445841475498,-0.22545541585245019,-0.9921173485492296,7.4709898094815825,6.4709898094815825,10.0,10.0,10.0,10.0,-9.607305936073061,10.0,10.0,10.0,0.12099697621919607
12,2011-08-19 11:38:43.790672,2425,34508.0,17477362.0,3504015.0,17.698643066804124,14.230103092783503,7207.159587628866,364.0,-122299.0,-130350188.0,-1047691.0,0.8084182540918476,8,1,0,1.1290622963031938,0.12906229630319388,0.9907129633154781,0.7329589383267772,-0.26704106167322283,-0.20433034993271504,0.4754317561052149,-0.5245682438947851,-0.31032965495823933,1.6395955195062368,0.6395955195062367,0.9011777314018501,0.9045792822048313,-0.09542071779516874,-0.4913983437598661,0.6367133875163425,-0.3632866124836575,-0.27006365759035283,0.40974656216879946,-0.5902534378312004,-0.3429591318871935,10.0,-5.926246676871022,-6.180028645536965,-2.8657160817666845,1.3607326506113517
12,2011-08-19 11:39:13.751442,2111,29570.0,14905471.0,1775429.0,15.470015369493131,14.007579346281384,7060.857887257224,-314.0,-4938.0,-2571891.0,-1728586.0,-2.2286276973109924,18,1,0,0.968170977802238,-0.031829022197761916,-0.22768384328400676,0.5962775503619608,-0.40372244963803916,-0.3309491777174657,0.3899523089661244,-0.6100476910338756,-0.3795380662763342,0.6919678630336024,-0.3080321369663976,-0.5115071348160481,0.8018754824175619,-0.19812451758243813,-0.9820091594088407,0.602369650233961,-0.3976303497660389,-0.31181792667145003,0.3894115013387842,-0.6105884986612158,-0.3690193723707192,-10.0,-2.9668605114315305,-2.758198975580097,-5.032661886347348,-7.1540302101584095
12,2011-08-19 11:39:43.836702,2033,333182.0,425926941.0,10662447.0,15.651036787014265,163.88686669945892,209506.61141170684,-78.0,303612.0,411021470.0,8887018.0,0.1810214175211317,11,1,0,0.8991596638655462,-0.10084033613445378,-1.3119599884552067,6.28031471128218,5.28031471128218,4.80654150547857,10.0,9.588684548075959,6.4034682436027275,3.8909240392973423,2.8909240392973423,5.88211299412289,0.8929513473911376,-0.1070486526088624,-0.6378801769331182,6.656833899881572,5.656833899881573,4.823010480362901,10.0,10.0,6.4537064686068435,-1.967741935483871,10.0,10.0,10.0,1.102562909043365
12,2011-08-19 11:40:13.775856,1781,25932.0,18955451.0,2123135.0,11.93514182257159,14.560359348680516,10643.150477259966,-252.0,-307250.0,-406971490.0,-8539312.0,-3.7158949644426738,15,1,0,0.8045717383447778,-0.19542826165522223,-2.15309699689275,0.22374576572441274,-0.7762542342755873,-0.6745843571455984,0.15340316289579992,-0.8465968371042001,-0.5857353615102846,0.45773451645978086,-0.5422654835402192,-0.7146738942339823,0.6769296653356451,-0.3230703346643548,-2.003504843568984,0.2612771575660682,-0.7387228424339318,-0.6201414196063645,0.17721025739191618,-0.8227897426080838,-0.5601871512410805,-4.3164556962025316,-5.888810392123167,-5.883178941715941,-5.499071293686261,-10.0
13,2011-08-15 17:13:40.449530,3295,1261583.0,911441516.0,434351434.0,886.249135416085,382.87799696509865,276613.5101669196,0.0,0.0,0.0,0.0,0.0,0,0,1,1.0,0.0,0.0,1.0,0.0,0.0,1.0,0.0,0.0,1.0,0.0,0.0,1.0,0.0,0.0,1.0,0.0,0.0,1.0,0.0,0.0,0.0,0.0,0.0,0.0,0.0
13,2011-08-15 17:14:10.507047,2341,78296.0,15243369.0,5789465.0,818.418601989748,33.445536095685604,6511.4775736864585,-954.0,-1183287.0,-896198147.0,-428561969.0,-67.83053342633696,0,0,1,0.7104704097116844,-0.28952959028831565,0.0,0.0620617113578734,-0.9379382886421266,0.0,0.016724462000477933,-0.983275537999522,0.0,0.013328987881274037,-0.986671012118726,0.0,0.9234633572934419,-0.07653664270655813,0.0,0.0873529854439098,-0.9126470145560902,0.0,0.023539983892172055,-0.976460016107828,0.0,0.0,0.0,0.0,0.0,0.0
13,2011-08-15 17:14:40.452154,2182,41521.0,11033006.0,2729480.0,732.198144807516,19.028872593950503,5056.373052245646,-159.0,-36775.0,-4210363.0,-3059985.0,-86.22045718223205,0,0,1,0.7743080198722498,-0.22569198012775019,-0.9428090415820634,0.06197723824315479,-0.9380227617568452,-0.7510586743082251,0.023811775024257572,-0.9761882249757424,-0.7137507945412347,0.012402755600315162,-0.9875972443996849,-0.7172044394032948,0.8590508622187883,-0.1409491377812117,-2.504735868587726,0.09141386966070084,-0.9085861303392992,-0.7654535100439513,0.03571831008344769,-0.9642816899165523,-0.7147254893063455,0.6666666666666666,0.9378426366553507,0.9906039462052135,0.9857197548016678,-1.5422314355191178
13,2011-08-15 17:15:10.461914,2515,40078.0,11725400.0,2635844.0,579.1248526644134,15.93558648111332,4662.186878727634,333.0,-1443.0,692394.0,-93636.0,-153.07329214310255,0,0,1,0.9650805832693784,-0.03491941673062164,-0.15117175938798447,0.08703778775155639,-0.9129622122484436,-0.6057205494673331,0.037512561440506846,-0.9624874385594931,-0.5800695367260117,0.0178551837624706,-0.9821448162375294,-0.5838778040239305,0.7129545251851215,-0.2870454748148785,-3.0199345632691506,0.10981163494765228,-0.8901883650523478,-0.6269967043991271,0.04853388365473302,-0.951466116345267,-0.5845178551251837,1.8975741239892183,0.9964518196616238,1.0023069328831644,0.9993491804636054,-1.980960230214604
13,2011-08-15 17:15:40.452370,2278,53315.0,25847294.0,16016473.0,624.3245486387182,23.40430201931519,11346.485513608428,-237.0,13237.0,14121894.0,13380629.0,45.199695974304746,0,0,1,0.8818348978999323,-0.11816510210006774,-0.6184115458929451,0.15002694378667839,-0.8499730562133216,-0.4997583161901258,0.10889452480211374,-0.8911054751978863,-0.4706671279484772,0.14380470730259587,-0.8561952926974041,-0.4428728755276452,0.8280191864236903,-0.1719808135763097,-0.9784099776766895,0.20744449156333816,-0.7925555084366618,-0.4962165012853542,0.1549835822414415,-0.8450164177585585,-0.45621341870546,-0.2153846153846154,1.043346527439511,1.0627837770108366,1.1239763335857293,1.5886828038387497
13,2011-08-15 17:16:10.506918,1853,39944.0,14290341.0,2225869.0,648.2029371327577,21.55639503507825,7712.002698327037,-425.0,-13371.0,-11556953.0,-13790604.0,23.87838849403954,0,0,1,0.7346760764412021,-0.2653239235587978,-1.491282594824939,0.13542239487168709,-0.8645776051283129,-0.47174563312017564,0.07326196530442258,-0.9267380346955775,-0.45133908528501065,0.024114404549240194,-0.9758855954507598,-0.4709050909857674,0.8903115343715574,-0.10968846562844262,-0.6210127599780108,0.22705650903227098,-0.772943490967729,-0.4555094261192139,0.1267629089877519,-0.8732370910122481,-0.4403259977644695,-1.0894788593903637,0.944668732433533,0.9347502913134409,0.8351727050611005,1.4558256402698064
13,2011-08-15 17:16:40.451673,1715,24566.0,12022811.0,1423909.0,566.9704669965014,14.324198250728864,7010.3854227405245,-138.0,-15378.0,-2267530.0,-801960.0,-81.23247013625632,3,1,0,0.7677500223833825,-0.23224997761661748,-2.117062591671542,0.4851987327871572,-0.5148012672128428,-1.5854269813034467,0.7693180048326447,-0.23068199516735538,-0.6035430424501846,0.24218502819203683,-0.7578149718079632,-0.76254857679898,0.833224023134031,-0.166775976865969,-1.193406247242111,0.631741677217708,-0.368258322782292,-1.2570110872511078,0.9932953106402709,-0.006704689359729077,-0.017615473621964323,0.521497919556172,0.9370599661602159,0.987362609205745,0.9907207526590102,-0.706233300974037
13,2011-08-15 17:17:10.460206,1991,23902.0,14621501.0,1492784.0,655.1106955585134,12.005022601707685,7343.797589151181,276.0,-664.0,2598690.0,68875.0,88.140228562012,0,0,1,0.9442283979891872,-0.05577160201081282,-0.36313890877931876,0.5992759146341463,-0.4007240853658537,-1.5639490874189081,0.9758225473075856,-0.02417745269241448,-0.05848195817856201,0.2981801984094089,-0.7018198015905911,-0.5688647691261453,1.0395873105842979,0.039587310584297965,0.3785765662459396,0.6368755882019855,-0.36312441179801447,-1.81205406323351,1.026030209134661,0.026030209134660837,0.06977637203401453,3.2044728434504792,0.9382095663502699,5.034533767129796,1.0788845681970407,2.7526522629483665
13,2011-08-15 17:17:40.460115,1938,15115.0,4585087.0,1079285.0,585.90476150516,7.799277605779154,2365.8859649122805,-53.0,-8787.0,-10036414.0,-413499.0,-69.20593405335342,0,0,1,0.9360510046367851,-0.06394899536321488,-0.40828276235615196,0.41569263771623444,-0.5843073622837656,-1.7226538078094935,0.29201642745614625,-0.7079835725438538,-1.9104020126091807,0.22678934404331286,-0.7732106559566871,-0.5828196417758125,0.9530832151132769,-0.04691678488672307,-0.7215113089934769,0.44707552340948137,-0.5529244765905187,-1.989485799966374,0.31068874354564313,-0.6893112564543569,-2.1846736084908285,-0.3874345549738219,-1.493614847607696,-10.0,-0.6717891866715829,-3.4887938780935115
13,2011-08-15 17:18:10.451490,1676,17204.0,8093487.0,1142388.0,629.1714562303104,10.264916467780427,4829.049522673031,-262.0,2089.0,3508400.0,63103.0,43.26669472515039,0,0,1,0.8572890025575448,-0.14271099744245525,-1.3380179283846183,0.5484500325168004,-0.4515499674831997,-0.9332696636782186,0.5670326021955739,-0.4329673978044261,-0.8097112514893613,0.2568512369639433,-0.7431487630360567,-0.5100241123204347,1.0212120067750239,0.021212006775023967,0.3389762072318516,0.6489455608474295,-0.35105443915257056,-0.8479194657025371,0.6748524678061741,-0.32514753219382586,-0.7278733129243858,-1.2703639514731369,1.4184192605055481,3.4567550470126447,1.2027003152466433,10.0
13,2011-08-15 17:18:40.469098,1620,18085.0,9319118.0,1069560.0,619.3378359228395,11.16358024691358,5752.541975308642,-56.0,881.0,1225631.0,-72828.0,-9.833620307470824,2,1,0,0.8830262727570043,-0.1169737272429957,-1.5677478450819515,0.7489791354333187,-0.2510208645666813,-0.6222238273038256,0.8691062375335101,-0.13089376246648987,-0.3258689086251033,0.7261854082603285,-0.27381459173967154,-0.883242070101659,1.0036718117255155,0.00367181172551534,0.058288490250342676,0.8463694022395721,-0.15363059776042784,-0.38588448119330787,0.9829667729444952,-0.017033227055504828,-0.04432912721565063,0.5348837209302326,1.1219849907230484,1.3451741364542265,0.9755184940787954,-10.0
13,2011-08-15 17:19:10.491257,2105,88283.0,38412048.0,3319544.0,517.1073944874109,41.939667458432304,18248.00380047506,485.0,70198.0,29092930.0,2249984.0,-102.2304414354286,0,0,1,1.1772930648769575,0.1772930648769575,1.9132698252808429,4.464509669067076,3.4645096690670765,10.0,3.9484442293948248,2.9484442293948248,7.500378286644614,2.673633674112739,1.6736336741127391,10.0,0.8459155959812894,-0.15408440401871062,-2.687518133790556,3.7744722629350025,2.7744722629350025,10.0,3.34192197161926,2.34192197161926,6.391916820235338,10.0,10.0,10.0,10.0,-10.0
13,2011-08-15 17:19:40.477178,2397,33450.0,20251248.0,1836474.0,383.4514054063413,13.9549436795995,8448.580725907384,292.0,-54833.0,-18160800.0,-1483070.0,-133.65598908106966,6,1,0,1.2845659163987138,0.2845659163987138,2.54196499927587,1.0286673760217482,0.02866737602174811,0.029741393990354026,1.3495210615002358,0.3495210615002357,0.3864801956625861,1.1331277693843484,0.13312776938434848,0.2234913399867943,0.6376759561512588,-0.36232404384874123,-4.094994185088411,0.8389160874047812,-0.16108391259521884,-0.18825917156484287,1.0961000020573697,0.09610000205736957,0.12021102146994085,2.7435897435897436,-5.3028548111179115,-4.440948292669469,-4.911802641331269,-10.0
13,2011-08-15 17:20:10.476870,1735,36978.0,26812266.0,1726533.0,559.0730496910663,21.312968299711816,15453.755619596544,-662.0,3528.0,6561018.0,-109941.0,175.62164428472505,8,1,0,0.8910230073952342,-0.10897699260476584,-0.6644933573878947,1.074086338207358,0.07408633820735805,0.08234096357406451,1.6620343157710888,0.6620343157710887,0.7759717853402577,1.0219496259789131,0.02194962597891317,0.03837750445434745,1.0220815335789657,0.02208153357896575,0.11909925235679118,1.2519014936500665,0.25190149365006653,0.30413018108275114,1.9490630934560569,0.9490630934560568,1.220519488823471,-9.152709359605911,0.8475073313782993,4.8270984468751434,-2.5994209898455005,4.232387969988975
13,2011-08-15 17:20:40.454517,1747,20750.0,11141315.0,1116264.0,591.1045306628506,11.87750429307384,6377.398397252433,12.0,-16228.0,-15670951.0,-610269.0,32.03148097178428,13,1,0,0.9162907793978811,-0.08370922060211891,-0.47870697233901044,0.5347938144329897,-0.4652061855670103,-0.6213058944859715,0.5414283938015924,-0.4585716061984076,-0.7462096109309846,0.6137028548796366,-0.38629714512036345,-0.7759371326718688,1.091347348099267,0.09134734809926703,0.49707921481387013,0.6020872259110193,-0.3979127740889808,-0.5967603425725675,0.6046998657579833,-0.39530013424201665,-0.6961211695903656,1.2955665024630543,-4.711293052188628,-4.5251776664956,-5.714336699379526,6.968959638825469
13,2011-08-15 17:21:10.459827,1782,44409.0,39763461.0,1552172.0,508.9243198978676,24.920875420875426,22313.951178451174,35.0,23659.0,28622146.0,435908.0,-82.18021076498303,24,1,0,0.9277384423157018,-0.07226155768429819,-0.430449785231625,1.1240166847215334,0.1240166847215333,0.17235014411577848,1.876768184411729,0.876768184411729,1.55480660752744,0.8558159537954705,-0.1441840462045295,-0.2872166502100923,0.9530153072444937,-0.04698469275550629,-0.27165651356585113,1.2429529946858582,0.2429529946858583,0.37817068638210705,2.0554380859205015,1.0554380859205013,2.028026234009016,1.4647887323943662,10.0,10.0,10.0,-9.794174935318662
13,2011-08-15 17:21:40.455458,1859,28495.0,21215559.0,2800161.0,454.3424787805272,15.328133405056482,11412.350188273263,77.0,-15914.0,-18547902.0,1247989.0,-54.58184111734039,61,1,0,0.9517714519762441,-0.04822854802375591,-0.32336936759061047,0.6364184571403046,-0.36358154285969535,-0.6313521232374892,0.7778085650440314,-0.22219143495596855,-0.4990826935524948,1.4659013775225536,0.4659013775225535,1.0667740892467346,0.8875052829359263,-0.11249471706407366,-0.7279680614515529,0.6722514120801936,-0.32774858791980643,-0.6257099767980102,0.8054826355151347,-0.19451736448486534,-0.41306885438759755,1.3765432098765433,-4.022716912323355,-4.046198434960479,10.0,-1.4717010689613286
13,2011-08-15 17:22:10.458759,1667,13099.0,4149032.0,958692.0,568.3145074379124,7.857828434313137,2488.9214157168567,-192.0,-15396.0,-17066527.0,-1841469.0,113.97202865738524,15,1,0,0.8755252100840336,-0.12447478991596639,-0.847012173725428,0.39916017600955617,-0.6008398239904438,-2.2170438200987106,0.17406016145694372,-0.8259398385430563,-1.8699110063965307,0.5307429333704179,-0.4692570666295821,-1.3679603442111812,1.1380421060818917,0.1380421060818918,0.830854580905073,0.449561194863015,-0.550438805136985,-1.7676183482623335,0.1944286482183974,-0.8055713517816026,-1.6322103000554284,-2.902439024390244,-0.2875493410048839,-3.9622126353815594,-10.0,10.0
13,2011-08-15 17:22:40.496277,1802,37692.0,10572182.0,1872629.0,514.2732886709213,20.916759156492787,5866.91564927858,135.0,24593.0,6423150.0,913937.0,-54.041218766991165,94,1,0,1.025028441410694,0.02502844141069397,0.6268467742798135,1.311199393311116,0.31119939331111585,0.7174321992831303,0.5128062920772705,-0.4871937079227296,-0.7256729759470527,1.148313637457379,0.14831363745737894,0.33386617312114686,0.9588358059807093,-0.041164194019290716,-0.40286920861951014,1.2864361191228901,0.28643611912289024,0.6736024699088821,0.5053645010062294,-0.4946354989937706,-0.7413937066701136,1.9246575342465753,7.042209228047763,2.9944925592850073,6.205945211909107,-2.4616550889036244
13,2011-08-15 17:23:10.450004,1761,151910.0,142114227.0,4370867.0,442.1364272640545,86.26348665530948,80700.867120954,-41.0,114218.0,131542045.0,2498238.0,-72.13686140686673,54,1,0,0.9941289375635091,-0.005871062436490962,-0.14628602236818386,5.258402852296722,4.258402852296722,9.770914482681965,8.182386693724222,7.182386693724221,8.95591033257608,2.6330784231844215,1.6330784231844218,3.702536900612671,0.8383452420571558,-0.1616547579428442,-1.5842920083237126,5.3314161302163505,4.3314161302163505,10.0,8.326623860002073,7.326623860002072,9.171508808337816,-4.059701492537314,10.0,10.0,10.0,-7.051031943499545
13,2011-08-15 17:23:40.453084,1781,18320.0,10709752.0,1009542.0,414.0592673290286,10.286355979786636,6013.336327905671,20.0,-133590.0,-131404475.0,-3361325.0,-28.07715993502592,20,1,0,1.0038327133355878,0.003832713335587845,0.09691862137041833,0.33235971771194284,-0.6676402822880572,-0.6646901355113207,0.24584575217896115,-0.7541542478210389,-0.5792294245545748,0.4368601692791938,-0.5631398307208062,-0.978228912216388,0.832115678190124,-0.167884321809876,-1.6419526821666788,0.33120449480701997,-0.6687955051929799,-0.6589977717118235,0.24487657313967406,-0.7551234268603259,-0.5745696544672323,6.142857142857143,-6.0926349496797805,-6.016475276964141,-6.1639554808989,0.057611686850111476
13,2011-08-15 17:24:10.475061,1715,24382.0,15942511.0,1527573.0,414.0353737965015,14.216909620991254,9295.924781341108,-66.0,6062.0,5232759.0,518031.0,-0.023893532527154,49,1,0,0.9667418263810598,-0.03325817361894025,-0.8412277690269103,0.4885859023068661,-0.5114140976931338,-0.4415184846016423,0.4222941165226975,-0.5777058834773026,-0.37179569682605773,0.693601580328029,-0.306398419671971,-0.47309527602794516,0.8650513576726678,-0.13494864232733214,-1.0407970552055972,0.5053910591453316,-0.4946089408546684,-0.4231435479859698,0.4365005669033734,-0.5634994330966265,-0.3597131001506199,-10.0,2.1617923262677756,1.9005320112485469,5.773335421926543,0.9987406567603061
13,2011-08-15 17:24:40.465565,1694,42704.0,30931432.0,1866298.0,350.5699294811098,25.208972845336483,18259.404958677685,-21.0,18322.0,14988921.0,338725.0,-63.46544431539167,58,1,0,0.9706623882649553,-0.02933761173504472,-0.9432761382844527,0.870079012889003,-0.12992098711099698,-0.10954119487316127,0.8428747901276262,-0.15712520987237372,-0.09760192691864904,0.9581270856857005,-0.04187291431429954,-0.057992734505956184,0.7449998271665623,-0.25500017283343773,-1.7567467488955524,0.9032797331957726,-0.09672026680422736,-0.08181355876532873,0.8747777547513439,-0.1252222452486561,-0.07795089703498449,0.27083333333333337,10.0,10.0,2.330850990265506,-6.872736623052427
13,2011-08-15 17:25:10.449875,1682,110115.0,31755696.0,5203859.0,332.96529821521995,65.46670630202141,18879.72413793104,-12.0,67411.0,824264.0,3337561.0,-17.60463126588985,31,1,0,0.9608134353935794,-0.03918656460642061,-1.5202087750815765,2.002032668140563,1.0020326681405631,1.0010203519065135,0.7551167616296038,-0.24488323837039616,-0.18211344203056726,2.4438355770674853,1.4438355770674853,2.362257304055288,0.7797510848078166,-0.2202489151921834,-1.5884326903829353,2.0863557171546927,1.086355717154693,1.091798375205183,0.7857617034845535,-0.21423829651544643,-0.16046081927901396,-3.222222222222222,10.0,-0.846118346376725,10.0,0.5957504101575757
13,2011-08-15 17:25:40.504447,1704,13817.0,5801575.0,915490.0,410.0075642640845,8.10856807511737,3404.680164319249,22.0,-96298.0,-25954121.0,-4288369.0,77.04226604886458,63,1,0,0.9869106915324917,-0.013089308467508345,-0.5279710969681515,0.19884523833509388,-0.8011547616649061,-0.9472937317273644,0.1253291058945555,-0.8746708941054445,-0.7449501014370565,0.32747206191038736,-0.6725279380896126,-1.0070397617439886,1.0492748418413063,0.04927484184130634,0.41334040117148546,0.20126266394386585,-0.7987373360561342,-0.9536213838847736,0.1278520148243335,-0.8721479851756665,-0.7555839147325366,1.9166666666666667,-7.648302334893612,-7.1260187993361255,-7.4366150040675665,3.1246241231626297
13,2011-08-15 17:26:10.470181,1629,27895.0,18276844.0,1262058.0,350.15546391712707,17.124002455494168,11219.67096378146,-75.0,14078.0,12475269.0,346568.0,-59.85210034695746,52,1,0,0.9497434701492538,-0.050256529850746294,-2.22441428513215,0.6662669940479035,-0.3337330059520966,-0.35192342865307125,0.9605138968212705,-0.03948610317872951,-0.06365207917979651,0.5996800079674899,-0.40031999203251006,-0.4745357559681796,0.9110861858961989,-0.08891381410380102,-0.8677148105243105,0.6944743252320856,-0.30552567476791437,-0.31728099298246004,1.00439160187805,0.004391601878050161,0.006935905467172563,-5.578947368421052,1.509728950779547,1.4575976190383266,1.5014908648173557,-8.31438195416584
13,2011-08-15 17:26:40.478910,1627,18585.0,9892911.0,1060070.0,341.71434028457287,11.422864167178856,6080.461585740627,-2.0,-9310.0,-8383933.0,-201988.0,-8.441123632554195,50,1,0,0.9656932573599241,-0.034306742640075945,-1.7257960811625457,0.4244836990037138,-0.5755163009962861,-0.6545445576880874,0.4816034492639321,-0.5183965507360679,-0.9748818614083022,0.49189914172051985,-0.5081008582794801,-0.6294090083791948,0.9197075803179865,-0.08029241968201356,-0.792321021706088,0.4389183547869859,-0.5610816452130141,-0.6379030118672915,0.4979135962050479,-0.5020864037949522,-0.9458543932774,0.9342105263157895,-5.861618798955614,-6.539732436185526,-4.999508942007636,0.33954450424917065
13,2011-08-15 17:27:10.500831,1455,14183.0,5910105.0,876598.0,435.8276366920962,9.747766323024054,4061.9278350515465,-172.0,-4402.0,-3982806.0,-183472.0,94.11329640752336,44,1,0,0.8727207293666026,-0.12727927063339733,-5.793188630491878,0.3327530546744496,-0.6672469453255504,-0.7235672244460523,0.30572104719485593,-0.6942789528051441,-1.132132451768501,0.4252120365452292,-0.5747879634547708,-0.6606628541330364,1.2205235854976666,0.22052358549766649,2.5858828515454118,0.3827723652397577,-0.6172276347602422,-0.6751341273172842,0.3511109122163697,-0.6488890877836302,-1.0748506495764412,-8.772727272727272,-2.796791443850267,-2.2917928458079873,-0.9622547876698117,7.506633812969526
13,2011-08-15 17:27:40.459634,1884,14160.0,5631461.0,914556.0,385.33049106369424,7.515923566878981,2989.098195329087,429.0,-23.0,-278644.0,37958.0,-50.497145628402,41,1,0,1.1633938495739162,0.1633938495739162,2.7057393017687783,0.38354234946775373,-0.6164576505322462,-0.5509406038989249,0.3930546157690207,-0.6069453842309793,-0.7917300825358731,0.49074299144404826,-0.5092570085559517,-0.5066075848955695,1.0299262525547268,0.0299262525547267,0.24412447425410908,0.3359224900933106,-0.6640775099066893,-0.6107403759221903,0.3424215703123649,-0.6575784296876351,-0.8900186154580516,9.97489539748954,0.9959678833140493,0.9443187006028897,1.1917651813680914,-3.961441685467637
13,2011-08-15 17:28:10.453672,1654,66182.0,30862527.0,7533572.0,363.94017282406287,40.01330108827086,18659.32708585248,-230.0,52022.0,25231066.0,6619016.0,-21.39031823963137,46,1,0,0.996505603084709,-0.003494396915290972,-0.03740246721437675,3.7331904332129966,2.7331904332129966,8.056223495814526,3.3905255117143063,2.3905255117143063,4.007537971255355,7.4904688460721625,6.490468846072162,10.0,0.9462648337462857,-0.053735166253714356,-0.5209248851411823,3.7104924638746404,2.71049246387464,7.577654915914812,3.3613336742952598,2.3613336742952598,3.8737513068033813,-6.693069306930693,3.710749830649784,5.829053558888901,8.715724442875684,-3.0424175942144553
13,2011-08-15 17:28:40.489522,1765,40809.0,17585012.0,1827805.0,296.8924056402266,23.121246458923512,9963.179603399434,111.0,-25373.0,-13277515.0,-5705767.0,-67.04776718383624,45,1,0,1.0698266456540186,0.06982664565401869,0.7524158355441151,1.4470763448104678,0.4470763448104677,0.5741638038558585,1.2458589476373743,0.24585894763737415,0.32540449222698986,0.784677561854901,-0.21532243814509902,-0.17217181846422325,0.79088292679001,-0.20911707320998993,-2.0880915473242276,1.3470174322888597,0.34701743228885973,0.4492610979525296,1.1582268194813805,0.1582268194813806,0.2109780023413942,10.0,-3.4227060059199848,-3.649044417785884,-5.310740634522208,-6.277139543610842
13,2011-08-15 17:29:10.449741,2085,24715.0,9127859.0,1751725.0,318.12184577410073,11.853717026378895,4377.870023980815,320.0,-16094.0,-8457153.0,-76080.0,21.229440133874107,54,1,0,1.2432915921288015,0.24329159212880144,2.5437229605270595,0.8028573470461736,-0.19714265295382635,-0.2677949923599359,0.6530907036225172,-0.34690929637748286,-0.4573582551358069,0.7171793297758602,-0.28282067022413987,-0.24052355729761146,0.8721855718495132,-0.1278144281504868,-0.9051182508789121,0.6454789160265775,-0.3545210839734225,-0.48145996520188167,0.5242456556326924,-0.47575434436730757,-0.6259060943003614,10.0,-7.231221929688709,-10.0,-1.6723853595335019,2.992885953291295
13,2011-08-15 17:29:40.453919,2125,19326.0,10171523.0,961107.0,263.1204259383529,9.094588235294118,4786.599058823529,40.0,-5389.0,1043664.0,-790618.0,-55.00141983574781,72,1,0,1.201515322854235,0.20151532285423504,1.5029909198885867,0.6037526007660154,-0.39624739923398455,-0.5767166993880354,0.735819573903738,-0.264180426096262,-0.341932308813419,0.37239923014546517,-0.6276007698545348,-0.5775141431834458,0.7308443731667383,-0.26915562683326166,-1.7587095731681837,0.4929211683474294,-0.5070788316525706,-0.6946488178834728,0.5975569806461777,-0.4024430193538223,-0.49273657420481837,-0.5633187772925764,-5.395595432300163,7.820869692517633,-6.715407247833096,-10.0
13,2011-08-15 17:30:10.459877,1884,23651.0,13706905.0,2900607.0,314.1843718158174,12.553609341825902,7275.427282377919,-241.0,4325.0,3535382.0,1939500.0,51.063945877464505,42,1,0,0.990223904131189,-0.009776095868811053,-0.09191121195841652,0.7158639643566274,-0.2841360356433726,-0.4459354400146914,0.9339879557442409,-0.06601204425575917,-0.09647496927356324,1.1165830623619721,0.11658306236197206,0.1084692822582113,0.9652923087260501,-0.0347076912739499,-0.22797923570389983,0.6852498384001265,-0.31475016159987346,-0.42471088819254393,0.8921196395951646,-0.10788036040483541,-0.13660663616612867,-2.798507462686567,3.204744312657982,3.1481286276070546,10.0,2.4783385608107196
13,2011-08-15 17:30:40.483223,1986,37499.0,30420077.0,1958916.0,309.8190771379658,18.881671701913397,15317.259315206446,102.0,13848.0,16713172.0,-941691.0,-4.365294677851637,50,1,0,1.0438347524440241,0.04383475244402402,0.41211801491032174,1.0733442865075595,0.07334428650755945,0.13293035011187646,1.8673203269788703,0.8673203269788703,1.6064335959078,0.6540701401606537,-0.3459298598393463,-0.39404295365469266,0.9953967589708099,-0.004603241029190067,-0.03915964456474972,0.9769434477262646,-0.02305655227373534,-0.034991016917884414,1.69956086193446,0.69956086193446,1.0799887369566674,0.0,6.295332420187545,9.348144324943618,-3.370762382234897,0.6932162481945978
13,2011-08-15 17:31:10.509021,1883,29448.0,19132666.0,1230796.0,331.4116429399894,15.6388741370154,10160.736059479554,-103.0,-8051.0,-11287411.0,-728120.0,21.59256580202361,58,1,0,0.9563230066023362,-0.04367699339766379,-0.5833961941891629,1.0084931506849315,0.008493150684931507,0.02643520724191936,1.180862919795363,0.18086291979536312,0.3402477471732552,0.6546675801262957,-0.3453324198737043,-0.9391948812500541,1.1031330512689994,0.10313305126899945,1.3874321622532297,1.0356207387298733,0.035620738729873265,0.09373400996769851,1.2177198469720654,0.2177198469720653,0.4042655330850863,-2.551204819277108,-0.4034445490360143,-10.0,0.34693728186994854,2.9948381983303443
13,2011-08-15 17:31:40.477266,1637,12640.0,4780851.0,888549.0,379.72275626511913,7.721441661576054,2920.4954184483813,-246.0,-16808.0,-14351815.0,-342247.0,48.311113325129725,41,1,0,0.8215396968784503,-0.1784603031215497,-3.1832198893508292,0.4694033675235259,-0.5305966324764742,-2.0648331068952146,0.2895413742143046,-0.7104586257856954,-1.3480778998499907,0.5046766777032451,-0.49532332229675485,-1.1604806635092177,1.2355479017586135,0.23554790175861356,2.7842524340779384,0.5675655960806698,-0.4324344039193302,-1.5653923072933846,0.3483590535244746,-0.6516409464755254,-1.2106885382543828,-10.0,-6.397236158788839,-10.0,-1.8663470734947045,5.997708684232968
13,2011-08-15 17:32:10.455981,1643,19588.0,9066226.0,1172155.0,373.3814049793062,11.922093730979917,5518.092513694462,6.0,6948.0,4285375.0,283606.0,-6.341351285812948,49,1,0,0.8633736205990541,-0.13662637940094588,-1.455207418838546,0.7990927189060409,-0.20090728109395906,-0.5179650326062001,0.579592866170881,-0.42040713382911904,-0.6727468349886626,0.7381351956397848,-0.26186480436021525,-0.49089635744286136,1.168088446750591,0.16808844675059104,1.2780861786930222,0.9330144932664456,-0.06698550673355444,-0.18608994682673732,0.6819107743202403,-0.31808922567975967,-0.5286742884969756,1.0669642857142858,3.8770186335403727,5.929108711095079,2.6428051753060786,-1.5147124640907328
13,2011-08-15 17:32:40.540150,1812,19039.0,8342629.0,1712845.0,301.18561134437084,10.507174392935982,4604.099889624724,169.0,-549.0,-723597.0,540690.0,-72.19579363493534,35,1,0,1.0029890401859847,0.0029890401859847733,0.0342312154149857,0.7750394867536189,-0.22496051324638108,-0.5833691921603991,0.5409793374053949,-0.45902066259460506,-0.7120828313641093,1.0506932688080992,0.05069326880809924,0.10169704877906603,0.8814229362389534,-0.11857706376104661,-1.2316776689544648,0.7874354090082373,-0.2125645909917627,-0.6770929002769209,0.5588583591536438,-0.4411416408463562,-0.764425734806477,2.7531120331950203,-10.0,-2.273314774219056,10.0,-4.27385963116291
13,2011-08-15 17:33:10.451309,1550,23688.0,9622211.0,1889037.0,315.9201271567742,15.282580645161293,6207.878064516129,-262.0,4649.0,1279582.0,176192.0,14.734515812403345,43,1,0,0.8648588327195625,-0.13514116728043749,-1.592329044141758,1.0019117870979748,0.00191178709797489,0.004610849163101972,0.6706079269750047,-0.32939207302499535,-0.4523341793663817,1.3564312755187549,0.3564312755187548,1.1447389498454126,0.9316316981220562,-0.06836830187794381,-0.6442846776233829,1.1815589861062155,0.18155898610621535,0.5360164875237886,0.8057850418768869,-0.19421495812311312,-0.2973741374579061,-10.0,6.040112749349523,2.192688444815293,1.7416974107607417,6.667661868517988
13,2011-08-15 17:33:40.450031,1679,17639.0,9527483.0,864474.0,311.986269884455,10.50565812983919,5674.498511018463,129.0,-6049.0,-94728.0,-1024563.0,-3.9338572723191874,47,1,0,0.9847507331378299,-0.015249266862170088,-0.1890896589154788,0.844755418905587,-0.15524458109441294,-0.5220048482784605,0.9350830293379769,-0.06491697066202305,-0.1237740474780435,0.6270318401040302,-0.37296815989596976,-1.2499938615707173,0.9167322523199464,-0.08326774768005364,-0.8136661579029217,0.8601019960737435,-0.13989800392625654,-0.5133082448016104,0.964679924996636,-0.035320075003364024,-0.07722776841714264,2.4793577981651373,-1.189921077402071,0.9772265096813298,-10.0,-4.223918227347623
13,2011-08-15 17:34:10.459319,1424,41246.0,18815213.0,1731931.0,395.329043798455,28.96488764044944,13212.93047752809,-255.0,23607.0,9287730.0,867457.0,83.34277391400002,32,1,0,0.8556663862516525,-0.14433361374834758,-2.521626703565067,2.227250145797784,1.227250145797784,5.705528946920881,2.2756998166398157,1.2756998166398157,5.237274862554096,1.326731330798246,0.32673133079824607,0.9029115658225054,1.1750384733232446,0.17503847332324468,1.5881420312630907,2.5889731918295515,1.5889731918295518,6.464332499505455,2.6505308606059663,1.650530860605966,6.375410329271193,-5.25,10.0,5.834749114098086,10.0,10.0
13,2011-08-15 17:34:40.485991,1555,23094.0,5397891.0,1314279.0,397.6622134874598,14.85144694533762,3471.312540192926,131.0,-18152.0,-13417322.0,-417652.0,2.3331696890047624,57,1,0,0.9589294523926987,-0.041070547607301375,-0.4590996767828388,0.9527227722772277,-0.04727722772277228,-0.1173037117227892,0.48740511796904823,-0.5125948820309518,-1.303070267327813,0.8915876415552826,-0.10841235844471737,-0.3669991133362698,1.1711086051549902,0.17110860515499005,1.3843731893551536,0.962100685912436,-0.037899314087563994,-0.07490513494673448,0.4928391557856442,-0.5071608442143558,-1.021544318953249,4.075117370892018,-4.172760959239321,-5.780168133043739,-3.476054741505036,-0.25249048371658417
13,2011-08-15 17:35:10.481338,1387,62510.0,55392558.0,2862748.0,417.3020430454217,45.06849315068493,39936.956020187456,-168.0,39416.0,49994667.0,1548469.0,19.639829557961946,35,1,0,0.864713216957606,-0.13528678304239403,-1.474740948147627,2.506294805382259,1.5062948053822591,3.9656812724366617,5.356551643988937,4.356551643988937,8.947058000230822,1.9053063893215714,0.9053063893215714,3.277915047511859,1.2116198193317256,0.21161981933172566,1.5230912326473334,2.8128516986817447,1.812851698681745,3.8281741065480523,6.019911030389197,5.019911030389198,8.70772347913031,-8.545454545454545,10.0,10.0,10.0,3.0443112821730804
13,2011-08-15 17:35:40.458768,1654,100646.0,17764210.0,5975041.0,316.1772313748489,60.85006045949214,10740.15114873035,267.0,38136.0,-37628348.0,3112293.0,-101.12481167057284,29,1,0,1.0888742593811718,0.08887425938117183,1.1586168934268883,2.9922641027013204,1.9922641027013208,3.6373434994783267,0.8994048889864769,-0.10059511101352313,-0.09682446899774494,3.4488094560569276,2.448809456056928,5.681603006796625,0.8600187232833773,-0.13998127671662278,-1.0340937797247443,2.653197577715618,1.653197577715618,2.673280751926632,0.7839117193922585,-0.21608828060774155,-0.19587689710066067,4.141176470588236,3.386372524211543,-4.998767777099089,10.0,-5.354457426444394
13,2011-08-15 17:36:10.596897,1327,13744.0,4713089.0,987191.0,370.98361314016574,10.357196684250187,3551.6872645064054,-327.0,-86902.0,-13051121.0,-4987850.0,54.80638176531687,48,1,0,0.861800233796597,-0.13819976620340302,-1.615476364669776,0.2803353254329247,-0.7196646745670753,-1.0444674858710874,0.22044928052710003,-0.7795507194729,-0.8405965076607598,0.38718009600051706,-0.6128199039994829,-0.7609314192063495,1.008953848736585,0.008953848736585054,0.06624346353217576,0.3231765280927022,-0.6768234719072977,-1.0316173025856912,0.24314684691411886,-0.7568531530858812,-0.7529732987547211,-10.0,-6.646066685724681,-9.014690864000352,-7.103579438492962,10.0
13,2011-08-15 17:36:40.458324,1203,17168.0,7963989.0,1025068.0,461.9771411995013,14.27098919368246,6620.107231920199,-124.0,3424.0,3250900.0,37877.0,90.99352805933556,36,1,0,0.8187015108207432,-0.1812984891792569,-2.006168570696337,0.3558282208588957,-0.6441717791411042,-0.8952244918565851,0.3900743533487435,-0.6099256466512565,-0.6031396450317291,0.3982024972049981,-0.6017975027950019,-0.7635828846941861,1.2173604891961975,0.21736048919619763,2.113692944428926,0.44571189151420076,-0.5542881084857992,-0.8425390290310304,0.46677645394057826,-0.5332235460594217,-0.503098579021107,-0.7613636363636362,5.395378690629012,4.376229697860208,0.5432662141349608,6.711663190064721
13,2011-08-15 17:37:10.466150,1572,39088.0,26727814.0,1784069.0,407.160243793257,24.865139949109416,17002.4262086514,369.0,21920.0,18763825.0,759001.0,-54.81689740624432,45,1,0,1.1030030872859948,0.10300308728599492,0.815326591656031,0.8999732918282204,-0.10002670817177962,-0.11587929328211471,1.4648309282985592,0.4648309282985592,0.3960932764312859,0.7333200595478895,-0.26667994045211046,-0.30538011651032415,1.0365047069224091,0.036504706922409084,0.2645053676437591,0.8550704984374361,-0.1449295015625639,-0.1867460509817737,1.3217016157875026,0.32170161578750245,0.26833843316539,9.348416289592759,5.551873079159398,9.645948604507659,6.368798480044931,-5.112412772745089
13,2011-08-15 17:37:40.460738,1899,20905.0,9729361.0,2450073.0,408.182399328594,11.008425487098473,5123.412848867825,327.0,-18183.0,-16998453.0,666004.0,1.0221555353369922,47,1,0,1.3292734145317096,0.32927341453170944,2.567033248920987,0.44830499751239516,-0.5516950024876048,-0.715149167327591,0.43217917184234844,-0.5678208281576516,-0.629410669211443,0.9696257364088049,-0.03037426359119514,-0.037033359155688124,1.0341060573541043,0.03410605735410437,0.24660472540856834,0.35416937003021975,-0.6458306299697802,-0.9378568332654235,0.3290510893507293,-0.6709489106492706,-0.7193323878381372,10.0,-6.684319119669875,-4.984649405438549,6.088316056110177,-0.4619118372821417
13,2011-08-15 17:38:10.537288,1433,14924.0,5471139.0,1132159.0,328.16418999651086,10.414515003489184,3817.961618981159,-466.0,-5981.0,-4258222.0,-1317914.0,-80.01820933208313,45,1,0,0.9359895493141738,-0.06401045068582625,-0.35699320763135484,0.38955682820763143,-0.6104431717923686,-0.6461491347888372,0.40891365471281454,-0.5910863452871854,-0.89096519536597,0.4631855226249079,-0.536814477375092,-0.6357389117938893,0.8352441484518337,-0.16475585154816627,-1.2033252953191735,0.4291042239614938,-0.5708957760385062,-0.6517475456034982,0.44355926372108884,-0.5564407362789112,-0.8868373267167835,-5.550781249999999,0.2812161999759644,0.5337358880062647,-10.0,-10.0
13,2011-08-15 17:38:40.481386,1502,153968.0,132823652.0,125354607.0,400.9418455319574,102.508655126498,88431.1930758988,69.0,139044.0,127352513.0,124222448.0,72.77765553544657,53,1,0,1.0102232983588917,0.01022329835889161,0.056830789596389104,7.2743765886477245,6.2743765886477245,10.0,10.0,10.0,10.0,10.0,10.0,10.0,1.0142889467962792,0.014288946796279305,0.11381788016609179,7.227443042994385,6.227443042994386,10.0,10.0,10.0,10.0,2.5610859728506785,9.110170084692376,10.0,10.0,10.0
13,2011-08-15 17:39:10.466323,1263,15699.0,3452509.0,1319722.0,370.2421859722882,12.429928741092636,2733.577988915281,-239.0,-138269.0,-129371143.0,-124034885.0,-30.69965955966921,48,1,0,0.8299382310421869,-0.17006176895781308,-1.0255824670611753,0.31901663462749896,-0.680983365372501,-0.5648361771530548,0.09447749103246074,-0.9055225089675393,-0.6075138913067665,0.05008585613271407,-0.9499141438672859,-0.4522146428952499,0.9226411021764076,-0.07735889782359236,-0.6503947150377123,0.3811278031687787,-0.6188721968312213,-0.5109615922482941,0.11296234172611437,-0.8870376582738857,-0.5916102579425855,-7.828571428571428,-5.93029010725696,-6.049198909538786,-5.986631104404388,-6.123743476948375
13,2011-08-15 17:39:40.454649,1386,11919.0,5368084.0,742575.0,334.431193481241,8.5995670995671,3873.0764790764792,123.0,-3780.0,1915575.0,-577147.0,-35.810992491047216,51,1,0,0.9036380232103273,-0.09636197678967268,-0.631176263697532,0.24365862035129035,-0.7563413796487096,-0.6214837179142455,0.1506158585523736,-0.8493841414476264,-0.5494699871217708,0.02811918573851094,-0.9718808142614891,-0.46398815227587803,0.8733294749049701,-0.1266705250950299,-1.4136676656694611,0.26669183836666355,-0.7333081616333365,-0.5952675014572317,0.16536263834008083,-0.8346373616599191,-0.5313300386038171,9.25,-10.0,3.123000656103984,-10.0,-0.9518727840630107
13,2011-08-15 17:40:10.532383,1315,45318.0,19321862.0,1908884.0,407.9324361551331,34.46235741444867,14693.431178707224,-71.0,33399.0,13953778.0,1166309.0,73.50124267389208,43,1,0,0.8786582921288254,-0.12134170787117461,-0.7527542783531813,1.042200400156383,0.042200400156382954,0.029669653785651638,0.6159550324749484,-0.38404496752505163,-0.2122410702607173,0.07285864847230748,-0.9271413515276925,-0.4382048930651339,1.1073314142177637,0.10733141421776378,1.0743747608809628,1.1886761153593437,0.1886761153593437,0.13302900554882655,0.7065561221956581,-0.29344387780434195,-0.16135934905150123,-0.9086021505376343,7.146527292134418,4.266375089947298,6.599211325269277,6.053086927339439
13,2011-08-15 17:40:40.518477,1286,18952.0,11849760.0,1032725.0,382.5701899618973,14.737169517884915,9214.432348367029,-29.0,-26366.0,-7472102.0,-876159.0,-25.36224619323576,48,1,0,0.9320191332077113,-0.06798086679228871,-0.9936808658563371,0.3918487520055577,-0.6081512479944423,-0.48561239403487844,0.35598281889379496,-0.644017181106205,-0.3827875761515512,0.03958076237394722,-0.9604192376260527,-0.4515817943943923,1.0386266172031378,0.038626617203137696,0.38730528101218065,0.43752538288069165,-0.5624746171193084,-0.47513776919149014,0.40574610277656475,-0.5942538972234352,-0.3641318123735127,0.7517123287671232,-6.399991807643468,-4.894762168906732,-7.09475987132037,-10.0
13,2011-08-15 17:41:10.469476,1236,27888.0,15585423.0,2426941.0,426.5777542815534,22.563106796116504,12609.565533980582,-50.0,8936.0,3735663.0,1394216.0,44.00756431965607,49,1,0,0.9152843601895734,-0.0847156398104266,-1.1848530397060826,0.5671612651308083,-0.43283873486919167,-0.3544919790802699,0.45092569538189453,-0.5490743046181055,-0.34330184474952524,0.09308716953529532,-0.9069128304647047,-0.4260125070226285,1.1248714156493895,0.12487141564938964,1.62564510985015,0.6531032219052121,-0.34689677809478786,-0.3050535462900927,0.5300554942438203,-0.4699445057561797,-0.30672939319201914,-0.7006802721088436,10.0,1.9282685081932285,10.0,3.0443668297296296
13,2011-08-15 17:41:40.480861,1416,21583.0,14245545.0,1119863.0,258.31412103107346,15.24223163841808,10060.41313559322,180.0,-6305.0,-1339878.0,-1307078.0,-168.26363325047993,48,1,0,1.091581868640148,0.09158186864014797,2.0646979483755996,0.9009734838364948,-0.09902651616350523,-0.17806631090202737,1.2815896386240813,0.2815896386240812,0.46709141130850534,0.753523117889522,-0.24647688211047808,-0.5386293855794366,0.6720791352866972,-0.3279208647133028,-3.553006997674324,0.821310584701365,-0.17868941529863508,-0.3235073425316239,1.16644950017511,0.16644950017510998,0.2733357923401312,4.383458646616541,0.7499603426395939,0.9428566086579149,0.9468354829091118,-10.0
13,2011-08-15 17:42:10.455128,1291,19072.0,12154752.0,1056481.0,346.146007746708,14.773044151820294,9414.9899302866,-125.0,-2511.0,-2090793.0,-63382.0,87.83188671563454,44,1,0,0.9722849826781143,-0.027715017321885794,-0.5018918118444186,0.7588731497692185,-0.24112685023078148,-0.4789199780750951,0.9156718824341002,-0.08432811756589971,-0.21603107857944093,0.7305232701257421,-0.2694767298742579,-0.5583820998918891,0.9562965337492061,-0.04370346625079392,-0.23442824239080737,0.7726129307345035,-0.22738706926549646,-0.43910391902556234,0.9330840921650855,-0.06691590783491455,-0.16502855060735927,-5.084967320261438,-3.1337525492862,-1.9685842797151791,-0.5856678958665859,4.923586401755643
13,2011-08-15 17:42:40.468883,1371,16001.0,7864291.0,1461790.0,371.6148708796499,11.671043034281546,5736.171407731583,80.0,-3071.0,-4290461.0,405309.0,25.46886313294192,41,1,0,1.0475244498777507,0.047524449877750646,0.9359258317769927,0.6023883204204408,-0.3976116795795592,-0.9519703520624333,0.5374915753500175,-0.4625084246499825,-2.2271183325865564,0.9687279900817691,-0.03127200991823082,-0.07495098416594495,1.0200565647801065,0.020056564780106624,0.1099082867605195,0.573358358875435,-0.42664164112456504,-1.0151422058086623,0.5122237248803376,-0.48777627511966243,-2.297115787948812,5.2105263157894735,-3.146651754508598,-4.160948052858928,5.455897625403783,9.870365741955975
13,2011-08-15 17:43:10.453856,1378,15941.0,6338896.0,1631584.0,381.6386353018868,11.56821480406386,4600.069666182873,7.0,-60.0,-1525395.0,169794.0,10.023764422236866,52,1,0,1.043939393939394,0.04393939393939394,0.8029652759040206,0.770126381695911,-0.22987361830408906,-1.0624164061652004,0.5136887785207501,-0.4863112214792499,-2.044250310461934,1.1493589562963171,0.14935895629631718,0.35994666138650383,1.0688822833185474,0.06888228331854741,0.3942599883387943,0.7322897501643353,-0.2677102498356647,-1.0468335056347602,0.4889990102990722,-0.5110009897009278,-1.954523223396564,-0.37499999999999994,0.9897670293686257,0.33432880319921215,2.8988624316139333,2.380016026157402
13,2011-08-15 17:43:40.472757,1456,27488.0,11753891.0,7817618.0,266.33912075480765,18.87912087912088,8072.7273351648355,78.0,11547.0,5414995.0,6186034.0,-115.29951454707911,39,1,0,1.0878661087866108,0.0878661087866108,1.6083503550875273,1.3677663332835746,0.36776633328357466,1.4931461365004315,1.0459262893296715,0.04592628932967139,0.128857400158401,5.078578900273482,4.078578900273483,10.0,0.7463442416435185,-0.2536557583564815,-1.453275579003381,1.245034847653366,0.24503484765336586,0.8306440685117986,0.9514965977214295,-0.04850340227857048,-0.12549970337439056,3.239130434782609,10.0,5.91301817646017,10.0,-10.0
13,2011-08-15 17:44:10.482874,1460,30712.0,22912899.0,1561089.0,351.5657645965753,21.035616438356165,15693.766438356164,4.0,3224.0,11159008.0,-6256529.0,85.22664384176767,46,1,0,1.0561342592592593,0.05613425925925919,1.2651295796509623,1.5342958485287506,0.5342958485287506,2.231235135807915,2.188125264110357,1.188125264110357,3.812495903242257,0.5964120581912162,-0.4035879418087837,-0.36218232887219787,1.0823717498080456,0.08237174980804554,0.4569043590932154,1.4581000076815276,0.45810000768152764,2.1916166973492444,2.071271850019929,1.0712718500199292,3.457750924676363,-0.9090909090909091,10.0,10.0,-6.803101354430994,3.659366282836602
13,2011-08-15 17:44:40.547328,2096,30548.0,19253473.0,1937678.0,272.771984072042,14.57442748091603,9185.817270992366,636.0,-164.0,-3659426.0,376589.0,-78.79378052453336,50,1,0,1.506612995974698,0.506612995974698,10.0,1.3985386488911677,0.39853864889116786,1.2726091561349977,1.5775140107545582,0.5775140107545581,1.0872294207409534,0.7161433713354014,-0.2838566286645986,-0.26795285112315514,0.7941864709205428,-0.2058135290794572,-1.5545548208024331,0.9351328890719601,-0.0648671109280399,-0.23718386711543352,1.0554110213609833,0.05541102136098329,0.11107202770140354,10.0,-1.0898236389527878,-3.11103988599058,3.2675295653474636,-5.224793124916184
13,2011-08-15 17:45:10.460688,1501,24035.0,14833552.0,1657058.0,313.53111858760826,16.0126582278481,9882.446369087274,-595.0,-6513.0,-4419921.0,-280620.0,40.7591345155663,46,1,0,0.9670145599793841,-0.03298544002061593,-0.16685120846529444,0.9957328693346591,-0.004267130665340956,-0.01361495450377169,1.0887258352300127,0.08872583523001257,0.16775238760320638,0.5749776939364496,-0.42502230606355035,-0.44302483522270086,0.9536021818205948,-0.04639781817940524,-0.2764071969192464,1.0300387994931268,0.030038799493126853,0.10928961497565727,1.1414618744987246,0.14146187449872463,0.2826014359659855,-4.695652173913044,-3.8376612059951207,-4.113181233633496,-2.592265974577762,3.7774907572391507
13,2011-08-15 17:45:40.450983,1785,17254.0,7330738.0,1330403.0,235.9495784179272,9.66610644257703,4106.856022408963,284.0,-6781.0,-7502814.0,-326655.0,-77.58154016968109,49,1,0,1.1310353567355214,0.13103535673552144,0.7061467783419848,0.6701935924924645,-0.3298064075075355,-1.387372365627845,0.48811248804161567,-0.5118875119583843,-1.1923593527884133,0.455460643790662,-0.544539356209338,-0.5802907012444748,0.7439230722231374,-0.25607692777686264,-1.631962161197351,0.5888937484446816,-0.41110625155531844,-1.828724743055188,0.4328945919315139,-0.5671054080684861,-1.3382146332303548,9.923076923076923,-5.220189195917351,-6.382790226969545,-9.364273716123481,-5.678420135428384
13,2011-08-15 17:46:10.454379,1543,42788.0,19496006.0,2030320.0,336.52966165327285,27.730395333765397,12635.130265716138,-242.0,25534.0,12165268.0,699917.0,100.58008323534568,54,1,0,0.9297421065316944,-0.07025789346830556,-0.4170826378778257,1.6452240516160783,0.6452240516160784,2.996358250286792,1.2812065807891386,0.2812065807891387,0.6991153963181311,0.7097112203249392,-0.2902887796750609,-0.2987761013976808,1.168377924395237,0.16837792439523694,1.0775522633133856,1.7295192427634858,0.7295192427634858,2.687116089245017,1.3458346806656136,0.3458346806656137,0.7779799666325733,-3.9729729729729724,10.0,10.0,10.0,4.4518750202171
13,2011-08-15 17:46:40.476219,1536,20884.0,12384833.0,1151681.0,272.5159519029948,13.596354166666666,8063.042317708333,-7.0,-21904.0,-7111173.0,-878639.0,-64.01370975027805,47,1,0,0.9159212880143113,-0.08407871198568873,-0.5298674184715659,0.7184681120430447,-0.2815318879569553,-0.8649721286009386,0.7387167649321336,-0.26128323506786644,-0.7296190973032872,0.6761430805063272,-0.32385691949367285,-1.9403537299409686,0.9021627218946704,-0.09783727810532962,-0.623082749788939,0.7636753401185541,-0.23632465988144588,-0.6123568283912352,0.7827585969531571,-0.2172414030468429,-0.5191603918268056,-1.4022988505747127,-8.158169934640522,-5.592526073301675,0.2408901356038691,-5.559995473099267
13,2011-08-15 17:47:10.477280,1409,11637.0,4422961.0,792978.0,303.5344993605394,8.259048970901349,3139.0780695528742,-127.0,-9247.0,-7961872.0,-358703.0,31.018547457544628,37,1,0,0.832643895520624,-0.167356104479376,-1.1218969826405947,0.4293810743197869,-0.5706189256802131,-1.5407539723533556,0.3017084145752193,-0.6982915854247806,-2.013297713776423,0.48906149394237675,-0.5109385060576233,-2.1872738022551244,1.0603467512626,0.06034675126259987,0.4397500181528559,0.5061936061535434,-0.4938063938464567,-1.1846164546863582,0.35774361905166663,-0.6422563809483335,-1.8142922904247853,-9.355263157894736,-3.7044159544159543,-2.7812604898183575,-3.3807522080662813,2.9619621097510573
13,2011-08-15 17:47:40.513173,1381,8224.0,2840446.0,698483.0,298.55963370528605,5.955104996379435,2056.8037653874003,-28.0,-3413.0,-1582515.0,-94495.0,-4.974865655253382,43,1,0,0.888217134036532,-0.11178286596346794,-1.2475155120915045,0.3526647112300383,-0.6473352887699617,-1.2772519834835772,0.24290566016437343,-0.7570943398356266,-1.4801024803571732,0.5016079133177449,-0.4983920866822551,-1.4646527150050683,1.021023310655403,0.021023310655403055,0.15742122602241979,0.39561147688874343,-0.6043885231112565,-1.177135343642218,0.27187300980995627,-0.7281269901900437,-1.389421378125976,0.7962154294032023,0.09761514462482149,0.4664664982571067,0.58724993448065,-1.808592146740607
13,2011-08-15 17:48:10.499286,1145,10085.0,2496482.0,610075.0,384.69205635196505,8.807860262008735,2180.3336244541483,-236.0,1861.0,-343964.0,-88408.0,86.132422646679,45,1,0,0.7479749150770839,-0.2520250849229161,-2.415158928123817,0.5003125403077777,-0.4996874596922222,-0.7424942246892174,0.2685834168334517,-0.7314165831665483,-1.0054951893546886,0.5080685525074264,-0.49193144749257356,-1.1133587710851163,1.3291925028239915,0.32919250282399154,2.5357125810555194,0.6753767941611157,-0.32462320583888427,-0.48839685193051435,0.3633779096068522,-0.6366220903931479,-0.8786558163258936,-8.833333333333334,1.5885143254696097,0.8565992829547242,0.538857157760217,10.0
13,2011-08-15 17:48:40.495164,1189,10152.0,4976886.0,711477.0,387.2448309772918,8.538267451640033,4185.774600504626,44.0,67.0,2480404.0,101402.0,2.5527746253267765,39,1,0,0.8475905332192758,-0.15240946678072423,-1.323561205908409,0.5422034224187656,-0.4577965775812343,-0.5990869027706359,0.5975983417004621,-0.4024016582995379,-0.4513184887268213,0.6732961271966109,-0.32670387280338903,-0.5933099126538665,1.2133008950429687,0.21330089504296862,1.5784941881518961,0.6634367901380797,-0.3365632098619204,-0.4944729384020065,0.7454792236469241,-0.25452077635307596,-0.30845402492574703,1.34375,1.0467289719626167,3.5654454377260953,1.7038599082640131,-0.9141881101893824
13,2011-08-15 17:49:10.513430,1466,19442.0,7943795.0,1600367.0,318.81038286221013,13.26193724420191,5418.68690313779,277.0,9290.0,2966909.0,888890.0,-68.4344481150817,37,1,0,1.1006006006006006,0.1006006006006006,0.8256360913821137,1.5940769407366109,0.5940769407366109,1.4476379055404027,1.4644771430956454,0.4644771430956455,0.625484318824014,2.018273036960734,1.0182730369607338,3.8308811268398317,0.9681180926689511,-0.0318819073310489,-0.19789087086065982,1.4684372512780832,0.46843725127808317,1.5149938628632826,1.3805548951146276,0.3805548951146276,0.6054800582159706,4.9124293785310735,2.423274911141071,2.0217248015031215,4.36996139798293,-7.746940710959116
13,2011-08-15 17:49:40.457573,1841,24011.0,14277545.0,1335907.0,223.0854395366649,13.042368278109723,7755.3204780010865,375.0,4569.0,6333750.0,-264460.0,-95.72494332554528,44,1,0,1.396813353566009,0.3968133535660091,3.6815469868846464,2.0163755458515285,1.0163755458515285,2.7618797535351893,3.1475278178634842,2.1475278178634842,4.4868569832178835,1.5134738001259807,0.5134738001259805,1.1152086698031967,0.6589082683924599,-0.34109173160754014,-2.629497094756051,1.4548998901521326,0.45489989015213267,1.5350652506095834,2.2835722318028573,1.2835722318028573,3.0723816402509545,10.0,10.0,8.130934254559406,-3.9470498299478924,-10.0
13,2011-08-15 17:50:10.495399,1248,19219.0,13310656.0,1362058.0,361.42751864583335,15.399839743589745,10665.589743589744,-593.0,-4792.0,-966889.0,26151.0,138.34207910916848,39,1,0,0.8886357163201366,-0.11136428367986334,-0.5630352344899433,1.3362488527963958,0.33624885279639577,0.6969584437942706,2.045580604905082,1.0455806049050822,1.4011359904613208,1.3740648535028788,0.37406485350287877,0.8295965450017292,1.1207803116833583,0.12078031168335836,0.5722582492422151,1.5522298812141475,0.5522298812141475,1.737220701600384,2.4692386817148977,1.469238681714898,2.6624113939632355,-7.863425925925925,-2.936318086310005,-1.4905782933099965,-0.7591674049461348,9.598116585329764
13,2011-08-15 17:50:40.461626,1492,35467.0,29256468.0,1247522.0,311.9943494530831,23.771447721179623,19608.8927613941,244.0,16248.0,15945812.0,-114536.0,-49.433169192750256,44,1,0,1.0828857599070982,0.0828857599070983,0.3981833559879708,2.1389113365255885,1.1389113365255883,3.0448188291018408,3.4014905675487364,2.4014905675487364,4.027011008451567,1.109917927131592,0.109917927131592,0.2829122260293326,0.9311817476736431,-0.06881825232635681,-0.3373717443164305,2.012814380164845,1.012814380164845,3.974406835623661,3.245892213802753,2.245892213802753,4.135260409154744,10.0,6.38881309686221,6.614848221764415,-1.8630222657574502,-4.93151203030753
13,2011-08-15 17:51:10.460001,1311,19973.0,12374227.0,1018812.0,284.349716583524,15.23493516399695,9438.769641495042,-181.0,-15494.0,-16882241.0,-228710.0,-27.644632869559075,51,1,0,0.9058872305140961,-0.09411276948590384,-0.530371982006205,0.9221911331504926,-0.07780886684950737,-0.18292756145233302,0.886846192271665,-0.11315380772833505,-0.16844999691719253,0.8140946994812964,-0.18590530051870355,-0.7073742128191833,0.8871719910240803,-0.11282800897591966,-0.5773178160071538,1.0291947395860095,0.029194739586009478,0.07715019504920351,0.9907542126681563,-0.009245787331843674,-0.014313177963525117,-3.6080691642651295,-4.052162950122135,-4.154381508271342,-2.79395306590195,-0.9013414623937901
13,2011-08-15 17:51:40.455492,1532,12660.0,4336832.0,991564.0,250.5012435502611,8.263707571801566,2830.8302872062663,221.0,-7313.0,-8037395.0,-27248.0,-33.848473033262906,54,1,0,1.0410437618918185,0.04104376189181849,0.2619329484601178,0.5359319967488485,-0.4640680032511515,-1.5879643598982252,0.2810187114910236,-0.7189812885089765,-1.3700178503792213,0.7552280649160217,-0.24477193508397835,-1.5305675601701567,0.8351893305389356,-0.16481066946106435,-0.9679674870976873,0.5119349210757952,-0.48806507892420486,-1.7900305548252564,0.2676287552513479,-0.7323712447486521,-1.4296129364289083,8.057377049180328,-4.723144282659607,-6.432624371378851,-1.4432947760586983,-0.6448046747743859
13,2011-08-15 17:52:10.483486,1248,45343.0,19766026.0,1669318.0,334.6625150264423,36.33253205128205,15838.16185897436,-284.0,32683.0,15429194.0,677754.0,84.16127147618118,43,1,0,0.8405172413793104,-0.15948275862068964,-1.0203513255783576,2.036423246204976,1.0364232462049763,2.738115591923926,1.343608889303631,0.34360888930363115,0.559239226839625,1.4014073191408196,0.4014073191408196,2.7280659841283335,1.1690382574447327,0.16903825744473278,0.8991472222512915,2.3993811297060383,1.3993811297060386,3.7716064453629263,1.5743886549490846,0.5743886549490846,0.9451455482499335,-10.0,10.0,10.0,6.566283346172735,7.160322932180409
13,2011-08-15 17:52:40.653543,1345,44107.0,38810011.0,1354976.0,322.8815464773234,32.79330855018588,28855.02676579925,97.0,-1236.0,19043985.0,-314342.0,-11.780968549118882,45,1,0,0.9844825062216366,-0.015517493778363376,-0.15554548943992846,1.6623825963727366,0.6623825963727367,1.3075557715687804,2.4549559981048072,1.4549559981048072,2.472591999591402,1.0772117735687776,0.07721177356877754,0.34981923645716634,1.0463223487877995,0.04632234878779954,0.3313325288068363,1.656186513157813,0.6561865131578131,1.2084585420056806,2.471215959183949,1.471215959183949,2.6786200130992857,1.8178752107925802,-1.2897056066004124,10.0,-5.714031630630064,-1.5279296171460526
13,2011-08-15 17:53:10.481048,1295,9720.0,4190269.0,658722.0,322.37855649034753,7.505791505791506,3235.7289575289574,-50.0,-34387.0,-34619742.0,-696254.0,-0.5029899869758765,62,1,0,0.9346131639722864,-0.06538683602771357,-0.7466139874111926,0.30847350047603933,-0.6915264995239606,-1.4911729961472984,0.2004077936351969,-0.7995922063648031,-1.2300691099010352,0.524277194966343,-0.475722805033657,-2.1579352708690984,1.0714598317609538,0.0714598317609539,0.636786559138958,0.32242499533865193,-0.677575004661348,-1.343541923459597,0.21128757407215432,-0.7887124259278456,-1.2194578724864986,-3.5773195876288666,-7.908349405335904,-7.788356411368052,-10.0,0.9347545335246735
13,2011-08-15 17:53:40.483057,1734,26138.0,17879626.0,1200118.0,260.94330415224914,15.073817762399075,10311.202998846598,439.0,16418.0,13689357.0,541396.0,-61.4352523380984,47,1,0,1.288070123310058,0.2880701233100579,3.5391255953170395,0.9915555791598067,-0.008444420840193263,-0.012956520253513945,1.1248250366629542,0.12482503666295429,0.13832053659228868,1.0539569381486469,0.0539569381486468,0.15933742743223558,0.8613277519493961,-0.1386722480506039,-1.2031208420142168,0.7527102959632067,-0.2472897040367933,-0.3623933844861664,0.8564332997869738,-0.14356670021302614,-0.16009755634189068,10.0,4.188332621276266,3.730640772460157,5.5974524456521735,-10.0
13,2011-08-15 17:54:10.454590,1663,26281.0,14435358.0,1506592.0,243.23628198135896,15.803367408298255,8680.311485267588,-71.0,143.0,-3444268.0,306474.0,-17.707022170890156,56,1,0,1.1622868325412357,0.16228683254123571,1.1559866639944252,0.9524309984924041,-0.047569001507595916,-0.0780145888583519,0.8493109261543905,-0.15068907384560948,-0.18014416038111283,1.2822718716774886,0.2822718716774887,0.872796461297284,0.8154808808189844,-0.18451911918101563,-1.3994692435244067,0.7904121537461385,-0.20958784625386145,-0.3063279145978682,0.7106743354937168,-0.2893256645062831,-0.32870368293267754,-1.839243498817967,-0.884022708840227,-4.128082088146563,7.451843844108855,-2.7825152023790314
13,2011-08-15 17:54:40.451157,1233,94216.0,64560961.0,3324579.0,243.75621576804545,76.41200324412003,52360.87672343877,-430.0,67935.0,50125603.0,1817987.0,0.5199337866864369,56,1,0,0.8462594371997255,-0.15374056280027454,-0.9976911759822726,3.107613349253574,2.107613349253574,4.322939655938411,3.395040233467594,2.395040233467594,3.616363974582567,2.6015035699496347,1.601503569949635,5.280513839366029,0.8212244921208536,-0.17877550787914648,-1.2755259401877443,3.553755179287387,2.553755179287387,4.420747065194517,3.912174137748541,2.9121741377485404,3.999303989391739,-10.0,10.0,10.0,10.0,1.3578365706103854
13,2011-08-15 17:55:10.496156,997,73815.0,14718281.0,4750395.0,303.8523687542628,74.037111334002,14762.568706118354,-236.0,-20401.0,-49842680.0,1425816.0,60.09615298621736,46,1,0,0.6856946354883081,-0.3143053645116919,-2.003673027133339,1.8411220081611477,0.8411220081611477,1.03414323740608,0.5261180375721464,-0.47388196242785363,-0.5520283606606957,2.952394453838148,1.9523944538381481,3.1072350476590875,1.0904868715601155,0.09048687156011555,0.6181889475825803,2.50823124589092,1.5082312458909202,1.6015025905669036,0.7135595321738633,-0.28644046782613675,-0.29389599063984023,-10.0,-3.087144230965973,-6.563428097395386,3.3069219899459963,4.3053899166765595
13,2011-08-15 17:55:40.529192,1336,32303.0,24533145.0,19147464.0,248.8915738278443,24.17889221556886,18363.13248502994,339.0,-41512.0,9814864.0,14397069.0,-54.96079492641849,51,1,0,0.9650390060676105,-0.03496099393238954,-0.15685887528992284,0.7017204674805578,-0.29827953251944217,-0.38090166948001847,1.0594313599588614,0.05943135995886151,0.058038531388821916,8.368349864506555,7.368349864506556,9.905928838007767,0.9056090826209938,-0.09439091737900612,-0.7153971767566394,0.6402220103299965,-0.3597779896700035,-0.39546106355180716,1.0275876278637615,0.027587627863761427,0.02500366398914315,5.870689655172415,-7.986670257169785,3.0369778343024763,10.0,-10.0
13,2011-08-15 17:56:10.452579,1174,97504.0,33692834.0,21396813.0,320.06759298381604,83.05281090289608,28699.17717206133,-162.0,65201.0,9159689.0,2249349.0,71.17601915597174,41,1,0,0.8430274307051558,-0.15697256929484413,-0.7140920141685707,1.9288396181252052,0.9288396181252053,1.4911735569968319,1.237548104855415,0.2375481048554152,0.3041528381060501,3.574577699305039,2.574577699305039,2.055694363226515,1.2303858591680104,0.23038585916801038,2.354288483844976,2.020698603986809,1.020698603986809,1.3374761944867637,1.3734543057381703,0.37345430573817023,0.43364250205199656,-10.0,10.0,1.251325967871996,-0.3916976612037747,5.842763750612483
13,2011-08-15 17:56:40.458858,1195,17914.0,6152710.0,1569831.0,299.11799532552305,14.990794979079498,5148.71129707113,21.0,-79590.0,-27540124.0,-19826982.0,-20.949597658292987,45,1,0,0.9331563329689209,-0.06684366703107912,-0.34704169865805606,0.2763491186878893,-0.7236508813121106,-1.3899751524405797,0.20247092779605638,-0.7975290722039436,-1.1711139417099192,0.15658898744106908,-0.8434110125589309,-0.8939844084224847,1.099856994085559,0.09985699408555884,0.7334343994372878,0.27407060070640477,-0.7259293992935952,-1.2411619026217227,0.20952535719280496,-0.7904746428071949,-1.1325826320064623,1.1875,-6.576184737830339,-9.707949708876276,-5.908471905923221,-2.771657475489823
13,2011-08-15 17:57:10.579641,1344,17862.0,10086957.0,1049942.0,306.0602713854167,13.290178571428571,7505.176339285715,149.0,-52.0,3934247.0,-519889.0,6.942276059893629,52,1,0,1.1322662173546756,0.13226621735467564,1.275011921448237,0.28284856469634395,-0.717151435303656,-1.2492616150607883,0.351075535119603,-0.648924464880397,-0.8271884046365704,0.10459864557793665,-0.8954013544220634,-0.9517192857583673,1.0809611953345177,0.08096119533451775,0.6636732723771186,0.24370301039068526,-0.7562969896093148,-1.279320527876769,0.314459710036866,-0.685540289963134,-0.9080009618891748,2.591880341880342,0.968925540815107,3.3749934803458985,-10.0,-0.37884187469901215
13,2011-08-15 17:57:40.478325,1483,25304.0,16934923.0,1125902.0,267.77360881928524,17.062710721510452,11419.36817262306,139.0,7442.0,6847966.0,75960.0,-38.28666256613144,54,1,0,1.2264306979821369,0.2264306979821369,1.9274188011517461,0.5284923015229869,-0.4715076984770132,-0.6275329092120002,0.9494380641031877,-0.050561935896812356,-0.08045946958614852,0.11749087357685141,-0.8825091264231486,-0.8549139233195653,0.9058709620552742,-0.09412903794472582,-1.0210796475742616,0.40712784498899635,-0.5928721550110037,-0.7340620416721066,0.7666190503672906,-0.2333809496327094,-0.3704784320513925,5.261261261261262,1.4873353065982136,1.6285535757569793,1.166971697022426,-4.072565837548509
13,2011-08-15 17:58:10.486920,1049,30608.0,8749096.0,1214215.0,331.0335194366063,29.17826501429933,8340.415633937084,-434.0,5304.0,-8185827.0,88313.0,63.259910617321054,35,1,0,0.8029699938763012,-0.19703000612369878,-2.04425470823691,0.8017308669526997,-0.19826913304730026,-0.22460041575097148,0.4786127753756106,-0.5213872246243894,-0.8588039401221582,0.1370756735071648,-0.8629243264928352,-0.7313333417274499,1.1478985516989901,0.1478985516989901,1.459506526250785,0.9561917394849511,-0.04380826051504891,-0.0450701663864657,0.5862338746653478,-0.4137661253346522,-0.6187680894469321,-5.465020576131687,1.5466801344025065,-10.0,1.1218280736091917,9.76691864289826
13,2011-08-15 17:58:40.533812,1136,10817.0,5080257.0,608679.0,299.2901595977113,9.522007042253522,4472.057218309859,87.0,-19791.0,-3668839.0,-605536.0,-31.743359838895003,48,1,0,0.9095276220976781,-0.09047237790232186,-0.6743355027145826,0.2858736098777961,-0.7141263901222039,-0.799830306103305,0.33592242806201605,-0.6640775719379839,-0.9031894323374492,0.11546948797047947,-0.8845305120295205,-0.5171190234580124,0.9818889564993362,-0.018111043500663858,-0.22892179843280935,0.3021425205032712,-0.6978574794967289,-0.7460951468172291,0.3658851877847001,-0.6341148122153,-0.8175571966912818,2.515679442508711,-10.0,-0.16219830539046104,0.8311694662802038,-2.9322259537220514
13,2011-08-15 17:59:10.593842,1471,37600.0,23812959.0,1706404.0,306.4010150516655,25.56084296397009,16188.279401767506,335.0,26783.0,18732702.0,1097725.0,7.11085545395423,55,1,0,1.1849524730143386,0.18495247301433856,1.3301643086350243,1.8340568752743769,0.8340568752743769,2.242036313079116,2.53308100131089,1.5330810013108902,3.0925033379395863,1.532174603565117,0.5321746035651169,1.715567941487515,1.0191112804346154,0.01911128043461542,0.25459005356761144,1.5206829902223729,0.5206829902223729,1.1751920790838246,2.1943824873905937,1.1943824873905937,3.1810337568761917,10.0,2.544810640580479,4.273508359628005,1.2640268241488148,2.711196787835627
13,2011-08-15 17:59:40.454234,1499,15876.0,6896519.0,986479.0,220.24000789859903,10.591060707138093,4600.74649766511,28.0,-21724.0,-16916440.0,-719925.0,-86.16100715306646,50,1,0,1.1561005707234306,0.1561005707234306,1.0298380965982008,0.6496386804265453,-0.3503613195734547,-0.8156025087188603,0.5332564118329971,-0.46674358816700284,-0.8108845966221028,0.8645525387448727,-0.13544746125512733,-0.3935322554528956,0.7290018793280406,-0.27099812067195933,-3.6098661882016083,0.5596983651621625,-0.4403016348378374,-1.0088903642985574,0.47999144586793885,-0.5200085541320612,-1.1216641830224658,-0.4927536231884058,-6.517626739815097,-5.789411519622402,-10.0,-10.0
13,2011-08-15 18:00:10.457459,1422,24744.0,10837663.0,1278513.0,223.42181143459916,17.40084388185654,7621.422644163151,-77.0,8868.0,3941144.0,292034.0,3.181803536000075,58,1,0,1.0711057547454053,0.07110575474540531,0.43495007714276246,1.0292417120752049,0.02924171207520486,0.06484645666049967,0.8814870001269159,-0.1185129998730841,-0.18506458411909146,1.1330961935267851,0.13309619352678514,0.377898297152299,0.7840801701631084,-0.21591982983689165,-1.4429923176156996,0.9465737572052121,-0.053426242794787894,-0.1117371141492161,0.8464322396298686,-0.1535677603701314,-0.279621367953365,-3.4838709677419355,10.0,7.176493635043213,10.0,1.1853760060110288
13,2011-08-15 18:00:40.449599,1472,40225.0,33157226.0,1666351.0,281.2809467581522,27.326766304347824,22525.289402173912,50.0,15481.0,22319563.0,387838.0,57.85913532355306,36,1,0,1.1190512391667933,0.11905123916679329,0.7542342887295531,1.6810146683939988,0.6810146683939989,1.5050472053129789,2.993799679698032,1.993799679698032,2.969986830000255,1.4379250952230558,0.4379250952230558,1.259322938041495,1.0188485037477897,0.018848503747789652,0.10220451923389148,1.4810770650117868,0.48107706501178676,1.011151059742647,2.7321316199154135,1.7321316199154135,2.9938960099362415,5.0983606557377055,10.0,10.0,10.0,7.522749779643745
13,2011-08-15 18:01:10.544380,1129,15883.0,8934822.0,871404.0,313.04583415677587,14.068201948627104,7913.925597874225,-343.0,-24342.0,-24222404.0,-794947.0,31.76488739862367,47,1,0,0.8064285714285714,-0.19357142857142856,-1.8046025797112248,0.6143723600129968,-0.38562763998700317,-0.7695006022512713,0.5599338288540409,-0.4400661711459592,-0.5810701225760908,0.6975220710210928,-0.3024779289789073,-0.8134479717916555,1.1763033565133318,0.17630335651333176,1.1312543099515875,0.7780954240944982,-0.2219045759055019,-0.4872106663478339,0.7141527265647959,-0.2858472734352041,-0.3969660679984124,-5.054373522458629,-10.0,-5.961954070221684,-9.791016419838279,4.19228591493318
13,2011-08-15 18:01:40.473601,1296,188297.0,165009320.0,84208661.0,326.9604728287037,145.2908950617284,127322.00617283952,167.0,172414.0,156074498.0,83337257.0,13.914638671927833,44,1,0,0.9266409266409267,-0.0733590733590733,-0.6694980319020349,7.00885146804836,6.008851468048359,10.0,9.864354375793864,8.864354375793862,10.0,10.0,10.0,10.0,1.2160182922708507,0.21601829227085062,1.3032917768673447,7.65110007273284,6.651100072732839,10.0,10.0,9.817564494520461,10.0,10.0,10.0,10.0,10.0,4.057781285890668
13,2011-08-15 18:02:10.487718,1185,11544.0,5176316.0,713425.0,276.40328195358654,9.741772151898736,4368.199156118143,-111.0,-176753.0,-159833004.0,-83495236.0,-50.55719087511716,41,1,0,0.8690231739513055,-0.13097682604869457,-1.1706681717040974,0.20250855188141392,-0.7974914481185861,-0.6137980412258364,0.11511337953450866,-0.8848866204654914,-0.5856953982863176,0.04007491938561403,-0.959925080614386,-0.46032369757920666,1.0125040098768157,0.01250400987681556,0.06887259708677229,0.22689289736487256,-0.7731071026351275,-0.5766999523824116,0.12848899966139737,-0.8715110003386026,-0.562916661329176,-2.1714285714285713,-6.8645162146558985,-6.659954791611095,-6.060178899105755,-10.0
13,2011-08-15 18:02:40.480265,1205,33773.0,30084666.0,1061129.0,311.8346658307054,28.027385892116182,24966.527800829877,20.0,22229.0,24908350.0,347704.0,35.43138387711883,41,1,0,0.9263530135301353,-0.07364698646986467,-0.6497835362983625,0.6016003249101332,-0.39839967508986684,-0.29944897295002565,0.6741953524156274,-0.32580464758437255,-0.21322748202122843,0.05978976125700956,-0.9402102387429905,-0.4491101684569429,1.0971499419453732,0.09714994194537321,0.6890230366706828,0.6553707433527193,-0.3446292566472807,-0.25552480188050164,0.7353874467879996,-0.2646125532120004,-0.1705762380753293,1.3184713375796178,10.0,10.0,7.366945732345982,2.154319657578119
13,2011-08-15 18:03:10.466278,1164,12105.0,4169163.0,812264.0,433.3829806941581,10.399484536082474,3581.755154639175,-41.0,-21668.0,-25915503.0,-248865.0,121.54831486345267,42,1,0,0.9257197391442659,-0.07428026085573412,-0.6960793591474748,0.208907159276824,-0.791092840723176,-0.6207536171469171,0.08601094600708402,-0.913989053992916,-0.6680628491013997,0.04587975030097388,-0.9541202496990261,-0.45434205885605344,1.4354943536401146,0.4354943536401145,5.991481005928457,0.23166076822719603,-0.7683392317728039,-0.6083402705450994,0.09571974140652173,-0.9042802585934783,-0.6628950290683717,0.05529953917050688,-10.0,-7.732347628355438,-4.724087329334266,5.873905140472749
13,2011-08-15 18:03:40.465641,1308,8788.0,3253872.0,646306.0,323.2188451383792,6.718654434250764,2487.669724770642,144.0,-3317.0,-915291.0,-165958.0,-110.16413555577884,42,1,0,1.0938283993978926,0.09382839939789267,1.7900634433204148,0.16796507671959693,-0.8320349232804031,-0.5686585629895631,0.07624798764998333,-0.9237520123500167,-0.5697136302881731,0.0368614679730315,-0.9631385320269685,-0.4530664675038153,0.9725973378383386,-0.02740266216166142,-0.15305606691475301,0.16187364753043954,-0.8381263524695605,-0.5947913351687627,0.07397068134008167,-0.9260293186599183,-0.5866165654287816,3.3376623376623376,0.4102062588904694,0.8421262227834954,0.0284479215817592,-4.621389297204545
13,2011-08-15 18:04:10.456721,1145,37746.0,10776841.0,1584604.0,318.2847164951965,32.96593886462882,9412.088209606987,-163.0,28958.0,7522969.0,938298.0,-4.934128643182703,41,1,0,0.9296849626502112,-0.07031503734978882,-1.3117749444195625,0.7415513129304891,-0.25844868706951085,-0.16984030641702336,0.2594411827472347,-0.7405588172527653,-0.43989677684029216,0.0906090835176798,-0.9093909164823202,-0.4263956097379196,0.9519220886942436,-0.0480779113057565,-0.2731822798713711,0.823414841615222,-0.176585158384778,-0.11895334143923418,0.289200222163268,-0.710799777836732,-0.43001009785476935,-5.5530726256983245,10.0,7.6212244430949045,10.0,-3.4251073021082337
13,2011-08-15 18:04:40.456806,1193,7915.0,2747332.0,528304.0,345.6118988717519,6.634534786253143,2302.8767812238057,48.0,-29831.0,-8029509.0,-1056300.0,27.327182376555413,39,1,0,0.9930081571499916,-0.006991842850008399,-0.13189072400913787,0.3806899072684597,-0.6193100927315403,-0.9335053934443143,0.2569479898732639,-0.743052010126736,-0.7075168668285178,0.5482916428656828,-0.45170835713431723,-1.1416986040129946,1.0390439829566576,0.03904398295665763,0.21921205845872901,0.3775919418262865,-0.6224080581737135,-0.9106781189480725,0.25692436255941015,-0.7430756374405899,-0.7137443283483031,2.589403973509934,0.009272605296544053,0.7396946138692356,0.9360779391406548,10.0
13,2011-08-15 18:05:10.475679,979,10917.0,5740118.0,756726.0,261.10911573340144,11.1511746680286,5863.246169560776,-214.0,3002.0,2992786.0,228422.0,-84.50278313835048,38,1,0,0.8137988362427265,-0.1862011637572735,-3.540202479464146,0.5440708881956003,-0.45592911180439966,-0.6317954847402174,0.5624051744601815,-0.43759482553981854,-0.3858638232086499,0.8167388254604805,-0.18326117453951957,-0.40549942071443573,0.7536342596979844,-0.24636574030201558,-1.699583814008851,0.6579174747863998,-0.34208252521360016,-0.4608225288262176,0.6857450657168498,-0.3142549342831502,-0.27910774652637244,-10.0,5.136125654450263,7.160571662884564,7.169532359915948,-7.104932225294247
13,2011-08-15 18:05:40.453186,1507,15443.0,7629573.0,868418.0,224.7999370311878,10.247511612475115,5062.755806237558,528.0,4526.0,1889455.0,111692.0,-36.30917870221364,51,1,0,1.30160649507687,0.30160649507687,2.9520483990561344,0.9966955376850692,-0.003304462314930795,-0.004079721971950681,1.429437516520014,0.429437516520014,0.7059826603080579,1.0032082591301148,0.003208259130114885,0.006669704156252426,0.6684078461243484,-0.3315921538756515,-1.7822846102633,0.754939128422697,-0.24506087157730305,-0.3014258522549647,1.0704570633860435,0.07045706338604361,0.11194459751928708,10.0,1.9901120056002803,1.3880653278097421,2.8346074118849027,-2.578983237497061
13,2011-08-15 18:06:10.477413,1337,16509.0,11704188.0,710669.0,162.0498882026926,12.347793567688855,8754.067314884069,-170.0,1066.0,4074615.0,-157749.0,-62.75004882849518,36,1,0,1.0901826484018264,0.09018264840182641,0.5630427523916725,1.0214827556336548,0.021482755633654715,0.027971704993589433,1.941138797288128,0.941138797288128,1.717657832857322,0.8104595929438244,-0.18954040705617559,-0.400153918304299,0.5500583552508694,-0.44994164474913056,-2.654299863354057,0.9117093990229819,-0.08829060097701814,-0.10824542604401823,1.7418508258906307,0.7418508258906308,1.2826140852985473,-3.478134110787172,0.596764529658478,4.8874743166272205,-10.0,-0.5041982254772129
13,2011-08-15 18:06:40.455208,1110,15081.0,8579464.0,1121310.0,241.0499739153153,13.586486486486486,7729.246846846847,-227.0,-1428.0,-3124724.0,410641.0,79.0000857126227,42,1,0,0.9008277876968024,-0.09917221230319756,-0.6114802005101376,0.8517451711284311,-0.14825482887156896,-0.22383841421426323,1.1113856212225424,0.11138562122254247,0.23429695476456658,1.260261095267606,0.2602610952676062,0.5684904490189499,0.9187367189604728,-0.08126328103952722,-0.2905956888611662,0.9261793324966053,-0.07382066750339464,-0.10364698194877783,1.2309664607370991,0.2309664607370992,0.5018472683719691,-10.0,-1.924750679963735,-2.848879970879196,10.0,3.4508468384562163
13,2011-08-15 18:07:10.461104,1337,12044.0,4308038.0,748580.0,260.9331810755423,9.00822737471952,3222.167539267016,227.0,-3037.0,-4271426.0,-372730.0,19.88320716022696,51,1,0,1.0912504080966372,0.09125040809663724,0.5474331337704775,0.9142943900402338,-0.08570560995976619,-0.3111646643765339,0.5917524881063332,-0.4082475118936668,-0.8930758625121179,0.9391465456524483,-0.060853454347551746,-0.22165572561202718,1.0567340926404463,0.056734092640446224,0.21078641915931068,0.8345974139634124,-0.1654025860365876,-0.675498338404497,0.5422298428254549,-0.4577701571745451,-1.085409899786729,10.0,0.3300242664901831,-8.719374508789343,-3.022607674608348,2.2871932045130117
13,2011-08-15 18:07:40.453774,1279,10273.0,3291279.0,635723.0,222.95598269585616,8.032056293979672,2573.322126661454,-58.0,-1771.0,-1016759.0,-112857.0,-37.97719837968612,31,1,0,1.0199362041467304,0.019936204146730464,0.11981488044840541,0.7338486155956225,-0.26615138440437747,-1.557947296835761,0.43350359145258704,-0.566496408547413,-1.518250830967658,0.7557868446725792,-0.24421315532742086,-1.2278512308706777,0.9694226495382263,-0.03057735046177367,-0.17194531717626813,0.7128049447628048,-0.2871950552371953,-1.8159784531386718,0.42004529617525116,-0.5799547038247488,-1.6255643198125926,-3.013888888888889,-3.144587067086462,-4.257368780539063,-3.561718026475876,-1.242428757074664
13,2011-08-15 18:08:10.450943,1178,45096.0,43465866.0,1218003.0,172.5821174066214,38.28183361629881,36898.01867572156,-101.0,34823.0,40174587.0,582280.0,-50.37386528923477,52,1,0,0.8964992389649924,-0.1035007610350076,-0.9548386581070795,3.2513338139870225,2.2513338139870225,10.0,6.119790861493384,5.119790861493384,10.0,1.4909332386711387,0.49093323867113864,2.113073851231487,0.7761460275395247,-0.22385397246047534,-1.3446964184376085,3.5964243572884813,2.596424357288481,10.0,6.747606787942132,5.747606787942132,10.0,-2.683333333333333,10.0,10.0,10.0,-5.601537184333389
13,2011-08-15 18:08:40.601325,1270,18232.0,11812826.0,874440.0,174.17870610629922,14.355905511811024,9301.437795275591,92.0,-26864.0,-31653040.0,-343563.0,1.5965886996778238,38,1,0,1.0174651498157345,0.01746514981573462,0.21599302928787628,0.9207801783784331,-0.07921982162156696,-0.10929574033321002,0.8278219258940949,-0.17217807410590516,-0.14741473041659,0.9859988701673438,-0.014001129832656223,-0.04711249203745389,0.8219302083127625,-0.17806979168723744,-0.8769103022081528,0.8833707856802866,-0.11662921431971336,-0.15130332389121137,0.7859020983041264,-0.21409790169587364,-0.17757758520782393,2.3981762917933134,-5.5297271776885975,-5.416338486796054,-5.913869302172576,1.1528777638703525
13,2011-08-15 18:09:10.489844,1296,10862.0,4851352.0,705628.0,191.11933597145065,8.381172839506172,3743.3271604938273,26.0,-7370.0,-6961474.0,-168812.0,16.940629865151408,45,1,0,1.0495626822157436,0.049562682215743475,0.6795932048320642,0.5391855131743541,-0.46081448682564585,-0.6503771054095889,0.3394572881131691,-0.6605427118868309,-0.5665416328810667,0.767311228919352,-0.23268877108064795,-0.870676839944725,0.8916643785146564,-0.10833562148534362,-0.5843994619450875,0.5032860285641291,-0.496713971435871,-0.6669611690956327,0.3133844907298217,-0.6866155092701783,-0.5758707839038246,2.9402985074626864,-10.0,-10.0,-6.153903926824651,5.9836277532511986
13,2011-08-15 18:09:40.482917,1414,12802.0,6539971.0,950248.0,167.59527132673267,9.053748231966054,4625.156294200849,118.0,1940.0,1688619.0,244620.0,-23.524064644717956,58,1,0,1.1116352201257862,0.11163522012578617,2.4272617715887286,0.6632679494751675,-0.33673205052483246,-0.4402175454434669,0.482801764510963,-0.517198235489037,-0.4106405658178537,1.1360150957327106,0.1360150957327106,0.4940212102021252,0.8201228374752261,-0.17987716252477393,-0.9787170347772581,0.5799283580981462,-0.42007164190185375,-0.5071579907486302,0.41489949549755606,-0.585100504502444,-0.4454406545600158,2.172043010752688,3.299123014932449,3.2647106631989593,3.94239346423468,-1.3556743528057116
13,2011-08-15 18:10:10.460939,1114,29703.0,13246755.0,5387387.0,211.79533119928183,26.66337522441652,11891.162477558348,-300.0,16901.0,6706784.0,4437139.0,44.20005987254919,43,1,0,0.8653099269846201,-0.13469007301537989,-2.056316030929678,1.5269110162956872,0.526911016295687,0.6984889688343829,0.9467202679241467,-0.053279732075853306,-0.04441286679814219,6.144314995157437,5.144314995157436,10.0,1.1406083859187197,0.14060838591871963,1.1533113638459256,1.7068991746877669,0.706899174687767,0.8543293100947275,1.0405057615513953,0.0405057615513953,0.03200136327674614,-10.0,10.0,10.0,10.0,3.3677442526568315
13,2011-08-15 18:10:40.582979,1113,18277.0,13368396.0,841386.0,252.77972343845465,16.42138364779874,12011.137466307278,-1.0,-11426.0,121641.0,-4546001.0,40.98439223917279,37,1,0,0.8872767857142857,-0.11272321428571434,-1.228460332185933,0.7831098161874973,-0.2168901838125027,-0.3564583470693803,0.8363949143590262,-0.16360508564097373,-0.16594383441550245,0.46049314634249394,-0.5395068536575061,-0.4931740154348903,1.3778904436266801,0.3778904436266801,3.8195521202116858,0.8487728267869902,-0.15122717321300985,-0.22723022716671468,0.9036487878987567,-0.09635121210124328,-0.09406732600513883,0.9696969696969697,-3.9402985074626864,-0.9389074917161169,-5.783588443964051,10.0
13,2011-08-15 18:11:10.569870,1229,24660.0,11565051.0,1614146.0,286.3699615093572,20.065093572009765,9410.13100081367,116.0,6383.0,-1803345.0,772760.0,33.59023807090256,31,1,0,0.9900112775898179,-0.009988722410182125,-0.09630998967546535,1.371890159775691,0.3718901597756909,0.9116763283121904,1.1606998693277506,0.1606998693277505,0.40140409501348023,0.921412032689701,-0.07858796731029907,-0.0676761633469656,1.4354839245249944,0.4354839245249944,2.529275764977323,1.3398956048186914,0.3398956048186913,0.6900541932264914,1.1317811185668554,0.13178111856685532,0.27844269743633365,9.923076923076923,2.190014541929229,0.7004158489069015,10.0,1.0942170055281581
13,2011-08-15 18:11:40.459746,1437,38610.0,33389670.0,1524758.0,227.97739696450935,26.86847599164927,23235.67849686848,208.0,13950.0,21824619.0,-89388.0,-58.39256454484783,50,1,0,1.1652611093091145,0.16526110930911445,1.5949790144184264,2.0045896328293735,1.0045896328293737,2.4406059934560096,3.3678275986062562,2.3678275986062562,5.925565194094172,0.8026060147629251,-0.1973939852370748,-0.18932686330759851,1.0272402101857323,0.027240210185732208,0.12668848654648918,1.6670938453661788,0.6670938453661788,1.3978386901508764,2.787328305016439,1.7873283050164388,3.7795235426011438,10.0,9.85096453018046,10.0,-1.6042130251748667,-3.6023670176016327
13,2011-08-15 18:12:10.457303,1340,18785.0,10122916.0,1060176.0,321.9970117649254,14.01865671641791,7554.414925373134,-97.0,-19825.0,-23266754.0,-464582.0,94.019614800416,51,1,0,1.062311717139686,0.06231171713968599,0.4998133519794982,0.7571421661883726,-0.24285783381162743,-0.6015811660618829,0.647992340734829,-0.35200765926517097,-0.5332652341031052,0.513754461289455,-0.486245538710545,-0.5311853696133365,1.4042391850356308,0.40423918503563083,2.0826163773029833,0.7074978736651679,-0.2925021263348321,-0.7744294873796421,0.6174604898491186,-0.38253951015088133,-0.6843724972843791,-4.439716312056738,-4.572329537263946,-5.076405974591776,-3.8358258151941693,10.0
13,2011-08-15 18:12:40.464964,1472,22953.0,14894231.0,1106317.0,242.4028293084239,15.593070652173912,10118.363451086956,132.0,4168.0,4771315.0,46141.0,-79.5941824565015,31,1,0,1.1808118081180812,0.18081180811808126,1.5867220728953362,0.8825700772868843,-0.1174299227131157,-0.36103438886479366,0.9116001157899031,-0.08839988421009695,-0.15006403654650566,0.5304625026839177,-0.46953749731608224,-0.5227209174826213,0.9316596580584944,-0.06834034194150568,-0.39909328286499157,0.7494003516801426,-0.25059964831985737,-0.8912913497114517,0.7892328384113039,-0.2107671615886961,-0.4422067379730091,9.91891891891892,2.4832024068193217,5.658370418747706,1.0986918710428646,-3.5775027609990957
13,2011-08-15 18:13:10.459691,1272,27843.0,23681931.0,1070434.0,282.357282735849,21.889150943396228,18617.870283018867,-200.0,4890.0,8787700.0,-35883.0,39.954453427425136,46,1,0,0.9649522075557578,-0.03504779244424218,-0.31093878522150253,1.1292127996106582,0.12921279961065824,0.38581027437623516,1.420797695097294,0.4207976950972941,0.7367473354168755,0.8707270128130438,-0.12927298718695623,-0.4849311095429401,1.0602762807931885,0.060276280793188586,0.4242047748124562,1.1772578523199189,0.1772578523199189,0.642388636981797,1.493498501824506,0.49349850182450594,0.9877393942412476,-3.7932960893854757,4.622222222222222,10.0,0.9580910847054591,5.526906133417567
13,2011-08-15 18:13:40.498390,1414,488249.0,318592140.0,289062329.0,572.2836757036775,345.2963224893918,225312.6874115983,142.0,460406.0,294910209.0,287991895.0,289.9263929678285,49,1,0,1.0474074074074073,0.047407407407407405,0.6152850719505888,10.0,10.0,10.0,10.0,10.0,10.0,10.0,10.0,10.0,2.102276802232517,1.1022768022325173,8.000103829478032,10.0,10.0,10.0,10.0,10.0,10.0,3.4654088050314464,10.0,10.0,10.0,10.0
13,2011-08-15 18:14:10.557996,1475,79808.0,28290166.0,5415783.0,616.8315966054238,54.1071186440678,19179.773559322035,61.0,-408441.0,-290301974.0,-283646546.0,44.54792090174624,27,1,0,1.0634462869502523,0.06344628695025234,1.0938642223599884,0.6690362819395077,-0.33096371806049224,-0.19128985095125053,0.35302614683233907,-0.6469738531676609,-0.38807956951626393,0.09216031947613378,-0.9078396805238662,-0.41439229201329286,1.8725706793182153,0.8725706793182153,2.0437539895884753,0.6385591470807349,-0.3614408529192651,-0.21012766788843423,0.33667743143288525,-0.6633225685671147,-0.40063601020821915,0.6486486486486487,-5.405205904367877,-5.727628023727901,-5.933872655580502,-0.22095515727046608
13,2011-08-15 18:14:40.484745,1358,43030.0,11372689.0,2758513.0,548.0637771590575,31.68630338733432,8374.586892488955,-117.0,-36778.0,-16917477.0,-2657270.0,-68.76781944636627,43,1,0,0.9737559156747455,-0.02624408432525449,-0.4168035085073687,0.33741715518836707,-0.662582844811633,-0.415917821782193,0.14374651411806577,-0.8562534858819342,-0.5053187870130224,0.04632807615741575,-0.9536719238425843,-0.4425262008113765,1.3460170151234048,0.3460170151234049,0.8093832482432146,0.3513639371020471,-0.648636062897953,-0.4075187914190235,0.14912910722287745,-0.8508708927771226,-0.5045652704054479,-10.0,-5.463566192533618,-10.0,-4.414614401089687,-1.8842365533131646
13,2011-08-15 18:15:10.493219,1395,45185.0,18103512.0,2553229.0,579.9644942444445,32.39068100358423,12977.427956989248,37.0,2155.0,6730823.0,-205284.0,31.900717085386987,37,1,0,0.9977113431554856,-0.002288656844514408,-0.03749376452556195,0.34133676193526646,-0.6586632380647335,-0.4355604120618636,0.22810094016886884,-0.7718990598311312,-0.457521247728018,0.04263718999648165,-0.9573628100035183,-0.4474404661607624,1.2820072796667414,0.28200727966674133,0.7258324435362866,0.34563187029781034,-0.6543681297021897,-0.43370140452269546,0.2304203964415691,-0.7695796035584309,-0.4581986908526697,9.277777777777777,-0.5555784697875851,10.0,-1.6043676843877275,-0.2944403607984959
13,2011-08-15 18:15:40.484278,1806,33338.0,14831179.0,2169163.0,377.1071972702104,18.45957918050941,8212.169988925803,411.0,-11847.0,-3272333.0,-384066.0,-202.8572969742341,40,1,0,1.3060457043679492,0.30604570436794915,5.640811771327886,0.24365786454031851,-0.7563421354596815,-0.5243154876471413,0.18537099741901594,-0.814629002580984,-0.488135328851181,0.0360493406161999,-0.9639506593838001,-0.4532781731384285,0.7253454075362425,-0.2746545924637574,-1.057238020029364,0.1901600355222822,-0.8098399644777178,-0.5645172814153258,0.14434546612964086,-0.8556545338703592,-0.5164812958201918,10.0,-3.6644026628283557,-6.098233841162554,-2.3271919785031847,-4.004744288909145
13,2011-08-15 18:16:10.528313,1546,45801.0,17935818.0,2523654.0,360.3453543544631,29.6254851228978,11601.434670116429,-260.0,12463.0,3104639.0,354491.0,-16.76184291574731,37,1,0,1.0378625134264232,0.037862513426423265,0.3101134787798145,0.33207900117457695,-0.6679209988254231,-0.4685063729386085,0.2292470717134398,-0.7707529282865602,-0.44830742579514027,0.04178802184933593,-0.9582119781506641,-0.4526708446919611,0.6687301758391938,-0.3312698241608062,-1.9046276647316398,0.30735656755697993,-0.6926434324430201,-0.4777967629205562,0.2116612541151102,-0.7883387458848897,-0.45284926978431833,-3.4344569288389515,10.0,2.7538843027123576,0.6131866911677039,-1.884530767026105
13,2011-08-15 18:16:40.464805,1220,21403.0,11997739.0,7995287.0,483.4575549967213,17.54344262295082,9834.212295081968,-326.0,-24398.0,-5938079.0,5471633.0,123.1122006422582,35,1,0,0.8047493403693932,-0.19525065963060687,-1.665881491033911,0.43297513371796637,-0.5670248662820336,-1.5830987972856247,0.6626142269495254,-0.33738577305047457,-0.9664869097685458,2.59244801444741,1.5924480144474098,3.7189701088897844,0.9738048103310095,-0.02619518966899052,-0.10904133451421413,0.5275615107654364,-0.47243848923456355,-1.2138032388551903,0.8148270974079155,-0.18517290259208458,-0.4993233168813491,-10.0,0.7242839836545764,0.9012480602353673,1.0954780886035715,3.9044346453844962
13,2011-08-15 18:17:10.471928,1333,18872.0,8283735.0,1092439.0,457.634319975994,14.157539384846212,6214.354838709677,113.0,-2531.0,-3714004.0,-6902848.0,-25.82323502072728,43,1,0,0.9098976109215017,-0.0901023890784983,-0.5914823898957797,0.49990199038976035,-0.5000980096102396,-1.8110905476976258,0.5578953697742257,-0.44210463022577423,-2.0672227586031036,0.3034578740284778,-0.6965421259715222,-1.016766531364491,0.9741301097068275,-0.025869890293172583,-0.12304989463713194,0.5457571318324147,-0.4542428681675853,-1.6084879273745791,0.60925248367885,-0.39074751632114996,-1.9278964995245382,3.215686274509804,0.7833233456039722,-0.13979458063553088,-10.0,0.03192425192870716
13,2011-08-15 18:17:40.458723,1478,31614.0,16267797.0,10136152.0,364.6300639993234,21.389715832205685,11006.628552097429,145.0,12742.0,7984062.0,9043713.0,-93.0042559766706,37,1,0,1.0123287671232877,0.012328767123287671,0.07949790258040199,0.9603339023930886,-0.03966609760691143,-0.10271127698500623,1.1431724257073763,0.14317242570737632,0.48899296122623614,3.102820340580241,2.102820340580241,2.5358565588290727,0.8072362713170329,-0.19276372868296715,-0.9826654156932075,0.9533936469809022,-0.04660635301909781,-0.12992789446626934,1.1268139592132185,0.12681395921321847,0.4623198114553415,10.0,3.6372216243066475,10.0,10.0,-4.14236504750851
