Window_ID,Timestamp,Packet_Count,Avg_Packet_Size,Packet_Size_Variance,TTL_Mean,TTL_Variance,TCP_Window_Mean,TCP_Window_Variance,TCP_SYN_Count,TCP_ACK_Count,TCP_RST_Count,TCP_FIN_Count,TCP_PSH_Count,Fragmented_Packet_Count,Unique_Source_IPs,Unique_Destination_IPs,Unique_Destination_Ports,Max_Unique_Ports_Per_Source,Port_Scan_Signature,Scan_Entropy,Window_Duration
0,2019-07-15 20:45:37.823010921,240,337.4166666666667,641132.2680555556,66.0635838150289,553.3774599886398,831.929292929293,398028.9343944497,0,99,0,2,50,0,7,7,19,10,1,4.247927513416173,29.970550060272217
1,2019-07-15 20:46:07.823010921,174,338.12068965517244,572218.3475029726,71.92241379310344,462.12329072532697,717.3962264150944,362570.6920612318,0,53,0,0,26,0,6,6,17,10,1,4.087462841225814,29.339704036712646
2,2019-07-15 20:46:37.823010921,128,280.8046875,371079.36029052734,58.296875,284.521240234375,780.1621621621622,363768.8926223521,0,37,0,0,17,0,5,5,7,2,0,2.807354922047505,29.66064691543579
3,2019-07-15 20:47:07.823010921,175,282.5542857142857,515365.80133877567,61.25454545454546,779.062479338843,1847.2708333333333,31673288.030815974,2,47,0,2,20,0,8,10,16,6,0,3.9999999999769167,29.561243057250977
4,2019-07-15 20:47:37.823010921,124,269.991935483871,373297.782193028,59.91379310344828,196.25118906064208,785.8387096774194,372406.4578563996,0,31,0,0,13,0,5,5,6,2,0,2.5849625007125,29.72543716430664
5,2019-07-15 20:48:07.823010921,138,252.1159420289855,293329.1894559967,48.0,715.4594594594595,818.1176470588235,377893.9861591695,0,34,0,0,14,0,5,5,6,2,0,2.5849625007125,29.60679602622986
6,2019-07-15 20:48:37.823010921,128,261.5078125,362731.01556396484,54.353846153846156,465.5517159763313,729.5,373294.60294117645,0,34,0,2,13,0,5,5,7,2,0,2.807354922047505,29.452445030212402
7,2019-07-15 20:49:07.823010921,111,288.68468468468467,412610.5221978733,62.4375,80.49609375,930.28,351086.36159999995,0,25,0,0,13,0,4,4,4,1,0,1.9999999999942293,29.588512897491455
8,2019-07-15 20:49:37.823010921,114,286.5701754385965,402045.6310403202,57.83018867924528,336.5938056247776,930.28,351086.36159999995,0,25,0,0,13,0,4,4,4,1,0,1.9999999999942293,29.616111993789673
9,2019-07-15 20:50:07.823010921,122,270.1803278688525,378406.60682612204,47.54838709677419,753.79604578564,930.28,351086.36159999995,0,25,0,0,13,0,4,4,4,1,0,1.9999999999942293,29.607676029205322
10,2019-07-15 20:50:37.823010921,122,332.4836065573771,526083.3316984681,61.55172413793103,131.1438763376932,919.1176470588235,350432.22145328723,0,34,0,0,18,0,4,4,5,1,0,2.321928094880149,29.43515396118164
11,2019-07-15 20:51:07.823010921,371,229.54716981132074,312930.39871840517,61.282467532467535,160.19618611907572,716.989010989011,12083894.04749829,4,271,0,2,164,0,5,5,7,3,0,2.807354922047505,29.339499950408936
12,2019-07-15 20:51:37.823010921,137,294.3430656934307,401930.2983643242,53.5625,536.22109375,765.8888888888889,343467.20987654326,0,45,0,0,25,0,5,5,6,2,0,2.5849625007125,29.2133572101593
13,2019-07-15 20:52:07.823010921,185,302.34054054054053,583802.5056537618,66.1639344262295,807.5632894383236,2238.8115942028985,44000591.97899601,4,67,0,4,28,0,9,9,17,6,0,4.087462841225814,29.430283069610596
14,2019-07-15 20:52:37.823010921,192,339.1354166666667,573271.3254123266,69.85714285714286,583.4758324382382,738.5645161290323,367792.98777315294,0,62,0,0,32,0,6,6,19,11,1,4.247927513416173,29.46474003791809
15,2019-07-15 20:53:07.823010921,130,282.96923076923076,425588.060591716,56.476190476190474,387.77324263038537,817.4375,369350.05859375,0,32,0,0,15,0,5,5,6,2,0,2.5849625007125,29.626508951187134
16,2019-07-15 20:53:37.823010921,179,350.50837988826817,608630.953840392,69.54098360655738,596.7073367374361,717.875,361583.32366071426,0,56,0,0,28,0,6,6,17,10,1,4.087462841225814,29.80654788017273
17,2019-07-15 20:54:07.823010921,185,331.25405405405405,591999.086807889,68.95161290322581,624.7718522372527,698.2142857142857,349647.9540816327,0,56,0,0,27,0,6,6,19,10,1,4.247927513416173,29.820348978042603
18,2019-07-15 20:54:37.823010921,128,280.5078125,398591.10931396484,51.470588235294116,604.9256055363322,820.0,366329.6875,0,32,0,0,15,0,5,5,7,2,0,2.807354922047505,29.396204948425293
19,2019-07-15 20:55:07.823010921,143,330.3776223776224,632788.5986600812,68.98795180722891,366.3492524314123,703.425,350724.244375,0,40,0,0,18,0,6,6,14,5,0,3.807354922037407,29.699583053588867
20,2019-07-15 20:55:37.823010921,116,277.7931034482759,396749.0434007135,57.73684210526316,314.40443213296396,785.8387096774194,372406.45785639953,0,31,0,0,13,0,5,5,6,2,0,2.5849625007125,29.607492923736572
21,2019-07-15 20:56:07.823010921,130,269.81538461538463,389823.535147929,54.63076923076923,466.57136094674553,785.8387096774194,372406.45785639953,0,31,0,0,13,0,5,5,6,2,0,2.5849625007125,29.840980052947998
22,2019-07-15 20:56:37.823010921,2298,68.14403829416884,22369.855232082085,56.0846394984326,89.49440355342419,593.2321266968326,2491664.225302717,1091,1119,1085,2,13,0,6,6,1007,1000,1,9.975847966553989,29.73567295074463
23,2019-07-15 20:57:07.823010921,134,255.70149253731344,347177.6870126978,55.67605633802817,577.542947827812,2336.2571428571428,42435101.791020416,2,34,0,2,15,0,6,6,8,3,0,2.9999999999884586,29.17446208000183
24,2019-07-15 20:57:37.823010921,124,293.6290322580645,364094.73335067637,50.08695652173913,669.470699432892,934.8709677419355,351283.08012487006,0,31,0,0,16,0,4,4,4,1,0,1.9999999999942293,29.431694984436035
25,2019-07-15 20:58:07.823010921,117,276.9145299145299,393985.6508145227,62.4375,80.49609375,930.28,351086.36159999995,0,25,0,0,13,0,4,4,4,1,0,1.9999999999942293,29.431052923202515
26,2019-07-15 20:58:37.823010921,109,292.70642201834863,418713.69362848223,56.5,401.9423076923077,930.28,351086.36159999995,0,25,0,0,13,0,4,4,5,1,0,2.321928094880149,29.175249814987183
27,2019-07-15 20:59:07.823010921,124,270.98387096774195,372824.25780437054,54.01724137931034,516.4307372175981,930.28,351086.36159999995,0,25,0,0,13,0,4,4,4,1,0,1.9999999999942293,29.611216068267822
28,2019-07-15 20:59:37.823010921,110,292.8181818181818,414934.40330578515,55.611111111111114,444.3487654320987,930.28,351086.36159999995,0,25,0,0,13,0,4,4,4,1,0,1.9999999999942293,29.504406929016113
29,2019-07-15 21:00:07.823010921,178,302.62359550561797,483253.650454488,60.64485981308411,738.3411651672637,1907.433962264151,29297492.924884304,2,52,0,0,24,0,6,6,12,5,0,3.584962500703843,29.04451608657837
30,2019-07-15 21:00:37.823010921,177,338.84180790960454,701937.3648057709,68.34782608695652,749.33988657845,806.2272727272727,358633.2210743802,0,44,0,0,21,0,6,6,17,10,1,4.087462841225814,29.370480060577393
31,2019-07-15 21:01:07.823010921,142,270.5211267605634,323494.4608212656,60.67142857142857,854.7920408163264,861.5,349955.7,0,40,0,0,18,0,6,6,8,2,0,2.9999999999884586,29.81174612045288
32,2019-07-15 21:01:37.823010921,194,323.64948453608247,622220.5781698374,65.45925925925926,971.4779698216736,800.9591836734694,355756.0799666806,0,49,0,0,23,0,6,6,19,12,1,4.247927513416173,29.426197052001953
33,2019-07-15 21:02:07.823010921,205,288.55121951219513,468231.4571326591,66.71428571428571,793.2266380236305,1698.9298245614036,26832841.22314558,2,56,0,2,25,0,7,7,19,11,1,4.247927513416173,29.586933851242065
34,2019-07-15 21:02:37.823010921,129,321.08527131782944,423277.44234120555,61.51428571428571,111.76408163265305,879.5909090909091,353559.2417355371,0,44,0,0,20,0,5,5,6,2,0,2.5849625007125,29.708093881607056
35,2019-07-15 21:03:07.823010921,143,290.5524475524476,444586.0934031004,62.3780487804878,663.6741522903034,838.6111111111111,363131.23765432095,0,36,0,0,16,0,6,6,12,4,0,3.584962500703843,29.540052890777588
36,2019-07-15 21:03:37.823010921,132,298.3787878787879,470818.2353076217,55.130434782608695,443.5916824196599,884.3783783783783,356455.5865595325,0,37,0,0,16,0,5,5,6,2,0,2.5849625007125,29.625586986541748
37,2019-07-15 21:04:07.823010921,116,276.57758620689657,397363.054325208,62.03703703703704,75.44307270233196,892.03125,358971.0302734375,0,32,0,0,13,0,5,5,6,2,0,2.5849625007125,29.34903383255005
38,2019-07-15 21:04:37.823010921,137,302.40875912408757,422621.5263466354,55.19230769230769,436.6168639053256,849.3333333333334,360671.73333333334,0,45,0,2,19,0,5,5,6,2,0,2.5849625007125,29.60765290260315
39,2019-07-15 21:05:07.823010921,113,286.6106194690266,405468.55634740397,55.611111111111114,444.3487654320987,930.28,351086.36159999995,0,25,0,0,13,0,4,4,5,1,0,2.321928094880149,29.716404914855957
40,2019-07-15 21:05:37.823010921,183,786.8360655737705,1397857.9512675803,58.02542372881356,159.7366417696065,2296.8260869565215,50302063.46975428,6,89,0,2,19,0,5,5,8,4,0,2.9999999999884586,28.99959897994995
41,2019-07-15 21:06:07.823010921,1017,1797.5526057030481,1849870.7192090407,58.67223382045929,72.9551998117163,1012.3673469387755,16293089.884390272,18,922,0,13,181,0,5,5,16,12,1,3.9999999999769167,29.700735092163086
42,2019-07-15 21:06:37.823010921,395,1763.1189873417723,6791546.783310368,57.10843373493976,134.62679634199446,1073.7707641196014,16677896.302932639,6,298,0,15,53,0,5,5,14,10,1,3.807354922037407,29.608447074890137
43,2019-07-15 21:07:07.823010921,374,1179.0106951871658,3430869.6683348105,68.87378640776699,588.7057529770321,1524.0075471698112,40190557.75088643,10,260,0,6,55,0,9,9,20,7,0,4.321928094858508,29.519142866134644
44,2019-07-15 21:07:37.823010921,417,956.6043165467626,1585097.884201991,55.857549857549856,150.91987889708687,2283.584375,53184202.23663087,22,307,2,21,60,0,6,6,22,15,1,4.459431618605558,29.18002986907959
45,2019-07-15 21:08:07.823010921,225,277.9066666666667,356868.7512888889,65.24539877300613,751.9152395649066,2565.2432432432433,54874116.58047237,8,104,3,11,41,0,9,9,23,10,1,4.523561956023831,29.39850902557373
46,2019-07-15 21:08:37.823010921,207,314.02415458937196,536831.4341991646,69.48611111111111,551.4164737654321,2591.1388888888887,52597528.45293209,5,70,0,3,28,0,7,7,22,11,1,4.459431618605558,29.46872305870056
47,2019-07-15 21:09:07.823010921,240,288.97083333333336,393084.01998263894,56.21022727272727,392.83648631198344,6243.531468531469,125822678.01124746,31,126,2,15,35,0,7,7,20,13,1,4.321928094858508,29.425468921661377
48,2019-07-15 21:09:37.823010921,518,859.5714285714286,1852441.360728075,57.83480176211454,301.9132381765607,1716.0,35778386.85340314,17,376,0,9,46,0,8,8,28,12,1,4.807354922017208,29.544657945632935
49,2019-07-15 21:10:07.823010921,232,355.9008620689655,538884.5893096016,62.65294117647059,626.2501384083046,1722.340206185567,32444363.25539377,4,95,0,6,39,0,7,7,22,10,1,4.459431618605558,29.82379698753357
50,2019-07-15 21:10:37.823010921,175,324.5657142857143,426383.959967347,55.36448598130841,206.92322473578477,2596.4814814814813,56346199.43484224,6,78,0,5,31,0,6,6,12,7,0,3.584962500703843,29.422023057937622
51,2019-07-15 21:11:07.823010921,325,380.81538461538463,578942.1813017752,57.55598455598456,310.6020780847036,3378.43961352657,78706382.61350322,22,196,0,26,55,0,7,7,27,16,1,4.7548875021245145,29.421061992645264
52,2019-07-15 21:11:37.823010921,186,286.53225806451616,324695.9586368367,56.97560975609756,115.43842950624628,2150.1530612244896,47498461.76228654,6,95,0,12,31,0,6,6,13,8,0,3.7004397181223365,29.75768494606018
53,2019-07-15 21:12:07.823010921,220,317.9409090909091,332990.10105371906,52.6375,414.66859374999996,2352.846153846154,52222887.22419462,8,113,0,4,46,0,8,8,12,6,0,3.584962500703843,29.814841985702515
54,2019-07-15 21:12:37.823010921,246,1073.3170731707316,2024747.0864564741,57.005434782608695,189.72279655009453,878.3333333333334,10868463.568627452,2,152,0,5,26,0,6,6,9,5,0,3.169925001429328,29.979126930236816
55,2019-07-15 21:13:07.823010921,122,271.3688524590164,378953.31476753566,60.793103448275865,91.92271105826397,4133.823529411765,83301764.61591695,4,32,0,2,13,0,5,5,9,4,0,3.169925001429328,29.756255865097046
56,2019-07-15 21:13:37.823010921,127,260.29133858267716,365730.0017360033,54.45454545454545,419.702479338843,2237.2702702702704,41159581.818845876,2,37,0,2,13,0,5,5,7,3,0,2.807354922047505,29.20474600791931
57,2019-07-15 21:14:07.823010921,117,283.2991452991453,339534.004529184,56.01754385964912,423.94706063404124,954.0,351649.0,0,28,0,0,14,0,4,4,4,1,0,1.9999999999942293,29.597198963165283
58,2019-07-15 21:14:37.823010921,112,292.3482142857143,408228.22696109704,61.294117647058826,148.56055363321798,930.28,351086.36160000006,0,25,0,0,13,0,4,4,4,1,0,1.9999999999942293,29.66283893585205
59,2019-07-15 21:15:07.823010921,120,274.6,384040.2233333334,51.8448275862069,605.200059453032,930.28,351086.36160000006,0,25,0,0,13,0,4,4,5,1,0,2.321928094880149,29.226880073547363
60,2019-07-15 21:15:37.823010921,124,266.5806451612903,373088.0822060354,63.6764705882353,1239.1600346020762,8146.763157894737,123284256.18074796,12,32,0,0,13,0,6,6,8,3,0,2.9999999999884586,29.671268939971924
61,2019-07-15 21:16:07.823010921,177,291.79661016949154,435686.1394235373,67.72321428571429,420.4144610969387,6700.69696969697,122938593.78696053,13,62,0,0,24,0,7,7,15,5,0,3.906890595586879,29.75056505203247
62,2019-07-15 21:16:37.823010921,180,343.40555555555557,750935.9077469137,70.66101694915254,651.8850904912383,768.6521739130435,346852.35727788287,0,46,0,0,22,0,6,6,18,11,1,4.169925001416344,29.32059907913208
63,2019-07-15 21:17:07.823010921,157,303.45859872611464,512673.84064262244,56.27272727272727,509.6074380165288,1840.7307692307693,29180282.119822487,2,51,0,2,22,0,7,7,10,3,0,3.3219280948729355,29.184886932373047
64,2019-07-15 21:17:37.823010921,415,250.73493975903614,380607.1393816229,66.04722222222222,197.41165895061732,527.2935153583618,5745749.98210812,2,292,0,0,161,0,7,7,19,10,1,4.247927513416173,29.608541011810303
65,2019-07-15 21:18:07.823010921,279,277.4874551971326,452971.48998599715,65.40865384615384,480.53011741863895,592.0148148148148,254448.31089163234,0,135,0,2,71,0,7,7,19,10,1,4.247927513416173,29.577149152755737
66,2019-07-15 21:18:37.823010921,130,259.3,357766.81,58.1764705882353,650.5865051903115,5280.166666666667,86349775.52777778,7,32,1,0,13,0,6,6,9,4,0,3.169925001429328,29.684793949127197
67,2019-07-15 21:19:07.823010921,168,292.85714285714283,449257.09863945586,62.510416666666664,567.0207248263888,3099.549019607843,58313604.757401,4,51,0,0,21,0,6,7,13,4,0,3.7004397181223365,29.650771141052246
68,2019-07-15 21:19:37.823010921,123,271.3821138211382,375604.69138740154,53.5,514.78125,870.9032258064516,356266.15192507807,0,31,0,0,13,0,5,5,6,2,0,2.5849625007125,29.823179006576538
69,2019-07-15 21:20:07.823010921,143,240.36363636363637,328412.4551811824,50.208955223880594,643.8070839830698,870.9032258064516,356266.15192507807,0,31,0,0,13,0,5,5,6,2,0,2.5849625007125,29.830456972122192
70,2019-07-15 21:20:37.823010921,119,274.33613445378154,387812.02146741067,60.93103448275862,134.54696789536266,832.9117647058823,363427.90397923876,0,34,0,2,13,0,5,5,6,2,0,2.5849625007125,29.186474084854126
71,2019-07-15 21:21:07.823010921,124,265.6774193548387,373433.96045785636,51.63157894736842,613.1800554016621,930.28,351086.36159999995,0,25,0,0,13,0,4,4,5,1,0,2.321928094880149,29.607959032058716
72,2019-07-15 21:21:37.823010921,122,274.4918032786885,377779.1187852728,49.046875,706.825927734375,930.28,351086.36159999995,0,25,0,0,13,0,4,5,5,2,0,2.321928094880149,29.64374613761902
73,2019-07-15 21:22:07.823010921,145,239.2206896551724,323737.978882283,55.67605633802817,577.5429478278119,2336.2571428571428,42435101.791020416,2,34,0,2,15,0,6,7,9,4,0,3.169925001429328,29.277894973754883
74,2019-07-15 21:22:37.823010921,108,299.3425925925926,421399.7067043896,57.83018867924528,336.59380562477753,930.28,351086.36159999995,0,25,0,0,13,0,4,4,4,1,0,1.9999999999942293,29.187769889831543
75,2019-07-15 21:23:07.823010921,134,309.2164179104478,562246.6173423924,54.62903225806452,488.55593132153996,914.4666666666667,350086.11555555556,0,30,0,0,16,0,4,6,6,2,0,2.5849625007125,29.60905408859253
76,2019-07-15 21:23:37.823010921,116,290.6034482758621,431369.5841260404,54.785714285714285,482.31122448979596,930.28,351086.36159999995,0,25,0,0,13,0,4,4,4,1,0,1.9999999999942293,29.51938009262085
77,2019-07-15 21:24:07.823010921,173,298.71676300578036,491282.8041698688,61.73529411764706,703.3711072664358,1927.795918367347,31737566.366513956,2,48,0,0,22,0,6,6,12,5,0,3.584962500703843,29.309491872787476
78,2019-07-15 21:24:37.823010921,179,333.8212290502793,557256.9959739085,67.34188034188034,695.9514939002119,750.5576923076923,373662.01590236684,0,52,0,0,26,0,6,6,16,9,0,3.9999999999769167,29.53227996826172
79,2019-07-15 21:25:07.823010921,123,294.6666666666667,419565.1165311654,62.20338983050848,69.34846308532032,778.6470588235294,372218.52249134943,0,34,0,0,15,0,5,5,7,2,0,2.807354922047505,29.76917600631714
80,2019-07-15 21:25:37.823010921,195,326.74871794871797,519971.6035239974,68.99236641221374,662.8778043237572,739.9322033898305,368173.1818442976,0,59,0,0,29,0,6,6,18,11,1,4.169925001416344,29.6550350189209
81,2019-07-15 21:26:07.823010921,173,343.5895953757225,642216.935614287,69.0,721.6991150442478,690.7727272727273,351080.2665289256,0,44,0,0,23,0,6,6,17,10,1,4.087462841225814,29.6466281414032
82,2019-07-15 21:26:37.823010921,125,289.456,357376.63206399995,61.285714285714285,123.63265306122452,812.2162162162163,373885.8451424398,0,37,0,0,16,0,5,5,6,2,0,2.5849625007125,29.607841968536377
83,2019-07-15 21:27:07.823010921,170,277.3411764705882,448963.0012456747,59.176991150442475,881.1722139556738,1780.52,30513746.3696,2,49,0,2,20,0,7,7,14,6,0,3.807354922037407,29.728888034820557
84,2019-07-15 21:27:37.823010921,129,257.13178294573646,360763.81984255754,54.9,451.59000000000015,785.8387096774194,372406.4578563996,0,31,0,0,13,0,5,5,7,2,0,2.807354922047505,28.99966287612915
85,2019-07-15 21:28:07.823010921,113,289.65486725663715,405189.6773435664,62.125,72.93080357142857,785.8387096774194,372406.4578563996,0,31,0,0,13,0,5,5,6,2,0,2.5849625007125,29.33079695701599
86,2019-07-15 21:28:37.823010921,126,260.95238095238096,368585.10884353745,56.950819672131146,347.4565976887933,729.5,373294.60294117645,0,34,0,2,13,0,5,5,6,2,0,2.5849625007125,29.608942985534668
87,2019-07-15 21:29:07.823010921,116,280.55172413793105,396354.78180737235,55.611111111111114,444.3487654320987,930.28,351086.36159999995,0,25,0,0,13,0,4,4,4,1,0,1.9999999999942293,29.416916847229004
88,2019-07-15 21:29:37.823010921,125,270.824,369775.377024,57.42372881355932,1180.7187589773057,930.28,351086.36159999995,0,25,0,0,13,0,5,5,6,1,0,2.5849625007125,29.29731321334839
89,2019-07-15 21:30:07.823010921,121,273.8347107438017,380837.27846458583,48.564516129032256,722.1813215400625,930.28,351086.36159999995,0,25,0,0,13,0,4,4,4,1,0,1.9999999999942293,29.191243171691895
90,2019-07-15 21:30:37.823010921,125,267.464,320445.24070399994,54.91228070175438,474.7116035703294,954.0,351649.0,0,28,0,0,14,0,4,4,4,1,0,1.9999999999942293,29.618530988693237
91,2019-07-15 21:31:07.823010921,113,289.50442477876106,405360.81635210273,62.5,77.37,930.28,351086.36160000006,0,25,0,0,13,0,4,4,4,1,0,1.9999999999942293,29.70566701889038
92,2019-07-15 21:31:37.823010921,115,282.6695652173913,399274.44733459374,57.71153846153846,342.32063609467457,930.28,351086.36160000006,0,25,0,0,13,0,4,4,5,1,0,2.321928094880149,29.230667114257812
93,2019-07-15 21:32:07.823010921,180,286.8833333333333,433134.6697222223,61.313559322033896,727.096595805803,2575.35,49792350.89416667,4,58,0,2,24,0,7,7,14,6,0,3.807354922037407,29.607839822769165
94,2019-07-15 21:32:37.823010921,325,295.0338461538461,506407.1465467455,66.04562737642586,317.88384970145586,653.4375,8693148.787760416,2,191,0,0,111,0,7,7,19,10,1,4.247927513416173,29.847174882888794
95,2019-07-15 21:33:07.823010921,271,203.08487084870848,228725.2658596697,60.17788461538461,170.39624167899407,631.2727272727273,9292357.755165292,2,172,3,2,104,0,8,8,12,5,0,3.584962500703843,29.288493156433105
96,2019-07-15 21:33:37.823010921,577,181.56152512998267,205217.33460287325,64.35135135135135,183.19701554836692,388.28125,99352.46554129464,0,448,0,0,296,0,7,7,19,9,0,4.247927513416173,29.668413877487183
97,2019-07-15 21:34:07.823010921,598,164.2257525083612,195261.9005408217,65.74953271028038,110.46810725827581,426.661733615222,101525.39086126519,0,473,0,0,302,0,7,7,19,10,1,4.247927513416173,29.94305992126465
98,2019-07-15 21:34:37.823010921,427,164.423887587822,165875.4901085401,62.575675675675676,81.12535427319213,669.1710914454277,4860855.610845711,2,335,3,2,217,0,8,8,12,5,0,3.584962500703843,29.649442195892334
99,2019-07-15 21:35:07.823010921,300,218.60666666666665,295666.89862222224,63.0940170940171,315.03389582876764,876.0167597765363,9073383.290221903,2,175,3,2,100,0,8,8,17,6,0,4.087462841225814,29.75759792327881
100,2019-07-15 21:35:37.823010921,120,276.18333333333334,384037.3163888889,55.98360655737705,398.47514109110455,785.8387096774194,372406.45785639953,0,31,0,0,13,0,5,5,7,2,0,2.807354922047505,29.692720890045166
101,2019-07-15 21:36:07.823010921,229,199.2008733624454,235170.3875974905,60.77906976744186,176.8232828555976,699.5314685314685,223373.68956917207,0,143,0,0,87,0,6,6,8,3,0,2.9999999999884586,29.47293996810913
102,2019-07-15 21:36:37.823010921,280,225.39642857142857,368903.68927295913,61.450450450450454,139.18448177907638,623.203125,230190.75561523438,0,192,0,2,104,0,6,6,8,3,0,2.9999999999884586,29.41203498840332
103,2019-07-15 21:37:07.823010921,488,482.0532786885246,1106927.2676531845,68.88290398126463,366.707599997806,1001.729381443299,19557284.444806833,6,385,0,4,152,0,9,9,16,5,0,3.9999999999769167,29.511759042739868
104,2019-07-15 21:37:37.823010921,139,297.9568345323741,399917.2355468144,60.0,223.3012048192771,837.6071428571429,325187.66709183675,0,56,0,0,31,0,5,5,7,2,0,2.807354922047505,29.603824853897095
105,2019-07-15 21:38:07.823010921,118,275.4491525423729,390430.41690606164,57.91228070175438,549.1326562019083,844.5862068965517,349053.62187871576,0,29,0,0,15,0,5,5,6,2,0,2.5849625007125,29.41239309310913
106,2019-07-15 21:38:37.823010921,119,280.2689075630252,386482.179789563,55.08620689655172,468.21670630202135,954.0,351649.0,0,26,0,0,13,0,4,4,4,1,0,1.9999999999942293,29.345695972442627
107,2019-07-15 21:39:07.823010921,127,261.59055118110234,365304.88746977504,51.63492063492063,710.8984630889395,889.3448275862069,351831.7431629013,0,29,0,0,15,0,5,5,6,2,0,2.5849625007125,29.195841789245605
108,2019-07-15 21:39:37.823010921,126,262.36507936507934,368166.8190980096,57.166666666666664,576.3388888888891,813.9032258064516,340184.9906347555,0,31,0,2,15,0,5,5,7,2,0,2.807354922047505,29.60828185081482
109,2019-07-15 21:40:07.823010921,164,315.2743902439024,435684.1381246282,66.6470588235294,390.22837370242235,1821.5636363636363,28405811.373223145,2,54,0,0,25,0,6,6,12,5,0,3.584962500703843,29.692770957946777
110,2019-07-15 21:40:37.823010921,184,327.98369565217394,592674.0486472117,69.84482758620689,625.6828180737219,710.58,369965.68360000005,0,50,0,0,24,0,6,6,17,10,1,4.087462841225814,29.318712949752808
111,2019-07-15 21:41:07.823010921,125,291.96,411994.1184000001,56.578125,382.368896484375,812.2,364776.3885714285,0,35,0,0,17,0,5,5,6,2,0,2.5849625007125,29.196725845336914
112,2019-07-15 21:41:37.823010921,188,331.1968085106383,535107.2112664102,69.94354838709677,549.9726196670134,753.2280701754386,375876.5269313635,0,57,0,0,27,0,6,6,18,10,1,4.169925001416344,29.814718008041382
113,2019-07-15 21:42:07.823010921,270,517.6518518518518,3286355.6639780523,66.88177339901478,908.0451357713121,1607.362745098039,30631885.878219917,4,100,0,2,48,0,8,9,27,16,1,4.7548875021245145,29.59329104423523
114,2019-07-15 21:42:37.823010921,148,275.6283783783784,348813.0848703434,57.02325581395349,330.0227149810708,665.4821428571429,315022.8925382653,0,56,0,0,29,0,6,6,8,3,0,2.9999999999884586,29.52830410003662
115,2019-07-15 21:43:07.823010921,166,289.31325301204816,446568.85367977933,66.25,388.34134615384613,664.7241379310345,328529.3032104638,0,58,0,0,29,0,7,7,14,5,0,3.807354922037407,29.731581926345825
116,2019-07-15 21:43:37.823010921,138,249.6304347826087,338289.4793635791,57.648648648648646,292.4441197954712,629.2608695652174,301934.0623818525,0,46,0,0,23,0,6,6,8,3,0,2.9999999999884586,29.42162585258484
117,2019-07-15 21:44:07.823010921,156,264.9871794871795,374349.3588099933,71.81052631578947,2354.1114681440454,1391.6935483870968,23960510.954474505,2,61,0,0,29,0,8,8,12,4,0,3.584962500703843,28.999776124954224
118,2019-07-15 21:44:37.823010921,143,240.6013986013986,328040.91104699497,67.5,1173.8653846153845,545.3454545454546,289245.6442975207,0,55,0,2,23,0,7,7,9,3,0,3.169925001429328,29.548787832260132
119,2019-07-15 21:45:07.823010921,133,262.82706766917295,348893.96257561207,58.67088607594937,1236.777759974363,634.0697674418604,331679.64629529475,0,41,2,4,21,0,6,6,7,2,0,2.807354922047505,29.748066902160645
120,2019-07-15 21:45:37.823010921,123,270.9918699186992,325437.35765747906,54.91228070175438,474.7116035703293,954.0,351649.0,0,28,0,0,14,0,4,4,4,1,0,1.9999999999942293,29.615466833114624
121,2019-07-15 21:46:07.823010921,106,299.83962264150944,429320.1912602351,62.4375,80.49609375,930.28,351086.36160000006,0,25,0,0,13,0,4,4,5,1,0,2.321928094880149,29.242390871047974
122,2019-07-15 21:46:37.823010921,132,265.6818181818182,356360.00482093665,65.08695652173913,591.2678008821678,5349.90243902439,92473799.64901845,8,37,2,1,16,0,5,5,7,3,0,2.807354922047505,29.634122133255005
123,2019-07-15 21:47:07.823010921,131,260.6793893129771,354041.5307965736,53.72,662.7616,2314.3333333333335,41273171.83333334,2,35,0,2,15,0,6,6,8,3,0,2.9999999999884586,29.684534072875977
124,2019-07-15 21:47:37.823010921,114,283.49122807017545,402669.2323791936,59.98,222.21960000000007,930.28,351086.36160000006,0,25,0,0,13,0,4,4,4,1,0,1.9999999999942293,29.694201946258545
125,2019-07-15 21:48:07.823010921,165,309.24242424242425,455200.8382001837,60.64485981308411,738.3411651672636,1883.0192307692307,29957333.749630187,2,51,0,0,23,0,6,6,13,5,0,3.7004397181223365,29.505038022994995
126,2019-07-15 21:48:37.823010921,192,319.4635416666667,596231.9778374566,65.80952380952381,931.4875283446715,732.0888888888888,375668.747654321,0,45,0,0,22,0,6,6,18,11,1,4.169925001416344,29.607673168182373
127,2019-07-15 21:49:07.823010921,117,299.7350427350427,379310.3486010666,62.2,68.15999999999998,808.8918918918919,377749.8802045288,0,37,0,0,16,0,5,5,6,2,0,2.5849625007125,29.40691304206848
128,2019-07-15 21:49:37.823010921,188,328.47872340425533,596737.7814622002,68.63025210084034,688.485135230563,736.98,378123.3796,0,50,0,0,23,0,6,6,17,10,1,4.087462841225814,29.36779499053955
129,2019-07-15 21:50:07.823010921,179,318.86033519553075,544443.9637339658,63.88709677419355,969.3420915712799,720.0652173913044,374007.45226843096,0,46,0,0,21,0,6,6,18,10,1,4.169925001416344,29.332043170928955
130,2019-07-15 21:50:37.823010921,131,294.77862595419845,432039.30213857,61.38709677419355,124.68886576482832,854.1351351351351,369902.3330898467,0,37,0,0,17,0,5,5,6,2,0,2.5849625007125,29.73542809486389
131,2019-07-15 21:51:07.823010921,148,293.5337837837838,349427.27588568296,62.477777777777774,604.8050617283949,770.9111111111112,372984.52543209883,0,45,0,0,19,0,6,6,11,4,0,3.4594316186214273,29.491528034210205
132,2019-07-15 21:51:37.823010921,142,262.2464788732394,368861.22798055934,51.67142857142857,589.5920408163266,805.0571428571428,372896.6253061224,0,35,0,0,15,0,5,5,6,2,0,2.5849625007125,29.65308380126953
133,2019-07-15 21:52:07.823010921,131,260.01526717557255,354291.7707592797,60.78666666666667,933.6611555555558,2021.2926829268292,36805539.52409281,2,40,0,2,15,0,8,8,11,3,0,3.4594316186214273,29.20618987083435
134,2019-07-15 21:52:37.823010921,131,257.3587786259542,355545.2376901113,58.08064516129032,291.6870447450573,729.5,373294.60294117645,0,34,0,2,13,0,5,5,6,2,0,2.5849625007125,29.40509009361267
135,2019-07-15 21:53:07.823010921,110,290.08181818181816,415637.22057851247,55.45283018867924,451.379850480598,930.28,351086.36159999995,0,25,0,0,13,0,4,4,4,1,0,1.9999999999942293,29.40355920791626
136,2019-07-15 21:53:37.823010921,121,273.46280991735534,381584.0667987161,57.83018867924528,336.5938056247776,930.28,351086.36159999995,0,25,0,0,13,0,4,4,4,1,0,1.9999999999942293,29.202715158462524
137,2019-07-15 21:54:07.823010921,114,369.1842105263158,662503.0801015695,57.45,354.2475000000001,916.9375,350275.37109375,0,32,0,0,17,0,4,4,5,1,0,2.321928094880149,29.749613046646118
138,2019-07-15 21:54:37.823010921,125,264.456,370637.6080639999,49.91525423728814,676.3487503590922,930.28,351086.36159999995,0,25,0,0,13,0,4,4,4,1,0,1.9999999999942293,29.404978036880493
139,2019-07-15 21:55:07.823010921,128,275.640625,317722.9333496094,63.9264705882353,331.45047577854666,6726.976190476191,113737122.54705216,10,38,1,0,16,0,5,5,7,3,0,2.807354922047505,29.607785940170288
140,2019-07-15 21:55:37.823010921,111,290.43243243243245,411948.15534453373,57.81132075471698,336.37949448202204,2017.576923076923,29892948.01331361,1,26,0,0,13,0,4,5,5,2,0,2.321928094880149,29.640718936920166
141,2019-07-15 21:56:07.823010921,162,315.9382716049383,440566.7986587411,64.17307692307692,542.2200443786983,1821.5636363636363,28405811.37322314,2,54,0,0,25,0,6,6,13,5,0,3.7004397181223365,29.604898929595947
142,2019-07-15 21:56:37.823010921,183,340.56830601092895,570467.6223834693,71.2,486.81000000000006,736.6607142857143,373671.5455994898,0,56,0,0,27,0,6,6,17,10,1,4.087462841225814,29.78606104850769
143,2019-07-15 21:57:07.823010921,143,269.5034965034965,345663.59264511714,56.51219512195122,506.4693634741225,1957.5333333333333,33589209.89333334,2,44,0,2,18,0,7,7,9,3,0,3.169925001429328,29.531339168548584
144,2019-07-15 21:57:37.823010921,206,323.0533980582524,509747.9728768028,65.70666666666666,846.9006222222223,721.5967741935484,356970.0470863684,0,62,0,0,32,0,6,9,20,12,1,4.321928094858508,29.63821792602539
145,2019-07-15 21:58:07.823010921,193,324.68911917098444,599700.1624204676,73.625,506.515625,5056.5625,87285425.62109375,12,58,0,0,24,0,7,8,22,10,1,4.459431618605558,29.840697050094604
146,2019-07-15 21:58:37.823010921,139,263.31654676258995,326000.230733399,60.48684210526316,410.69719529085876,7725.979166666667,135514713.7703993,11,45,0,0,16,0,6,6,9,4,0,3.169925001429328,29.515997171401978
147,2019-07-15 21:59:07.823010921,155,294.56129032258065,447490.54301768984,63.0,697.1086956521739,762.85,376824.8775,0,40,0,0,18,0,6,6,12,5,0,3.584962500703843,29.435642957687378
148,2019-07-15 21:59:37.823010921,119,271.6470588235294,388263.5056846267,60.888888888888886,143.0987654320988,785.8387096774194,372406.4578563996,0,31,0,0,13,0,5,5,6,2,0,2.5849625007125,29.603906869888306
149,2019-07-15 22:00:07.823010921,126,267.7857142857143,367617.56519274367,55.333333333333336,433.8412698412696,785.8387096774194,372406.4578563996,0,31,0,0,13,0,5,5,6,2,0,2.5849625007125,29.401546955108643
150,2019-07-15 22:00:37.823010921,140,267.37142857142857,363727.6477551021,52.04109589041096,569.4640645524489,753.1315789473684,375762.95637119113,0,38,0,2,15,0,5,5,7,2,0,2.807354922047505,29.419250965118408
151,2019-07-15 22:01:07.823010921,110,291.6181818181818,415634.5633057852,66.36734693877551,820.1507705122864,930.28,351086.36159999995,0,25,0,0,13,0,5,5,5,1,0,2.321928094880149,29.206610918045044
152,2019-07-15 22:01:37.823010921,116,290.0344827586207,432033.8953626636,55.763636363636365,437.52595041322314,930.28,351086.36159999995,0,25,0,0,13,0,4,4,4,1,0,1.9999999999942293,29.609277963638306
153,2019-07-15 22:02:07.823010921,145,281.42758620689654,405195.4171700356,55.775,556.074375,2079.093023255814,34894955.75878853,2,42,0,2,19,0,6,6,9,3,0,3.169925001429328,29.63391089439392
154,2019-07-15 22:02:37.823010921,114,285.92105263157896,402437.8972760849,61.24,151.3824,930.28,351086.36159999995,0,25,0,0,13,0,4,4,4,1,0,1.9999999999942293,29.211264848709106
155,2019-07-15 22:03:07.823010921,114,284.8157894736842,402249.2555401662,54.61818181818182,489.5087603305786,930.28,351086.36159999995,0,25,0,0,13,0,4,4,4,1,0,1.9999999999942293,29.20757484436035
156,2019-07-15 22:03:37.823010921,123,272.1626016260163,375156.51014607714,49.58064516129032,688.5015608740894,930.28,351086.36159999995,0,25,0,0,13,0,4,4,4,1,0,1.9999999999942293,29.48944902420044
157,2019-07-15 22:04:07.823010921,161,324.75155279503105,568094.5345472784,66.87368421052632,418.21562326869804,1896.46,31150930.088399995,2,49,0,0,23,0,6,6,13,5,0,3.7004397181223365,29.76314902305603
158,2019-07-15 22:04:37.823010921,180,323.43888888888887,563252.9907098766,70.73728813559322,650.0242028152828,716.2978723404256,365293.3580805794,0,47,0,0,24,0,6,6,18,11,1,4.169925001416344,29.20815396308899
159,2019-07-15 22:05:07.823010921,129,289.30232558139534,372170.02487831254,57.042857142857144,353.01244897959185,794.1219512195122,368644.54610350984,0,41,0,0,19,0,5,5,6,2,0,2.5849625007125,29.61807894706726
160,2019-07-15 22:05:37.823010921,184,336.1576086956522,645950.5349421079,70.95081967213115,592.5877452297772,683.0980392156863,350390.59823144943,0,51,0,0,24,0,6,6,18,11,1,4.169925001416344,29.63853693008423
161,2019-07-15 22:06:07.823010921,179,333.4245810055866,710430.2778315282,70.37391304347825,707.4341020793952,717.7272727272727,364544.0619834711,0,44,0,0,22,0,6,6,18,11,1,4.169925001416344,29.25132989883423
162,2019-07-15 22:06:37.823010921,137,264.014598540146,350620.11657520384,51.507246376811594,596.249947490023,782.2647058823529,368231.31228373706,0,34,0,0,15,0,5,5,7,2,0,2.807354922047505,29.5574312210083
163,2019-07-15 22:07:07.823010921,247,718.2672064777328,1842850.487305152,77.28947368421052,832.4583102493074,1446.4592592592592,43540174.51500685,4,133,0,2,33,0,8,8,17,7,0,4.087462841225814,29.766193151474
164,2019-07-15 22:07:37.823010921,127,261.37795275590554,365921.99888399773,57.8448275862069,309.64833531510106,785.8387096774194,372406.4578563996,0,31,0,0,13,0,5,5,6,2,0,2.5849625007125,29.39796495437622
165,2019-07-15 22:08:07.823010921,124,265.75,373385.9939516129,61.09375,1088.3349609375,731.4571428571429,353190.4767346938,0,35,0,0,15,0,7,7,9,3,0,3.169925001429328,29.394286155700684
166,2019-07-15 22:08:37.823010921,123,270.0325203252033,376042.7956903959,59.983333333333334,189.18305555555554,729.5,373294.60294117645,0,34,0,2,13,0,5,5,7,2,0,2.807354922047505,29.921229124069214
167,2019-07-15 22:09:07.823010921,118,278.8305084745763,389589.8695777076,53.46774193548387,638.7650884495318,889.4827586206897,351688.4565992866,0,29,0,0,15,0,5,5,6,2,0,2.5849625007125,29.396967887878418
168,2019-07-15 22:09:37.823010921,143,241.53846153846155,328068.72404518555,52.43478260869565,851.3761814744801,796.5,339001.75,0,32,0,2,15,0,5,5,6,2,0,2.5849625007125,29.396220922470093
169,2019-07-15 22:10:07.823010921,112,287.61607142857144,408448.05795599485,52.535714285714285,577.5344387755102,930.28,351086.36159999995,0,25,0,0,13,0,4,4,5,1,0,2.321928094880149,29.210550785064697
170,2019-07-15 22:10:37.823010921,123,270.0650406504065,376130.77625751874,57.83018867924528,336.59380562477753,930.28,351086.36159999995,0,25,0,0,13,0,4,4,4,1,0,1.9999999999942293,29.65884518623352
171,2019-07-15 22:11:07.823010921,116,282.4310344827586,395511.60731272295,49.34426229508197,696.3241064230045,930.28,351086.36159999995,0,25,0,0,13,0,4,4,4,1,0,1.9999999999942293,29.396173000335693
172,2019-07-15 22:11:37.823010921,129,256.52713178294573,360898.49732588185,55.45283018867924,451.379850480598,930.28,351086.36159999995,0,25,0,0,13,0,4,4,4,1,0,1.9999999999942293,28.999557971954346
173,2019-07-15 22:12:07.823010921,177,294.1412429378531,403945.3077340483,61.90983606557377,673.3443294813222,2523.048387096774,48279553.30411032,4,60,0,2,25,0,7,7,15,6,0,3.906890595586879,29.56577491760254
174,2019-07-15 22:12:37.823010921,209,319.6363636363636,523459.78164419316,69.02189781021897,698.4593745005061,4030.469696969697,72216476.94605142,9,62,1,0,29,0,7,7,20,10,1,4.321928094858508,29.774201154708862
175,2019-07-15 22:13:07.823010921,117,271.5128205128205,387577.12163050624,57.75,408.5875,1620.5625,24900723.18359375,1,31,1,0,13,0,6,6,8,3,0,2.9999999999884586,29.422196865081787
176,2019-07-15 22:13:37.823010921,205,313.25365853658536,468059.2624866151,67.55639097744361,654.0814065238285,753.5238095238095,369848.82086167805,0,63,0,0,31,0,6,6,17,10,1,4.087462841225814,29.331300020217896
177,2019-07-15 22:14:07.823010921,181,338.89502762430936,518835.5525167121,68.36507936507937,652.0571932476691,761.2105263157895,367528.13111726684,0,57,0,0,29,0,6,6,17,10,1,4.087462841225814,29.212438106536865
178,2019-07-15 22:14:37.823010921,128,277.7734375,434650.6908569336,60.836363636363636,142.3914049586777,784.7741935483871,373545.85223725287,0,31,0,0,13,0,5,5,7,2,0,2.807354922047505,29.45470094680786
179,2019-07-15 22:15:07.823010921,144,308.96527777777777,521396.82518325624,62.34117647058824,642.1071280276816,731.3243243243244,368782.5975164353,0,37,0,0,17,0,6,6,11,4,0,3.4594316186214273,29.738959074020386
180,2019-07-15 22:15:37.823010921,137,246.8102189781022,341474.70850871125,58.08196721311475,1090.8293469497444,785.8387096774194,372406.4578563996,0,31,0,0,13,0,6,6,7,2,0,2.807354922047505,29.21721601486206
181,2019-07-15 22:16:07.823010921,121,273.9834710743802,381321.1732805136,55.096774193548384,440.02289281997906,785.8387096774194,372406.4578563996,0,31,0,0,13,0,5,5,6,2,0,2.5849625007125,29.603545904159546
182,2019-07-15 22:16:37.823010921,136,257.7647058823529,347777.2828719723,58.2,280.7446153846153,753.1315789473684,375762.95637119113,0,38,0,2,15,0,5,5,7,2,0,2.807354922047505,29.875627040863037
183,2019-07-15 22:17:07.823010921,214,595.5140186915888,2999299.5582146905,61.310344827586206,525.7174791914387,1763.3977272727273,35271104.21681301,4,86,0,2,41,0,7,7,15,6,0,3.906890595586879,29.819072008132935
184,2019-07-15 22:17:37.823010921,116,278.32758620689657,396505.6857907253,58.57142857142857,261.38775510204084,790.4193548387096,369044.8241415192,0,29,2,2,15,0,5,5,6,2,0,2.5849625007125,29.218445777893066
185,2019-07-15 22:18:07.823010921,116,277.7413793103448,396927.31242568383,56.5,401.9423076923077,930.28,351086.36159999995,0,25,0,0,13,0,4,4,4,1,0,1.9999999999942293,29.60781693458557
186,2019-07-15 22:18:37.823010921,125,271.448,369446.56729600026,49.80952380952381,680.8208616780043,930.28,351086.36159999995,0,25,0,0,13,0,4,4,5,1,0,2.321928094880149,29.932811975479126
187,2019-07-15 22:19:07.823010921,111,288.8018018018018,412644.0688255822,62.4375,80.49609375,930.28,351086.36159999995,0,25,0,0,13,0,4,4,4,1,0,1.9999999999942293,29.44066596031189
188,2019-07-15 22:19:37.823010921,108,296.712962962963,421820.5564986282,57.94444444444444,331.0524691358023,917.8888888888889,361351.87654320983,0,27,0,0,13,0,5,5,6,2,0,2.5849625007125,29.21127200126648
189,2019-07-15 22:20:07.823010921,169,294.06508875739644,486385.58747943,62.89108910891089,637.8396235663171,1809.6470588235295,30694928.34602076,2,50,0,0,21,0,8,8,15,5,0,3.906890595586879,29.38758111000061
190,2019-07-15 22:20:37.823010921,191,341.69633507853405,582264.4208766209,70.76984126984127,468.9232174351222,725.311475409836,362932.50954044604,0,61,0,0,31,0,6,6,18,10,1,4.169925001416344,29.786653995513916
191,2019-07-15 22:21:07.823010921,128,286.296875,403756.4899902344,57.3968253968254,339.1917359536407,812.2,364776.3885714285,0,35,0,0,17,0,5,5,6,2,0,2.5849625007125,29.82930898666382
192,2019-07-15 22:21:37.823010921,175,343.5657142857143,749154.3942530612,64.34166666666667,970.2915972222222,687.8604651162791,366367.6549486209,0,43,0,0,20,0,6,6,17,10,1,4.087462841225814,29.841048002243042
193,2019-07-15 22:22:07.823010921,190,339.2315789473684,745419.4095290855,69.94354838709677,631.58552289282,1639.648148148148,28461886.116941016,2,53,0,2,23,0,7,7,20,11,1,4.321928094858508,29.84026288986206
194,2019-07-15 22:22:37.823010921,126,285.5952380952381,439667.1774376417,57.94827586206897,310.7042211652794,826.5862068965517,371427.6218787158,0,29,0,0,13,0,5,5,6,2,0,2.5849625007125,29.279194116592407
195,2019-07-15 22:23:07.823010921,153,307.437908496732,508480.61215771706,64.26373626373626,620.4359376886848,789.9767441860465,382153.9296917253,0,43,0,0,19,0,6,6,12,5,0,3.584962500703843,29.217128038406372
196,2019-07-15 22:23:37.823010921,121,270.6942148760331,382142.2618673588,59.767857142857146,202.6425382653061,785.8387096774194,372406.4578563996,0,31,0,0,13,0,5,5,6,2,0,2.5849625007125,29.60427188873291
197,2019-07-15 22:24:07.823010921,140,245.6,334748.68285714294,59.16438356164384,563.0962657158941,6616.976190476191,115031270.30895692,10,38,1,0,13,0,6,6,10,4,0,3.3219280948729355,29.554243087768555
198,2019-07-15 22:24:37.823010921,136,250.10294117647058,343413.15116782003,51.42857142857143,587.4734693877551,1542.942857142857,22860064.62530612,1,35,0,2,13,0,5,6,7,3,0,2.807354922047505,29.31051015853882
199,2019-07-15 22:25:07.823010921,106,297.0660377358491,430038.11828052695,62.40425531914894,82.15572657310997,930.28,351086.36159999995,0,25,0,0,13,0,4,4,4,1,0,1.9999999999942293,29.218015909194946
200,2019-07-15 22:25:37.823010921,116,283.0,395717.9310344828,55.763636363636365,437.5259504132232,930.28,351086.36159999995,0,25,0,0,13,0,4,4,4,1,0,1.9999999999942293,29.68091583251953
201,2019-07-15 22:26:07.823010921,115,282.5304347826087,399166.2316824196,55.611111111111114,444.34876543209873,930.28,351086.36159999995,0,25,0,0,13,0,4,4,5,1,0,2.321928094880149,29.38762903213501
202,2019-07-15 22:26:37.823010921,111,286.8018018018018,412774.9517084653,61.125,157.359375,930.28,351086.36159999995,0,25,0,0,13,0,4,4,4,1,0,1.9999999999942293,29.573240041732788
203,2019-07-15 22:27:07.823010921,131,264.82442748091603,353575.9310063516,54.44,626.7797333333334,2336.2571428571428,42435101.791020416,2,34,0,2,15,0,6,6,8,3,0,2.9999999999884586,29.81218910217285
204,2019-07-15 22:27:37.823010921,125,264.464,370595.416704,49.91525423728814,676.3487503590923,930.28,351086.36159999995,0,25,0,0,13,0,4,4,4,1,0,1.9999999999942293,29.38769793510437
205,2019-07-15 22:28:07.823010921,156,322.93589743589746,503538.54717291263,68.15625,322.0693359375,1837.4038461538462,30040008.125369832,2,51,0,0,25,0,6,6,13,5,0,3.7004397181223365,29.2291419506073
206,2019-07-15 22:28:37.823010921,174,336.1034482758621,635938.7938961553,69.59821428571429,686.5974968112247,705.7333333333333,363276.9511111111,0,45,0,0,23,0,6,6,17,10,1,4.087462841225814,29.21927499771118
207,2019-07-15 22:29:07.823010921,117,300.9145299145299,469604.3516692234,56.08196721311475,397.87852727761367,780.8064516129032,377937.4464099896,0,31,0,0,13,0,5,5,6,2,0,2.5849625007125,29.638569831848145
208,2019-07-15 22:29:37.823010921,181,348.01657458563534,617154.5798357803,72.27826086956522,761.8877882797734,686.1851851851852,346934.48422496574,0,54,0,0,28,0,7,7,17,9,0,4.087462841225814,29.752725839614868
209,2019-07-15 22:30:07.823010921,194,316.7061855670103,510006.06315761514,64.33582089552239,867.3125974604591,733.9824561403509,365428.57863958133,0,57,0,0,27,0,6,6,18,10,1,4.169925001416344,29.46252417564392
210,2019-07-15 22:30:37.823010921,133,277.76691729323306,391070.25394312857,51.470588235294116,604.9256055363323,820.0,366329.6875,0,32,0,0,15,0,5,5,6,2,0,2.5849625007125,29.635474920272827
211,2019-07-15 22:31:07.823010921,137,326.2116788321168,576983.8457030209,66.22222222222223,424.61728395061726,762.85,376824.8775,0,40,0,0,18,0,6,6,11,4,0,3.4594316186214273,29.382158041000366
212,2019-07-15 22:31:37.823010921,132,253.68939393939394,353528.45655417815,57.8448275862069,309.648335315101,785.8387096774194,372406.4578563996,0,31,0,0,13,0,5,5,6,2,0,2.5849625007125,29.43674612045288
213,2019-07-15 22:32:07.823010921,143,250.16783216783216,326310.6431610348,55.9080459770115,667.2789007794954,2021.2926829268292,36805539.5240928,2,40,0,2,15,0,7,8,12,4,0,3.584962500703843,29.602308988571167
214,2019-07-15 22:32:37.823010921,142,266.0633802816901,368105.2424618131,61.35294117647059,115.81660899653981,733.525,364278.749375,0,40,0,2,17,0,5,8,7,3,0,2.807354922047505,29.60819101333618
215,2019-07-15 22:33:07.823010921,108,303.6759259259259,427877.60793895746,56.64150943396226,395.39978640085434,930.28,351086.36159999995,0,25,0,0,13,0,4,4,4,1,0,1.9999999999942293,29.7435941696167
216,2019-07-15 22:33:37.823010921,145,239.87586206896552,323951.2121759809,53.36231884057971,789.8252467968915,1658.1818181818182,24085966.93663911,2,32,1,0,15,0,5,5,6,2,0,2.5849625007125,29.124735832214355
217,2019-07-15 22:34:07.823010921,127,259.9133858267717,366317.95312790637,69.22222222222223,363.36728395061726,12088.34693877551,156591839.73677638,21,40,0,0,13,0,5,5,7,3,0,2.807354922047505,29.4844708442688
218,2019-07-15 22:34:37.823010921,130,258.9307692307692,358020.71059171594,58.018181818181816,325.29057851239685,3024.3333333333335,55138322.0,2,27,0,0,13,0,4,5,7,3,0,2.807354922047505,29.608673810958862
219,2019-07-15 22:35:07.823010921,111,288.3873873873874,412093.08416524634,53.472727272727276,538.867438016529,930.28,351086.36159999995,0,25,0,0,13,0,4,4,4,1,0,1.9999999999942293,29.384876012802124
220,2019-07-15 22:35:37.823010921,120,274.5,384728.5833333333,61.24,151.3824,930.28,351086.36159999995,0,25,0,0,13,0,4,4,4,1,0,1.9999999999942293,29.22314691543579
221,2019-07-15 22:36:07.823010921,158,324.4177215189873,506900.28120493505,63.48039215686274,593.6613802383699,1860.2115384615386,29999191.128328405,2,51,0,0,24,0,6,6,13,5,0,3.7004397181223365,29.282864093780518
222,2019-07-15 22:36:37.823010921,194,318.0979381443299,557844.8821606971,66.1953125,885.7196655273438,750.204081632653,377399.75426905457,0,49,0,0,24,0,6,6,18,11,1,4.169925001416344,29.387885093688965
223,2019-07-15 22:37:07.823010921,231,724.9047619047619,1601597.5233972378,77.52071005917159,788.509926123035,1420.3941605839416,42932880.50157173,4,135,0,2,29,0,8,8,12,4,0,3.584962500703843,29.740596055984497
224,2019-07-15 22:37:37.823010921,212,310.5518867924528,524211.6529681381,70.68055555555556,699.6479552469136,642.9864864864865,334676.7160336012,0,71,3,2,35,0,7,7,19,10,1,4.247927513416173,29.224107027053833
225,2019-07-15 22:38:07.823010921,185,337.15675675675675,590048.532184076,68.51639344262296,672.7087476484816,761.4814814814815,370579.5829903979,0,54,0,0,28,0,6,6,18,10,1,4.169925001416344,29.608088970184326
226,2019-07-15 22:38:37.823010921,132,283.47727272727275,345508.81008953165,60.292307692307695,176.32994082840236,808.025,369504.32437499997,0,40,0,0,18,0,5,5,6,2,0,2.5849625007125,29.383047819137573
227,2019-07-15 22:39:07.823010921,157,294.0191082802548,465379.84039920475,60.26966292134831,735.7699785380635,762.85,376824.8775,0,40,0,0,18,0,6,6,11,4,0,3.4594316186214273,29.474091053009033
228,2019-07-15 22:39:37.823010921,125,267.336,370510.2231039999,55.096774193548384,440.0228928199791,785.8387096774194,372406.4578563996,0,31,0,0,13,0,5,5,6,2,0,2.5849625007125,29.747870206832886
229,2019-07-15 22:40:07.823010921,120,270.2083333333333,385315.28159722226,59.69090909090909,205.99537190082643,785.8387096774194,372406.4578563996,0,31,0,0,13,0,5,5,7,2,0,2.807354922047505,29.635565996170044
230,2019-07-15 22:40:37.823010921,125,264.624,370957.77062400006,57.85245901639344,297.17495296963176,729.5,373294.60294117645,0,34,0,2,13,0,5,5,6,2,0,2.5849625007125,29.625690937042236
231,2019-07-15 22:41:07.823010921,118,279.0762711864407,390058.13825050276,55.763636363636365,437.5259504132231,930.28,351086.36159999995,0,25,0,0,13,0,4,4,4,1,0,1.9999999999942293,29.621295928955078
232,2019-07-15 22:41:37.823010921,104,302.84615384615387,436595.51479289937,58.72,289.8816,930.28,351086.36159999995,0,25,0,0,13,0,4,4,4,1,0,1.9999999999942293,29.22613787651062
233,2019-07-15 22:42:07.823010921,141,249.6241134751773,331069.22750364675,54.833333333333336,1226.8824786324788,2336.2571428571428,42435101.791020416,2,34,0,2,15,0,6,7,10,4,0,3.3219280948729355,29.771363973617554
234,2019-07-15 22:42:37.823010921,114,287.43859649122805,401713.5093875038,54.785714285714285,482.31122448979596,930.28,351086.36159999995,0,25,0,0,13,0,4,4,4,1,0,1.9999999999942293,29.38449478149414
235,2019-07-15 22:43:07.823010921,109,292.9633027522936,419229.37480010104,62.4375,80.49609375,930.28,351086.36159999995,0,25,0,0,13,0,4,4,4,1,0,1.9999999999942293,29.222892999649048
236,2019-07-15 22:43:37.823010921,108,297.06481481481484,421758.78283607675,56.64150943396226,395.39978640085434,930.28,351086.36159999995,0,25,0,0,13,0,4,4,4,1,0,1.9999999999942293,29.6040678024292
237,2019-07-15 22:44:07.823010921,183,313.75409836065575,515338.92860342195,74.89915966386555,2042.8133606383733,2317.153846153846,45530978.468639046,4,63,0,0,29,0,7,7,16,6,0,3.9999999999769167,29.65907907485962
238,2019-07-15 22:44:37.823010921,195,325.0358974358974,567815.3474293229,74.81889763779527,1049.9278318556642,690.203125,368874.4118652344,0,64,0,0,31,0,7,7,19,10,1,4.247927513416173,28.99972915649414
239,2019-07-15 22:45:07.823010921,135,276.0962962962963,385501.3166529492,58.64,1301.2704,712.5121951219512,366897.90838786436,0,41,0,2,18,0,7,7,10,4,0,3.3219280948729355,29.380083084106445
240,2019-07-15 22:45:37.823010921,186,329.16129032258067,590131.2643080124,66.95934959349593,774.8682662436379,689.54,355281.96839999995,0,50,0,0,25,0,6,6,17,10,1,4.087462841225814,29.79676103591919
241,2019-07-15 22:46:07.823010921,178,345.4157303370786,695460.5125615455,72.08695652173913,462.13156899810957,701.4423076923077,356053.2466715977,0,52,0,0,26,0,6,6,18,10,1,4.169925001416344,29.44939112663269
242,2019-07-15 22:46:37.823010921,124,272.258064516129,407445.7882414151,57.80357142857143,319.7649872448979,826.5862068965517,371427.6218787158,0,29,0,0,13,0,5,5,6,2,0,2.5849625007125,29.318603992462158
243,2019-07-15 22:47:07.823010921,211,299.8767772511848,555285.1317355854,63.49032258064516,564.3531321540062,1836.1978021978023,33944028.686149016,4,89,0,4,42,0,9,9,20,8,0,4.321928094858508,29.696953058242798
244,2019-07-15 22:47:37.823010921,218,214.71100917431193,240426.27886962378,62.193333333333335,80.86262222222223,777.9193548387096,13305961.122528614,2,121,2,2,67,0,7,7,10,4,0,3.3219280948729355,29.867177963256836
245,2019-07-15 22:48:07.823010921,306,213.38235294117646,294895.54334871203,60.516129032258064,197.18522372528605,343.40845070422534,129893.33082060439,0,213,0,0,113,0,6,6,9,3,0,3.169925001429328,29.43876004219055
246,2019-07-15 22:48:37.823010921,354,158.90112994350284,138258.06649589833,61.858131487889274,120.44008093772824,476.69767441860466,139677.70704885526,0,258,0,2,146,0,6,6,8,3,0,2.9999999999884586,29.790730953216553
247,2019-07-15 22:49:07.823010921,386,157.70725388601036,127526.53865204437,63.774096385542165,11.939931412396577,691.242718446602,251864.2161686618,0,309,0,0,190,0,5,5,6,2,0,2.5849625007125,29.659231185913086
248,2019-07-15 22:49:37.823010921,369,173.78590785907858,148108.37421875572,62.016447368421055,96.04249264196675,1209.3686131386862,11910253.174343335,4,272,0,0,149,0,6,6,9,4,0,3.169925001429328,29.602442026138306
249,2019-07-15 22:50:07.823010921,196,319.5612244897959,337030.1544148272,50.955882352941174,392.4245242214533,2160.848484848485,46948758.411386594,6,96,0,6,40,0,5,5,11,6,0,3.4594316186214273,29.20671510696411
250,2019-07-15 22:50:37.823010921,582,1061.0841924398626,2086720.5856951382,54.57610789980732,84.24420758758693,1144.8157894736842,19559311.17861709,12,488,0,13,30,0,5,5,14,9,0,3.807354922037407,29.508833169937134
251,2019-07-15 22:51:07.823010921,249,919.1927710843373,1545541.400590313,54.25388601036269,306.7490133963329,2230.8451612903227,49938906.69860562,10,150,0,11,29,0,5,5,13,8,0,3.7004397181223365,29.73375701904297
252,2019-07-15 22:51:37.823010921,235,698.2425531914894,1231172.4135083747,55.48823529411764,206.27339100346023,2454.7571428571428,54748265.05530612,10,135,0,13,28,0,5,5,12,8,0,3.584962500703843,29.589982986450195
253,2019-07-15 22:52:07.823010921,248,522.5403225806451,2632733.062890219,64.51595744680851,605.4305964237211,3575.3700787401576,80468253.88666376,14,120,0,10,39,0,10,10,28,10,1,4.807354922017208,29.364301919937134
254,2019-07-15 22:52:37.823010921,262,561.9809160305343,1060441.4538342752,64.61928934010152,434.6824705609523,1357.139534883721,24862629.25184784,4,127,0,7,42,0,8,8,24,10,1,4.584962500686531,29.231639862060547
255,2019-07-15 22:53:07.823010921,167,275.21556886227546,426459.91760192177,55.612612612612615,249.8769580391202,3948.682926829268,87937156.19214754,10,77,0,3,30,0,7,7,15,8,0,3.906890595586879,29.509769916534424
256,2019-07-15 22:53:37.823010921,705,199.82836879432625,263048.3379186158,64.67711598746081,125.24997788936822,945.7880910683012,4583990.8605236765,3,571,0,3,299,0,9,9,26,10,1,4.700439718103583,29.794067859649658
257,2019-07-15 22:54:07.823010921,295,268.7457627118644,476736.9760413675,65.48535564853556,443.6221704802087,845.679012345679,406913.62536198756,0,162,0,0,100,0,8,8,23,11,1,4.523561956023831,29.41368794441223
258,2019-07-15 22:54:37.823010921,308,187.19155844155844,206121.85616250636,61.481327800829874,129.34508703362548,885.6,412964.0114285715,0,210,0,0,128,0,7,7,11,5,0,3.4594316186214273,29.81709098815918
259,2019-07-15 22:55:07.823010921,324,205.53395061728395,295472.4340325407,65.34944237918215,121.04517626898472,872.1894273127754,426136.99935958395,0,225,2,2,133,0,8,8,17,6,0,4.087462841225814,29.59139108657837
260,2019-07-15 22:55:37.823010921,383,183.1148825065274,253401.33928242745,62.840255591054316,63.476079167900046,929.6468531468531,425974.3682942932,0,286,0,0,181,0,6,6,8,3,0,2.9999999999884586,28.999694108963013
261,2019-07-15 22:56:07.823010921,347,251.95389048991353,334449.82496325026,61.89383561643836,119.41681131544382,909.6846153846154,431284.06207100593,0,260,0,0,163,0,6,6,9,3,0,3.169925001429328,29.851287841796875
262,2019-07-15 22:56:37.823010921,289,175.33910034602076,174093.05456112835,63.21621621621622,37.14243973703434,944.5075376884422,416666.1594909218,0,199,0,0,123,0,6,6,8,3,0,2.9999999999884586,29.613306999206543
263,2019-07-15 22:57:07.823010921,384,153.01822916666666,127238.08560519751,61.201219512195124,193.1241448542534,1116.8954703832753,5758048.191164152,2,286,0,4,186,0,8,8,11,4,0,3.4594316186214273,29.873759984970093
264,2019-07-15 22:57:37.823010921,456,171.06359649122808,171400.76569232842,62.33676092544987,99.30818590942438,870.0196629213483,444235.850736965,0,356,0,0,216,0,5,5,6,2,0,2.5849625007125,29.808050870895386
265,2019-07-15 22:58:07.823010921,358,174.08938547486034,183341.01435660562,63.75081967213115,12.993646869121205,940.9822695035461,424038.762096977,0,282,0,0,183,0,5,5,6,2,0,2.5849625007125,29.75085210800171
266,2019-07-15 22:58:37.823010921,266,184.69172932330827,192123.18316467857,62.059701492537314,114.7725551347739,955.2988505747127,414574.76126304665,0,174,0,0,109,0,5,5,7,2,0,2.807354922047505,29.509499073028564
267,2019-07-15 22:59:07.823010921,285,173.3017543859649,169904.90543551862,62.01315789473684,117.96035318559555,959.530303030303,414443.40059687785,0,198,0,0,125,0,5,5,6,2,0,2.5849625007125,29.559081077575684
268,2019-07-15 22:59:37.823010921,408,186.1421568627451,239543.78371299498,63.59312320916906,22.62528222264185,902.96,434866.0260923076,0,325,0,0,195,0,5,5,6,2,0,2.5849625007125,29.721489906311035
269,2019-07-15 23:00:07.823010921,490,327.3979591836735,687085.8314244066,63.140515222482435,187.61023205304696,1008.8306451612904,4701967.640673777,2,371,0,0,221,0,7,7,14,5,0,3.807354922037407,29.74509310722351
270,2019-07-15 23:00:37.823010921,201,316.7164179104478,586844.5414717457,65.2394366197183,761.6328109502081,787.1212121212121,392319.62167125806,0,66,0,0,36,0,7,7,20,10,1,4.321928094858508,29.783245086669922
271,2019-07-15 23:01:07.823010921,384,189.55729166666666,222316.949842665,63.88125,222.97964843749997,1574.8793103448277,18572361.54060642,9,286,1,0,150,0,8,8,12,5,0,3.584962500703843,29.49444603919983
272,2019-07-15 23:01:37.823010921,263,668.3688212927757,1277648.1263282686,63.80582524271845,599.9817136393629,2339.416,49296758.930943996,8,122,0,2,35,0,7,8,24,12,1,4.584962500686531,29.23622703552246
273,2019-07-15 23:02:07.823010921,324,706.929012345679,1328268.8869360615,61.55343511450382,464.453251558767,2248.679347826087,50200188.19609522,12,178,0,13,40,0,8,8,28,11,1,4.807354922017208,29.76241183280945
274,2019-07-15 23:02:37.823010921,261,1015.8582375478927,1633887.7078727556,58.91414141414141,84.0380828486889,1405.7209302325582,27929945.084910765,6,169,0,6,33,0,6,6,13,7,0,3.7004397181223365,29.62727403640747
275,2019-07-15 23:03:07.823010921,248,460.3306451612903,791824.4713189385,59.41530054644809,352.8439188987429,3384.410447761194,77226026.60018936,14,127,0,12,32,0,7,7,22,12,1,4.459431618605558,29.686137914657593
276,2019-07-15 23:03:37.823010921,171,280.65497076023394,329717.4072706132,53.61538461538461,290.08284023668637,3054.183908045977,68810717.43744221,8,83,0,10,26,0,6,6,14,9,0,3.807354922037407,29.23720097541809
277,2019-07-15 23:04:07.823010921,123,266.9268292682927,376789.71009319846,60.950819672131146,84.34184359043269,672.578947368421,362260.66481994465,0,38,0,4,13,0,6,6,8,4,0,2.9999999999884586,29.370113134384155
278,2019-07-15 23:04:37.823010921,157,273.2229299363057,349649.0012576575,53.21590909090909,393.03292871900817,3681.927272727273,79272290.54016528,6,52,0,2,19,0,6,6,11,5,0,3.4594316186214273,29.36919403076172
279,2019-07-15 23:05:07.823010921,277,173.6173285198556,175221.29038564296,61.51401869158879,147.45541095292165,1219.5573770491803,8921868.170205144,2,183,0,5,106,0,7,7,13,6,0,3.7004397181223365,29.679621934890747
280,2019-07-15 23:05:37.823010921,120,275.30833333333334,383906.7632638889,59.36842105263158,257.2853185595568,941.8387096774194,363477.6836628512,0,31,0,0,17,0,5,5,6,2,0,2.5849625007125,29.607917070388794
281,2019-07-15 23:06:07.823010921,123,330.6341463414634,528365.4840372795,57.645161290322584,343.9708636836629,919.1176470588235,350432.22145328723,0,34,0,0,18,0,4,4,4,1,0,1.9999999999942293,29.628380060195923
282,2019-07-15 23:06:37.823010921,148,235.29054054054055,318538.4088294376,63.1875,698.20234375,12088.34693877551,156591839.73677632,21,40,0,0,13,0,5,5,7,3,0,2.807354922047505,29.558999061584473
283,2019-07-15 23:07:07.823010921,235,722.1872340425532,1605454.2883476687,77.67441860465117,860.0335316387236,1908.939393939394,55926429.72359964,6,130,0,2,31,0,7,10,16,7,0,3.9999999999769167,29.405681848526
284,2019-07-15 23:07:37.823010921,120,294.2083333333333,458888.06493055547,53.11864406779661,554.5113473139903,930.28,351086.36160000006,0,25,0,0,13,0,4,6,5,2,0,2.321928094880149,29.702758073806763
285,2019-07-15 23:08:07.823010921,185,288.43783783783783,441286.86235208175,67.95934959349593,989.5837133981095,1838.8450704225352,32960963.933743294,3,67,3,2,32,0,8,8,15,5,0,3.906890595586879,29.735504865646362
286,2019-07-15 23:08:37.823010921,186,327.26344086021504,571200.8069429991,71.72033898305085,570.0489083596668,750.204081632653,377399.75426905457,0,49,0,0,24,0,6,6,18,11,1,4.169925001416344,29.826071977615356
287,2019-07-15 23:09:07.823010921,122,286.23770491803276,416827.4926766999,52.75757575757576,541.850321395776,778.6470588235294,372218.52249134943,0,34,0,0,15,0,5,5,7,2,0,2.807354922047505,29.433734893798828
288,2019-07-15 23:09:37.823010921,192,322.609375,607176.560953776,65.3015873015873,859.5280927185689,720.4489795918367,372176.4514785506,0,49,0,0,23,0,6,6,17,10,1,4.087462841225814,29.633661031723022
289,2019-07-15 23:10:07.823010921,184,317.8695652173913,484218.2221172023,66.896,763.3411839999999,761.4814814814815,370579.58299039793,0,54,0,0,27,0,6,6,17,10,1,4.087462841225814,29.574296951293945
290,2019-07-15 23:10:37.823010921,126,275.3492063492063,434664.0209120685,57.741379310344826,310.64001189060644,784.7741935483871,373545.85223725287,0,31,0,0,13,0,5,5,6,2,0,2.5849625007125,29.691361904144287
291,2019-07-15 23:11:07.823010921,155,324.31612903225806,484222.34522372525,61.8469387755102,595.2520824656393,801.08,377635.8336,0,50,0,0,23,0,6,6,12,4,0,3.584962500703843,29.861536979675293
292,2019-07-15 23:11:37.823010921,122,271.344262295082,328150.9962375706,60.91228070175438,137.55370883348724,818.1176470588235,377893.9861591695,0,34,0,0,14,0,5,5,6,2,0,2.5849625007125,29.460519075393677
293,2019-07-15 23:12:07.823010921,140,248.02857142857144,333773.8563265306,54.46835443037975,596.4262137477967,2020.4146341463415,36808694.09637121,2,40,0,2,15,0,7,7,9,3,0,3.169925001429328,29.810521841049194
294,2019-07-15 23:12:37.823010921,134,255.32089552238807,347680.1880708398,51.44285714285714,587.8181632653061,729.5,373294.60294117645,0,34,0,2,13,0,5,5,7,2,0,2.807354922047505,29.304728031158447
295,2019-07-15 23:13:07.823010921,127,262.21259842519686,366010.29338458675,69.32394366197182,367.76829994048796,11360.191489361701,150265168.49524674,19,38,0,0,13,0,5,5,7,3,0,2.807354922047505,29.661432027816772
296,2019-07-15 23:13:37.823010921,124,264.1532258064516,373941.03297346516,56.964285714285715,376.0344387755102,4829.551724137931,95329660.52318668,4,29,0,0,13,0,4,5,6,3,0,2.5849625007125,29.4793119430542
297,2019-07-15 23:14:07.823010921,111,290.3783783783784,411892.0550280011,55.611111111111114,444.3487654320987,930.28,351086.36159999995,0,25,0,0,13,0,4,4,4,1,0,1.9999999999942293,29.13250494003296
298,2019-07-15 23:14:37.823010921,114,285.9122807017544,402221.9221298861,61.24,151.3824,930.28,351086.36159999995,0,25,0,0,13,0,4,4,5,1,0,2.321928094880149,29.559862852096558
299,2019-07-15 23:15:07.823010921,109,294.8256880733945,418226.4925511321,54.61818181818182,489.5087603305785,930.28,351086.36159999995,0,25,0,0,13,0,4,4,4,1,0,1.9999999999942293,29.492127895355225
300,2019-07-15 23:15:37.823010921,131,256.46564885496184,354951.92820931185,53.333333333333336,1354.3888888888885,930.28,351086.36159999995,0,25,0,0,13,0,5,5,5,1,0,2.321928094880149,29.499294996261597
301,2019-07-15 23:16:07.823010921,162,320.1296296296296,447038.80418381345,66.37142857142857,384.8429931972788,1791.122807017544,27446937.511234235,2,56,0,0,26,0,6,6,12,5,0,3.584962500703843,29.68390917778015
302,2019-07-15 23:16:37.823010921,198,323.93939393939394,508809.2690541782,69.3015873015873,581.6550768455528,738.15,360005.9941666667,0,60,0,0,32,0,6,6,18,10,1,4.169925001416344,29.607898950576782
303,2019-07-15 23:17:07.823010921,151,323.6291390728477,533117.7300118417,56.52127659574468,481.1857175192396,1698.157894736842,26842402.308402583,2,56,0,2,24,0,7,7,9,3,0,3.169925001429328,29.793140172958374
304,2019-07-15 23:17:37.823010921,202,314.3910891089109,515311.257940398,71.04545454545455,588.9373278236915,732.421052631579,367088.6648199446,0,57,0,0,28,0,6,6,19,12,1,4.247927513416173,29.25588297843933
305,2019-07-15 23:18:07.823010921,181,343.0552486187845,575850.5715332255,68.89516129032258,627.6261056191466,739.5185185185185,361640.65706447186,0,54,0,0,28,0,6,6,17,10,1,4.087462841225814,29.640748023986816
306,2019-07-15 23:18:37.823010921,136,259.8970588235294,405290.8864619377,49.81818181818182,649.8760330578511,784.7741935483871,373545.85223725287,0,31,0,0,13,0,5,5,7,2,0,2.807354922047505,29.60835886001587
307,2019-07-15 23:19:07.823010921,141,318.3191489361702,488145.66410140344,68.5813953488372,361.10383991346674,789.9767441860465,382153.9296917253,0,43,0,0,19,0,6,6,12,5,0,3.584962500703843,29.520545959472656
308,2019-07-15 23:19:37.823010921,130,258.7307692307692,358125.3967455622,57.74576271186441,307.409939672508,785.8387096774194,372406.4578563996,0,31,0,0,13,0,5,5,6,2,0,2.5849625007125,29.38904595375061
309,2019-07-15 23:20:07.823010921,120,273.825,384520.8110416667,53.983870967741936,485.4997398543184,785.8387096774194,372406.4578563996,0,31,0,0,13,0,5,5,6,2,0,2.5849625007125,29.575170040130615
310,2019-07-15 23:20:37.823010921,119,274.7142857142857,387577.16206482594,60.6551724137931,139.39833531510106,729.5,373294.60294117645,0,34,0,2,13,0,5,5,7,2,0,2.807354922047505,29.526891946792603
311,2019-07-15 23:21:07.823010921,117,300.21367521367523,480492.7150266637,56.77777777777778,389.06172839506155,908.3846153846154,349568.23668639053,0,26,0,0,14,0,4,4,4,1,0,1.9999999999942293,29.573673009872437
312,2019-07-15 23:21:37.823010921,119,279.546218487395,386102.38231763296,48.80952380952381,714.4399092970522,930.28,351086.36159999995,0,25,0,0,13,0,4,4,4,1,0,1.9999999999942293,29.08796191215515
313,2019-07-15 23:22:07.823010921,131,280.29007633587787,384118.34333663544,59.971014492753625,361.76727578239866,2194.4871794871797,38294714.04470742,2,38,0,2,17,0,6,6,8,3,0,2.9999999999884586,29.806090831756592
314,2019-07-15 23:22:37.823010921,115,286.6695652173913,398285.69950850663,52.93103448275862,561.9952437574317,930.28,351086.36159999995,0,25,0,0,13,0,4,4,5,1,0,2.321928094880149,29.53579020500183
315,2019-07-15 23:23:07.823010921,119,275.2857142857143,387293.85114045616,53.660714285714285,531.1884566326531,930.28,351086.36159999995,0,25,0,0,13,0,4,4,4,1,0,1.9999999999942293,29.176463842391968
316,2019-07-15 23:23:37.823010921,108,296.1203703703704,422163.3281035664,59.98,222.2196,930.28,351086.36159999995,0,25,0,0,13,0,4,4,4,1,0,1.9999999999942293,29.070180892944336
317,2019-07-15 23:24:07.823010921,154,316.35714285714283,550368.6711502783,64.83695652173913,571.4625472589793,1988.0,34490839.6,2,44,0,0,21,0,6,6,12,5,0,3.584962500703843,29.608464002609253
318,2019-07-15 23:24:37.823010921,193,339.20725388601034,718822.5788074849,68.73015873015873,724.8002015621063,734.9411764705883,368307.1926182237,0,51,0,0,26,0,6,6,19,11,1,4.247927513416173,29.773929834365845
319,2019-07-15 23:25:07.823010921,123,294.5121951219512,390619.16042038467,62.11666666666667,70.0363888888889,776.8378378378378,367419.81154127105,0,37,0,0,17,0,5,5,6,2,0,2.5849625007125,29.754410982131958
320,2019-07-15 23:25:37.823010921,178,320.4550561797753,642624.5288789294,65.99137931034483,897.24992568371,667.4047619047619,357097.9552154195,0,42,0,0,20,0,6,6,17,10,1,4.087462841225814,29.0626699924469
321,2019-07-15 23:26:07.823010921,175,335.86285714285714,658418.0497632653,68.92035398230088,724.0556034145196,717.7272727272727,364544.0619834711,0,44,0,0,22,0,6,6,17,10,1,4.087462841225814,29.544644117355347
322,2019-07-15 23:26:37.823010921,126,287.5238095238095,411130.9954648528,61.03389830508475,133.28698649813273,782.2647058823529,368231.31228373706,0,34,0,0,15,0,5,5,7,2,0,2.807354922047505,29.550102949142456
323,2019-07-15 23:27:07.823010921,220,564.4363636363636,3736121.064132231,65.2547770700637,644.7503752687735,1794.7738095238096,36924963.69883787,4,82,0,2,36,0,8,8,21,11,1,4.392317422748464,29.267371892929077
324,2019-07-15 23:27:37.823010921,130,258.0230769230769,357747.13023668644,55.16417910447761,408.4357317888172,691.0540540540541,361885.29437545646,0,35,2,2,15,0,6,6,8,3,0,2.9999999999884586,29.647216081619263
325,2019-07-15 23:28:07.823010921,120,274.51666666666665,384690.5497222223,59.8421052631579,199.3961218836565,785.8387096774194,372406.4578563996,0,31,0,0,13,0,5,5,6,2,0,2.5849625007125,29.555577993392944
326,2019-07-15 23:28:37.823010921,137,267.7810218978102,381161.4265011454,53.214285714285715,515.7969387755103,753.1315789473684,375762.95637119113,0,38,0,2,15,0,5,5,7,2,0,2.807354922047505,29.218273878097534
327,2019-07-15 23:29:07.823010921,114,263.37719298245617,299856.4279008925,55.45283018867924,451.379850480598,954.0,351649.0,0,24,0,0,12,0,4,4,4,1,0,1.9999999999942293,29.39318609237671
328,2019-07-15 23:29:37.823010921,112,288.6517857142857,408669.11981823976,62.59615384615385,1005.1253698224851,930.28,351086.36159999995,0,25,0,0,13,0,5,5,5,1,0,2.321928094880149,29.752393007278442
329,2019-07-15 23:30:07.823010921,123,273.0406504065041,374923.9251768127,48.80952380952381,714.439909297052,930.28,351086.36159999995,0,25,0,0,13,0,4,4,5,1,0,2.321928094880149,29.56252408027649
330,2019-07-15 23:30:37.823010921,120,271.275,384749.3327083333,54.44444444444444,496.91358024691357,930.28,351086.36159999995,0,25,0,0,13,0,4,4,4,1,0,1.9999999999942293,29.587458848953247
331,2019-07-15 23:31:07.823010921,103,309.02912621359224,439684.6302196246,62.46938775510204,78.9021241149521,930.28,351086.36159999995,0,25,0,0,13,0,4,4,4,1,0,1.9999999999942293,29.533687829971313
332,2019-07-15 23:31:37.823010921,124,269.6693548387097,372911.8987382934,52.93103448275862,561.9952437574317,930.28,351086.36159999995,0,25,0,0,13,0,4,4,4,1,0,1.9999999999942293,29.651236057281494
333,2019-07-15 23:32:07.823010921,171,292.05263157894734,459732.2019082793,62.32142857142857,699.9323979591835,2711.9636363636364,54064279.45322314,4,53,0,2,22,0,7,7,14,6,0,3.807354922037407,29.8266441822052
334,2019-07-15 23:32:37.823010921,191,343.9685863874345,678341.7477042844,71.91056910569105,509.2196443915659,736.1296296296297,365235.0757887516,0,54,0,0,28,0,6,6,19,11,1,4.247927513416173,29.48105001449585
335,2019-07-15 23:33:07.823010921,120,277.69166666666666,325361.84659722226,57.328125,334.532958984375,791.3030303030303,378051.9687786961,0,33,0,0,14,0,5,5,6,2,0,2.5849625007125,29.684192895889282
336,2019-07-15 23:33:37.823010921,188,329.1489361702128,535983.328881847,67.27777777777777,724.5022045855377,739.0535714285714,371136.37213010207,0,56,0,0,27,0,6,6,17,10,1,4.087462841225814,29.577982902526855
337,2019-07-15 23:34:07.823010921,178,359.91011235955057,720144.0480999874,74.49579831932773,889.7121672198293,1256.1636363636364,14813602.973223148,2,52,2,0,26,0,7,7,19,10,1,4.247927513416173,29.212598085403442
338,2019-07-15 23:34:37.823010921,132,255.1818181818182,354059.9517906336,53.064516129032256,527.7377731529657,798.9,379811.69,0,30,0,0,12,0,5,5,7,2,0,2.807354922047505,29.49790096282959
339,2019-07-15 23:35:07.823010921,141,313.5886524822695,531062.3130627233,64.32183908045977,648.8849253534153,731.3243243243244,368782.5975164353,0,37,0,0,17,0,6,6,12,5,0,3.584962500703843,29.824023008346558
340,2019-07-15 23:35:37.823010921,129,255.45736434108528,361304.573763596,60.81818181818182,142.294214876033,809.625,378308.171875,0,32,0,0,13,0,5,5,6,2,0,2.5849625007125,29.58036708831787
341,2019-07-15 23:36:07.823010921,120,271.43333333333334,384780.82888888876,54.9344262295082,445.6350443429186,809.625,378308.171875,0,32,0,0,13,0,5,5,6,2,0,2.5849625007125,29.404860019683838
342,2019-07-15 23:36:37.823010921,140,245.59285714285716,334796.22709183674,55.323076923076925,422.2494674556213,729.5,373294.60294117645,0,34,0,2,13,0,5,5,7,2,0,2.807354922047505,29.87941288948059
343,2019-07-15 23:37:07.823010921,207,805.5217391304348,2187450.829237555,77.17948717948718,785.7626561472714,1560.3252032520325,47627046.544649355,4,121,0,2,28,0,7,7,11,4,0,3.4594316186214273,29.892137050628662
344,2019-07-15 23:37:37.823010921,135,251.1037037037037,345873.9151714677,51.18333333333333,629.7497222222223,954.0,351649.0,0,26,0,0,13,0,4,4,4,1,0,1.9999999999942293,29.58650517463684
345,2019-07-15 23:38:07.823010921,116,278.88793103448273,396489.90985433996,57.91228070175438,549.1326562019083,846.1724137931035,347578.83234244946,0,29,0,0,15,0,5,5,6,2,0,2.5849625007125,29.03809094429016
346,2019-07-15 23:38:37.823010921,145,238.31724137931033,324713.7476337693,67.33333333333333,469.7422222222221,12088.34693877551,156591839.73677638,21,40,0,0,13,0,5,5,8,3,0,2.9999999999884586,29.608006954193115
347,2019-07-15 23:39:07.823010921,121,271.7603305785124,381234.5458643536,51.8125,701.77734375,2756.3333333333335,50271360.22222222,2,30,0,0,15,0,5,6,8,4,0,2.9999999999884586,29.591622829437256
348,2019-07-15 23:39:37.823010921,137,249.83941605839416,341313.4632638925,58.333333333333336,605.8412698412699,799.125,336816.109375,0,32,0,2,15,0,5,5,6,2,0,2.5849625007125,29.097957849502563
349,2019-07-15 23:40:07.823010921,148,344.2432432432432,610312.5084002921,66.91208791208791,439.1351286076561,1978.4130434782608,33745174.67722118,2,45,0,0,21,0,6,6,12,5,0,3.584962500703843,29.7256817817688
350,2019-07-15 23:40:37.823010921,187,310.75935828877004,564617.0490434385,70.85217391304347,668.1259735349718,713.5681818181819,368770.9271694215,0,44,0,0,22,0,6,6,19,11,1,4.247927513416173,29.608171939849854
351,2019-07-15 23:41:07.823010921,128,272.046875,428626.4978027344,55.85,404.02750000000003,780.8064516129032,377937.4464099896,0,31,0,0,13,0,5,5,6,2,0,2.5849625007125,29.84604811668396
352,2019-07-15 23:41:37.823010921,191,329.0785340314136,585980.3236753377,70.74193548387096,586.901144640999,715.6981132075472,364268.8145247419,0,53,0,0,26,0,6,6,18,11,1,4.169925001416344,29.079297065734863
353,2019-07-15 23:42:07.823010921,217,302.60829493087556,526521.565461148,66.64,1090.5770666666663,1576.1935483870968,24848665.156087406,2,61,0,2,28,0,7,11,22,12,1,4.459431618605558,29.768779039382935
354,2019-07-15 23:42:37.823010921,129,295.92248062015506,492624.4901147767,55.621212121212125,417.62924701561064,782.2647058823529,368231.31228373706,0,34,0,0,15,0,5,6,8,3,0,2.9999999999884586,29.71178102493286
355,2019-07-15 23:43:07.823010921,147,306.0408163265306,540974.1479938914,66.20253164556962,437.78176574266934,731.3243243243244,368782.5975164353,0,37,0,0,17,0,6,6,11,4,0,3.4594316186214273,29.74568796157837
356,2019-07-15 23:43:37.823010921,124,288.0806451612903,416770.5257544224,57.096774193548384,343.63579604578575,805.0571428571428,372896.6253061224,0,35,0,0,15,0,5,5,6,2,0,2.5849625007125,29.011165857315063
357,2019-07-15 23:44:07.823010921,145,259.8,320703.484137931,73.86075949367088,2772.8540298029156,1768.2391304347825,31744819.529773153,2,45,0,0,18,0,7,7,10,4,0,3.3219280948729355,29.65984296798706
358,2019-07-15 23:44:37.823010921,230,364.11304347826086,1118355.5698298677,103.03468208092485,4909.559490794882,2626.426470588235,75993334.42106402,10,131,0,8,52,0,10,10,19,4,0,4.247927513416173,29.701929092407227
359,2019-07-15 23:45:07.823010921,135,255.1925925925926,345405.5629080933,66.25714285714285,2748.7624489795926,701.0571428571428,382382.3395918367,0,35,0,2,14,0,6,6,7,2,0,2.807354922047505,29.636137008666992
360,2019-07-15 23:45:37.823010921,124,265.75,373455.7358870968,65.84615384615384,2017.6686390532543,730.7777777777778,384533.6728395061,0,36,0,0,15,0,6,6,7,2,0,2.807354922047505,29.55598497390747
361,2019-07-15 23:46:07.823010921,117,277.3931623931624,393798.17020965734,72.44444444444444,1742.9135802469132,778.483870967742,379192.3142559833,0,31,0,0,13,0,5,5,7,2,0,2.807354922047505,29.608631134033203
362,2019-07-15 23:46:37.823010921,124,271.98387096774195,372642.1126430801,62.40983606557377,882.6353130878799,757.84375,381266.7568359375,0,32,0,2,16,0,6,6,7,2,0,2.807354922047505,29.871361017227173
363,2019-07-15 23:47:07.823010921,145,242.10344827586206,323156.29964328185,55.575,722.1443750000001,2012.8048780487804,36836503.27900059,2,40,0,4,17,0,7,7,10,4,0,3.3219280948729355,29.72140407562256
364,2019-07-15 23:47:37.823010921,109,291.697247706422,419300.54136857163,59.89795918367347,226.4181591003748,930.28,351086.36159999995,0,25,0,0,13,0,4,4,4,1,0,1.9999999999942293,29.450485944747925
365,2019-07-15 23:48:07.823010921,170,315.7,516970.72764705896,60.49074074074074,733.6943587105624,2421.176470588235,44646319.67474047,3,50,0,0,22,0,6,6,12,5,0,3.584962500703843,29.862564086914062
366,2019-07-15 23:48:37.823010921,197,324.53299492385787,533602.0357133654,68.08461538461539,738.0466863905326,758.0925925925926,374322.8617969822,0,54,0,0,27,0,6,6,19,11,1,4.247927513416173,29.68329691886902
367,2019-07-15 23:49:07.823010921,121,261.0495867768595,289460.97274776315,62.0,74.82142857142857,791.3030303030303,378051.9687786961,0,33,0,0,14,0,5,5,6,2,0,2.5849625007125,28.98952889442444
368,2019-07-15 23:49:37.823010921,198,324.1212121212121,512967.7731864096,69.13333333333334,661.982222222222,1778.1935483870968,26296310.96253902,3,61,0,0,29,0,7,7,20,11,1,4.321928094858508,29.60754084587097
369,2019-07-15 23:50:07.823010921,204,315.5980392156863,530421.5148981161,66.34722222222223,957.6711033950617,2595.523076923077,42661780.372544385,5,62,2,1,29,0,7,7,20,10,1,4.321928094858508,29.62282395362854
370,2019-07-15 23:50:37.823010921,130,275.4153846153846,428007.11976331356,55.85,404.0275000000001,784.7741935483871,373545.85223725287,0,31,0,0,13,0,5,5,7,2,0,2.807354922047505,29.62036895751953
371,2019-07-15 23:51:07.823010921,144,314.3611111111111,525125.5084876543,62.348837209302324,634.6457544618712,733.2,364610.56,0,40,0,0,19,0,6,6,11,4,0,3.4594316186214273,29.42525601387024
372,2019-07-15 23:51:37.823010921,130,258.9307692307692,357564.9413609467,50.86363636363637,615.9359504132232,785.8387096774194,372406.4578563996,0,31,0,0,13,0,5,5,6,2,0,2.5849625007125,29.60462212562561
373,2019-07-15 23:52:07.823010921,147,247.08163265306123,322952.82326808275,64.60919540229885,994.3760073985997,2321.8490566037735,43645815.29797081,4,51,1,3,18,0,9,9,12,4,0,3.584962500703843,29.867602825164795
374,2019-07-15 23:52:37.823010921,134,253.52238805970148,348400.1748719091,57.95161290322581,292.9815296566078,729.5,373294.60294117645,0,34,0,2,13,0,5,5,7,2,0,2.807354922047505,29.27279019355774
375,2019-07-15 23:53:07.823010921,120,271.96666666666664,384677.58222222223,54.523809523809526,1152.566893424037,6853.066666666667,210895774.12888893,5,29,0,0,13,0,5,5,6,2,0,2.5849625007125,28.972742080688477
376,2019-07-15 23:53:37.823010921,116,281.86206896551727,396307.5671819263,60.16981132075472,210.25418298326804,3024.3333333333335,55138321.99999999,2,27,0,0,13,0,4,5,5,2,0,2.321928094880149,29.63787603378296
377,2019-07-15 23:54:07.823010921,111,332.43243243243245,551819.1283175065,56.75925925925926,388.81241426611786,932.0370370370371,351166.62825788755,0,27,0,0,14,0,4,4,4,1,0,1.9999999999942293,29.638975858688354
378,2019-07-15 23:54:37.823010921,118,277.8135593220339,390056.7957483483,54.61818181818182,489.5087603305785,930.28,351086.36159999995,0,25,0,0,13,0,4,4,5,1,0,2.321928094880149,28.975831985473633
379,2019-07-15 23:55:07.823010921,105,312.4,438467.7638095238,60.05882352941177,218.17301038062288,930.28,351086.36159999995,0,25,0,0,13,0,4,4,4,1,0,1.9999999999942293,29.749508142471313
380,2019-07-15 23:55:37.823010921,117,278.6837606837607,393463.8914456862,57.71153846153846,342.3206360946745,930.28,351086.36159999995,0,25,0,0,13,0,4,4,4,1,0,1.9999999999942293,29.64432406425476
381,2019-07-15 23:56:07.823010921,168,303.32142857142856,472093.07525510207,59.944954128440365,759.1345846309233,2306.722222222222,42388664.75617284,3,53,0,0,25,0,6,6,12,5,0,3.584962500703843,29.001471042633057
382,2019-07-15 23:56:37.823010921,181,332.3204419889503,684515.8973169319,71.48214285714286,526.3568239795918,1910.340425531915,33159192.26708918,2,46,0,0,22,0,7,7,20,10,1,4.321928094858508,29.48364806175232
383,2019-07-15 23:57:07.823010921,137,270.3430656934307,329317.93340082053,58.93827160493827,357.0455723212924,1814.265306122449,31078650.480633073,2,48,1,3,18,0,8,7,10,3,0,3.3219280948729355,29.72856116294861
384,2019-07-15 23:57:37.823010921,198,314.5808080808081,529411.9202377307,65.77952755905511,820.030132060264,715.6981132075472,364268.8145247419,0,53,0,0,26,0,6,6,17,10,1,4.087462841225814,29.774971961975098
385,2019-07-15 23:58:07.823010921,170,348.79411764705884,719591.4458477509,73.36936936936937,510.03473744014286,717.7272727272727,364544.0619834711,0,44,0,0,22,0,6,6,18,11,1,4.169925001416344,29.377647876739502
386,2019-07-15 23:58:37.823010921,131,277.8473282442748,423384.25150049536,57.11290322580645,343.8420915712799,782.2647058823529,368231.3122837371,0,34,0,0,15,0,5,5,7,2,0,2.807354922047505,29.718734979629517
387,2019-07-15 23:59:07.823010921,143,307.83916083916085,525116.456648247,59.48275862068966,792.1117717003566,731.3243243243244,368782.5975164353,0,37,0,0,17,0,6,6,11,4,0,3.4594316186214273,29.65533995628357
388,2019-07-15 23:59:37.823010921,124,263.5,374247.07258064515,60.77777777777778,144.83950617283952,785.8387096774194,372406.4578563996,0,31,0,0,13,0,5,5,6,2,0,2.5849625007125,29.65584397315979
389,2019-07-16 00:00:07.823010921,127,262.13385826771656,365605.0135780271,58.98571428571429,586.4426530612244,5487.825,94008203.194375,8,36,1,0,13,0,6,6,9,4,0,3.169925001429328,29.40567684173584
390,2019-07-16 00:00:37.823010921,139,247.14388489208633,336926.77066404436,55.661764705882355,406.10618512110733,3037.9189189189187,60736070.39883126,3,37,0,2,13,0,5,6,8,3,0,2.9999999999884586,29.607578992843628
391,2019-07-16 00:01:07.823010921,109,293.45871559633025,418921.5693965154,66.36734693877551,820.1507705122864,930.28,351086.36159999995,0,25,0,0,13,0,5,5,5,1,0,2.321928094880149,29.662196159362793
392,2019-07-16 00:01:37.823010921,115,282.8608695652174,399191.82412098296,55.611111111111114,444.3487654320987,930.28,351086.36159999995,0,25,0,0,13,0,4,4,4,1,0,1.9999999999942293,29.457396984100342
393,2019-07-16 00:02:07.823010921,176,515.0625,3002045.024502841,57.517857142857146,532.1425382653061,2197.121212121212,46213045.56106519,4,64,0,2,28,0,7,7,12,4,0,3.584962500703843,29.60836410522461
394,2019-07-16 00:02:37.823010921,115,283.504347826087,398982.4586767487,56.57627118644068,358.48147084171217,783.4516129032259,375817.3444328825,0,29,2,2,15,0,5,5,6,2,0,2.5849625007125,29.924150943756104
395,2019-07-16 00:03:07.823010921,133,294.7142857142857,478797.04618689587,55.50819672131148,448.64337543671064,914.4666666666667,350086.11555555556,0,30,0,0,16,0,4,4,5,1,0,2.321928094880149,29.66838312149048
396,2019-07-16 00:03:37.823010921,116,286.26724137931035,395164.71306480386,54.01724137931034,516.4307372175981,930.28,351086.36159999995,0,25,0,0,13,0,4,4,4,1,0,1.9999999999942293,29.192332983016968
397,2019-07-16 00:04:07.823010921,156,321.0769230769231,504143.72485207097,68.09473684210526,328.46470914127434,1837.4038461538462,30040008.125369824,2,51,0,0,25,0,6,6,12,5,0,3.584962500703843,28.937390089035034
398,2019-07-16 00:04:37.823010921,170,352.90588235294115,747788.0264359862,70.14414414414415,652.4837269702134,713.5681818181819,368770.92716942145,0,44,0,0,22,0,6,6,17,10,1,4.087462841225814,29.672991037368774
399,2019-07-16 00:05:07.823010921,134,265.8731343283582,410397.1704722656,51.81818181818182,579.9669421487605,780.8064516129032,377937.44640998956,0,31,0,0,13,0,5,5,7,2,0,2.807354922047505,29.703362941741943
400,2019-07-16 00:05:37.823010921,176,345.92045454545456,679912.7323088844,70.36521739130434,592.4579206049149,696.2448979591836,360284.83798417327,0,49,0,0,24,0,6,6,17,10,1,4.087462841225814,29.353226900100708
401,2019-07-16 00:06:07.823010921,186,334.3333333333333,543745.3189964158,68.15573770491804,597.2626310131686,754.3103448275862,363905.35196195,0,58,0,0,30,0,6,6,16,9,0,3.9999999999769167,29.727657079696655
402,2019-07-16 00:06:37.823010921,125,277.84,437489.25440000003,54.950819672131146,445.915614082236,784.7741935483871,373545.85223725287,0,31,0,0,13,0,5,5,6,2,0,2.5849625007125,29.838926076889038
403,2019-07-16 00:07:07.823010921,266,715.6842105263158,1681800.5769687376,78.885,714.7517750000001,1348.986928104575,38519129.215515405,4,151,0,2,37,0,8,8,17,6,0,4.087462841225814,29.038618803024292
404,2019-07-16 00:07:37.823010921,125,265.68,370684.1856,54.08064516129032,484.9128511966701,785.8387096774194,372406.4578563996,0,31,0,0,13,0,5,5,6,2,0,2.5849625007125,29.71453309059143
405,2019-07-16 00:08:07.823010921,134,263.6044776119403,386163.6271441301,56.65217391304348,1252.8355387523634,739.1714285714286,348611.0563265306,0,35,0,0,15,0,7,7,9,3,0,3.169925001429328,29.60853600502014
406,2019-07-16 00:08:37.823010921,124,268.06451612903226,373699.17325702397,59.8421052631579,199.3961218836565,785.8387096774194,372406.4578563996,0,31,0,0,13,0,5,5,6,2,0,2.5849625007125,29.813733100891113
407,2019-07-16 00:09:07.823010921,127,261.81889763779526,365223.34515469027,53.46031746031746,628.978584026203,805.1612903225806,354429.5546305931,0,31,0,2,15,0,6,6,9,3,0,3.169925001429328,29.632185220718384
408,2019-07-16 00:09:37.823010921,126,264.1031746031746,367962.33062484243,58.24193548387097,615.0866285119665,813.375,326634.484375,0,32,0,2,15,0,5,5,6,2,0,2.5849625007125,28.919870138168335
409,2019-07-16 00:10:07.823010921,207,257.280193236715,378387.4480617983,59.605442176870746,250.79670507658847,722.104347826087,329617.44998109643,0,115,0,0,72,0,6,6,7,3,0,2.807354922047505,29.87010383605957
410,2019-07-16 00:10:37.823010921,282,235.01418439716312,373916.0352597957,62.51131221719457,87.64353719211317,655.8082901554404,313007.3466670246,0,193,0,0,113,0,6,6,7,3,0,2.807354922047505,29.820289850234985
411,2019-07-16 00:11:07.823010921,401,168.4339152119701,181231.35286472098,62.25825825825826,104.27564501438376,849.1815181518152,5632611.693123768,2,302,0,4,207,0,6,6,9,4,0,3.169925001429328,29.1044659614563
412,2019-07-16 00:11:37.823010921,349,214.26934097421204,274978.6495184769,63.51178451178451,26.5528914283123,309.09191176470586,130237.14228752162,0,272,0,0,157,0,5,5,6,2,0,2.5849625007125,29.72134518623352
413,2019-07-16 00:12:07.823010921,425,178.15058823529412,209959.99144083043,63.10803324099723,239.60882743379807,904.2284768211921,13302065.977599667,5,300,0,2,179,0,8,8,16,6,0,3.9999999999769167,29.766302824020386
414,2019-07-16 00:12:37.823010921,649,198.89060092449924,259189.08972675755,64.39625850340136,177.40590436855015,631.5380116959064,3371032.7085940978,2,512,0,0,336,0,8,8,20,10,1,4.321928094858508,29.868525981903076
415,2019-07-16 00:13:07.823010921,694,144.11959654178673,78779.62690704183,63.827044025157235,6.90719314900518,465.28548123980426,245154.69011546986,0,613,0,0,424,0,7,7,10,4,0,3.3219280948729355,29.497056007385254
416,2019-07-16 00:13:37.823010921,721,171.1983356449376,200870.36149514944,64.91818181818182,121.47512396694215,721.160744500846,3101579.786343947,2,590,0,2,365,0,8,8,21,10,1,4.392317422748464,29.607950925827026
417,2019-07-16 00:14:07.823010921,256,264.26171875,412089.8729095459,66.765,415.1397750000001,555.1212121212121,344205.818640955,0,132,0,0,73,0,7,7,21,10,1,4.392317422748464,29.703643083572388
418,2019-07-16 00:14:37.823010921,130,276.3692307692308,427509.2175147929,61.36363636363637,120.04958677685951,842.046511627907,392815.6257436453,0,43,0,0,21,0,6,6,8,3,0,2.9999999999884586,29.78323483467102
419,2019-07-16 00:15:07.823010921,152,494.3486842105263,1784868.6086824795,60.520833333333336,682.9370659722223,753.468085106383,363958.67451335443,0,47,0,0,21,0,6,6,12,4,0,3.584962500703843,28.902288913726807
420,2019-07-16 00:15:37.823010921,134,253.58955223880596,347905.7046669637,60.94202898550725,1100.6053350136524,4577.078947368421,80205653.59903046,7,35,0,0,13,0,7,7,10,4,0,3.3219280948729355,29.70401692390442
421,2019-07-16 00:16:07.823010921,135,250.2962962962963,346670.7122085047,65.94366197183099,248.95457250545522,9095.340425531915,146038733.5436849,13,42,0,0,13,0,6,6,9,4,0,3.169925001429328,29.71660304069519
422,2019-07-16 00:16:37.823010921,143,295.83916083916085,502373.47762726777,60.2972972972973,338.3981008035061,2117.309523809524,37032152.64229025,2,42,0,2,16,0,6,8,11,6,0,3.4594316186214273,29.738018035888672
423,2019-07-16 00:17:07.823010921,142,286.8732394366197,344204.1811148581,58.853658536585364,390.832242712671,2018.608695652174,32692019.629489597,2,45,0,2,20,0,7,7,10,4,0,3.3219280948729355,29.859357118606567
424,2019-07-16 00:17:37.823010921,124,324.7016129032258,572498.1932232049,55.50819672131148,448.64337543671064,896.6129032258065,348355.72112382954,0,31,0,0,17,0,4,4,5,1,0,2.321928094880149,29.812380075454712
425,2019-07-16 00:18:07.823010921,129,304.1937984496124,480224.03220960277,53.25757575757576,546.3427456382002,953.96875,351611.9677734375,0,32,0,0,16,0,4,4,4,1,0,1.9999999999942293,29.048264026641846
426,2019-07-16 00:18:37.823010921,120,253.43333333333334,286375.5622222222,48.847457627118644,712.400459638035,954.0,351649.0,0,24,0,0,12,0,4,4,4,1,0,1.9999999999942293,29.06061601638794
427,2019-07-16 00:19:07.823010921,113,299.50442477876106,441770.0729892708,60.20754716981132,210.50409398362402,930.28,351086.36159999995,0,25,0,0,13,0,4,4,4,1,0,1.9999999999942293,29.63682794570923
428,2019-07-16 00:19:37.823010921,115,280.1304347826087,399653.0873345935,57.588235294117645,348.2422145328721,930.28,351086.36159999995,0,25,0,0,13,0,4,4,5,1,0,2.321928094880149,29.441009998321533
429,2019-07-16 00:20:07.823010921,167,324.7125748502994,524532.4203807951,61.70873786407767,568.3229333584693,2336.0363636363636,41510918.14413223,3,54,0,0,23,0,6,6,11,4,0,3.4594316186214273,29.723994970321655
430,2019-07-16 00:20:37.823010921,184,313.1576086956522,516097.7523334121,72.47826086956522,539.6756143667297,741.531914893617,376652.97238569485,0,47,0,0,23,0,6,6,18,11,1,4.169925001416344,29.514883041381836
431,2019-07-16 00:21:07.823010921,119,301.65546218487395,460544.47793234966,57.22222222222222,339.1252204585536,778.6470588235294,372218.52249134943,0,34,0,0,15,0,5,5,6,2,0,2.5849625007125,29.639209032058716
432,2019-07-16 00:21:37.823010921,325,269.0523076923077,446482.21572544385,63.715384615384615,426.2266863905325,834.3936170212766,428805.7174060661,0,188,0,0,103,0,7,7,19,9,0,4.247927513416173,29.742570877075195
433,2019-07-16 00:22:07.823010921,323,237.0123839009288,302527.0091345647,67.7159090909091,239.85489841597803,1077.25,8286240.044642857,2,195,0,2,104,0,8,8,21,11,1,4.392317422748464,29.625536918640137
434,2019-07-16 00:22:37.823010921,124,288.241935483871,445946.07049947965,54.23809523809524,478.75283446712035,784.7741935483871,373545.85223725287,0,31,0,0,13,0,5,5,6,2,0,2.5849625007125,29.931328058242798
435,2019-07-16 00:23:07.823010921,170,468.54117647058825,1156757.6130103806,63.15238095238095,483.6148752834467,799.4918032786885,368244.545014781,0,61,0,0,28,0,6,6,11,4,0,3.4594316186214273,29.60905408859253
436,2019-07-16 00:23:37.823010921,119,274.7563025210084,387705.9994350681,59.767857142857146,202.6425382653061,785.8387096774194,372406.45785639953,0,31,0,0,13,0,5,5,7,2,0,2.807354922047505,29.297005891799927
437,2019-07-16 00:24:07.823010921,166,222.34337349397592,285075.17727536656,58.48,291.48960000000005,807.5571428571428,415659.0753061224,0,70,0,5,33,0,6,6,10,5,0,3.3219280948729355,29.34877586364746
438,2019-07-16 00:24:37.823010921,128,298.96875,503798.3740234375,51.605633802816904,581.3937710771673,741.9722222222222,374736.52700617275,0,36,0,2,14,0,5,5,6,2,0,2.5849625007125,29.683743000030518
439,2019-07-16 00:25:07.823010921,115,280.69565217391306,400123.34215500945,62.4375,80.49609375,930.28,351086.36160000006,0,25,0,0,13,0,4,4,4,1,0,1.9999999999942293,29.727782011032104
440,2019-07-16 00:25:37.823010921,115,285.6,398596.7095652173,55.892857142857146,430.6313775510204,954.0,351649.0,0,26,0,0,13,0,4,4,5,1,0,2.321928094880149,29.410742044448853
441,2019-07-16 00:26:07.823010921,112,285.79464285714283,409123.46675701544,55.45283018867924,451.379850480598,930.28,351086.36160000006,0,25,0,0,13,0,4,4,4,1,0,1.9999999999942293,29.183228969573975
442,2019-07-16 00:26:37.823010921,122,274.8360655737705,378434.4813222251,62.857142857142854,641.6462585034012,4671.0,158957925.78947368,4,35,1,2,15,0,5,5,7,3,0,2.807354922047505,29.834879875183105
443,2019-07-16 00:27:07.823010921,139,248.4892086330935,336204.59520728746,57.34285714285714,498.3681632653062,2314.3333333333335,41273171.83333334,2,35,0,2,15,0,6,6,8,3,0,2.9999999999884586,29.789703845977783
444,2019-07-16 00:27:37.823010921,134,256.9179104477612,346646.70221652923,49.75,684.8980263157895,949.6486486486486,371698.93060628197,0,37,0,0,21,0,5,5,7,2,0,2.807354922047505,29.928854942321777
445,2019-07-16 00:28:07.823010921,175,289.89714285714285,409650.9265632653,67.65094339622641,296.0951406194375,1694.296875,24579209.989990234,2,63,0,0,30,0,7,7,14,5,0,3.807354922037407,29.608000993728638
446,2019-07-16 00:28:37.823010921,199,308.13065326633165,512737.9125779652,67.53103448275863,504.5524851367422,786.9367088607595,405903.6289056241,0,79,0,0,43,0,7,7,18,9,0,4.169925001416344,29.68100595474243
447,2019-07-16 00:29:07.823010921,140,282.29285714285714,437646.40709183685,56.54545454545455,372.15702479338836,797.1052631578947,372949.3047091413,0,38,0,0,17,0,5,5,6,2,0,2.5849625007125,29.4158878326416
448,2019-07-16 00:29:37.823010921,177,348.9378531073446,629105.50461234,72.78991596638656,774.3172092366361,731.0925925925926,370083.5655006859,0,54,0,0,27,0,7,7,19,10,1,4.247927513416173,29.341742992401123
449,2019-07-16 00:30:07.823010921,200,296.535,496224.008775,64.40322580645162,937.8051508844952,737.4166666666666,367733.8680555555,0,48,0,0,24,0,6,6,17,10,1,4.087462841225814,29.622390031814575
450,2019-07-16 00:30:37.823010921,132,273.70454545454544,341143.48088842974,51.74647887323944,582.8653045030749,812.2162162162163,373885.8451424398,0,37,0,0,16,0,5,5,6,2,0,2.5849625007125,29.50862216949463
451,2019-07-16 00:31:07.823010921,157,294.4649681528662,444218.8602377378,65.97674418604652,402.74364521362907,789.9767441860465,382153.92969172524,0,43,0,0,19,0,6,6,11,4,0,3.4594316186214273,29.620078086853027
452,2019-07-16 00:31:37.823010921,128,268.109375,366667.7849121094,64.55555555555556,573.4413580246915,4157.608695652174,72117359.97731568,7,42,2,1,16,0,6,6,9,4,0,3.169925001429328,29.494444131851196
453,2019-07-16 00:32:07.823010921,146,241.6164383561644,321347.25014073943,56.675324675324674,496.84263788159893,2021.2926829268292,36805539.5240928,2,40,0,2,15,0,7,7,10,3,0,3.3219280948729355,29.71053385734558
454,2019-07-16 00:32:37.823010921,129,262.83720930232556,360203.0510185686,57.15625,334.4443359375,729.5,373294.60294117645,0,34,0,2,13,0,5,5,6,2,0,2.5849625007125,29.914511919021606
455,2019-07-16 00:33:07.823010921,119,274.66386554621846,387659.735753125,56.64150943396226,395.39978640085434,930.28,351086.36159999995,0,25,0,0,13,0,4,4,4,1,0,1.9999999999942293,29.606105089187622
456,2019-07-16 00:33:37.823010921,125,266.92,370250.69759999996,49.34426229508197,696.3241064230045,930.28,351086.36159999995,0,25,0,0,13,0,4,4,4,1,0,1.9999999999942293,29.63344717025757
457,2019-07-16 00:34:07.823010921,112,291.75892857142856,408335.57581313775,62.5,77.37,930.28,351086.36159999995,0,25,0,0,13,0,4,4,5,1,0,2.321928094880149,29.642179012298584
458,2019-07-16 00:34:37.823010921,120,273.14166666666665,384736.32159722224,57.81132075471698,336.3794944820221,954.0,351649.0,0,26,0,0,13,0,4,4,4,1,0,1.9999999999942293,29.50869107246399
459,2019-07-16 00:35:07.823010921,141,250.72340425531914,330577.0369699713,57.107142857142854,377.8813775510204,961.2884615384615,383725.3590976332,0,52,0,0,31,0,5,5,6,2,0,2.5849625007125,29.293977975845337
460,2019-07-16 00:35:37.823010921,113,285.4070796460177,405974.2944631529,61.183673469387756,154.31320283215325,930.28,351086.36159999995,0,25,0,0,13,0,4,4,4,1,0,1.9999999999942293,29.608792066574097
461,2019-07-16 00:36:07.823010921,245,258.3469387755102,356810.41432736354,63.674157303370784,340.26461305390734,1574.7716535433071,18745474.900613792,3,125,1,0,70,0,8,8,17,5,0,4.087462841225814,29.726952075958252
462,2019-07-16 00:36:37.823010921,344,214.48837209302326,298077.8312601406,64.6340579710145,392.24652121403074,1164.3118811881188,8281117.739363789,2,200,2,0,130,0,8,8,23,10,1,4.523561956023831,29.284538984298706
463,2019-07-16 00:37:07.823010921,265,966.8150943396226,5725660.656375934,75.91904761904762,615.1220181405896,1582.8614457831325,44824756.11935694,6,163,0,2,43,0,9,9,17,6,0,4.087462841225814,29.29917001724243
464,2019-07-16 00:37:37.823010921,230,304.1434782608696,504965.5663705104,67.87425149700599,726.1578400086055,663.7157894736843,301644.64554016624,0,92,3,2,48,0,8,8,20,10,1,4.321928094858508,29.344016075134277
465,2019-07-16 00:38:07.823010921,234,279.8205128205128,478355.86522025,66.9171597633136,496.0878120513988,1075.3939393939395,8443709.915518824,1,98,1,0,55,0,9,9,24,10,1,4.584962500686531,29.96082091331482
466,2019-07-16 00:38:37.823010921,152,235.42763157894737,239545.82371018003,60.67777777777778,134.21839506172842,771.8181818181819,345309.9366391184,0,66,0,0,36,0,7,7,10,4,0,3.3219280948729355,29.34279704093933
467,2019-07-16 00:39:07.823010921,177,291.8022598870057,430960.0569440455,60.48672566371681,584.5330096327043,747.1692307692308,330547.12520710065,0,65,0,0,33,0,7,7,13,4,0,3.7004397181223365,29.65664505958557
468,2019-07-16 00:39:37.823010921,142,246.77464788732394,329292.28724459425,56.05194805194805,364.30898971158723,696.0434782608696,304096.8676748582,0,46,0,0,23,0,6,6,9,3,0,3.169925001429328,29.710770845413208
469,2019-07-16 00:40:07.823010921,129,257.4573643410853,360678.80632173544,59.68181818181818,177.21694214876032,712.0,338774.5714285714,0,40,2,2,18,0,6,6,8,3,0,2.9999999999884586,29.483702898025513
470,2019-07-16 00:40:37.823010921,131,259.09923664122135,355393.32602995157,57.95,301.54749999999996,870.9032258064516,356266.15192507807,0,31,0,0,13,0,5,5,6,2,0,2.5849625007125,29.72741389274597
471,2019-07-16 00:41:07.823010921,121,270.702479338843,381640.14288641495,51.21311475409836,619.839828003225,877.7857142857143,365190.8826530613,0,28,0,2,13,0,5,5,6,2,0,2.5849625007125,29.742141008377075
472,2019-07-16 00:41:37.823010921,113,285.5840707964602,405800.29602944624,61.183673469387756,154.31320283215325,930.28,351086.36160000006,0,25,0,0,13,0,4,4,5,1,0,2.321928094880149,29.77419400215149
473,2019-07-16 00:42:07.823010921,133,258.45864661654133,349598.7294929051,61.85507246376812,959.6021844150387,2336.2571428571428,42435101.791020416,2,34,0,2,15,0,6,7,9,4,0,3.169925001429328,29.681773900985718
474,2019-07-16 00:42:37.823010921,122,274.9344262295082,377619.02848696586,47.33846153846154,760.6239053254438,930.28,351086.36160000006,0,25,0,0,13,0,4,4,4,1,0,1.9999999999942293,29.873311042785645
475,2019-07-16 00:43:07.823010921,107,294.8130841121495,426546.73141759104,62.40425531914894,82.15572657310997,930.28,351086.36160000006,0,25,0,0,13,0,4,4,4,1,0,1.9999999999942293,29.865260124206543
476,2019-07-16 00:43:37.823010921,108,272.51851851851853,372485.4163237312,56.24,416.26240000000007,925.7619047619048,350851.6099773243,0,21,0,0,11,0,4,4,4,1,0,1.9999999999942293,29.547281980514526
477,2019-07-16 00:44:07.823010921,194,313.4484536082474,503712.25765224785,73.03968253968254,2007.2127110103302,2599.7323943661972,51755390.75937314,5,69,0,0,30,0,7,7,16,6,0,3.9999999999769167,29.754462957382202
478,2019-07-16 00:44:37.823010921,171,328.27485380116957,572621.3805957388,76.0,1148.7894736842106,663.24,379129.9823999999,0,50,0,0,21,0,7,7,19,10,1,4.247927513416173,29.60763716697693
479,2019-07-16 00:45:07.823010921,142,292.61267605633805,390394.09645903594,62.666666666666664,1056.5688888888888,758.3333333333334,381717.0555555555,0,48,0,2,21,0,6,6,8,3,0,2.9999999999884586,29.593873023986816
480,2019-07-16 00:45:37.823010921,187,324.98930481283423,535831.3581743831,63.44444444444444,879.3421516754851,738.0754716981132,374433.20185119275,0,53,0,0,25,0,6,6,17,9,0,4.087462841225814,29.0151150226593
481,2019-07-16 00:46:07.823010921,173,327.5664739884393,595101.3669684923,72.3963963963964,476.7257527798066,737.4166666666666,367733.8680555555,0,48,0,0,25,0,6,6,17,10,1,4.087462841225814,29.131016969680786
482,2019-07-16 00:46:37.823010921,126,306.5,445940.34523809527,54.40845070422535,473.3120412616544,800.3421052631579,369263.5408587258,0,38,0,0,17,0,5,5,6,2,0,2.5849625007125,29.608301162719727
483,2019-07-16 00:47:07.823010921,161,273.00621118012424,421220.590023533,62.422680412371136,667.6667020937401,1852.391304347826,33071968.89035918,2,45,0,2,18,0,7,7,13,5,0,3.7004397181223365,29.655532836914062
484,2019-07-16 00:47:37.823010921,122,268.1885245901639,379178.92347487225,55.71186440677966,409.73053720195344,785.8387096774194,372406.45785639953,0,31,0,0,13,0,5,5,7,2,0,2.807354922047505,29.716125011444092
485,2019-07-16 00:48:07.823010921,125,269.104,370449.48518400005,57.01639344262295,348.9013705993011,785.8387096774194,372406.45785639953,0,31,0,0,13,0,5,5,6,2,0,2.5849625007125,29.728983163833618
486,2019-07-16 00:48:37.823010921,129,260.6046511627907,359996.4250946457,50.542857142857144,621.105306122449,729.5,373294.60294117645,0,34,0,2,13,0,5,5,6,2,0,2.5849625007125,29.701877117156982
487,2019-07-16 00:49:07.823010921,117,279.20512820512823,393711.54766600917,62.46938775510204,78.90212411495212,930.28,351086.36159999995,0,25,0,0,13,0,4,4,4,1,0,1.9999999999942293,29.71661376953125
488,2019-07-16 00:49:37.823010921,112,291.55357142857144,407901.4435586734,55.763636363636365,437.5259504132232,930.28,351086.36159999995,0,25,0,0,13,0,4,4,5,1,0,2.321928094880149,29.705612182617188
489,2019-07-16 00:50:07.823010921,130,261.38461538461536,357155.95976331364,48.0625,738.43359375,930.28,351086.36159999995,0,25,0,0,13,0,4,4,4,1,0,1.9999999999942293,29.740472078323364
490,2019-07-16 00:50:37.823010921,111,289.5135135135135,412368.8263939615,61.183673469387756,154.31320283215325,930.28,351086.36159999995,0,25,0,0,13,0,4,4,4,1,0,1.9999999999942293,29.812893867492676
491,2019-07-16 00:51:07.823010921,125,264.696,371100.78758400003,56.77777777777778,389.06172839506155,930.28,351086.36159999995,0,25,0,0,13,0,4,5,5,2,0,2.321928094880149,29.40796208381653
492,2019-07-16 00:51:37.823010921,118,279.26271186440675,389436.19369434065,50.377049180327866,660.4643912926633,930.28,351086.36159999995,0,25,0,0,13,0,4,5,6,2,0,2.5849625007125,29.483119010925293
493,2019-07-16 00:52:07.823010921,174,290.87931034482756,467635.3704914785,70.00952380952381,682.9427664399091,2671.0877192982457,52213235.3080948,4,55,0,2,22,0,8,8,15,6,0,3.906890595586879,29.608776092529297
494,2019-07-16 00:52:37.823010921,180,359.97777777777776,702489.8661728395,67.35772357723577,742.3110582325336,750.204081632653,377399.75426905457,0,49,0,0,25,0,7,7,19,10,1,4.247927513416173,29.888870000839233
495,2019-07-16 00:53:07.823010921,151,263.0,333511.29801324505,62.91566265060241,592.2218028741472,4264.490566037736,75638249.9480242,8,49,2,1,19,0,6,6,9,4,0,3.169925001429328,29.331468105316162
496,2019-07-16 00:53:37.823010921,180,344.81666666666666,578249.0386111112,69.35483870967742,590.4063475546305,746.4655172413793,372002.6281212842,0,58,0,0,28,0,6,6,18,10,1,4.169925001416344,29.765475034713745
497,2019-07-16 00:54:07.823010921,201,311.8905472636816,565559.928318606,71.125,681.0799632352941,6614.34375,118197016.28808594,15,59,0,0,23,0,7,7,21,11,1,4.392317422748464,29.64065980911255
498,2019-07-16 00:54:37.823010921,139,261.2014388489209,346187.44143677864,52.373333333333335,558.767288888889,3602.85,73123042.2775,4,40,0,0,15,0,5,6,10,5,0,3.3219280948729355,29.754568099975586
499,2019-07-16 00:55:07.823010921,140,313.0,490632.9428571428,66.09756097560975,422.0636525877454,743.5952380952381,366296.0504535148,0,42,0,0,18,0,6,6,13,4,0,3.7004397181223365,29.824712991714478
500,2019-07-16 00:55:37.823010921,131,257.67175572519085,355611.39607248997,57.847457627118644,306.0275782821028,785.8387096774194,372406.45785639953,0,31,0,0,13,0,5,5,7,2,0,2.807354922047505,29.733343839645386
501,2019-07-16 00:56:07.823010921,118,277.271186440678,390121.0451019822,54.08064516129032,484.9128511966701,785.8387096774194,372406.45785639953,0,31,0,0,13,0,5,5,6,2,0,2.5849625007125,29.762047052383423
502,2019-07-16 00:56:37.823010921,127,260.70866141732284,366125.2143344286,60.83050847457627,134.47974719908072,752.8571428571429,381177.95102040813,0,35,0,2,13,0,5,5,6,2,0,2.5849625007125,29.859654903411865
503,2019-07-16 00:57:07.823010921,124,270.60483870967744,372346.04546045786,58.940298507462686,422.8919581198485,2336.2571428571428,42435101.791020416,2,34,0,2,15,0,6,6,8,3,0,2.9999999999884586,29.87198305130005
504,2019-07-16 00:57:37.823010921,128,282.96875,442052.0771484375,45.696969696969695,807.7566574839303,904.5833333333334,349206.99305555556,0,24,0,0,13,0,4,4,5,1,0,2.321928094880149,29.858617067337036
505,2019-07-16 00:58:07.823010921,103,279.18446601941747,389692.4611179187,62.355555555555554,85.74024691358026,928.2173913043479,350984.2570888469,0,23,0,0,12,0,4,4,4,1,0,1.9999999999942293,29.07063603401184
506,2019-07-16 00:58:37.823010921,118,285.9237288135593,425714.1382505027,56.77777777777778,389.06172839506166,930.28,351086.36159999995,0,25,0,0,13,0,4,4,4,1,0,1.9999999999942293,29.762929916381836
507,2019-07-16 00:59:07.823010921,114,284.3070175438597,402432.6338104031,55.611111111111114,444.3487654320987,930.28,351086.36159999995,0,25,0,0,13,0,4,4,4,1,0,1.9999999999942293,29.725239038467407
508,2019-07-16 00:59:37.823010921,110,291.95454545454544,415471.44338842964,61.183673469387756,154.31320283215328,930.28,351086.36159999995,0,25,0,0,13,0,4,4,5,1,0,2.321928094880149,29.264561891555786
509,2019-07-16 01:00:07.823010921,167,317.77245508982037,527956.2715766073,63.48039215686274,593.6613802383699,1831.9245283018868,29474776.71128516,2,52,0,0,25,0,6,6,12,5,0,3.584962500703843,28.97785997390747
510,2019-07-16 01:00:37.823010921,205,311.41951219512197,490618.20449732285,65.29545454545455,819.3445247933885,778.8070175438596,378796.6469682979,0,57,0,0,29,0,6,6,17,10,1,4.087462841225814,29.729958057403564
511,2019-07-16 01:01:07.823010921,123,288.6341463414634,426905.4515169542,65.36842105263158,715.6011080332413,813.5294117647059,383235.1903114187,0,34,0,0,14,0,6,6,8,2,0,2.9999999999884586,29.652880907058716
512,2019-07-16 01:01:37.823010921,196,349.8724489795918,633221.1316899209,68.79850746268657,651.0265649365115,753.3833333333333,372712.0030555555,0,60,0,0,29,0,6,6,18,11,1,4.169925001416344,29.833357095718384
513,2019-07-16 01:02:07.823010921,206,312.38349514563106,556685.5762324443,69.02836879432624,658.3963583320759,1556.3333333333333,24478831.873015873,2,62,0,2,29,0,7,7,20,12,1,4.321928094858508,29.804875135421753
514,2019-07-16 01:02:37.823010921,133,282.42857142857144,362631.0870032223,57.69117647058823,316.9781574394463,778.375,359968.884375,0,40,0,0,19,0,5,5,6,2,0,2.5849625007125,29.6250638961792
515,2019-07-16 01:03:07.823010921,147,309.5374149659864,469492.54791984824,62.388888888888886,606.482098765432,789.9767441860465,382153.9296917253,0,43,0,0,19,0,6,6,11,4,0,3.4594316186214273,29.607714891433716
516,2019-07-16 01:03:37.823010921,136,250.5,343352.6176470588,50.30882352941177,636.2428633217993,809.625,378308.171875,0,32,0,0,13,0,5,5,7,2,0,2.807354922047505,29.771270036697388
517,2019-07-16 01:04:07.823010921,119,276.5042016806723,387477.14073864836,59.8421052631579,199.3961218836565,785.8387096774194,372406.4578563996,0,31,0,0,13,0,5,5,6,2,0,2.5849625007125,29.811903953552246
518,2019-07-16 01:04:37.823010921,121,273.6694214876033,381543.7419575165,57.95161290322581,292.98152965660773,729.5,373294.60294117645,0,34,0,2,13,0,5,5,6,2,0,2.5849625007125,29.758629083633423
519,2019-07-16 01:05:07.823010921,123,270.390243902439,376008.36803489976,55.763636363636365,437.5259504132231,930.28,351086.36159999995,0,25,0,0,13,0,4,4,5,1,0,2.321928094880149,29.782132863998413
520,2019-07-16 01:05:37.823010921,109,294.1926605504587,418666.6142580591,58.8235294117647,284.7335640138408,930.28,351086.36159999995,0,25,0,0,13,0,4,4,4,1,0,1.9999999999942293,29.71606683731079
521,2019-07-16 01:06:07.823010921,121,273.5123966942149,381594.0514992146,56.77777777777778,389.06172839506166,930.28,351086.36159999995,0,25,0,0,13,0,4,4,4,1,0,1.9999999999942293,29.40522599220276
522,2019-07-16 01:06:37.823010921,115,291.7913043478261,405459.9738374292,50.15,668.3275,930.28,351086.36159999995,0,25,0,0,13,0,4,4,4,1,0,1.9999999999942293,29.791599988937378
523,2019-07-16 01:07:07.823010921,227,748.7753303964757,2031598.5882900895,78.4746835443038,723.1227767985899,1531.4409448818897,46161484.68745735,4,125,0,2,28,0,7,7,12,4,0,3.584962500703843,29.67317485809326
524,2019-07-16 01:07:37.823010921,114,285.359649122807,402042.8092489997,53.660714285714285,531.1884566326531,930.28,351086.36159999995,0,25,0,0,13,0,4,4,4,1,0,1.9999999999942293,29.666229963302612
525,2019-07-16 01:08:07.823010921,181,281.9060773480663,423496.8917310216,68.23728813559322,1028.672507900029,1507.6515151515152,24077850.105831034,2,62,3,2,30,0,8,8,15,5,0,3.906890595586879,28.94939398765564
526,2019-07-16 01:08:37.823010921,179,350.3743016759777,575822.223026747,70.58196721311475,519.653117441548,737.1929824561404,362483.94521391194,0,57,0,0,30,0,6,6,17,10,1,4.087462841225814,29.627036094665527
527,2019-07-16 01:09:07.823010921,143,258.7762237762238,318087.4324416843,53.371428571428574,517.1191836734696,808.8918918918919,377749.88020452874,0,37,0,0,16,0,5,5,7,2,0,2.807354922047505,29.646522998809814
528,2019-07-16 01:09:37.823010921,179,343.536312849162,597491.969351768,67.9504132231405,717.2041527218087,722.5192307692307,368808.0188609467,0,52,0,0,25,0,6,6,17,10,1,4.087462841225814,28.992983102798462
529,2019-07-16 01:10:07.823010921,194,311.0154639175258,547766.8605856097,67.8688524590164,821.7532921257725,726.5652173913044,364039.28922495287,0,46,0,0,23,0,6,6,18,11,1,4.169925001416344,29.665693998336792
530,2019-07-16 01:10:37.823010921,153,258.4967320261438,279576.8774403007,63.79120879120879,428.84651612124134,8134.825396825397,133892317.47745024,16,56,0,0,20,0,6,6,9,4,0,3.169925001429328,29.780953884124756
531,2019-07-16 01:11:07.823010921,166,276.4578313253012,421523.05545071856,61.69230769230769,640.6965342349957,3348.0454545454545,67174923.45247933,4,44,0,0,18,0,6,7,14,5,0,3.807354922037407,29.555986881256104
532,2019-07-16 01:11:37.823010921,114,262.57894736842104,300183.94552169903,60.77777777777778,144.83950617283952,800.0,378603.2,0,30,0,0,12,0,5,5,6,2,0,2.5849625007125,29.38319182395935
533,2019-07-16 01:12:07.823010921,213,696.2769953051643,4929999.561771252,58.801418439716315,550.159146924199,1705.9550561797753,34964554.44741826,4,87,0,2,37,0,8,8,15,5,0,3.906890595586879,29.756277799606323
534,2019-07-16 01:12:37.823010921,138,319.42753623188406,585824.2882272631,53.1875,493.00234375,662.5581395348837,351135.26987560844,0,41,2,4,17,0,6,6,8,3,0,2.9999999999884586,29.88965106010437
535,2019-07-16 01:13:07.823010921,117,275.0940170940171,394257.91423770925,62.40425531914894,82.15572657310997,930.28,351086.36159999995,0,25,0,0,13,0,4,4,5,1,0,2.321928094880149,29.61026096343994
536,2019-07-16 01:13:37.823010921,117,315.70940170940173,441382.3258090437,55.62903225806452,442.29786680541105,916.9375,350275.37109375,0,32,0,0,17,0,4,4,4,1,0,1.9999999999942293,29.696478843688965
537,2019-07-16 01:14:07.823010921,118,259.14406779661016,291370.9877190462,55.611111111111114,444.3487654320987,954.0,351649.0,0,24,0,0,12,0,4,4,4,1,0,1.9999999999942293,29.60836100578308
538,2019-07-16 01:14:37.823010921,111,289.5765765765766,412373.46936125326,61.183673469387756,154.31320283215322,930.28,351086.36159999995,0,25,0,0,13,0,4,4,4,1,0,1.9999999999942293,29.51638913154602
539,2019-07-16 01:15:07.823010921,124,266.2016129032258,373240.09644901153,49.91525423728814,676.3487503590923,930.28,351086.36159999995,0,25,0,0,13,0,4,4,5,1,0,2.321928094880149,29.608587980270386
540,2019-07-16 01:15:37.823010921,122,272.0983606557377,378331.6788497717,58.19642857142857,1184.9792729591838,930.28,351086.36159999995,0,25,0,0,13,0,5,5,5,1,0,2.321928094880149,29.66641879081726
541,2019-07-16 01:16:07.823010921,157,322.87261146496814,503123.84364477266,66.58762886597938,414.7371665426719,2343.433962264151,43115672.28337487,3,52,0,0,24,0,6,6,12,5,0,3.584962500703843,29.406788110733032
542,2019-07-16 01:16:37.823010921,189,383.76190476190476,875852.0015117157,69.65,606.5774999999999,750.5576923076923,373662.0159023668,0,52,0,0,26,0,6,6,17,10,1,4.087462841225814,29.665621995925903
543,2019-07-16 01:17:07.823010921,141,279.21276595744683,414678.13912781066,58.37179487179487,410.00279421433254,1895.8,33722226.38222222,2,44,0,2,18,0,7,7,10,3,0,3.3219280948729355,29.75042986869812
544,2019-07-16 01:17:37.823010921,204,313.71078431372547,511174.31341311027,65.92753623188406,823.3570678428899,739.9322033898305,368173.1818442977,0,59,0,0,30,0,6,6,18,11,1,4.169925001416344,29.607460021972656
545,2019-07-16 01:18:07.823010921,189,329.015873015873,576023.1690602168,69.92622950819673,671.4781644719162,729.734693877551,363061.70512286545,0,49,0,0,25,0,6,6,18,11,1,4.169925001416344,29.76495909690857
546,2019-07-16 01:18:37.823010921,136,266.69117647058823,332640.5516868512,54.776119402985074,454.7409222543996,812.2162162162163,373885.8451424398,0,37,0,0,16,0,5,5,7,2,0,2.807354922047505,29.157921075820923
547,2019-07-16 01:19:07.823010921,139,320.8561151079137,539324.0944050514,66.07228915662651,417.03091885614754,762.85,376824.8775,0,40,0,0,18,0,6,6,11,4,0,3.4594316186214273,29.725342988967896
548,2019-07-16 01:19:37.823010921,123,267.7967479674797,376440.3408024325,57.741379310344826,310.6400118906064,785.8387096774194,372406.4578563996,0,31,0,0,13,0,5,5,6,2,0,2.5849625007125,29.607657194137573
549,2019-07-16 01:20:07.823010921,123,270.6260162601626,375858.364201203,54.23809523809524,478.75283446712024,785.8387096774194,372406.4578563996,0,31,0,0,13,0,5,5,6,2,0,2.5849625007125,29.344563961029053
550,2019-07-16 01:20:37.823010921,137,249.72262773722628,341384.66759017523,56.171875,382.017333984375,729.5,373294.60294117645,0,34,0,2,13,0,5,5,7,2,0,2.807354922047505,29.569169998168945
551,2019-07-16 01:21:07.823010921,109,296.8073394495413,418102.1922397104,56.77777777777778,389.06172839506155,930.28,351086.36159999995,0,25,0,0,13,0,4,4,4,1,0,1.9999999999942293,29.34065818786621
552,2019-07-16 01:21:37.823010921,117,277.46153846153845,393263.1374095989,52.535714285714285,577.5344387755102,930.28,351086.36159999995,0,25,0,0,13,0,4,4,4,1,0,1.9999999999942293,29.56424307823181
553,2019-07-16 01:22:07.823010921,483,1719.9233954451345,5444428.861626565,80.01913875598086,648.6647054783544,1118.9641025641026,19795112.36281394,16,382,0,16,48,0,7,7,16,10,1,3.9999999999769167,29.28865385055542
554,2019-07-16 01:22:37.823010921,143,252.36363636363637,328554.7349014622,64.61538461538461,890.0059171597634,2212.2608695652175,35817771.71455576,4,44,0,4,17,0,5,5,8,3,0,2.9999999999884586,29.733050107955933
555,2019-07-16 01:23:07.823010921,510,1442.1098039215685,5670754.340884276,83.32366071428571,792.6608687420281,916.291169451074,14825611.13717739,14,412,0,11,102,0,5,5,12,8,0,3.584962500703843,29.607744932174683
556,2019-07-16 01:23:37.823010921,160,547.89375,1266247.6574609373,69.31632653061224,869.3591211995002,1535.7794117647059,25165306.789576128,4,66,0,7,17,0,5,5,9,5,0,3.169925001429328,29.61372685432434
557,2019-07-16 01:24:07.823010921,353,990.1189801699717,1903925.3569485352,77.08620689655173,765.0098097502972,1390.8,27979216.076666668,13,234,0,6,52,0,7,7,18,8,0,4.169925001416344,29.226962089538574
558,2019-07-16 01:24:37.823010921,379,552.1767810026386,1066035.074289374,81.05345911949685,827.0506012420395,1753.4489795918366,34659936.09229487,20,228,10,20,70,0,7,7,32,15,1,4.999999999953834,29.446303844451904
559,2019-07-16 01:25:07.823010921,157,271.0063694267516,328758.3757556088,72.11578947368422,483.44975069252064,1552.013888888889,23748692.541473765,4,70,0,8,24,0,6,6,11,6,0,3.4594316186214273,29.675302982330322
560,2019-07-16 01:25:37.823010921,181,337.35911602209944,579773.3019749093,68.43442622950819,674.6063558183286,715.6981132075472,364268.8145247419,0,53,0,0,26,0,6,6,17,10,1,4.087462841225814,29.7269229888916
561,2019-07-16 01:26:07.823010921,189,331.2116402116402,574347.0028274683,68.56198347107438,678.0147530906357,761.7843137254902,373989.8554402152,0,51,0,0,25,0,6,6,17,10,1,4.087462841225814,29.794550895690918
562,2019-07-16 01:26:37.823010921,147,259.89115646258506,354501.18543199595,68.38461538461539,815.863060016906,2268.2622950819673,40594910.750873424,6,58,0,6,19,0,6,7,11,6,0,3.4594316186214273,29.6295108795166
563,2019-07-16 01:27:07.823010921,180,271.6222222222222,395343.31283950614,65.03603603603604,650.0887914941967,2135.3548387096776,37561791.93860561,4,60,0,4,23,0,8,8,16,5,0,3.9999999999769167,29.09013795852661
564,2019-07-16 01:27:37.823010921,129,268.6589147286822,310136.782885644,52.647887323943664,548.2281293394169,818.1176470588235,377893.9861591695,0,34,0,0,14,0,5,6,7,3,0,2.807354922047505,29.837394952774048
565,2019-07-16 01:28:07.823010921,120,269.81666666666666,385442.4997222222,59.69090909090909,205.99537190082646,785.8387096774194,372406.45785639953,0,31,0,0,13,0,5,5,6,2,0,2.5849625007125,29.765147924423218
566,2019-07-16 01:28:37.823010921,118,253.3050847457627,344244.04251651827,56.5,353.68333333333334,699.5666666666667,368564.64555555553,0,30,0,2,11,0,6,6,9,3,0,3.169925001429328,29.677064895629883
567,2019-07-16 01:29:07.823010921,115,282.3304347826087,399335.4560302457,55.611111111111114,444.3487654320987,930.28,351086.36159999995,0,25,0,0,13,0,4,4,4,1,0,1.9999999999942293,29.50704312324524
568,2019-07-16 01:29:37.823010921,117,282.44444444444446,392345.7853751187,57.310344827586206,1200.3174791914387,930.28,351086.36159999995,0,25,0,0,13,0,5,5,5,1,0,2.321928094880149,29.815426111221313
569,2019-07-16 01:30:07.823010921,121,271.93388429752065,381242.6733146643,48.31147540983606,730.0505240526738,930.28,351086.36159999995,0,25,0,0,13,0,4,4,4,1,0,1.9999999999942293,29.701483964920044
570,2019-07-16 01:30:37.823010921,148,253.22972972972974,355973.40668371075,63.19277108433735,672.9748875018144,11248.018867924528,153450480.24492705,21,44,0,0,15,0,5,5,7,3,0,2.807354922047505,29.791706085205078
571,2019-07-16 01:31:07.823010921,120,270.0083333333333,385229.4415972222,60.01960784313726,217.90157631680128,3024.3333333333335,55138322.0,2,27,0,0,13,0,4,5,7,3,0,2.807354922047505,28.97350001335144
572,2019-07-16 01:31:37.823010921,115,283.6695652173913,398805.50820415886,52.73684210526316,569.6675900277008,930.28,351086.36159999995,0,25,0,0,13,0,4,4,4,1,0,1.9999999999942293,29.75375199317932
573,2019-07-16 01:32:07.823010921,180,287.46666666666664,442061.43777777784,63.442477876106196,625.981204479599,2610.810344827586,51471605.42954815,4,56,0,2,24,0,7,7,14,6,0,3.807354922037407,29.64896512031555
574,2019-07-16 01:32:37.823010921,192,332.4322916666667,539258.6308322484,66.2406015037594,750.1375996381934,758.0,371073.22807017545,0,57,0,0,30,0,6,6,17,10,1,4.087462841225814,29.74983310699463
575,2019-07-16 01:33:07.823010921,141,255.72340425531914,342101.27810472314,52.75757575757576,541.850321395776,778.6470588235294,372218.52249134943,0,34,0,0,15,0,5,5,7,2,0,2.807354922047505,29.131179809570312
576,2019-07-16 01:33:37.823010921,187,328.8716577540107,529630.2295175727,67.96946564885496,734.3044111648505,717.875,361583.32366071426,0,56,0,0,28,0,6,6,18,11,1,4.169925001416344,29.85979914665222
577,2019-07-16 01:34:07.823010921,196,321.51020408163265,562265.7192836318,72.5,471.69262295081967,724.2830188679245,355929.5614097543,0,53,0,0,29,0,6,6,18,11,1,4.169925001416344,29.804285049438477
578,2019-07-16 01:34:37.823010921,111,301.94594594594594,486908.1592403215,57.63157894736842,315.39058171745154,784.7741935483871,373545.85223725287,0,31,0,0,13,0,5,5,6,2,0,2.5849625007125,29.782451152801514
579,2019-07-16 01:35:07.823010921,166,282.421686746988,422618.4486863115,63.08888888888889,564.1476543209877,789.9767441860465,382153.92969172524,0,43,0,0,19,0,6,6,12,4,0,3.584962500703843,29.538033962249756
580,2019-07-16 01:35:37.823010921,112,287.4107142857143,409045.18845663266,60.836363636363636,142.3914049586777,785.8387096774194,372406.4578563996,0,31,0,0,13,0,5,5,6,2,0,2.5849625007125,29.963967084884644
581,2019-07-16 01:36:07.823010921,129,262.25581395348837,359878.2213809266,51.059701492537314,609.2800178213411,785.8387096774194,372406.4578563996,0,31,0,0,13,0,5,5,6,2,0,2.5849625007125,29.76147198677063
582,2019-07-16 01:36:37.823010921,132,254.45454545454547,353223.1267217631,55.1875,427.65234375,729.5,373294.60294117645,0,34,0,2,13,0,5,5,6,2,0,2.5849625007125,29.887980937957764
583,2019-07-16 01:37:07.823010921,213,796.6150234741784,2158041.851793075,79.33116883116882,652.0266908416259,1540.232,46889892.450176,4,123,0,2,28,0,7,7,11,4,0,3.4594316186214273,28.98570418357849
584,2019-07-16 01:37:37.823010921,118,278.6525423728813,389709.12503590924,51.8448275862069,605.200059453032,930.28,351086.36159999995,0,25,0,0,13,0,4,4,5,1,0,2.321928094880149,29.943968057632446
585,2019-07-16 01:38:07.823010921,145,252.26896551724138,326207.75524375745,69.62068965517241,869.2009512485141,2467.1403508771928,42878103.62942445,6,54,0,6,21,0,6,6,11,5,0,3.4594316186214273,29.755341053009033
586,2019-07-16 01:38:37.823010921,114,281.2719298245614,403122.32079101255,59.89795918367347,226.41815910037485,930.28,351086.36159999995,0,25,0,0,13,0,4,4,4,1,0,1.9999999999942293,29.834048986434937
587,2019-07-16 01:39:07.823010921,124,271.76612903225805,372135.87272372516,49.56716417910448,781.6186233014034,867.5,346801.25,0,28,0,0,15,0,5,5,6,2,0,2.5849625007125,29.734256982803345
588,2019-07-16 01:39:37.823010921,129,259.0232558139535,360033.3095366866,54.63076923076923,774.7867455621302,799.125,336816.109375,0,32,0,2,15,0,5,5,7,2,0,2.807354922047505,29.60748314857483
589,2019-07-16 01:40:07.823010921,161,313.4223602484472,490301.52347517456,66.04081632653062,451.9983340274885,1837.4038461538462,30040008.125369832,2,51,0,0,25,0,6,6,12,5,0,3.584962500703843,29.84883189201355
590,2019-07-16 01:40:37.823010921,263,505.09125475285174,1396794.0829273232,66.13297872340425,461.0621038931643,1005.8389830508474,13872731.253734563,2,117,0,0,63,0,7,7,20,11,1,4.321928094858508,29.54942297935486
591,2019-07-16 01:41:07.823010921,144,258.6875,316187.21484375,60.71084337349398,575.5067498911309,6095.7692307692305,101590103.79289939,12,46,0,0,16,0,7,7,11,5,0,3.4594316186214273,29.720473051071167
592,2019-07-16 01:41:37.823010921,199,308.40201005025125,507935.3660261105,71.25925925925925,471.55500685871056,5301.833333333333,102182462.94444448,11,67,2,2,27,0,8,8,23,10,1,4.523561956023831,29.603824853897095
593,2019-07-16 01:42:07.823010921,200,312.635,546207.341775,69.88148148148149,908.0896570644719,1576.1935483870968,24848665.156087406,2,61,0,2,28,0,7,8,20,11,1,4.321928094858508,29.738473892211914
594,2019-07-16 01:42:37.823010921,144,267.5416666666667,362426.6927083333,50.42307692307692,635.5517751479291,800.3421052631579,369263.5408587258,0,38,0,0,17,0,5,5,6,2,0,2.5849625007125,29.590627193450928
595,2019-07-16 01:43:07.823010921,145,306.3862068965517,396691.574982164,65.24418604651163,451.2543266630613,779.5227272727273,376488.38584710745,0,44,0,0,17,0,6,6,11,4,0,3.4594316186214273,29.67896819114685
596,2019-07-16 01:43:37.823010921,126,267.6587301587302,317877.68512219714,58.01639344262295,296.8357968288094,818.1176470588235,377893.9861591695,0,34,0,0,14,0,5,5,7,2,0,2.807354922047505,29.65912914276123
597,2019-07-16 01:44:07.823010921,143,279.4965034965035,405782.43180595635,72.75308641975309,2743.0007620789515,1737.1489361702127,31114358.93526483,2,46,0,0,19,0,7,7,10,4,0,3.3219280948729355,29.73811101913452
598,2019-07-16 01:44:37.823010921,133,253.45112781954887,351065.0446039912,69.8125,1313.58984375,634.55,368445.2975,0,40,0,2,13,0,6,6,8,3,0,2.9999999999884586,29.397458791732788
599,2019-07-16 01:45:07.823010921,111,288.60360360360363,412060.22124827525,61.8421052631579,1438.2382271468146,815.2758620689655,385375.3032104639,0,29,0,2,14,0,5,5,6,2,0,2.5849625007125,29.75724697113037
600,2019-07-16 01:45:37.823010921,124,268.53225806451616,372693.8618626432,49.34426229508197,696.3241064230045,930.28,351086.36160000006,0,25,0,0,13,0,4,4,5,1,0,2.321928094880149,29.73329997062683
601,2019-07-16 01:46:07.823010921,112,284.4375,409684.2996651786,61.125,157.359375,930.28,351086.36160000006,0,25,0,0,13,0,4,4,4,1,0,1.9999999999942293,29.835664987564087
602,2019-07-16 01:46:37.823010921,105,302.9809523809524,432421.1996371883,58.8235294117647,284.73356401384086,930.28,351086.36160000006,0,25,0,0,13,0,4,4,4,1,0,1.9999999999942293,29.259326934814453
603,2019-07-16 01:47:07.823010921,181,533.939226519337,3269950.300173988,58.3125,474.8041294642857,2104.7428571428572,43731200.33387754,4,68,0,2,30,0,7,7,13,4,0,3.7004397181223365,29.887629985809326
604,2019-07-16 01:47:37.823010921,117,279.6666666666667,392979.9316239317,56.57627118644068,358.4814708417121,784.8709677419355,374361.144640999,0,29,2,2,15,0,5,5,6,2,0,2.5849625007125,29.837048053741455
605,2019-07-16 01:48:07.823010921,198,261.8888888888889,387795.2401795736,66.808,699.1471359999999,9089.506849315068,143957716.3321449,23,63,0,0,22,0,7,7,15,5,0,3.906890595586879,29.61177086830139
606,2019-07-16 01:48:37.823010921,186,317.7795698924731,527926.225604116,66.27131782945736,876.5232858602247,1878.8979591836735,32113899.03040401,2,49,0,0,24,0,6,7,20,11,1,4.321928094858508,29.81652593612671
607,2019-07-16 01:49:07.823010921,120,289.0416666666667,489303.00659722224,60.981818181818184,139.87239669421484,804.75,383899.0,0,32,0,0,13,0,5,5,6,2,0,2.5849625007125,28.80975890159607
608,2019-07-16 01:49:37.823010921,191,341.2303664921466,572746.6485019601,69.16279069767442,616.9269875608436,1361.457627118644,14646652.112611322,2,58,0,0,27,0,7,7,20,10,1,4.321928094858508,29.59190011024475
609,2019-07-16 01:50:07.823010921,328,238.984756097561,354222.2040359162,65.44569288389513,552.7414327596122,3555.0748663101604,62557459.65214903,19,178,1,0,90,0,8,8,22,10,1,4.459431618605558,29.90995693206787
610,2019-07-16 01:50:37.823010921,121,285.4793388429752,401545.73717642244,62.220338983050844,68.4768744613617,1559.5945945945946,21580888.72753836,1,37,0,0,15,0,5,6,7,3,0,2.807354922047505,29.6074378490448
611,2019-07-16 01:51:07.823010921,167,282.9580838323353,418911.4174047116,63.0625,667.37109375,789.9767441860465,382153.9296917253,0,43,0,0,19,0,6,6,13,5,0,3.7004397181223365,29.662736892700195
612,2019-07-16 01:51:37.823010921,127,263.01574803149606,365254.8186496372,51.76923076923077,587.0698224852069,785.8387096774194,372406.4578563996,0,31,0,0,13,0,5,5,6,2,0,2.5849625007125,29.318964958190918
613,2019-07-16 01:52:07.823010921,162,237.30246913580248,292878.06283340964,64.27659574468085,726.2000905387051,2508.438596491228,52799812.211141884,4,55,0,2,23,0,9,9,14,4,0,3.807354922037407,29.51262593269348
614,2019-07-16 01:52:37.823010921,128,263.515625,362456.3122558594,55.666666666666664,384.2222222222222,621.8780487804878,367569.37537180254,0,39,2,4,15,0,6,6,8,3,0,2.9999999999884586,29.819279193878174
615,2019-07-16 01:53:07.823010921,133,254.75187969924812,350706.09633105324,54.785714285714285,482.31122448979585,930.28,351086.36159999995,0,25,0,0,13,0,4,4,5,1,0,2.321928094880149,29.811352968215942
616,2019-07-16 01:53:37.823010921,108,293.89814814814815,422540.4988854594,58.72,289.8816,930.28,351086.36159999995,0,25,0,0,13,0,4,4,4,1,0,1.9999999999942293,29.030025005340576
617,2019-07-16 01:54:07.823010921,126,265.3095238095238,368053.65816326527,55.892857142857146,430.6313775510204,954.0,351649.0,0,26,0,0,13,0,4,4,4,1,0,1.9999999999942293,29.47826910018921
618,2019-07-16 01:54:37.823010921,113,285.7787610619469,405209.0572480225,50.758620689655174,646.0451843043995,930.28,351086.36159999995,0,25,0,0,13,0,4,4,4,1,0,1.9999999999942293,28.538466930389404
619,2019-07-16 01:55:07.823010921,120,272.1666666666667,385058.2888888888,61.183673469387756,154.31320283215325,930.28,351086.36159999995,0,25,0,0,13,0,4,4,5,1,0,2.321928094880149,29.52616786956787
620,2019-07-16 01:55:37.823010921,107,298.5700934579439,425446.02078784164,58.8235294117647,284.73356401384086,930.28,351086.36159999995,0,25,0,0,13,0,4,4,4,1,0,1.9999999999942293,29.09079384803772
621,2019-07-16 01:56:07.823010921,163,301.5644171779141,504259.53419398546,62.27272727272727,687.9357208448115,1978.4130434782608,33745174.67722118,2,45,0,0,21,0,6,6,12,5,0,3.584962500703843,29.682050943374634
622,2019-07-16 01:56:37.823010921,182,334.467032967033,621612.5785835044,72.28318584070796,468.11449604510915,718.7,362220.77,0,50,0,0,27,0,6,6,17,10,1,4.087462841225814,29.571579933166504
623,2019-07-16 01:57:07.823010921,141,266.41843971631204,395132.71143302653,58.33766233766234,414.4574127171528,1930.6818181818182,34433887.262396686,2,43,0,2,17,0,7,7,10,3,0,3.3219280948729355,29.277185916900635
624,2019-07-16 01:57:37.823010921,200,312.66,552039.6244000001,63.84090909090909,911.3913567493113,709.1296296296297,359809.77949245536,0,54,0,0,27,0,6,6,17,10,1,4.087462841225814,29.899231910705566
625,2019-07-16 01:58:07.823010921,177,345.77966101694915,583742.3864789812,71.36440677966101,493.4180551565642,783.4444444444445,378553.76543209865,0,54,0,0,27,0,6,6,16,9,0,3.9999999999769167,29.60811710357666
626,2019-07-16 01:58:37.823010921,132,281.17424242424244,452209.3257001836,58.08196721311475,296.4686912120399,782.2647058823529,368231.31228373706,0,34,0,0,15,0,5,5,6,2,0,2.5849625007125,29.421486854553223
627,2019-07-16 01:59:07.823010921,158,290.24050632911394,441359.2332959462,63.619565217391305,655.757443289225,789.9767441860465,382153.9296917253,0,43,0,0,19,0,6,6,13,5,0,3.7004397181223365,29.394036054611206
628,2019-07-16 01:59:37.823010921,120,276.65833333333336,384427.8249305556,62.07142857142857,73.85204081632654,785.8387096774194,372406.4578563996,0,31,0,0,13,0,5,5,6,2,0,2.5849625007125,29.68390917778015
629,2019-07-16 02:00:07.823010921,123,266.3983739837398,376363.6055258114,53.967213114754095,491.0808922332706,785.8387096774194,372406.4578563996,0,31,0,0,13,0,5,5,6,2,0,2.5849625007125,28.65495800971985
630,2019-07-16 02:00:37.823010921,145,275.7448275862069,433232.93488703924,52.84931506849315,534.9224995308689,743.0769230769231,369969.66074950696,0,39,0,2,16,0,5,5,6,2,0,2.5849625007125,29.361881971359253
631,2019-07-16 02:01:07.823010921,105,278.0952380952381,322495.09569161,65.10416666666667,924.4266493055555,954.0,351649.0,0,24,0,0,12,0,5,5,6,1,0,2.5849625007125,29.350047826766968
632,2019-07-16 02:01:37.823010921,121,326.1735537190083,494424.45748241234,57.540983606557376,348.9368449341576,936.030303030303,351326.0899908173,0,33,0,0,17,0,4,4,4,1,0,1.9999999999942293,29.607340812683105
633,2019-07-16 02:02:07.823010921,126,265.42063492063494,367262.1325900731,57.161764705882355,511.8708910034601,2336.2571428571428,42435101.791020416,2,34,0,2,15,0,6,6,8,3,0,2.9999999999884586,29.31950807571411
634,2019-07-16 02:02:37.823010921,121,275.8677685950413,381244.06515948346,58.054545454545455,325.68793388429754,930.28,351086.36159999995,0,25,0,0,13,0,4,5,5,2,0,2.321928094880149,29.373959064483643
635,2019-07-16 02:03:07.823010921,111,291.7927927927928,411293.731839948,53.8421052631579,523.7119113573408,930.28,351086.36159999995,0,25,0,0,13,0,4,5,6,2,0,2.5849625007125,29.3091139793396
636,2019-07-16 02:03:37.823010921,122,273.88524590163934,378017.937651169,50.377049180327866,660.4643912926633,930.28,351086.36159999995,0,25,0,0,13,0,4,4,4,1,0,1.9999999999942293,29.604692935943604
637,2019-07-16 02:04:07.823010921,158,311.37974683544303,510787.1342733536,67.50537634408602,383.0456700196554,1994.468085106383,32979194.248981457,2,46,0,0,20,0,6,8,13,5,0,3.7004397181223365,29.678344011306763
638,2019-07-16 02:04:37.823010921,191,351.29842931937173,636579.9371179519,70.00813008130082,554.577169674136,772.4363636363636,378627.15504132217,0,55,0,0,27,0,6,7,18,10,1,4.169925001416344,29.243688821792603
639,2019-07-16 02:05:07.823010921,121,267.4297520661157,375775.1376272113,54.967213114754095,446.1956463316311,755.2666666666667,370314.6622222222,0,30,0,0,13,0,5,5,6,2,0,2.5849625007125,29.43190097808838
640,2019-07-16 02:05:37.823010921,190,340.46315789473687,584391.4802216067,71.11111111111111,540.2733686067019,753.2280701754386,375876.5269313635,0,57,0,0,27,0,6,6,19,11,1,4.247927513416173,29.73841404914856
641,2019-07-16 02:06:07.823010921,183,332.74863387978144,603192.8111320134,68.69491525423729,694.5340419419705,737.4166666666666,367733.8680555555,0,48,0,0,24,0,6,6,17,10,1,4.087462841225814,29.71801209449768
642,2019-07-16 02:06:37.823010921,136,287.2720588235294,369493.00686634943,53.22666666666667,524.9486222222222,808.025,369504.32437499997,0,40,0,0,18,0,5,5,6,2,0,2.5849625007125,29.330575942993164
643,2019-07-16 02:07:07.823010921,258,710.9341085271318,1675215.9995342826,78.26395939086295,738.732355896828,1384.0896551724138,40607818.812651604,4,143,0,2,33,0,8,8,17,7,0,4.087462841225814,29.870246171951294
644,2019-07-16 02:07:37.823010921,126,264.515873015873,368032.2973670951,57.15151515151515,521.3406795224978,3792.6944444444443,66841933.76774689,5,34,0,0,13,0,6,6,10,4,0,3.3219280948729355,29.82301616668701
645,2019-07-16 02:08:07.823010921,158,225.24683544303798,299849.07198365644,65.11627906976744,1081.6841535965386,8935.944444444445,141269691.64506173,16,47,0,0,15,0,8,8,12,5,0,3.584962500703843,29.911983013153076
646,2019-07-16 02:08:37.823010921,117,275.45299145299145,394041.08539703407,60.813559322033896,134.38896868715884,2311.1944444444443,42882430.37885803,2,36,0,2,13,0,5,6,8,4,0,2.9999999999884586,29.270477056503296
647,2019-07-16 02:09:07.823010921,126,263.91269841269843,368105.111426052,57.08620689655172,479.87187871581455,891.0,350146.2068965517,0,29,0,0,15,0,5,5,6,2,0,2.5849625007125,29.827926874160767
648,2019-07-16 02:09:37.823010921,124,286.81451612903226,427275.6994667015,54.63076923076923,774.7867455621302,813.3870967741935,341180.7533818938,0,31,0,2,14,0,5,5,7,2,0,2.807354922047505,29.886399030685425
649,2019-07-16 02:10:07.823010921,127,242.61417322834646,322325.60704321414,51.42857142857143,621.780612244898,928.2173913043479,350984.2570888469,0,23,0,0,12,0,4,4,4,1,0,1.9999999999942293,29.79238200187683
650,2019-07-16 02:10:37.823010921,106,305.47169811320754,435716.1548593806,58.72,289.8816,930.28,351086.36159999995,0,25,0,0,13,0,4,4,4,1,0,1.9999999999942293,29.756879091262817
651,2019-07-16 02:11:07.823010921,118,279.96610169491527,389738.5751220914,52.93103448275862,561.9952437574316,930.28,351086.36159999995,0,25,0,0,13,0,4,4,4,1,0,1.9999999999942293,29.38275408744812
652,2019-07-16 02:11:37.823010921,109,296.22935779816515,418413.9198720647,62.46938775510204,78.90212411495212,930.28,351086.36159999995,0,25,0,0,13,0,4,4,5,1,0,2.321928094880149,29.88056206703186
653,2019-07-16 02:12:07.823010921,184,305.8478260869565,470669.49858223065,63.570247933884296,582.1293627484462,2409.9848484848485,45567645.9543159,4,64,0,2,28,0,7,7,14,6,0,3.807354922037407,29.734359979629517
654,2019-07-16 02:12:37.823010921,195,322.95384615384614,525431.6542800791,64.75,923.3051470588235,758.0925925925926,374322.8617969822,0,54,0,0,27,0,6,6,18,11,1,4.169925001416344,29.607194900512695
655,2019-07-16 02:13:07.823010921,122,283.28688524590166,447499.0734345607,61.05357142857143,137.6221301020408,780.8064516129032,377937.4464099896,0,31,0,0,13,0,5,5,6,2,0,2.5849625007125,29.659239053726196
656,2019-07-16 02:13:37.823010921,200,328.125,552515.689375,69.88721804511279,582.4158516592233,759.8548387096774,373288.96279916755,0,62,0,0,31,0,6,6,19,11,1,4.247927513416173,29.764781951904297
657,2019-07-16 02:14:07.823010921,190,328.7263157894737,526127.6303601107,67.92913385826772,679.6563953127904,754.3103448275862,363905.3519619501,0,58,0,0,30,0,6,6,17,10,1,4.087462841225814,29.10248112678528
658,2019-07-16 02:14:37.823010921,123,292.4308943089431,447919.9688016393,62.224137931034484,69.69114149821641,782.2647058823529,368231.3122837371,0,34,0,0,15,0,5,5,6,2,0,2.5849625007125,29.60842490196228
659,2019-07-16 02:15:07.823010921,156,298.7307692307692,456160.06854043383,61.84615384615385,638.5917159763313,780.2272727272727,377555.8574380165,0,44,0,0,20,0,6,6,11,4,0,3.4594316186214273,29.670902967453003
660,2019-07-16 02:15:37.823010921,135,252.94814814814814,345365.75286694115,54.84848484848485,1194.4921946740128,785.8387096774194,372406.4578563996,0,31,0,0,13,0,6,6,8,2,0,2.9999999999884586,28.99899196624756
661,2019-07-16 02:16:07.823010921,117,297.017094017094,452734.4441522392,60.981818181818184,139.87239669421484,809.625,378308.171875,0,32,0,0,13,0,5,5,6,2,0,2.5849625007125,29.27263593673706
662,2019-07-16 02:16:37.823010921,129,331.69767441860466,596309.0016224987,59.47761194029851,221.5629316106037,753.3658536585366,371140.2807852468,0,41,0,2,17,0,5,5,6,2,0,2.5849625007125,29.446648836135864
663,2019-07-16 02:17:07.823010921,132,262.5151515151515,358229.8103764922,57.161764705882355,511.8708910034601,2336.2571428571428,42435101.791020416,2,34,0,2,15,0,6,6,9,3,0,3.169925001429328,29.6549870967865
664,2019-07-16 02:17:37.823010921,118,279.45762711864404,389930.51939097955,55.763636363636365,437.52595041322314,930.28,351086.36159999995,0,25,0,0,13,0,4,4,4,1,0,1.9999999999942293,29.76167607307434
665,2019-07-16 02:18:07.823010921,109,340.1834862385321,591674.4250483967,55.892857142857146,430.6313775510204,932.0370370370371,351166.62825788755,0,27,0,0,14,0,4,4,4,1,0,1.9999999999942293,29.69879412651062
666,2019-07-16 02:18:37.823010921,130,260.81538461538463,357424.3813017752,50.377049180327866,660.4643912926633,930.28,351086.36159999995,0,25,0,0,13,0,4,4,4,1,0,1.9999999999942293,29.884759187698364
667,2019-07-16 02:19:07.823010921,112,299.8125,412982.29520089284,59.092592592592595,270.1580932784637,911.6428571428571,349854.8724489795,0,28,0,0,15,0,4,4,5,1,0,2.321928094880149,29.108502864837646
668,2019-07-16 02:19:37.823010921,121,277.801652892562,329692.2747080117,59.163636363636364,265.51867768595037,954.0,351649.0,0,28,0,0,14,0,4,4,4,1,0,1.9999999999942293,29.18404984474182
669,2019-07-16 02:20:07.823010921,151,327.26490066225165,558816.8172448578,63.45263157894737,637.38459833795,2036.5217391304348,33613013.293005675,2,45,0,2,20,0,6,6,12,5,0,3.584962500703843,29.60837411880493
670,2019-07-16 02:20:37.823010921,190,323.29473684210524,556129.9762880887,72.34745762711864,468.88774777362823,1845.764705882353,30619057.121107265,2,50,0,0,27,0,6,6,18,11,1,4.169925001416344,29.80496907234192
671,2019-07-16 02:21:07.823010921,126,284.54761904761904,376076.10487528355,56.56060606060606,372.36753902662986,775.9459459459459,368423.0781592404,0,37,0,0,17,0,5,5,7,2,0,2.807354922047505,29.785117864608765
672,2019-07-16 02:21:37.823010921,194,329.37628865979383,583351.5439738547,64.77692307692308,864.6502366863907,692.2264150943396,354153.87326450704,0,53,0,0,27,0,6,6,17,10,1,4.087462841225814,29.63632583618164
673,2019-07-16 02:22:07.823010921,265,648.4792452830188,3258997.426927733,69.00966183574879,460.57961679385755,1385.5666666666666,26286482.09555556,4,118,0,2,57,0,8,8,26,16,1,4.700439718103583,29.568862199783325
674,2019-07-16 02:22:37.823010921,162,287.75925925925924,442046.3185871056,54.391752577319586,451.66096290785424,707.8064516129032,328674.5754422476,0,62,0,2,31,0,7,7,10,4,0,3.3219280948729355,29.655285835266113
675,2019-07-16 02:23:07.823010921,166,282.43975903614455,458905.01745536365,58.091743119266056,729.4778217321774,643.2545454545455,312955.1715702479,0,55,0,0,28,0,7,7,13,4,0,3.7004397181223365,29.37432098388672
676,2019-07-16 02:23:37.823010921,142,244.95070422535213,329523.7229220393,56.68,332.3776,635.6086956521739,298460.67296786385,0,46,0,0,23,0,6,6,9,3,0,3.169925001429328,29.607378005981445
677,2019-07-16 02:24:07.823010921,135,254.2962962962963,344814.5344307269,55.23376623376623,402.1791195817169,635.6086956521739,298460.67296786385,0,46,0,0,23,0,6,6,8,3,0,2.9999999999884586,29.660022020339966
678,2019-07-16 02:24:37.823010921,147,238.16326530612244,319596.5855893378,56.68,332.3776,635.6086956521739,298460.67296786385,0,46,0,0,23,0,6,6,8,3,0,2.9999999999884586,29.628950834274292
679,2019-07-16 02:25:07.823010921,119,276.9495798319328,386699.29157545365,60.73529411764706,121.07698961937722,631.2045454545455,324810.8445247934,0,41,3,4,20,0,6,6,9,3,0,3.169925001429328,29.585596084594727
680,2019-07-16 02:25:37.823010921,128,262.0703125,314077.31536865234,56.872727272727275,382.43834710743806,954.0,351649.0,0,28,0,0,14,0,4,4,4,1,0,1.9999999999942293,29.61876893043518
681,2019-07-16 02:26:07.823010921,114,287.10526315789474,401850.44506001845,54.92982456140351,475.0126192674669,954.0,351649.0,0,26,0,0,13,0,4,4,4,1,0,1.9999999999942293,29.65531015396118
682,2019-07-16 02:26:37.823010921,130,256.9846153846154,358274.661301775,56.75925925925926,388.8124142661179,954.0,351649.0,0,26,0,0,13,0,4,4,4,1,0,1.9999999999942293,29.415151119232178
683,2019-07-16 02:27:07.823010921,125,271.648,369046.964096,56.563380281690144,535.6262646300337,2336.2571428571428,42435101.791020416,2,34,0,2,15,0,6,6,8,3,0,2.9999999999884586,29.55635690689087
684,2019-07-16 02:27:37.823010921,123,281.3008130081301,454677.3322757617,52.03389830508475,597.0158000574547,932.0370370370371,351166.62825788755,0,27,0,0,14,0,4,4,5,1,0,2.321928094880149,29.734899044036865
685,2019-07-16 02:28:07.823010921,159,315.1069182389937,498068.1080653454,66.10526315789474,466.1362880886426,1966.7083333333333,32324571.039930563,2,47,0,2,22,0,6,6,12,5,0,3.584962500703843,29.769126176834106
686,2019-07-16 02:28:37.823010921,184,333.9945652173913,561903.8858400283,70.03305785123968,620.048493955331,1885.6346153846155,29948999.65495561,2,51,0,0,25,0,6,6,18,11,1,4.169925001416344,29.636173009872437
687,2019-07-16 02:29:07.823010921,139,265.45323741007195,377357.8017700947,59.932432432432435,597.1440832724617,5036.204545454545,87535367.6627066,8,39,2,0,15,0,6,6,9,4,0,3.169925001429328,29.7242910861969
688,2019-07-16 02:29:37.823010921,196,324.01020408163265,545476.0815285296,69.15503875968992,943.619373835707,765.9137931034483,381179.56153388816,0,58,0,0,27,0,7,7,19,10,1,4.247927513416173,29.651968955993652
689,2019-07-16 02:30:07.823010921,205,314.2439024390244,582752.2624628198,63.88636363636363,911.1916322314049,745.7924528301887,366627.22107511567,0,53,0,0,27,0,6,6,17,10,1,4.087462841225814,29.49553680419922
690,2019-07-16 02:30:37.823010921,120,260.30833333333334,381820.6632638889,55.14545454545455,434.77884297520677,758.5925925925926,373074.6117969822,0,27,0,0,11,0,5,5,6,2,0,2.5849625007125,29.36671805381775
691,2019-07-16 02:31:07.823010921,164,306.8841463414634,462617.0048706128,66.21052631578948,464.1872576177286,800.18,378645.50759999995,0,50,0,0,23,0,6,6,13,5,0,3.7004397181223365,29.763769149780273
692,2019-07-16 02:31:37.823010921,125,245.312,277366.23065600015,58.526315789473685,258.8808864265928,782.3225806451613,375804.0249739855,0,31,0,2,12,0,5,5,6,2,0,2.5849625007125,29.653439044952393
693,2019-07-16 02:32:07.823010921,136,251.2058823529412,343478.634083045,55.55714285714286,584.7895918367348,2336.2571428571428,42435101.791020416,2,34,0,2,15,0,6,6,8,3,0,2.9999999999884586,29.759077072143555
694,2019-07-16 02:32:37.823010921,111,294.26126126126127,411496.49931012094,52.93103448275862,561.9952437574316,930.28,351086.36159999995,0,25,0,0,13,0,4,4,4,1,0,1.9999999999942293,29.701528072357178
695,2019-07-16 02:33:07.823010921,115,282.97391304347826,399737.9384499055,55.611111111111114,444.3487654320987,930.28,351086.36159999995,0,25,0,0,13,0,4,4,5,1,0,2.321928094880149,29.064507007598877
696,2019-07-16 02:33:37.823010921,118,279.6779661016949,390366.40476874466,54.785714285714285,482.31122448979596,930.28,351086.36159999995,0,25,0,0,13,0,4,4,4,1,0,1.9999999999942293,29.767128944396973
697,2019-07-16 02:34:07.823010921,115,306.62608695652176,446007.712362949,61.388888888888886,140.4598765432099,954.0,351649.0,0,30,0,0,15,0,4,4,4,1,0,1.9999999999942293,29.712407112121582
698,2019-07-16 02:34:37.823010921,109,296.72477064220186,418805.135257975,58.92307692307692,279.76331360946745,930.28,351086.36159999995,0,25,0,0,13,0,4,4,4,1,0,1.9999999999942293,29.603265047073364
699,2019-07-16 02:35:07.823010921,120,274.275,384787.049375,52.73684210526316,569.6675900277008,930.28,351086.36159999995,0,25,0,0,13,0,4,4,5,1,0,2.321928094880149,29.658637046813965
700,2019-07-16 02:35:37.823010921,119,279.7310924369748,387319.2218063697,56.90909090909091,382.9190082644628,930.28,351086.36159999995,0,25,0,0,13,0,4,4,4,1,0,1.9999999999942293,29.524987936019897
701,2019-07-16 02:36:07.823010921,161,317.37888198757764,514867.61421241466,63.39,673.1978999999998,1975.6382978723404,33008500.145767305,2,46,0,2,22,0,6,6,13,6,0,3.7004397181223365,29.39660096168518
702,2019-07-16 02:36:37.823010921,202,315.63366336633663,536684.0044113321,68.20143884892086,637.3263288649656,2458.8153846153846,46823426.119763315,4,63,0,4,28,0,6,6,20,12,1,4.321928094858508,29.603745937347412
703,2019-07-16 02:37:07.823010921,227,781.1453744493392,2025801.0934037142,79.39263803680981,694.4470623659151,1481.03007518797,44133519.81864436,4,131,0,2,34,0,7,7,12,4,0,3.584962500703843,29.66259503364563
704,2019-07-16 02:37:37.823010921,216,305.3425925925926,481414.0678155007,69.00657894736842,759.3223251385041,1358.5822784810127,20275259.939432785,2,75,3,2,38,0,7,7,19,10,1,4.247927513416173,29.817705869674683
705,2019-07-16 02:38:07.823010921,177,348.51977401129943,638719.3230553161,68.01639344262296,709.4915345337275,728.6153846153846,362941.69822485215,0,52,0,0,27,0,6,6,17,10,1,4.087462841225814,29.602802991867065
706,2019-07-16 02:38:37.823010921,132,274.29545454545456,368863.102100551,58.42028985507246,459.40306658265064,814.4117647058823,382183.124567474,0,34,0,0,14,0,6,7,9,4,0,3.169925001429328,29.601186990737915
707,2019-07-16 02:39:07.823010921,162,301.5987654320988,504384.15382563643,59.0873786407767,770.7399377886695,1965.063829787234,33044821.889542773,2,46,0,4,19,0,7,10,15,5,0,3.906890595586879,29.66615891456604
708,2019-07-16 02:39:37.823010921,120,284.3,426140.64333333337,55.45283018867924,451.379850480598,930.28,351086.36159999995,0,25,0,0,13,0,4,4,4,1,0,1.9999999999942293,29.793617010116577
709,2019-07-16 02:40:07.823010921,105,305.3142857142857,432706.36789115646,58.92307692307692,279.76331360946745,930.28,351086.36159999995,0,25,0,0,13,0,4,4,4,1,0,1.9999999999942293,29.750248908996582
710,2019-07-16 02:40:37.823010921,122,267.172131147541,380177.0113544746,58.72,289.8816,930.28,351086.36159999995,0,25,0,0,13,0,4,4,4,1,0,1.9999999999942293,29.67033886909485
711,2019-07-16 02:41:07.823010921,112,288.80357142857144,409180.3899872449,54.61818181818182,489.5087603305786,930.28,351086.36159999995,0,25,0,0,13,0,4,4,4,1,0,1.9999999999942293,28.719616889953613
712,2019-07-16 02:41:37.823010921,138,247.231884057971,340140.511447175,65.4776119402985,414.9360659389619,9687.243902439024,144322481.9892921,13,35,0,0,13,0,5,5,8,3,0,2.9999999999884586,29.62232208251953
713,2019-07-16 02:42:07.823010921,137,254.4963503649635,340388.2791837605,58.204819277108435,1087.560458702279,7036.116279069767,134520449.77717683,9,41,0,2,15,0,7,8,12,6,0,3.584962500703843,29.60791015625
714,2019-07-16 02:42:37.823010921,122,271.12295081967216,379170.07504703035,51.8448275862069,605.2000594530323,930.28,351086.36159999995,0,25,0,0,13,0,4,4,4,1,0,1.9999999999942293,29.674995183944702
715,2019-07-16 02:43:07.823010921,107,300.29906542056074,426013.6488776314,61.24,151.3824,930.28,351086.36159999995,0,25,0,0,13,0,4,4,4,1,0,1.9999999999942293,29.059930086135864
716,2019-07-16 02:43:37.823010921,112,288.76785714285717,409229.51753826527,57.71153846153846,342.3206360946746,930.28,351086.36159999995,0,25,0,0,13,0,4,4,5,1,0,2.321928094880149,29.04382586479187
717,2019-07-16 02:44:07.823010921,205,305.5121951219512,467325.5279000595,77.26845637583892,2047.270213053466,2888.3655913978496,56980027.67279453,10,88,0,6,35,0,8,8,20,7,0,4.321928094858508,28.678133010864258
718,2019-07-16 02:44:37.823010921,223,292.07174887892376,450380.1383498561,76.01960784313725,1173.19569396386,2080.7558139534885,37358398.13804759,6,83,0,6,33,0,8,8,24,10,1,4.584962500686531,29.67843198776245
719,2019-07-16 02:45:07.823010921,219,237.1917808219178,249114.40157628065,79.1055900621118,1148.9267389375411,3542.2,68651942.4676923,21,119,2,19,38,0,8,8,19,12,1,4.247927513416173,29.89331603050232
720,2019-07-16 02:45:37.823010921,247,345.35222672064776,516309.92856791615,74.92307692307692,779.1589180050718,2376.2685185185187,44623792.881601505,10,103,0,5,43,0,7,7,25,12,1,4.643856189738657,29.603405952453613
721,2019-07-16 02:46:07.823010921,285,552.7052631578947,888379.113130194,78.51541850220265,656.2585728424771,1494.7484662576687,26353726.02875531,10,158,0,11,52,0,7,7,25,10,1,4.643856189738657,29.683144092559814
722,2019-07-16 02:46:37.823010921,140,265.2,355107.16,60.73529411764706,316.2534602076124,714.6744186046511,381106.77771768515,0,43,0,4,16,0,6,6,8,3,0,2.9999999999884586,29.360628128051758
723,2019-07-16 02:47:07.823010921,159,293.20754716981133,438199.1456034176,62.32710280373832,669.4537514193381,2782.3703703703704,54856370.04801098,4,52,0,4,21,0,7,7,15,6,0,3.906890595586879,29.024527072906494
724,2019-07-16 02:47:37.823010921,127,262.9448818897638,365881.8473556946,51.8448275862069,605.2000594530324,930.28,351086.36160000006,0,25,0,0,13,0,4,4,4,1,0,1.9999999999942293,29.716989994049072
725,2019-07-16 02:48:07.823010921,108,297.81481481481484,422144.89163237315,53.660714285714285,531.1884566326531,930.28,351086.36160000006,0,25,0,0,13,0,4,4,4,1,0,1.9999999999942293,29.71153998374939
726,2019-07-16 02:48:37.823010921,132,276.84090909090907,430405.3913567493,50.596774193548384,652.7567637877212,908.3846153846154,349568.23668639053,0,26,0,0,14,0,4,4,4,1,0,1.9999999999942293,29.507061004638672
727,2019-07-16 02:49:07.823010921,106,476.91509433962267,1047286.568262727,61.407407407407405,140.53772290809326,896.6129032258065,348355.72112382954,0,31,0,0,16,0,4,4,5,1,0,2.321928094880149,29.94539499282837
728,2019-07-16 02:49:37.823010921,117,274.05128205128204,297881.39907955297,59.18181818181818,265.6760330578513,932.0370370370371,351166.62825788755,0,27,0,0,14,0,4,4,4,1,0,1.9999999999942293,29.542848110198975
729,2019-07-16 02:50:07.823010921,131,280.3435114503817,396456.7751296545,48.044117647058826,737.8657006920413,933.551724137931,351230.86801426875,0,29,0,0,15,0,4,4,4,1,0,1.9999999999942293,29.82261610031128
730,2019-07-16 02:50:37.823010921,111,291.73873873873873,412647.85066147224,62.46938775510204,78.90212411495209,930.28,351086.36159999995,0,25,0,0,13,0,4,4,4,1,0,1.9999999999942293,29.156914949417114
731,2019-07-16 02:51:07.823010921,117,282.22222222222223,393144.83950617287,53.8421052631579,523.7119113573407,930.28,351086.36159999995,0,25,0,0,13,0,4,4,5,1,0,2.321928094880149,29.693114042282104
732,2019-07-16 02:51:37.823010921,117,282.79487179487177,392830.4707429323,51.2,630.1599999999999,930.28,351086.36159999995,0,25,0,0,13,0,4,4,4,1,0,1.9999999999942293,29.721338033676147
733,2019-07-16 02:52:07.823010921,186,281.13440860215053,450638.4819343276,68.19130434782609,768.1894896030244,2501.8870967741937,48348178.0033819,4,60,0,4,25,0,8,8,16,7,0,3.9999999999769167,29.039214849472046
734,2019-07-16 02:52:37.823010921,186,336.7795698924731,548158.3331309978,68.98461538461538,720.9536094674556,1862.826923076923,29990976.335428998,2,51,0,0,26,0,6,6,19,12,1,4.247927513416173,29.6734299659729
735,2019-07-16 02:53:07.823010921,118,260.09322033898303,380782.22012352775,54.5,464.83620689655174,767.7241379310345,378800.68252080854,0,29,0,0,12,0,5,5,6,2,0,2.5849625007125,29.76254916191101
736,2019-07-16 02:53:37.823010921,189,342.83068783068785,582107.5586349765,69.6640625,536.6605834960938,772.1833333333333,381335.1163888888,0,60,0,0,29,0,6,6,18,10,1,4.169925001416344,29.87172794342041
737,2019-07-16 02:54:07.823010921,198,323.2828282828283,515064.9301091725,68.17293233082707,643.8272372660977,1621.873015873016,25074545.444192488,2,62,0,4,29,0,6,6,19,11,1,4.247927513416173,28.997169017791748
738,2019-07-16 02:54:37.823010921,120,292.71666666666664,401636.6030555555,51.96875,599.6552734375,914.3,350271.41000000003,0,30,0,0,14,0,4,4,6,2,0,2.5849625007125,28.90481400489807
739,2019-07-16 02:55:07.823010921,157,332.69426751592357,567394.2504766927,65.53684210526316,438.6486426592795,1895.4117647058824,30522921.614763558,2,50,0,2,22,0,6,6,14,5,0,3.807354922037407,29.65245294570923
740,2019-07-16 02:55:37.823010921,116,278.0689655172414,397337.8917954817,58.72,289.8816,930.28,351086.36160000006,0,25,0,0,13,0,4,4,5,1,0,2.321928094880149,29.78802514076233
741,2019-07-16 02:56:07.823010921,114,259.53508771929825,355619.1961372731,51.924528301886795,603.2395870416518,925.7619047619048,350851.6099773243,0,21,0,0,11,0,4,4,4,1,0,1.9999999999942293,29.00196385383606
742,2019-07-16 02:56:37.823010921,111,301.036036036036,417190.57527798065,62.509803921568626,75.85774702037676,911.6428571428571,349854.8724489795,0,28,0,0,15,0,4,4,4,1,0,1.9999999999942293,29.666647911071777
743,2019-07-16 02:57:07.823010921,165,570.4848484848485,5286836.97704316,60.16831683168317,422.6746397412018,2360.1967213114754,49650006.35474333,4,59,0,2,26,0,7,7,12,4,0,3.584962500703843,29.82155203819275
744,2019-07-16 02:57:37.823010921,149,238.55704697986576,315739.8843295346,48.02298850574713,614.2293565860747,2393.31914893617,39082778.85559077,4,43,2,6,17,0,6,6,10,4,0,3.3219280948729355,29.8268039226532
745,2019-07-16 02:58:07.823010921,113,284.8053097345133,406775.0063434881,61.183673469387756,154.31320283215328,930.28,351086.36159999995,0,25,0,0,13,0,4,4,4,1,0,1.9999999999942293,29.40448498725891
746,2019-07-16 02:58:37.823010921,107,298.89719626168227,425938.74644073716,57.71153846153846,342.32063609467474,930.28,351086.36159999995,0,25,0,0,13,0,4,4,4,1,0,1.9999999999942293,29.607792854309082
747,2019-07-16 02:59:07.823010921,121,274.45454545454544,381786.36363636365,52.93103448275862,561.9952437574316,930.28,351086.36159999995,0,25,0,0,13,0,4,4,4,1,0,1.9999999999942293,29.714680910110474
748,2019-07-16 02:59:37.823010921,112,285.0267857142857,410144.88321109704,62.40425531914894,82.15572657310996,930.28,351086.36159999995,0,25,0,0,13,0,4,4,5,1,0,2.321928094880149,29.853621006011963
749,2019-07-16 03:00:07.823010921,157,319.6496815286624,508010.0874680514,62.76699029126213,626.5670656989349,2421.176470588235,44646319.67474047,3,50,0,0,22,0,6,6,12,5,0,3.584962500703843,29.44230008125305
750,2019-07-16 03:00:37.823010921,191,318.0052356020942,631696.4449987665,66.04237288135593,880.5660011490951,713.5681818181819,368770.92716942145,0,44,0,0,22,0,6,6,17,10,1,4.087462841225814,29.30620503425598
751,2019-07-16 03:01:07.823010921,116,306.7586206896552,539759.9072532698,64.30909090909091,815.595371900827,804.7,372837.4099999999,0,30,0,2,13,0,6,6,7,2,0,2.807354922047505,29.73179316520691
752,2019-07-16 03:01:37.823010921,184,328.32065217391306,766922.9678343573,69.75221238938053,707.4430260787846,1955.2045454545455,35380853.162706606,2,43,0,0,20,0,6,6,19,11,1,4.247927513416173,29.289107084274292
753,2019-07-16 03:02:07.823010921,199,341.75879396984925,611228.2935784449,67.84285714285714,662.032448979592,1536.3939393939395,23391584.39026629,2,65,0,2,30,0,7,7,19,11,1,4.247927513416173,29.60736393928528
754,2019-07-16 03:02:37.823010921,131,267.23664122137404,420537.5394207797,57.741379310344826,310.64001189060644,781.7741935483871,376846.81997918827,0,31,0,0,13,0,5,5,6,2,0,2.5849625007125,29.723376989364624
755,2019-07-16 03:03:07.823010921,142,306.5845070422535,530078.2428585598,63.03703703703704,626.7764060356653,727.8108108108108,372285.9912344778,0,37,0,0,17,0,6,6,11,4,0,3.4594316186214273,28.897797107696533
756,2019-07-16 03:03:37.823010921,134,257.2686567164179,348003.83827133,51.25,602.7463235294117,782.8387096774194,375667.9417273674,0,31,0,0,13,0,5,5,7,2,0,2.807354922047505,29.888105154037476
757,2019-07-16 03:04:07.823010921,223,321.84304932735427,458583.728729715,79.05590062111801,698.065198101925,4007.81884057971,85450816.65558708,22,122,5,11,37,0,7,7,14,9,0,3.807354922037407,29.684913873672485
758,2019-07-16 03:04:37.823010921,152,256.07894736842104,338787.84903047094,68.24418604651163,598.1845592212007,2683.233333333333,52172235.345555544,6,56,1,7,17,0,7,7,11,6,0,3.4594316186214273,29.724125146865845
759,2019-07-16 03:05:07.823010921,126,265.93650793650795,368444.2499370119,55.96923076923077,424.2759763313609,5815.794117647059,116305288.22231834,6,28,3,0,13,0,5,5,6,2,0,2.5849625007125,29.83573293685913
760,2019-07-16 03:05:37.823010921,134,253.67164179104478,348845.7429271553,60.803030303030305,170.52180899908174,7851.425,150530642.49437502,10,30,5,0,13,0,5,5,7,2,0,2.807354922047505,29.690898895263672
761,2019-07-16 03:06:07.823010921,114,284.7368421052632,403039.4044321328,56.01754385964912,423.9470606340412,2907.75,53035499.97321428,2,26,1,0,13,0,5,5,6,2,0,2.5849625007125,29.04067897796631
762,2019-07-16 03:06:37.823010921,139,249.5251798561151,337116.7961285647,51.96875,599.6552734375,2907.75,53035499.97321428,2,26,1,0,13,0,5,5,6,2,0,2.5849625007125,29.80634617805481
763,2019-07-16 03:07:07.823010921,302,606.2483443708609,1488297.405212491,81.65560165975104,770.9062860487941,3762.3588516746413,90977482.45017284,30,189,5,13,41,0,9,9,21,13,1,4.392317422748464,29.8002290725708
764,2019-07-16 03:07:37.823010921,246,220.8861788617886,219565.22281710614,79.77514792899409,953.2985539721999,3339.3115942028985,67976229.72174963,22,126,1,21,43,0,6,6,21,15,1,4.392317422748464,29.607431173324585
765,2019-07-16 03:08:07.823010921,307,230.66123778501628,297905.468302051,81.54065040650407,998.0694857558333,4289.476923076923,85451218.78280081,37,170,11,26,55,0,11,11,33,21,1,5.044394119310844,29.736641883850098
766,2019-07-16 03:08:37.823010921,208,327.13461538461536,664737.885724852,72.8923076923077,550.6191715976332,2377.3076923076924,47316006.397633135,4,64,0,8,26,0,7,8,22,10,1,4.459431618605558,29.26512312889099
767,2019-07-16 03:09:07.823010921,118,301.04237288135596,376142.8371875898,52.13846153846154,592.2731360946746,934.8709677419355,351283.08012487006,0,31,0,0,16,0,4,4,4,1,0,1.9999999999942293,29.36498713493347
768,2019-07-16 03:09:37.823010921,187,327.97860962566847,707432.2562269439,67.85365853658537,652.1249256395004,4692.464285714285,99437573.24872449,8,49,3,0,22,0,7,7,19,10,1,4.247927513416173,29.607740879058838
769,2019-07-16 03:10:07.823010921,197,310.46192893401013,567321.3145404417,66.36507936507937,791.517510707987,3885.3207547169814,81368665.9537202,6,47,3,0,22,0,7,7,18,10,1,4.169925001416344,29.88753890991211
770,2019-07-16 03:10:37.823010921,127,277.251968503937,438325.73178746365,58.642857142857146,262.72959183673464,781.7741935483871,376846.81997918827,0,31,0,0,13,0,5,5,6,2,0,2.5849625007125,29.001189947128296
771,2019-07-16 03:11:07.823010921,155,289.64516129032256,489192.1644120709,62.19101123595506,764.9185708875142,727.8108108108108,372285.9912344777,0,37,0,0,17,0,6,6,12,5,0,3.584962500703843,29.753509998321533
772,2019-07-16 03:11:37.823010921,120,272.48333333333335,385654.8997222222,61.94444444444444,77.4969135802469,782.8387096774194,375667.9417273674,0,31,0,0,13,0,5,5,7,2,0,2.807354922047505,29.790822982788086
773,2019-07-16 03:12:07.823010921,150,238.14,313801.7470666667,53.28048780487805,644.0310826888757,2019.0243902439024,36813611.92623439,2,40,0,2,15,0,7,7,9,3,0,3.169925001429328,29.74557590484619
774,2019-07-16 03:12:37.823010921,272,452.05514705882354,1164207.0815176254,74.82775119617224,2343.31004326824,3174.794520547945,97146256.6838056,12,139,1,2,69,0,11,11,21,7,0,4.392317422748464,29.5535249710083
775,2019-07-16 03:13:07.823010921,237,349.9282700421941,739556.201605868,86.09411764705882,3429.6852595155715,1927.3255813953488,60912283.47539211,6,116,10,16,44,0,13,13,19,4,0,4.247927513416173,29.88634490966797
776,2019-07-16 03:13:37.823010921,125,266.592,371004.86553599994,60.189655172413794,424.70541022592147,930.28,351086.36159999995,0,25,0,0,13,0,5,7,7,3,0,2.807354922047505,29.746173858642578
777,2019-07-16 03:14:07.823010921,142,270.5845070422535,393773.34145010915,59.4054054054054,565.8086194302409,3371.6060606060605,66647274.359963275,3,31,0,0,15,0,6,9,11,5,0,3.4594316186214273,29.568325996398926
778,2019-07-16 03:14:37.823010921,1480,3999.479054054054,64031295.82388559,102.15819209039547,2781.9424893868304,1457.4709576138148,38918314.18479234,41,1249,5,6,387,0,18,18,59,30,1,5.882643049276723,29.785856008529663
779,2019-07-16 03:15:07.823010921,2216,1637.3379963898917,22785772.580253027,94.61542034370646,1177.0327766115136,1655.467417932386,65475162.56544992,66,1986,22,24,851,0,29,29,77,20,1,6.266786540583812,29.71633505821228
780,2019-07-16 03:15:37.823010921,375,166.60533333333333,121961.43357155554,98.42307692307692,3299.000493096648,308.3062015503876,258295.5767832462,0,258,0,12,78,0,20,20,42,7,0,5.392317422718168,29.908540964126587
781,2019-07-16 03:16:07.823010921,701,878.7275320970043,9581359.028471654,87.56132075471699,2438.3185668090664,582.4558058925477,6075819.873696794,4,527,48,44,194,0,30,30,50,7,0,5.64385618970259,29.35164999961853
782,2019-07-16 03:16:37.823010921,315,250.33968253968254,440718.91636180406,87.63565891472868,2340.9757827053663,800.8288770053476,23594863.286224943,2,183,3,8,67,0,14,14,34,12,1,5.087462841201288,29.81122899055481
783,2019-07-16 03:17:07.823010921,275,210.5309090909091,243018.75813553718,80.39150943396227,1746.058984514062,1760.7962962962963,62583097.53257887,6,159,0,14,63,0,13,13,27,6,0,4.7548875021245145,28.762622117996216
784,2019-07-16 03:17:37.823010921,415,240.6409638554217,297885.3867556975,84.92329545454545,1571.1844573217975,1372.283464566929,51254925.54956911,6,248,3,6,126,0,15,15,36,19,1,5.169925001390376,29.75879716873169
785,2019-07-16 03:18:07.823010921,258,272.9922480620155,444798.8449011478,80.97948717948718,1652.409835634451,1092.9669421487604,36150079.469981566,2,117,3,2,67,0,12,12,27,12,1,4.7548875021245145,29.00216293334961
786,2019-07-16 03:18:37.823010921,461,407.40997830802604,679795.0097919736,85.74185463659148,1255.249150445035,1890.7071651090343,80210828.99835987,12,306,9,8,139,0,14,14,32,13,1,4.999999999953834,29.67949891090393
787,2019-07-16 03:19:07.823010921,1414,1487.1308345120226,13346970.628568329,90.09785025945145,767.870336371944,892.4100660066007,25354450.890426725,14,1196,9,8,429,0,18,18,52,28,1,5.70043971806607,29.763604164123535
788,2019-07-16 03:19:37.823010921,4709,1285.5162454873646,9794133.201955238,93.33620318553595,820.1413798157969,1302.7588056916259,33972082.09297996,74,4233,19,28,2018,0,32,32,141,86,1,7.139551352195373,29.834266901016235
789,2019-07-16 03:20:07.823010921,3265,1273.319754977029,13563220.693468852,93.27221702525725,791.0437650567354,1160.8300032754667,19182609.73559506,30,3023,15,18,1576,0,31,31,75,31,1,6.228818690387679,29.753971099853516
790,2019-07-16 03:20:37.823010921,5200,1603.508653846154,18981951.92415588,115.11825443210599,6111.673333247558,1743.4699170124481,37448538.15407426,154,4726,18,41,2473,0,82,82,184,72,1,7.523561955791555,29.982829809188843
791,2019-07-16 03:21:07.823010921,4078,2918.3911230995586,48973724.412250765,98.16102538576406,2479.23813254739,1601.7563465061503,18328433.563506566,28,3793,14,28,1642,0,62,62,132,42,1,7.044394119168018,29.808795928955078
792,2019-07-16 03:21:37.823010921,3017,3650.256546237985,71373120.58251019,83.84889643463498,2934.0481354544695,1671.37980938934,20156322.753732823,20,2810,13,39,1224,0,71,71,119,21,1,6.894817763136262,29.98116397857666
793,2019-07-16 03:22:07.823010921,528,228.8693181818182,783094.42799802,99.75949367088607,4244.676333920846,998.8383371824481,17013279.262548737,2,427,5,36,119,0,54,54,71,5,0,6.14974711940225,29.70973300933838
794,2019-07-16 03:22:37.823010921,488,144.98155737704917,111678.61646314833,87.72076372315036,2959.4757263857005,1564.1530054644809,32332699.025769655,7,356,9,40,125,0,53,53,70,6,0,6.129283016843976,29.518488883972168
795,2019-07-16 03:23:07.823010921,1141,1501.5942156003505,25388111.685470484,97.87707948243992,4400.327774095347,1199.5539714867616,9006650.717555508,10,977,0,12,520,0,34,34,58,18,1,5.857980995043897,29.84024214744568
796,2019-07-16 03:23:37.823010921,829,849.5946924004825,12759253.828488117,101.4137022397892,3566.168771405411,1197.3469696969696,15896590.28112718,4,645,13,38,314,0,44,44,69,20,1,6.108524456678623,29.88789200782776
797,2019-07-16 03:24:07.823010921,924,244.48376623376623,458774.36661958165,91.22094361334868,2072.726788062413,1418.0080428954423,30893856.511999663,12,681,59,42,361,0,37,39,71,24,1,6.14974711940225,29.897027015686035
798,2019-07-16 03:24:37.823010921,8171,2228.329824990821,22529200.81484783,100.83257248611967,722.7743122595515,2771.0196478693542,10379561.320359048,22,7820,7,11,2583,0,30,31,99,63,1,6.629356619936781,29.77713108062744
799,2019-07-16 03:25:07.823010921,813,266.1463714637146,480961.6698423074,90.96547144754317,1674.9656072478565,1495.5676516329704,48238547.64822264,14,591,45,30,328,0,27,27,61,24,1,5.9307373374748815,29.46576499938965
800,2019-07-16 03:25:37.823010921,1505,464.47906976744184,1985211.2807911613,91.7013167013167,1304.9371223134217,1230.4061718098415,36851680.61150486,20,1165,24,18,599,0,24,25,90,57,1,6.491853096199831,29.709498167037964
801,2019-07-16 03:26:07.823010921,2266,7568.031774051192,123840322.86042024,102.5185520361991,1496.0668503920888,1093.4880662445203,10083660.379424071,8,2034,15,12,360,0,23,23,60,33,1,5.906890595521959,29.607924938201904
802,2019-07-16 03:26:37.823010921,1266,435.68088467614535,2152792.011909486,93.58083333333333,1400.3617993055557,1302.774315391879,42006528.641228884,20,1037,12,8,573,0,22,23,64,34,1,5.999999999907667,29.78193998336792
803,2019-07-16 03:27:07.823010921,768,743.46875,5070788.2646484375,83.55177304964539,1853.6742699059407,1289.7207357859531,39293895.07752989,14,555,36,26,251,0,28,28,56,21,1,5.807354921976813,29.6305148601532
804,2019-07-16 03:27:37.823010921,1399,2386.5239456754825,33276410.63970538,111.36846038863976,6004.160948451719,1961.5641434262948,20301267.99409279,14,1242,6,6,632,0,22,22,41,15,1,5.357552004558933,29.403677940368652
805,2019-07-16 03:28:07.823010921,1094,362.58592321755026,1331198.0214106196,99.32945736434108,2636.3449462171748,1203.0628571428572,31329794.26233469,14,868,0,4,497,0,26,26,64,34,1,5.999999999907667,29.158660888671875
806,2019-07-16 03:28:37.823010921,1207,741.0289975144988,3958356.578280934,93.83508771929824,1413.5184179747612,968.9581712062256,21455964.139300935,10,1017,6,9,525,0,25,26,54,22,1,5.754887502085563,29.841563940048218
807,2019-07-16 03:29:07.823010921,3739,838.4196309173576,3432502.7859318242,94.3310663764962,897.1104712241033,940.2146412884334,18093112.39931711,28,3396,5,12,1766,0,31,31,103,61,1,6.686500527034617,29.95119285583496
808,2019-07-16 03:29:37.823010921,500,257.094,278879.9731639999,94.87699316628702,1994.7730242163543,610.1576086956521,495109.90994210786,0,368,0,2,215,0,20,20,33,12,1,5.044394119310844,29.60346007347107
809,2019-07-16 03:30:07.823010921,276,171.46014492753622,175994.21217968914,85.35348837209303,3227.0378366684695,781.6686046511628,921990.0122701459,0,172,0,2,95,0,25,25,29,3,0,4.857980995085733,29.795830011367798
810,2019-07-16 03:30:37.823010921,1434,527.1387726638773,758466.9800447975,91.3533724340176,946.7328991838734,1408.0363036303631,53845291.764358625,30,1189,8,68,593,0,28,28,78,32,1,6.2854022187497165,29.718803882598877
811,2019-07-16 03:31:07.823010921,117,281.94017094017096,393146.84257432964,53.8421052631579,523.7119113573408,930.28,351086.36159999995,0,25,0,0,13,0,4,4,5,1,0,2.321928094880149,29.70908498764038
812,2019-07-16 03:31:37.823010921,151,244.39072847682118,312854.1188544362,73.12903225806451,721.789802289282,538.546875,245917.81030273438,0,64,0,0,33,0,11,11,13,3,0,3.7004397181223365,29.837220191955566
813,2019-07-16 03:32:07.823010921,2106,1385.4420702754037,9787339.990233889,90.4975442043222,754.0800529081639,1640.7069864442128,60854196.155018955,58,1868,22,41,833,0,24,24,66,23,1,6.044394119263234,29.836444854736328
814,2019-07-16 03:32:37.823010921,2724,1711.5748898678414,15953762.802394444,91.09722222222223,744.0907730647314,1399.1489533011272,28659648.685542386,44,2461,2,4,817,0,28,29,76,38,1,6.247927513333942,29.940575122833252
815,2019-07-16 03:33:07.823010921,1875,1026.0405333333333,5357188.912490382,88.85138121546962,752.2359235066087,1720.4225599064873,47147443.37550507,40,1659,33,30,645,0,33,34,74,21,1,6.209453365522191,29.63373303413391
816,2019-07-16 03:33:37.823010921,1334,2211.002248875562,31153673.459515184,76.4894283476899,712.9640620851164,1007.8860325621251,1215155.8593336164,0,1119,48,34,355,0,25,25,50,20,1,5.64385618970259,29.673532962799072
817,2019-07-16 03:34:07.823010921,650,4573.281538461539,65670440.171505325,65.2076124567474,439.8461704242048,1309.5685483870968,1135189.4348172478,0,493,3,2,77,0,10,10,26,13,1,4.700439718103583,29.79957890510559
818,2019-07-16 03:34:37.823010921,426,5034.6760563380285,72422132.48660979,65.07065217391305,491.6200082703213,1265.7297297297298,13673255.128155185,2,332,0,2,62,0,10,10,16,4,0,3.9999999999769167,29.63371992111206
819,2019-07-16 03:35:07.823010921,194,263.08762886597935,389505.4613933469,71.17829457364341,1132.208521122529,633.2278481012659,455499.2645409391,0,77,2,4,33,0,10,10,18,5,0,4.169925001416344,29.798866033554077
820,2019-07-16 03:35:37.823010921,169,237.0887573964497,289182.64892685827,76.02678571428571,586.8653539540816,7231.012048192771,126454164.13238497,21,74,0,0,30,0,8,8,13,6,0,3.7004397181223365,29.799534797668457
821,2019-07-16 03:36:07.823010921,138,250.64492753623188,340516.620300357,59.9041095890411,709.5387502345654,1983.9767441860465,36454089.929691724,2,43,0,0,19,0,6,7,10,5,0,3.3219280948729355,29.33907699584961
822,2019-07-16 03:36:37.823010921,1417,3280.5744530698657,50594022.07226197,89.94048493754592,756.1221008669664,1301.7462919594068,27214808.653040502,16,1273,0,2,289,0,13,13,33,16,1,5.044394119310844,29.75065517425537
823,2019-07-16 03:37:07.823010921,388,1097.8505154639174,30462655.678685296,80.66770186335404,833.346099687512,1664.7636363636364,39160551.184132226,6,270,2,4,112,0,11,11,20,5,0,4.321928094858508,29.887627124786377
824,2019-07-16 03:37:37.823010921,192,225.46875,261505.38444010416,74.86363636363636,1039.663223140496,765.3229166666666,1571450.3228081597,0,92,4,4,49,0,12,12,15,3,0,3.906890595586879,29.808916091918945
825,2019-07-16 03:38:07.823010921,1564,2790.365728900256,41270010.83427306,91.25735294117646,741.4063630465556,1179.3624113475178,14945616.266530357,8,1406,0,0,354,0,14,14,31,15,1,4.95419631034215,29.819277048110962
826,2019-07-16 03:38:37.823010921,370,7289.605405405406,139783987.9199708,93.43174603174603,765.769150919627,1919.60777385159,7355726.238384796,0,281,2,2,73,0,9,9,13,3,0,3.7004397181223365,28.920680046081543
827,2019-07-16 03:39:07.823010921,314,6815.512738853503,161281710.02690774,85.41295546558705,1112.8901965283812,1892.148514851485,7269319.324477992,0,202,0,0,58,0,14,14,18,3,0,4.169925001416344,29.44483780860901
828,2019-07-16 03:39:37.823010921,363,7383.203856749311,162858342.64714766,85.52459016393442,1110.1575920451492,4085.46992481203,24658757.279170666,0,266,0,4,54,0,10,10,12,3,0,3.584962500703843,29.83740210533142
829,2019-07-16 03:40:07.823010921,429,5121.270396270396,125425290.16931011,87.36033519553072,906.7779797759121,2223.5808580858084,21172345.953032926,2,287,15,16,103,0,16,16,26,8,0,4.700439718103583,29.572746992111206
830,2019-07-16 03:40:37.823010921,298,1946.768456375839,64993164.11752849,81.07053941908714,914.306227509857,2781.006097560976,48396793.7865482,4,159,3,2,71,0,10,10,25,13,1,4.643856189738657,29.684622049331665
831,2019-07-16 03:41:07.823010921,649,2990.582434514638,29997950.600677583,87.95517241379311,824.2566111771699,1212.3504587155962,18632248.436811715,4,538,5,4,57,0,8,8,15,4,0,3.906890595586879,29.833202123641968
832,2019-07-16 03:41:37.823010921,323,1925.9938080495356,39311579.74609169,82.90494296577947,944.0860211944658,1768.2756756756758,26327951.87535428,2,181,3,2,67,0,10,11,27,14,1,4.7548875021245145,29.7875018119812
833,2019-07-16 03:42:07.823010921,428,833.2570093457944,2247312.49469386,85.15027322404372,1023.0839753351845,974.5451263537906,24147695.764209095,4,273,2,4,63,0,10,11,29,15,1,4.857980995085733,29.2876238822937
834,2019-07-16 03:42:37.823010921,194,250.1443298969072,323957.40184929327,68.0530303030303,1109.701733241506,1387.659574468085,46137530.16070623,2,88,5,4,43,0,8,8,10,3,0,3.3219280948729355,29.608500003814697
835,2019-07-16 03:43:07.823010921,200,277.865,392366.2767750001,75.38235294117646,857.530276816609,1511.289156626506,52115187.603135444,2,79,3,2,41,0,9,9,19,7,0,4.247927513416173,29.82314395904541
836,2019-07-16 03:43:37.823010921,140,235.46428571428572,252250.30586734696,66.97297297297297,682.8911614317021,571.4791666666666,326340.37456597225,0,48,0,0,23,0,6,6,8,3,0,2.9999999999884586,29.00120496749878
837,2019-07-16 03:44:07.823010921,282,535.4822695035461,1659892.171671445,98.60964912280701,4194.387099876885,2106.6319018404906,74845071.61910498,8,159,0,0,68,0,11,11,22,9,0,4.459431618605558,29.66507601737976
838,2019-07-16 03:44:37.823010921,869,2367.2876869965476,25704715.27742031,89.9801488833747,915.7167275212581,924.5215123859192,16017318.481610226,8,763,0,2,173,0,14,14,22,5,0,4.459431618605558,29.840186834335327
839,2019-07-16 03:45:07.823010921,421,5540.617577197149,115932934.35018986,89.45303867403315,1189.3914410427028,1663.4,4950774.0184615385,0,323,2,4,60,0,11,11,17,4,0,4.087462841225814,29.82641911506653
840,2019-07-16 03:45:37.823010921,426,6838.93661971831,151401510.50537264,87.853591160221,1291.4343655566067,2088.049689440994,7043264.730450214,0,322,0,4,43,0,11,11,14,4,0,3.807354922037407,29.756030797958374
841,2019-07-16 03:46:07.823010921,351,8222.002849002849,176985992.76637366,90.80405405405405,882.3602538349162,3568.8631178707224,22792170.81776518,0,263,0,0,36,0,9,9,12,3,0,3.584962500703843,29.60737109184265
842,2019-07-16 03:46:37.823010921,179,2939.1564245810055,100212406.33307324,76.67256637168141,775.4768580155061,3018.4204545454545,20388551.539127067,0,88,0,0,30,0,8,8,10,2,0,3.3219280948729355,29.830904960632324
843,2019-07-16 03:47:07.823010921,287,6292.432055749129,144130024.58684698,83.57709251101322,994.6229113702963,3464.054644808743,29141963.625429247,2,182,0,4,33,0,9,9,14,4,0,3.807354922037407,29.51525902748108
844,2019-07-16 03:47:37.823010921,206,2914.0048543689322,73260425.0825007,79.06338028169014,884.5804899821466,4568.104347826087,59704801.71085066,10,110,2,4,30,0,9,9,12,4,0,3.584962500703843,29.35773801803589
845,2019-07-16 03:48:07.823010921,207,279.42995169082127,412997.6460594179,70.86896551724138,932.4862782401901,1668.0227272727273,21544611.204028927,2,85,2,2,40,0,9,9,18,7,0,4.169925001416344,29.60914707183838
846,2019-07-16 03:48:37.823010921,242,287.87603305785126,526588.4143842633,74.48571428571428,1225.5069387755104,1327.857142857143,44330829.30612246,2,94,3,2,52,0,9,12,23,10,1,4.523561956023831,29.835612058639526
847,2019-07-16 03:49:07.823010921,180,266.35555555555555,314516.86246913584,73.87931034482759,580.0888822829965,1541.702380952381,51437644.566184804,2,80,3,2,42,0,7,8,13,5,0,3.7004397181223365,29.81493902206421
848,2019-07-16 03:49:37.823010921,335,438.37611940298507,2334012.6465938957,83.59636363636363,2114.7425322314048,1675.0,46247068.57591623,8,184,3,2,92,0,10,10,29,15,1,4.857980995085733,29.66182518005371
849,2019-07-16 03:50:07.823010921,237,290.40506329113924,472740.45195748546,72.65,1947.8830555555553,477.92452830188677,277221.8622285511,0,106,0,0,52,0,10,10,22,9,0,4.459431618605558,28.894294023513794
850,2019-07-16 03:50:37.823010921,1384,4567.301300578035,86044557.93739715,69.31828615149196,532.1190458768014,1460.223736968725,20012710.47039085,12,1238,4,7,232,0,14,14,30,11,1,4.9068905955652395,29.949759006500244
851,2019-07-16 03:51:07.823010921,508,6543.4094488188975,148275906.7536115,67.05567928730513,550.5291938036022,1599.2570694087403,6940192.782244366,0,381,8,6,97,0,12,12,22,7,0,4.459431618605558,29.840153217315674
852,2019-07-16 03:51:37.823010921,467,9371.186295503212,192680724.48135397,61.59852216748769,359.6787170278337,1958.182561307902,18691494.3890147,2,363,3,2,62,0,10,10,13,4,0,3.7004397181223365,29.821015119552612
853,2019-07-16 03:52:07.823010921,227,3981.396475770925,116115921.70183778,63.87116564417178,522.6521133652001,2149.359375,18177623.05834961,2,125,2,4,34,0,11,11,15,4,0,3.906890595586879,29.341490983963013
854,2019-07-16 03:52:37.823010921,156,240.78205128205127,304245.22172912554,63.72826086956522,692.7413752362947,853.9491525423729,2369668.5228382647,0,57,2,4,25,0,7,7,10,3,0,3.3219280948729355,29.98090887069702
855,2019-07-16 03:53:07.823010921,147,250.68027210884352,277879.75491693284,66.1375,848.9685937499999,664.1739130434783,349975.05671077507,0,46,0,0,25,0,6,6,8,3,0,2.9999999999884586,29.76199197769165
856,2019-07-16 03:53:37.823010921,124,278.2096774193548,374382.1979708636,70.64179104477611,535.7224326130541,633.2093023255813,332897.235262304,0,43,0,0,24,0,5,5,6,2,0,2.5849625007125,29.613692045211792
857,2019-07-16 03:54:07.823010921,139,254.59712230215828,337602.60027948866,63.57971014492754,728.3306028145349,728.4857142857143,357213.73551020405,0,35,0,0,19,0,6,6,8,3,0,2.9999999999884586,29.75403594970703
858,2019-07-16 03:54:37.823010921,1131,2546.209549071618,29860246.51930758,90.73271028037384,835.6687431216699,1064.6385302879842,19425767.521772616,8,1003,0,0,233,0,10,10,21,8,0,4.392317422748464,29.81722402572632
859,2019-07-16 03:55:07.823010921,449,6697.984409799555,141702602.52314225,89.81675392670157,803.1863161645789,2012.4504249291786,5109123.618647128,0,351,2,2,61,0,7,7,10,3,0,3.3219280948729355,29.821661949157715
860,2019-07-16 03:55:37.823010921,384,7873.994791666667,145367255.86455622,91.18844984802432,816.5602313356306,3090.156462585034,16723677.281641908,0,294,0,0,61,0,9,9,12,3,0,3.584962500703843,29.778748989105225
861,2019-07-16 03:56:07.823010921,296,1823.456081081081,44400606.795368426,78.25,1064.0734649122808,2616.957575757576,43978139.84668504,4,154,9,8,64,0,12,12,23,9,0,4.523561956023831,29.704720973968506
862,2019-07-16 03:56:37.823010921,379,6887.767810026386,154995265.60307992,90.8375,875.4173437500001,2277.9003984063743,17825596.105617363,2,250,0,0,70,0,9,9,24,12,1,4.584962500686531,29.869743824005127
863,2019-07-16 03:57:07.823010921,451,1238.4545454545455,4442332.305583551,85.29923273657289,840.4961375187237,1161.3659942363113,31968353.966912773,6,339,5,6,53,0,10,10,18,5,0,4.169925001416344,29.75071406364441
864,2019-07-16 03:57:37.823010921,507,1127.9191321499013,3582175.6404031916,84.64365256124722,1071.685934097549,938.2752808988764,26470273.766917057,4,349,5,4,73,0,10,10,27,14,1,4.7548875021245145,29.261856079101562
865,2019-07-16 03:58:07.823010921,580,4632.077586206897,73073233.00949763,88.39489194499018,829.6024100570863,1440.1909090909091,3088673.959008264,0,440,0,0,65,0,9,9,22,11,1,4.459431618605558,29.943725109100342
866,2019-07-16 03:58:37.823010921,415,1319.6072289156627,4692911.525248948,86.76323119777159,891.216921035684,791.3726708074535,16095076.190309012,2,319,2,2,48,0,8,9,16,5,0,3.9999999999769167,29.961173057556152
867,2019-07-16 03:59:07.823010921,736,3536.1222826086955,48002671.34102522,88.85373134328358,864.721889062152,1156.8380165289257,16595649.263017554,4,598,5,4,76,0,10,10,22,9,0,4.459431618605558,29.832865953445435
868,2019-07-16 03:59:37.823010921,196,2634.683673469388,81769862.20605998,82.41176470588235,995.0363321799309,2964.2743362831857,34660042.057482965,7,109,2,1,33,0,9,9,13,5,0,3.7004397181223365,29.84086799621582
869,2019-07-16 04:00:07.823010921,416,1312.0192307692307,4709779.533284023,85.65,901.6098529411764,832.6454849498327,17283556.96462008,2,296,2,2,34,0,8,8,15,4,0,3.906890595586879,29.86554193496704
870,2019-07-16 04:00:37.823010921,410,6120.751219512195,89383807.47957169,86.2231638418079,965.2129097641163,1437.978125,2807672.508896484,0,320,0,2,42,0,7,7,9,3,0,3.169925001429328,29.744261980056763
871,2019-07-16 04:01:07.823010921,656,3847.3429878048782,45509218.99059107,91.70618556701031,798.1043947284514,1049.2327272727273,10257133.294928927,2,547,2,2,59,0,8,8,12,3,0,3.584962500703843,29.821918964385986
872,2019-07-16 04:01:37.823010921,392,1371.4107142857142,4588776.287946429,87.37689969604864,849.2439648562005,827.3020134228188,17240829.834962383,2,295,2,2,40,0,7,7,10,3,0,3.3219280948729355,28.975226163864136
873,2019-07-16 04:02:07.823010921,494,4820.145748987854,74653663.37956695,60.8587962962963,222.38052447702333,1651.6,6490877.963076923,2,389,0,2,45,0,8,8,14,4,0,3.807354922037407,29.94924807548523
874,2019-07-16 04:02:37.823010921,325,8000.84923076923,196430379.96803787,65.4618320610687,479.7905279412621,1543.3466666666666,22326140.42204445,2,224,0,0,68,0,8,8,12,3,0,3.584962500703843,29.737704038619995
875,2019-07-16 04:03:07.823010921,158,274.05696202531647,337562.29422368214,62.16494845360825,839.4573280901265,1055.4126984126983,2507212.6233308143,0,61,2,2,30,0,6,6,7,2,0,2.807354922047505,29.816485166549683
876,2019-07-16 04:03:37.823010921,700,3812.09,45980688.74761429,60.570747217806044,186.92226033196764,1184.528813559322,10206767.506796902,2,589,0,0,57,0,8,8,12,3,0,3.584962500703843,29.001205921173096
877,2019-07-16 04:04:07.823010921,255,2553.062745098039,57944527.14900422,73.9020618556701,813.2945318312254,1928.5177304964539,43325344.87379909,4,133,6,4,54,0,11,11,21,8,0,4.392317422748464,29.735092878341675
878,2019-07-16 04:04:37.823010921,796,3151.6356783919596,37479838.82958133,63.64569083447332,456.7951216499707,1008.479938271605,13508683.573671604,6,643,2,4,106,0,11,11,30,14,1,4.9068905955652395,29.60802984237671
879,2019-07-16 04:05:07.823010921,375,1447.9093333333333,28289445.698446218,65.25396825396825,431.17359536407156,1136.3321033210332,17906782.015168637,2,267,3,2,130,0,10,10,16,5,0,3.9999999999769167,28.87577509880066
880,2019-07-16 04:05:37.823010921,658,900.9954407294833,3203386.15043514,81.0,734.6326530612245,800.6392156862745,18673728.399246447,4,503,5,4,167,0,11,11,29,14,1,4.857980995085733,29.803776025772095
881,2019-07-16 04:06:07.823010921,27908,4190.786262003727,70339276.94403228,52.921251077276644,109.86240676574502,2569.287823675586,3623042.61215519,2,27766,0,0,9030,0,11,11,28,13,1,4.807354922017208,29.96567702293396
882,2019-07-16 04:06:37.823010921,28092,3811.736437419906,48786355.88817395,52.58198943913229,96.77089297377174,2712.183163538874,3850682.9950838257,6,27967,5,4,9533,0,13,13,22,6,0,4.459431618605558,29.954735040664673
883,2019-07-16 04:07:07.823010921,8478,10100.771526303373,482752197.40321374,52.56209150326797,170.6164357919837,796.6443885495269,2324026.614826878,8,8337,8,8,187,0,15,15,31,12,1,4.95419631034215,29.815159797668457
884,2019-07-16 04:07:37.823010921,16842,7856.19445434034,415728334.83280855,49.38694874851013,84.75414432514444,1758.3819332497462,1469471.570468267,2,16744,4,4,64,0,9,9,13,4,0,3.7004397181223365,29.771147966384888
885,2019-07-16 04:08:07.823010921,406,1276.7216748768474,4082113.9151459625,85.1235632183908,1050.8439275333599,771.5049833887043,16849719.552300747,2,298,2,2,36,0,10,10,17,4,0,4.087462841225814,29.81031107902527
886,2019-07-16 04:08:37.823010921,497,5247.883299798793,75894058.36062655,88.61200923787528,764.8379158243947,1359.7408312958435,2463431.5611934415,0,409,0,2,43,0,7,7,9,3,0,3.169925001429328,29.720608949661255
887,2019-07-16 04:09:07.823010921,254,180.64173228346456,191785.0724316449,64.71354166666667,498.55856662326397,604.874213836478,659114.1854357028,0,157,2,2,96,0,8,8,10,3,0,3.3219280948729355,29.942262887954712
888,2019-07-16 04:09:37.823010921,950,2830.366315789474,36518749.836339064,81.07424071991001,772.7773904527401,941.8301662707838,6978224.993721825,2,841,0,0,237,0,9,9,14,4,0,3.807354922037407,29.92967700958252
889,2019-07-16 04:10:07.823010921,907,2994.289966923925,34136407.220219076,83.49763593380615,769.1105145057537,1104.2014742014742,7551218.522061708,2,811,2,4,170,0,8,8,12,3,0,3.584962500703843,29.72863793373108
890,2019-07-16 04:10:37.823010921,174,3111.925287356322,83063364.8622341,78.60194174757281,861.7930059383546,1124.7123287671234,2657006.0131356725,0,73,0,0,29,0,7,7,9,3,0,3.169925001429328,28.889511108398438
891,2019-07-16 04:11:07.823010921,437,1296.6910755148742,4876736.025847126,83.20744680851064,863.2495190131282,824.7840236686391,15166260.411934108,2,335,2,2,61,0,8,8,13,4,0,3.7004397181223365,29.718042135238647
892,2019-07-16 04:11:37.823010921,429,1408.3216783216783,5577337.663422825,85.98915989159892,722.9267117603425,808.312865497076,14878493.758840326,2,339,2,2,70,0,8,8,12,4,0,3.584962500703843,29.717254877090454
893,2019-07-16 04:12:07.823010921,717,2882.516039051604,29117496.22463815,86.77272727272727,877.5331955922866,1320.9881756756756,21958692.531954776,8,583,5,6,99,0,12,12,27,11,1,4.7548875021245145,29.0932719707489
894,2019-07-16 04:12:37.823010921,276,2264.481884057971,47750002.4090921,77.46445497630332,1291.357741290627,987.1349206349206,2608218.4183043577,0,126,0,0,49,0,9,9,23,11,1,4.523561956023831,29.80780601501465
895,2019-07-16 04:13:07.823010921,302,676.8344370860927,1680214.336827332,83.98319327731092,747.3610620718875,1342.351485148515,46559216.65368591,4,195,5,4,51,0,8,8,16,4,0,3.9999999999769167,29.879273891448975
896,2019-07-16 04:13:37.823010921,243,282.559670781893,527777.0530237599,78.68108108108108,1003.6009934258584,1743.073394495413,53939493.71938389,4,102,5,4,52,0,10,10,27,13,1,4.7548875021245145,29.91142988204956
897,2019-07-16 04:14:07.823010921,250,286.94,498131.3604,76.44021739130434,1055.094252126654,1554.9320388349515,49595699.09246868,3,102,0,0,55,0,10,10,26,13,1,4.700439718103583,29.66758394241333
898,2019-07-16 04:14:37.823010921,171,236.6783625730994,353807.855613693,76.74545454545455,971.9352066115706,377.9642857142857,240984.224914966,0,81,3,3,38,0,10,10,15,5,0,3.906890595586879,29.786919116973877
899,2019-07-16 04:15:07.823010921,1721,3073.249854735619,25382499.434376795,62.628554143980644,1030.2588821805227,1098.4568138195777,10284279.403605202,14,1553,3,12,143,0,15,15,36,17,1,5.169925001390376,29.84220600128174
900,2019-07-16 04:15:37.823010921,1502,1487.0239680426098,13393142.747761087,95.67842323651452,1882.151775107178,1512.7735993860322,43935300.57422242,40,1283,0,22,415,0,26,26,66,33,1,6.044394119263234,29.82047700881958
901,2019-07-16 04:16:07.823010921,1396,13527.030085959885,266915938.9704415,68.73343373493977,816.1412918239221,1260.585648148148,5786086.844516247,2,1290,5,6,194,0,12,12,18,5,0,4.169925001416344,29.81924605369568
902,2019-07-16 04:16:37.823010921,430,7218.723255813953,171801021.4652731,85.15094339622641,763.0230381935615,3341.652818991098,21230583.817150805,0,337,0,2,97,0,16,16,22,5,0,4.459431618605558,29.788808822631836
903,2019-07-16 04:17:07.823010921,1213,7346.62077493817,134400282.5552815,125.98613518197574,6419.89062232488,1112.307761732852,9617430.958531812,6,1105,0,6,282,0,11,11,19,5,0,4.247927513416173,29.768460988998413
904,2019-07-16 04:17:37.823010921,454,5600.063876651982,164830224.28887132,78.00250626566417,676.1679135181312,2126.64738292011,13753707.27511023,0,363,0,0,171,0,15,15,19,4,0,4.247927513416173,29.587729930877686
905,2019-07-16 04:18:07.823010921,369,5265.235772357723,140168961.91460112,77.06862745098039,691.1423490965013,1963.2924187725632,11914889.85311942,0,277,0,2,124,0,8,8,10,3,0,3.3219280948729355,29.662612915039062
906,2019-07-16 04:18:37.823010921,577,4480.870017331023,116199652.07842515,76.07884615384616,691.4841678994081,1921.4707112970711,14168260.567133803,2,477,0,12,222,0,15,15,20,4,0,4.321928094858508,29.736916065216064
907,2019-07-16 04:19:07.823010921,174990,1685.4737070689753,9573741.704603272,168.55067857265357,6342.146897742208,12557.507062146893,93999533.21387884,10,174858,13,12,61877,0,14,14,22,6,0,4.459431618605558,29.697609901428223
908,2019-07-16 04:19:37.823010921,50982,4287.647620728885,59161309.64043203,52.154518320700625,87.0063444082474,2566.9634373956264,3729153.181063616,0,50897,2,2,18686,0,8,8,10,3,0,3.3219280948729355,29.7794029712677
909,2019-07-16 04:20:07.823010921,459,193.75381263616558,227117.27490376442,67.08396946564885,488.19905599906764,1380.4893617021276,22904583.19821509,6,320,6,4,202,0,11,11,23,9,0,4.523561956023831,29.114142894744873
910,2019-07-16 04:20:37.823010921,699,702.1173104434907,1972969.2709306777,80.10485133020345,681.6181141797751,1011.8318264014466,20022131.49612994,6,550,0,0,226,0,12,12,33,17,1,5.044394119310844,29.697818994522095
911,2019-07-16 04:21:07.823010921,29560,4582.210419485792,123049390.55815935,52.46690627966906,137.26572292584282,2604.6952490915883,3248897.1592748105,4,29440,5,4,7167,0,11,11,19,5,0,4.247927513416173,29.84273600578308
912,2019-07-16 04:21:37.823010921,25708,3660.1534152792906,45949164.98408785,53.063532896788274,135.3116791931024,2735.254214746724,3912198.788689942,4,25553,10,8,8297,0,13,13,31,14,1,4.95419631034215,29.537763118743896
913,2019-07-16 04:22:07.823010921,327,1928.0030581039755,43599500.99387444,75.70355731225297,806.3350466340669,2460.445054945055,30801966.763464563,6,176,3,6,69,0,12,12,28,12,1,4.807354922017208,29.716500997543335
914,2019-07-16 04:22:37.823010921,443,1371.1670428893906,5286344.744105703,85.61282051282052,854.765476660092,1026.3265895953757,27508080.364437506,4,339,5,6,60,0,10,10,19,5,0,4.247927513416173,29.727157831192017
915,2019-07-16 04:23:07.823010921,448,5808.167410714285,104977442.74206294,90.75328083989501,941.4929354303154,1077.2375,6242258.8998437505,2,319,0,2,67,0,10,11,22,8,0,4.459431618605558,29.800004959106445
916,2019-07-16 04:23:37.823010921,431,1486.6542923433874,5759039.019697354,88.32972972972973,761.9831701972241,993.7235294117647,27733603.529446367,4,333,5,4,55,0,8,10,11,3,0,3.4594316186214273,29.162821054458618
917,2019-07-16 04:24:07.823010921,566,4757.150176678445,74185444.03575085,82.56686626746507,827.2555089421954,1348.0857142857142,8249772.68935636,4,451,2,2,127,0,10,10,17,4,0,4.087462841225814,29.877952098846436
918,2019-07-16 04:24:37.823010921,586,328.6194539249147,1284440.5667887803,68.77376425855513,1163.8594637771255,1423.995642701525,23857134.291920017,14,438,14,12,247,0,13,13,28,9,0,4.807354922017208,29.683840036392212
919,2019-07-16 04:25:07.823010921,384,173.48177083333334,120258.87466769748,68.26315789473684,616.2372494704255,800.4798657718121,439899.25630602223,0,295,3,2,216,0,8,8,11,3,0,3.4594316186214273,29.461861848831177
920,2019-07-16 04:25:37.823010921,181,222.50828729281767,263894.2499313208,73.64102564102564,1597.6147271531886,681.2117647058824,398570.56692041527,0,85,0,4,48,0,8,8,12,4,0,3.584962500703843,29.148815155029297
921,2019-07-16 04:26:07.823010921,1150,7295.917391304348,130787386.38187145,91.93424657534247,779.9682792268719,2039.3689227836035,21794217.80574536,6,1046,0,2,181,0,9,9,18,5,0,4.169925001416344,29.6809139251709
922,2019-07-16 04:26:37.823010921,502,5018.860557768924,128115880.50645226,79.01149425287356,654.8389483419211,2880.5668316831684,33018929.408899866,11,396,4,2,176,0,10,10,16,6,0,3.9999999999769167,29.812793970108032
923,2019-07-16 04:27:07.823010921,588,1123.2380952380952,37499945.388888896,66.38345864661655,322.28153089490644,1696.740663900415,20883811.59042114,10,473,5,6,274,0,12,13,22,6,0,4.459431618605558,28.92944598197937
924,2019-07-16 04:27:37.823010921,59189,3745.4995691767053,72862076.9589829,51.02677378435518,99.95901255136347,2771.763469253034,3305737.6306084953,2,59074,4,4,16262,0,9,9,14,4,0,3.807354922037407,29.85790181159973
925,2019-07-16 04:28:07.823010921,326,1970.7269938650306,48397943.186203845,77.59558823529412,751.454098183391,1584.594470046083,28730028.139692932,4,209,6,4,104,0,12,12,25,9,0,4.643856189738657,29.67622208595276
926,2019-07-16 04:28:37.823010921,2738,17674.789627465303,265016150.5707909,139.43145311916325,7338.121281900397,1417.966564181399,9951937.22601502,6,2592,7,6,426,0,12,12,28,12,1,4.807354922017208,29.08942198753357
927,2019-07-16 04:29:07.823010921,456,5681.2828947368425,126091263.19847932,81.05555555555556,769.3251964085296,2042.0224089635853,24065410.486892797,4,352,3,2,132,0,10,10,17,6,0,4.087462841225814,28.93384289741516
928,2019-07-16 04:29:37.823010921,390,1702.6820512820514,51274091.575831704,78.79204892966361,968.9659306642725,1345.831417624521,24295609.481158532,4,254,6,3,131,0,13,13,28,11,1,4.807354922017208,29.689364910125732
929,2019-07-16 04:30:07.823010921,52,226.25,319231.9951923077,58.81395348837209,722.9886425094645,957.2424242424242,4612049.335169882,0,31,2,2,19,0,6,6,9,3,0,3.169925001429328,5.358230829238892
